# This file uses centimeters as units for non-parametric coordinates.

g default
v 764.823120 116.798775 -103.825974
v 705.131836 116.798775 -77.647446
v 769.925171 116.798775 -52.024422
v 756.343994 116.798775 -155.182938
v 744.524292 116.798775 -205.875397
v 645.440430 116.798775 -51.468903
v 582.433105 116.798775 -75.887985
v 519.483643 116.798775 -99.430183
v 589.122559 116.798775 -25.734488
v 673.270996 116.798775 -228.314850
v 605.477173 116.798775 -250.329147
v 535.895752 116.798775 -323.147980
v 545.857788 116.798775 -273.871368
v 459.777710 116.798775 -174.002762
v 454.782227 116.798775 -223.717804
v 406.732422 116.798775 -248.575333
v 464.773193 116.798775 -124.287704
v 413.392944 116.798775 -149.145218
v 365.342896 116.798775 -276.316956
v 368.673218 116.798775 -331.800232
v 328.116455 116.798775 -360.983948
v 333.944336 116.798775 -420.793335
v 498.202026 116.798775 -356.413544
v 507.623413 116.798775 -419.816528
v 607.253052 116.798775 -484.233795
v 574.231567 116.798775 -524.470764
v 557.438232 116.798775 -452.025116
v 538.648926 116.798775 -562.461731
v 500.657959 116.798775 -598.044250
v 460.420898 116.798775 -631.065796
v 418.110474 116.798775 -661.385010
v 373.907715 116.798775 -688.872131
v 294.220215 116.798775 -451.419067
v -23.812622 116.798775 -397.720459
v 19.241821 116.798775 -372.862915
v 62.296387 116.798775 -348.005402
v 105.350708 116.798775 -323.147858
v 152.568237 116.798775 -355.215668
v 148.405396 116.798775 -298.290375
v 199.785522 116.798775 -387.283478
v 247.002808 116.798775 -419.351257
v 328.001831 116.798775 -713.409302
v 280.589355 116.798775 -734.891602
v 231.873413 116.798775 -753.226990
v 182.062500 116.798775 -768.336914
v 130.593750 116.798775 -736.934265
v 127.963135 116.798775 -683.169739
v 25.902222 116.798775 -617.868835
v 76.932617 116.798775 -650.519287
v 131.369995 116.798775 -780.156738
v -23.812622 116.798775 -467.624237
v 25.902466 116.798775 -501.134094
v 25.902466 116.798775 -562.385559
v 19.241821 116.798775 -323.147858
v 764.823120 1025.157227 -103.825974
v 705.131836 1025.157227 -77.647446
v 769.925171 1025.157227 -52.024422
v 696.697998 1025.157227 -128.455765
v 756.343994 1025.157227 -155.182938
v 744.524292 1025.157227 -205.875397
v 688.264038 1025.157227 -179.264069
v 632.003906 1025.157227 -152.652771
v 638.722290 1025.157227 -102.060837
v 645.440430 1025.157227 -51.468903
v 575.743774 1025.157227 -126.041481
v 582.433105 1025.157227 -75.887985
v 519.483643 1025.157227 -99.430183
v 589.122559 1025.157227 -25.734488
v 618.740479 1025.157227 -201.490967
v 673.270996 1025.157227 -228.314850
v 605.477173 1025.157227 -250.329147
v 535.895752 1025.157227 -323.147980
v 492.841431 1025.157227 -298.290405
v 545.857788 1025.157227 -273.871368
v 499.501953 1025.157227 -248.575363
v 506.162476 1025.157227 -198.860306
v 555.819824 1025.157227 -224.594711
v 565.781860 1025.157227 -175.318100
v 512.822998 1025.157227 -149.145248
v 459.777710 1025.157227 -174.002762
v 454.782227 1025.157227 -223.717804
v 449.786743 1025.157227 -273.432861
v 406.732422 1025.157227 -248.575333
v 464.773193 1025.157227 -124.287704
v 413.392944 1025.157227 -149.145218
v 365.342896 1025.157227 -276.316956
v 409.229980 1025.157227 -302.616577
v 453.117065 1025.157227 -328.916138
v 413.392822 1025.157227 -359.541870
v 368.673218 1025.157227 -331.800232
v 373.668701 1025.157227 -390.167603
v 328.116455 1025.157227 -360.983948
v 333.944336 1025.157227 -420.793335
v 460.508179 1025.157227 -389.679199
v 498.202026 1025.157227 -356.413544
v 507.623413 1025.157227 -419.816528
v 607.253052 1025.157227 -484.233795
v 574.231567 1025.157349 -524.470764
v 557.438232 1025.157227 -452.025116
v 522.455566 1025.157227 -489.534882
v 538.648926 1025.157349 -562.461731
v 487.472778 1025.157227 -527.044678
v 436.296753 1025.157227 -491.627533
v 471.960083 1025.157227 -455.722015
v 422.814453 1025.157227 -422.944794
v 385.120483 1025.157227 -456.210419
v 395.841919 1025.157227 -522.741699
v 447.688477 1025.157227 -559.752747
v 500.657959 1025.157227 -598.044250
v 460.420898 1025.157227 -631.065796
v 407.904053 1025.157227 -592.460815
v 355.387085 1025.157227 -553.855835
v 418.110474 1025.157227 -661.385010
v 366.048340 1025.157227 -622.469482
v 373.907715 1025.157227 -688.872131
v 324.192627 1025.157104 -652.478149
v 274.477661 1025.157227 -616.084229
v 314.932373 1025.157227 -584.970032
v 264.852051 1025.157227 -548.820312
v 224.762573 1025.157227 -579.690308
v 175.047485 1025.157227 -543.296265
v 214.771606 1025.157227 -512.670532
v 254.495972 1025.157227 -482.044830
v 304.941528 1025.157227 -517.950317
v 294.220215 1025.157227 -451.419067
v 345.031006 1025.157227 -487.080353
v 206.446045 1025.157227 -448.534973
v 165.889282 1025.157227 -477.718628
v 125.332520 1025.157227 -506.902283
v 75.617432 1025.157227 -470.508362
v 117.006836 1025.157227 -442.766724
v 158.396118 1025.157227 -415.025085
v 68.124268 1025.157227 -407.814850
v 25.902466 1025.157227 -434.114410
v -23.812622 1025.157349 -397.720459
v 19.241821 1025.157227 -372.862915
v 62.296387 1025.157227 -348.005402
v 110.346191 1025.157227 -381.515228
v 105.350708 1025.157227 -323.147858
v 152.568237 1025.157227 -355.215668
v 148.405396 1025.157227 -298.290375
v 199.785522 1025.157227 -387.283478
v 247.002808 1025.157227 -419.351257
v 75.617432 1025.157227 -593.011292
v 125.332520 1025.157227 -568.153748
v 126.209351 1025.157227 -626.909607
v 175.485840 1025.157227 -603.299866
v 225.639404 1025.157227 -638.446106
v 176.801147 1025.157227 -660.807922
v 276.443970 1025.157104 -675.164001
v 328.001831 1025.157227 -713.409302
v 280.589355 1025.157227 -734.891602
v 228.695312 1025.157227 -697.849792
v 231.873413 1025.157227 -753.226990
v 179.644531 1025.157227 -717.392029
v 182.062500 1025.157227 -768.336914
v 130.593750 1025.157227 -736.934265
v 127.963135 1025.157227 -683.169739
v 25.902222 1025.157227 -617.868835
v 76.932617 1025.157227 -650.519287
v 131.369995 1025.157227 -780.156738
v -23.812622 1025.157349 -467.624237
v 25.902466 1025.157227 -501.134094
v 75.617432 1025.157227 -534.643921
v 25.902466 1025.157227 -562.385559
v 19.241821 1025.157227 -323.147858
vt 0.023089 0.097692
vt 0.930166 0.547211
vt 0.031719 0.081031
vt 0.925060 0.577969
vt 0.016569 0.115158
vt 0.012175 0.133148
vt 0.919954 0.608727
vt 0.885896 0.592618
vt 0.889963 0.561990
vt 0.894030 0.531363
vt 0.851837 0.576508
vt 0.097189 0.023318
vt 0.817779 0.560398
vt 0.859936 0.515784
vt 0.877867 0.622183
vt 0.009766 0.159139
vt 0.011522 0.183508
vt 0.021188 0.220739
vt 0.801650 0.680783
vt 0.833745 0.666000
vt 0.805682 0.650687
vt 0.809715 0.620591
vt 0.839776 0.636170
vt 0.845807 0.606339
vt 0.813747 0.590494
vt 0.177859 0.010758
vt 0.778610 0.635639
vt 0.775586 0.665735
vt 0.749522 0.650687
vt 0.784658 0.575446
vt 0.159670 0.009766
vt 0.724466 0.667481
vt 0.751034 0.683402
vt 0.777602 0.699323
vt 0.753554 0.717863
vt 0.726482 0.701069
vt 0.729506 0.736403
vt 0.701930 0.718736
vt 0.705458 0.754943
vt 0.782076 0.736108
vt 0.027748 0.236302
vt 0.038217 0.255425
vt 0.870912 0.793349
vt 0.077336 0.299802
vt 0.840756 0.773850
vt 0.819578 0.796558
vt 0.092001 0.310523
vt 0.798400 0.819265
vt 0.767419 0.797825
vt 0.789009 0.776088
vt 0.759258 0.756246
vt 0.736439 0.776384
vt 0.742929 0.816661
vt 0.774316 0.839066
vt 0.107673 0.319685
vt 0.124191 0.327180
vt 0.750231 0.858867
vt 0.718439 0.835496
vt 0.141367 0.332916
vt 0.724893 0.877033
vt 0.159068 0.336840
vt 0.699554 0.895200
vt 0.669458 0.873168
vt 0.693948 0.854332
vt 0.663631 0.832448
vt 0.639362 0.851136
vt 0.609266 0.829104
vt 0.633314 0.810564
vt 0.657362 0.792024
vt 0.687900 0.813760
vt 0.681410 0.773484
vt 0.712169 0.795072
vt 0.628273 0.771738
vt 0.603721 0.789405
vt 0.579169 0.807072
vt 0.549073 0.785040
vt 0.574129 0.768246
vt 0.599185 0.751452
vt 0.544537 0.747087
vt 0.518977 0.763008
vt 0.488880 0.740976
vt 0.345155 0.189480
vt 0.541009 0.710879
vt 0.570097 0.731165
vt 0.337859 0.138484
vt 0.322992 0.105179
vt 0.331828 0.122441
vt 0.312443 0.089241
vt 0.652826 0.754070
vt 0.549073 0.859200
vt 0.579169 0.844152
vt 0.579700 0.879721
vt 0.609531 0.865428
vt 0.639893 0.886705
vt 0.610327 0.900242
vt 0.670648 0.908933
vt 0.177096 0.338877
vt 0.195252 0.338974
vt 0.641743 0.922667
vt 0.213315 0.337098
vt 0.612048 0.934497
vt 0.231027 0.333238
vt 0.582354 0.946328
vt 0.277449 0.312027
vt 0.308797 0.284358
vt 0.549869 0.894014
vt 0.248135 0.327391
vt 0.488880 0.783294
vt 0.518977 0.803580
vt 0.549073 0.823866
vt 0.518977 0.840660
vt 0.344594 0.172118
vt 0.113434 0.115530
vt 0.106241 0.118511
vt 0.104627 0.123825
vt 0.105808 0.129837
vt 0.107939 0.135888
vt 0.119800 0.112759
vt 0.140075 0.116552
vt 0.132876 0.115483
vt 0.126632 0.111773
vt 0.115918 0.143785
vt 0.126237 0.149712
vt 0.136991 0.153939
vt 0.139296 0.161555
vt 0.157915 0.136683
vt 0.155038 0.128653
vt 0.165249 0.140180
vt 0.146571 0.118660
vt 0.152307 0.121061
vt 0.170817 0.145100
vt 0.173710 0.154130
vt 0.179124 0.159661
vt 0.181616 0.169621
vt 0.144559 0.167879
vt 0.144395 0.179349
vt 0.142778 0.199262
vt 0.147280 0.204854
vt 0.142322 0.189782
vt 0.152324 0.210115
vt 0.157879 0.214750
vt 0.163816 0.218754
vt 0.170097 0.222026
vt 0.176629 0.225363
vt 0.189713 0.173196
vt 0.248312 0.196588
vt 0.246138 0.191088
vt 0.239482 0.182130
vt 0.235630 0.177865
vt 0.231776 0.173600
vt 0.222740 0.172281
vt 0.212421 0.171694
vt 0.201311 0.171407
vt 0.183401 0.227949
vt 0.190302 0.229825
vt 0.197257 0.230906
vt 0.203926 0.230123
vt 0.213936 0.223753
vt 0.217933 0.216677
vt 0.225990 0.218586
vt 0.233286 0.217932
vt 0.210305 0.228554
vt 0.246800 0.203843
vt 0.241055 0.207686
vt 0.237261 0.213478
vt 0.244836 0.186062
vt 0.342136 0.155094
vt 0.514944 0.695831
vt 0.514944 0.725928
vt 0.518977 0.874248
vt 0.320439 0.268984
vt 0.330945 0.250424
vt 0.338614 0.230809
vt 0.343789 0.206815
vt 0.582824 0.972493
vt 0.261674 0.321255
vt 0.613512 0.965338
vt 0.294001 0.299338
vt 0.580762 0.913780
vt 0.643666 0.956191
vt 0.673158 0.945091
vt 0.701860 0.932086
vt 0.729651 0.917232
vt 0.300468 0.074699
vt 0.624241 0.734657
vt 0.287405 0.061578
vt 0.595657 0.715244
vt 0.593137 0.680783
vt 0.567073 0.695831
vt 0.275094 0.051080
vt 0.756410 0.900592
vt 0.782024 0.882237
vt 0.806382 0.862247
vt 0.829381 0.840706
vt 0.050023 0.272192
vt 0.810599 0.754352
vt 0.850922 0.817707
vt 0.063841 0.287649
vt 0.804895 0.715969
vt 0.827714 0.695831
vt 0.259026 0.039666
vt 0.244807 0.031396
vt 0.227982 0.023519
vt 0.212251 0.017871
vt 0.753554 0.590494
vt 0.139897 0.011128
vt 0.781634 0.605542
vt 0.119333 0.015274
vt 0.194657 0.013398
vt 0.869837 0.651748
vt 0.015989 0.204592
vt 0.910878 0.638422
vt 0.954013 0.624837
vt 0.081248 0.031612
vt 0.855887 0.546146
vt 0.063248 0.044404
vt 0.046540 0.060699
vt 0.961168 0.594149
vt 0.966302 0.563059
vt 0.969390 0.531700
vn 0.000000 1.000000 -0.000001
vn 0.000000 1.000000 -0.000001
vn 0.000000 1.000000 -0.000001
vn 0.000000 1.000000 -0.000001
vn 0.000000 1.000000 0.000000
vn 0.000000 1.000000 0.000000
vn 0.000000 1.000000 -0.000000
vn 0.000000 1.000000 0.000000
vn 0.000000 1.000000 -0.000000
vn 0.000000 1.000000 -0.000000
vn 0.000000 1.000000 -0.000001
vn 0.000000 1.000000 -0.000001
vn 0.000000 1.000000 -0.000000
vn 0.000000 1.000000 0.000001
vn 0.000000 1.000000 0.000000
vn 0.000000 1.000000 0.000001
vn 0.000000 1.000000 0.000000
vn 0.000000 1.000000 0.000000
vn 0.000000 1.000000 0.000000
vn 0.000000 1.000000 -0.000000
vn 0.000000 1.000000 -0.000000
vn 0.000000 1.000000 -0.000000
vn 0.000000 1.000000 0.000000
vn 0.000000 1.000000 -0.000000
vn 0.000000 1.000000 -0.000001
vn 0.000000 1.000000 -0.000001
vn 0.000000 1.000000 0.000000
vn 0.000000 1.000000 -0.000000
vn 0.000000 1.000000 -0.000000
vn 0.000000 1.000000 -0.000000
vn 0.000000 1.000000 -0.000000
vn 0.000000 1.000000 0.000000
vn 0.000000 1.000000 -0.000001
vn 0.000000 1.000000 -0.000000
vn 0.000000 1.000000 -0.000000
vn 0.000000 1.000000 0.000000
vn 0.000000 1.000000 0.000000
vn 0.000000 1.000000 -0.000001
vn 0.000000 1.000000 0.000001
vn 0.000000 1.000000 -0.000000
vn 0.000000 1.000000 0.000001
vn 0.000000 1.000000 0.000000
vn 0.000001 1.000000 0.000000
vn -0.000001 1.000000 0.000001
vn -0.000000 1.000000 0.000000
vn -0.000001 1.000000 0.000001
vn -0.000002 1.000000 0.000001
vn -0.000001 1.000000 0.000000
vn 0.000000 1.000000 0.000000
vn 0.000000 1.000000 -0.000000
vn 0.000000 1.000000 -0.000000
vn 0.000000 1.000000 0.000001
vn 0.000000 1.000000 0.000000
vn 0.000000 1.000000 0.000000
vn -0.000001 1.000000 0.000000
vn 0.000000 1.000000 0.000000
vn 0.000000 1.000000 -0.000000
vn 0.000000 1.000000 -0.000000
vn 0.000000 1.000000 -0.000001
vn -0.000001 1.000000 -0.000001
vn -0.000001 1.000000 0.000000
vn -0.000001 1.000000 0.000001
vn 0.000001 1.000000 -0.000001
vn 0.000000 1.000000 -0.000000
vn 0.000000 1.000000 0.000000
vn 0.000000 1.000000 -0.000000
vn 0.000000 1.000000 0.000000
vn 0.000000 1.000000 -0.000000
vn 0.000000 1.000000 -0.000000
vn 0.000000 1.000000 -0.000000
vn 0.000000 1.000000 0.000001
vn 0.000000 1.000000 0.000000
vn 0.000000 1.000000 -0.000001
vn 0.000000 1.000000 -0.000000
vn 0.000000 1.000000 0.000000
vn 0.000000 1.000000 0.000000
vn 0.000000 1.000000 0.000000
vn 0.000000 1.000000 -0.000001
vn 0.000000 1.000000 -0.000000
vn 0.000001 1.000000 0.000000
vn 0.000003 1.000000 0.000000
vn 0.000001 1.000000 -0.000001
vn 0.000000 1.000000 -0.000001
vn 0.000000 1.000000 0.000000
vn 0.000000 1.000000 0.000000
vn 0.000000 1.000000 0.000000
vn 0.000000 1.000000 0.000000
vn 0.000000 1.000000 0.000000
vn 0.000000 1.000000 0.000000
vn 0.000000 1.000000 0.000000
vn 0.000000 1.000000 0.000000
vn 0.000000 1.000000 0.000000
vn 0.000000 1.000000 0.000000
vn 0.000001 1.000000 0.000001
vn 0.000000 1.000000 0.000001
vn 0.000001 1.000000 0.000000
vn -0.000001 1.000000 0.000002
vn 0.000000 1.000000 0.000000
vn 0.000001 1.000000 0.000000
vn 0.000000 1.000000 0.000000
vn 0.000000 1.000000 0.000000
vn 0.000000 1.000000 -0.000000
vn 0.000000 1.000000 -0.000000
vn 0.000000 1.000000 0.000000
vn 0.000000 1.000000 0.000000
vn 0.000000 1.000000 0.000000
vn 0.000000 1.000000 0.000000
vn 0.000002 1.000000 0.000000
vn 0.000001 1.000000 0.000000
vn 0.000000 1.000000 0.000000
vn 0.000000 1.000000 0.000000
vn 0.000000 1.000000 0.000000
vn -0.367746 0.000000 0.929926
vn -0.367746 0.000000 0.929926
vn -0.367746 0.000000 0.929926
vn -0.367746 0.000000 0.929926
vn 0.995185 0.000000 -0.098018
vn 0.991445 0.000000 -0.130527
vn 0.991445 0.000000 -0.130527
vn 0.995185 0.000000 -0.098018
vn 0.980785 0.000000 -0.195090
vn 0.980785 0.000000 -0.195090
vn 0.973877 0.000000 -0.227074
vn 0.973877 0.000000 -0.227074
vn 0.408458 0.000000 0.912777
vn 0.401637 0.000000 0.915799
vn 0.401637 0.000000 0.915799
vn 0.408458 0.000000 0.912777
vn -0.380424 0.000000 0.924812
vn -0.350290 0.000000 0.936641
vn -0.350290 0.000000 0.936641
vn -0.380424 0.000000 0.924812
vn 0.415614 0.000000 0.909541
vn 0.415614 0.000000 0.909541
vn -0.991222 0.000000 0.132209
vn -0.991222 0.000000 0.132209
vn -0.991222 0.000000 0.132209
vn -0.991222 0.000000 0.132209
vn 0.300382 0.000000 -0.953819
vn 0.304519 0.000000 -0.952506
vn 0.304519 0.000000 -0.952506
vn 0.300382 0.000000 -0.953819
vn 0.336676 0.000000 -0.941621
vn 0.336676 0.000000 -0.941621
vn 0.980170 0.000000 -0.198157
vn 0.980170 0.000000 -0.198157
vn 0.980170 0.000000 -0.198157
vn 0.980170 0.000000 -0.198157
vn 0.367278 0.000000 -0.930111
vn 0.367278 0.000000 -0.930111
vn -0.994990 0.000000 0.099979
vn -0.994990 0.000000 0.099979
vn -0.994990 0.000000 0.099979
vn -0.994990 0.000000 0.099979
vn -0.506933 0.000000 0.861986
vn -0.459484 0.000000 0.888186
vn -0.459484 0.000000 0.888186
vn -0.506933 0.000000 0.861986
vn -0.424329 0.000000 0.905508
vn -0.424329 0.000000 0.905508
vn -0.472348 0.000000 -0.881412
vn -0.472348 0.000000 -0.881412
vn -0.472348 0.000000 -0.881412
vn -0.472348 0.000000 -0.881412
vn -0.435506 0.000000 0.900186
vn -0.435506 0.000000 0.900186
vn -0.556763 0.000000 0.830671
vn -0.556763 0.000000 0.830671
vn -0.998204 0.000000 -0.059916
vn -0.998204 0.000000 -0.059916
vn -0.998204 0.000000 -0.059916
vn -0.998204 0.000000 -0.059916
vn -0.584078 0.000000 0.811697
vn -0.584078 0.000000 0.811697
vn -0.584078 0.000000 0.811697
vn -0.584078 0.000000 0.811697
vn -0.995286 0.000000 -0.096982
vn -0.995286 0.000000 -0.096982
vn -0.995286 0.000000 -0.096982
vn -0.995286 0.000000 -0.096982
vn 0.661693 0.000000 -0.749775
vn 0.661693 0.000000 -0.749775
vn 0.661693 0.000000 -0.749775
vn 0.661693 0.000000 -0.749775
vn 0.989139 0.000000 0.146981
vn 0.989139 0.000000 0.146981
vn 0.989139 0.000000 0.146981
vn 0.989139 0.000000 0.146981
vn 0.773012 0.000000 -0.634392
vn 0.751839 0.000000 -0.659346
vn 0.751840 0.000000 -0.659346
vn 0.773012 0.000000 -0.634392
vn 0.542960 0.000000 0.839758
vn 0.542961 0.000000 0.839758
vn 0.542961 0.000000 0.839758
vn 0.542960 0.000000 0.839758
vn 0.707106 0.000000 -0.707107
vn 0.707106 0.000000 -0.707107
vn 0.542960 0.000000 0.839759
vn 0.542960 0.000000 0.839759
vn 0.659345 0.000000 -0.751840
vn 0.659345 0.000000 -0.751840
vn 0.608761 0.000000 -0.793354
vn 0.608761 0.000000 -0.793354
vn 0.555571 0.000000 -0.831469
vn 0.555571 0.000000 -0.831469
vn 0.500000 0.000000 -0.866025
vn 0.500000 0.000000 -0.866025
vn -0.610571 0.000000 0.791961
vn -0.610571 0.000000 0.791961
vn -0.610571 0.000000 0.791961
vn -0.610571 0.000000 0.791961
vn -0.500000 0.000000 0.866025
vn -0.500000 0.000000 0.866025
vn -0.500000 0.000000 0.866025
vn -0.500000 0.000000 0.866025
vn -0.500002 0.000000 0.866024
vn -0.500000 0.000000 0.866026
vn -0.500000 0.000000 0.866026
vn -0.500002 0.000000 0.866024
vn -0.499998 0.000000 0.866027
vn -0.499998 0.000000 0.866027
vn 0.997337 0.000000 0.072933
vn 0.997337 0.000000 0.072933
vn 0.997337 0.000000 0.072933
vn 0.997337 0.000000 0.072933
vn 0.561831 0.000000 0.827252
vn 0.561831 0.000000 0.827252
vn 0.561831 0.000000 0.827252
vn 0.561831 0.000000 0.827252
vn 0.561831 0.000000 0.827252
vn 0.561831 0.000000 0.827252
vn 0.561831 0.000000 0.827252
vn 0.561831 0.000000 0.827252
vn 0.442288 0.000000 -0.896873
vn 0.442288 0.000000 -0.896873
vn 0.382684 0.000000 -0.923880
vn 0.382684 0.000000 -0.923880
vn 0.321439 0.000000 -0.946930
vn 0.321439 0.000000 -0.946930
vn 0.258819 0.000000 -0.965926
vn 0.258819 0.000000 -0.965926
vn -0.999384 0.000000 -0.035105
vn -0.998805 0.000000 -0.048870
vn -0.998805 0.000000 -0.048870
vn -0.999384 0.000000 -0.035105
vn -0.538948 0.000000 -0.842339
vn -0.538948 0.000000 -0.842339
vn -0.538948 0.000000 -0.842339
vn -0.538948 0.000000 -0.842339
vn -0.538947 0.000000 -0.842340
vn -0.538947 0.000000 -0.842340
vn 0.227077 0.000000 -0.973877
vn 0.227077 0.000000 -0.973877
vn -0.999839 0.000000 -0.017956
vn -0.999839 0.000000 -0.017956
vn -1.000000 0.000000 0.000000
vn -1.000000 0.000000 0.000000
vn -1.000000 0.000000 0.000000
vn -1.000000 0.000000 0.000000
vn -0.558925 0.000000 -0.829218
vn -0.558925 0.000000 -0.829218
vn -0.558925 0.000000 -0.829218
vn -0.558925 0.000000 -0.829218
vn -1.000000 0.000000 0.000002
vn -1.000000 0.000000 0.000000
vn -1.000000 0.000000 0.000000
vn -1.000000 0.000000 0.000002
vn -1.000000 0.000000 0.000004
vn -1.000000 0.000000 0.000004
vn -1.000000 0.000000 0.000000
vn -1.000000 0.000000 0.000000
vn -1.000000 0.000000 0.000000
vn -1.000000 0.000000 0.000000
vn 0.500000 0.000000 0.866026
vn 0.500000 0.000000 0.866026
vn 0.500000 0.000000 0.866026
vn 0.500000 0.000000 0.866026
s 1
g polySurface36 polySurface5
f 55/219/1 56/2/2 57/220/3
f 56/2/2 55/219/1 58/4/4
f 58/4/4 55/219/1 59/218/5
f 60/213/6 61/7/7 59/218/5
f 59/218/5 61/7/7 58/4/4
f 61/7/7 62/8/8 58/4/4
f 58/4/4 62/8/8 63/9/9
f 64/10/10 56/2/2 63/9/9
f 63/9/9 56/2/2 58/4/4
f 62/8/8 65/11/11 63/9/9
f 63/9/9 65/11/11 66/215/12
f 65/11/11 67/13/13 66/215/12
f 68/14/14 64/10/10 66/215/12
f 66/215/12 64/10/10 63/9/9
f 62/8/8 61/7/7 69/15/15
f 69/15/15 61/7/7 70/212/16
f 61/7/7 60/213/6 70/212/16
f 70/212/16 71/210/17 69/15/15
f 72/200/18 73/19/19 74/20/20
f 74/20/20 73/19/19 75/21/21
f 76/22/22 77/23/23 75/21/21
f 75/21/21 77/23/23 74/20/20
f 77/23/23 71/210/17 74/20/20
f 77/23/23 76/22/22 78/24/24
f 78/24/24 76/22/22 79/25/25
f 67/13/13 65/11/11 79/25/25
f 79/25/25 65/11/11 78/24/24
f 65/11/11 62/8/8 78/24/24
f 78/24/24 62/8/8 69/15/15
f 71/210/17 77/23/23 69/15/15
f 69/15/15 77/23/23 78/24/24
f 80/207/26 76/22/22 81/27/27
f 81/27/27 76/22/22 75/21/21
f 73/19/19 82/28/28 75/21/21
f 75/21/21 82/28/28 81/27/27
f 82/28/28 83/29/29 81/27/27
f 84/30/30 67/13/13 79/25/25
f 76/22/22 80/207/26 79/25/25
f 79/25/25 80/207/26 84/30/30
f 80/207/26 85/205/31 84/30/30
f 86/32/32 83/29/29 87/33/33
f 87/33/33 83/29/29 82/28/28
f 73/19/19 88/34/34 82/28/28
f 82/28/28 88/34/34 87/33/33
f 88/34/34 89/35/35 87/33/33
f 87/33/33 89/35/35 90/36/36
f 90/36/36 86/32/32 87/33/33
f 89/35/35 91/37/37 90/36/36
f 90/36/36 91/37/37 92/38/38
f 91/37/37 93/39/39 92/38/38
f 89/35/35 88/34/34 94/40/40
f 94/40/40 88/34/34 95/199/41
f 88/34/34 73/19/19 95/199/41
f 95/199/41 73/19/19 72/200/18
f 95/199/41 96/196/42 94/40/40
f 97/43/43 98/197/44 99/45/45
f 99/45/45 98/197/44 100/46/46
f 98/197/44 101/194/47 100/46/46
f 100/46/46 101/194/47 102/48/48
f 103/49/49 104/50/50 102/48/48
f 102/48/48 104/50/50 100/46/46
f 104/50/50 96/196/42 100/46/46
f 100/46/46 96/196/42 99/45/45
f 104/50/50 103/49/49 105/51/51
f 105/51/51 103/49/49 106/52/52
f 93/39/39 91/37/37 106/52/52
f 106/52/52 91/37/37 105/51/51
f 91/37/37 89/35/35 105/51/51
f 105/51/51 89/35/35 94/40/40
f 96/196/42 104/50/50 94/40/40
f 94/40/40 104/50/50 105/51/51
f 107/53/53 103/49/49 108/54/54
f 108/54/54 103/49/49 102/48/48
f 101/194/47 109/193/55 102/48/48
f 102/48/48 109/193/55 108/54/54
f 109/193/55 110/192/56 108/54/54
f 108/54/54 110/192/56 111/57/57
f 112/58/58 107/53/53 111/57/57
f 111/57/57 107/53/53 108/54/54
f 110/192/56 113/191/59 111/57/57
f 111/57/57 113/191/59 114/60/60
f 113/191/59 115/183/61 114/60/60
f 114/60/60 115/183/61 116/62/62
f 117/63/63 118/64/64 116/62/62
f 116/62/62 118/64/64 114/60/60
f 118/64/64 112/58/58 114/60/60
f 114/60/60 112/58/58 111/57/57
f 118/64/64 117/63/63 119/65/65
f 119/65/65 117/63/63 120/66/66
f 121/67/67 122/68/68 120/66/66
f 120/66/66 122/68/68 119/65/65
f 122/68/68 123/69/69 119/65/65
f 119/65/65 123/69/69 124/70/70
f 112/58/58 118/64/64 124/70/70
f 124/70/70 118/64/64 119/65/65
f 123/69/69 125/71/71 124/70/70
f 124/70/70 125/71/71 126/72/72
f 125/71/71 93/39/39 126/72/72
f 126/72/72 93/39/39 106/52/52
f 103/49/49 107/53/53 106/52/52
f 106/52/52 107/53/53 126/72/72
f 107/53/53 112/58/58 126/72/72
f 126/72/72 112/58/58 124/70/70
f 123/69/69 122/68/68 127/73/73
f 127/73/73 122/68/68 128/74/74
f 122/68/68 121/67/67 128/74/74
f 128/74/74 121/67/67 129/75/75
f 130/76/76 131/77/77 129/75/75
f 129/75/75 131/77/77 128/74/74
f 131/77/77 132/78/78 128/74/74
f 128/74/74 132/78/78 127/73/73
f 131/77/77 130/76/76 133/79/79
f 133/79/79 130/76/76 134/80/80
f 135/81/81 136/169/82 134/80/80
f 134/80/80 136/169/82 133/79/79
f 136/169/82 137/83/83 133/79/79
f 133/79/79 137/83/83 138/84/84
f 132/78/78 131/77/77 138/84/84
f 138/84/84 131/77/77 133/79/79
f 137/83/83 139/189/85 138/84/84
f 138/84/84 139/189/85 140/187/86
f 139/189/85 141/188/87 140/187/86
f 142/185/88 132/78/78 140/187/86
f 140/187/86 132/78/78 138/84/84
f 125/71/71 123/69/69 143/89/89
f 143/89/89 123/69/69 127/73/73
f 132/78/78 142/185/88 127/73/73
f 127/73/73 142/185/88 143/89/89
f 144/90/90 145/91/91 146/92/92
f 146/92/92 145/91/91 147/93/93
f 145/91/91 121/67/67 147/93/93
f 147/93/93 121/67/67 120/66/66
f 117/63/63 148/94/94 120/66/66
f 120/66/66 148/94/94 147/93/93
f 148/94/94 149/95/95 147/93/93
f 147/93/93 149/95/95 146/92/92
f 148/94/94 117/63/63 150/96/96
f 150/96/96 117/63/63 116/62/62
f 115/183/61 151/182/97 116/62/62
f 116/62/62 151/182/97 150/96/96
f 151/182/97 152/181/98 150/96/96
f 150/96/96 152/181/98 153/99/99
f 149/95/95 148/94/94 153/99/99
f 153/99/99 148/94/94 150/96/96
f 152/181/98 154/180/100 153/99/99
f 153/99/99 154/180/100 155/101/101
f 154/180/100 156/177/102 155/101/101
f 155/101/101 156/177/102 157/103/103
f 157/103/103 158/179/104 155/101/101
f 158/179/104 149/95/95 155/101/101
f 155/101/101 149/95/95 153/99/99
f 159/170/105 144/90/90 160/106/106
f 160/106/106 144/90/90 146/92/92
f 149/95/95 158/179/104 146/92/92
f 146/92/92 158/179/104 160/106/106
f 156/177/102 161/175/107 157/103/103
f 162/108/108 135/81/81 134/80/80
f 130/76/76 163/109/109 134/80/80
f 134/80/80 163/109/109 162/108/108
f 163/109/109 130/76/76 164/110/110
f 164/110/110 130/76/76 129/75/75
f 121/67/67 145/91/91 129/75/75
f 129/75/75 145/91/91 164/110/110
f 145/91/91 144/90/90 164/110/110
f 164/110/110 144/90/90 165/111/111
f 165/111/111 163/109/109 164/110/110
f 144/90/90 159/170/105 165/111/111
f 137/83/83 136/169/82 166/168/112
s off
g textureEditorIsolateSelectSet polySurface36 polySurface5
f 2/113/113 3/114/114 57/3/115 56/217/116
s 13
f 3/114/117 1/115/118 55/1/119 57/3/120
f 1/115/118 4/116/121 59/5/122 55/1/119
f 4/116/121 5/117/123 60/6/124 59/5/122
s 14
f 6/118/125 2/113/126 56/217/127 64/216/128
s 15
f 8/119/129 7/120/130 66/12/131 67/208/132
s 14
f 9/121/133 6/118/125 64/216/128 68/214/134
s off
f 7/120/135 9/121/136 68/214/137 66/12/138
s 16
f 5/117/139 10/122/140 70/16/141 60/6/142
f 10/122/140 11/123/143 71/17/144 70/16/141
s off
f 13/124/145 12/125/146 72/18/147 74/211/148
s 16
f 11/123/143 13/124/149 74/211/150 71/17/144
s off
f 15/126/151 14/127/152 80/26/153 81/209/154
s 17
f 16/128/155 15/126/156 81/209/157 83/204/158
s 15
f 17/129/159 8/119/129 67/208/132 84/206/160
s off
f 14/127/161 18/130/162 85/31/163 80/26/164
s 15
f 18/130/165 17/129/159 84/206/160 85/31/166
s 17
f 19/131/167 16/128/155 83/204/158 86/203/168
s off
f 20/132/169 19/131/170 86/203/171 90/202/172
f 21/133/173 20/132/174 90/202/175 92/201/176
f 22/134/177 21/133/178 92/201/179 93/190/180
f 12/125/181 23/135/182 95/41/183 72/18/184
f 23/135/185 24/136/186 96/42/187 95/41/188
s 18
f 25/137/189 26/138/190 98/44/191 97/198/192
s 19
f 27/139/193 25/137/194 97/198/195 99/195/196
s 18
f 26/138/190 28/140/197 101/47/198 98/44/191
s 19
f 24/136/199 27/139/193 99/195/196 96/42/200
s 18
f 28/140/197 29/141/201 109/55/202 101/47/198
f 29/141/201 30/142/203 110/56/204 109/55/202
f 30/142/203 31/143/205 113/59/206 110/56/204
f 31/143/205 32/144/207 115/61/208 113/59/206
s off
f 33/145/209 22/134/210 93/190/211 125/186/212
f 34/146/213 35/147/214 136/82/215 135/174/216
s 20
f 36/148/217 37/149/218 139/85/219 137/167/220
f 37/149/218 39/150/221 141/87/222 139/85/219
s off
f 39/150/223 38/151/224 140/86/225 141/87/226
s 21
f 38/151/227 40/152/228 142/88/229 140/86/230
f 41/153/231 33/145/232 125/186/233 143/184/234
f 40/152/228 41/153/231 143/184/234 142/88/229
s 18
f 32/144/207 42/154/235 151/97/236 115/61/208
f 42/154/235 43/155/237 152/98/238 151/97/236
f 43/155/237 44/156/239 154/100/240 152/98/238
f 44/156/239 45/157/241 156/102/242 154/100/240
s 22
f 46/158/243 47/159/244 158/104/245 157/176/246
s 23
f 49/160/247 48/161/248 159/105/249 160/178/250
f 47/159/251 49/160/247 160/178/250 158/104/252
s 18
f 45/157/241 50/162/253 161/107/254 156/102/242
s 22
f 50/162/255 46/158/243 157/176/246 161/107/256
s off
f 51/163/257 34/146/258 135/174/259 162/173/260
f 52/164/261 51/163/262 162/173/263 163/172/264
s 24
f 53/165/265 52/164/266 163/172/267 165/171/268
f 48/161/269 53/165/265 165/171/268 159/105/270
s off
f 35/147/271 54/166/272 166/112/273 136/82/274
f 54/166/275 36/148/276 137/167/277 166/112/278
g default
v -416.298584 116.798775 -74.572540
v -417.963623 116.798775 -24.857491
v -368.248535 116.798775 -99.430069
v -712.684570 116.798775 -397.720367
v -737.221924 116.798775 -351.814423
v -758.704102 116.798775 -304.401978
v -777.039551 116.798775 -255.686020
v -792.149414 116.798775 -205.875168
v -803.969238 116.798775 -155.182739
v -812.448486 116.798775 -103.825790
v -817.550537 116.798775 -52.024254
v -819.253662 116.798775 0.000070
v -762.877930 116.798775 24.857594
v -706.502441 116.798775 49.715118
v -650.126709 116.798775 74.572639
v -587.090332 116.798775 49.715107
v -527.384521 116.798775 24.857569
v -419.628662 116.798775 24.857565
v -474.339355 116.798775 49.715092
v -109.921631 116.798775 0.000012
v -109.921631 116.798775 -49.715046
v -152.976196 116.798775 24.857546
v -196.030640 116.798775 49.715076
v -239.085205 116.798775 -24.857502
v -282.139648 116.798775 -49.715027
v -325.194336 116.798775 -74.572548
v -239.085205 116.798775 24.857553
v -586.274414 116.798775 -562.461609
v -548.283447 116.798775 -598.044128
v -495.313965 116.798775 -559.752625
v -443.467285 116.798775 -522.741577
v -392.656494 116.798775 -487.080322
v -381.569824 116.798775 -420.793243
v -621.856934 116.798775 -524.470520
v -654.878418 116.798775 -484.233673
v -685.197754 116.798775 -441.923218
v -282.139648 116.798775 -248.575241
v -326.859375 116.798775 -276.316864
v -330.189697 116.798775 -331.800140
v -375.741943 116.798775 -360.983795
v -239.085205 116.798775 -223.717712
v -239.085205 116.798775 -174.002670
v -196.030640 116.798775 -149.145142
v -152.976196 116.798775 -124.287621
v -109.921631 116.798775 -99.430099
v -464.348633 1025.157227 -99.430069
v -467.678711 1025.157227 -49.715019
v -416.298584 1025.157227 -74.572540
v -417.963623 1025.157227 -24.857491
v -368.248535 1025.157349 -99.430069
v -414.633545 1025.157227 -124.287598
v -461.018311 1025.157227 -149.145126
v -368.248535 1025.157227 -149.145126
v -412.968262 1025.157227 -174.002655
v -368.248535 1025.157227 -198.860184
v -411.303223 1025.157227 -223.717712
v -454.357910 1025.157227 -248.575241
v -457.687988 1025.157104 -198.860184
v -502.407715 1025.157227 -223.717712
v -497.412354 1025.157227 -273.432770
v -540.466553 1025.157227 -298.290283
v -547.127197 1025.157227 -248.575241
v -553.788086 1025.157227 -198.860184
v -507.403076 1025.157227 -174.002655
v -560.448486 1025.157227 -149.145126
v -512.398438 1025.157227 -124.287598
v -567.108887 1025.157227 -99.430069
v -517.393799 1025.157227 -74.572540
v -603.445068 1025.157227 -224.594574
v -593.483398 1025.157227 -273.871185
v -583.521240 1025.157227 -323.147827
v -626.575928 1025.157227 -348.005341
v -639.839111 1025.157227 -299.167145
v -653.102539 1025.157227 -250.328979
v -687.766846 1025.157227 -325.114166
v -669.630371 1025.157227 -372.862854
v -712.684570 1025.157227 -397.720367
v -737.221924 1025.157227 -351.814423
v -758.704102 1025.157227 -304.401978
v -705.903320 1025.157227 -277.365509
v -777.039551 1025.157227 -255.686020
v -720.896484 1025.157104 -228.314697
v -792.149414 1025.157227 -205.875168
v -735.889404 1025.157227 -179.263901
v -679.629150 1025.157104 -152.652618
v -666.365723 1025.157227 -201.490799
v -613.407227 1025.157227 -175.317963
v -623.369141 1025.157227 -126.041351
v -686.347412 1025.157227 -102.060692
v -744.323242 1025.157227 -128.455597
v -803.969238 1025.157227 -155.182739
v -812.448486 1025.157227 -103.825790
v -752.757080 1025.157227 -77.647270
v -693.065918 1025.157227 -51.468750
v -817.550537 1025.157227 -52.024254
v -757.817383 1025.157227 -26.394838
v -819.253662 1025.157227 0.000070
v -762.877930 1025.157227 24.857594
v -706.502441 1025.157227 49.715118
v -699.783936 1025.157227 -0.876817
v -643.437500 1025.157227 24.419144
v -650.126709 1025.157227 74.572639
v -587.090332 1025.157227 49.715107
v -580.429932 1025.157227 0.000046
v -636.747803 1025.157227 -25.734350
v -573.769531 1025.157227 -49.715015
v -630.058350 1025.157227 -75.887848
v -527.384521 1025.157227 24.857569
v -471.009033 1025.157227 0.000038
v -419.628662 1025.157349 24.857565
v -474.339355 1025.157349 49.715092
v -522.389160 1025.157227 -24.857487
v -109.921631 1025.157227 -49.715046
v -109.921631 1025.157227 0.000012
v -152.976196 1025.157227 -24.857510
v -152.976196 1025.157227 -74.572571
v -196.030640 1025.157227 -99.430092
v -196.030640 1025.157227 -49.715034
v -196.030640 1025.157227 0.000021
v -152.976196 1025.157227 24.857546
v -196.030640 1025.157227 49.715076
v -239.085205 1025.157349 -24.857502
v -239.085205 1025.157227 -74.572556
v -239.085205 1025.157227 -124.287621
v -282.139648 1025.157104 -149.145142
v -282.139648 1025.157227 -99.430077
v -282.139648 1025.157349 -49.715027
v -325.194336 1025.157227 -124.287598
v -325.194336 1025.157227 -174.002655
v -325.194336 1025.157349 -74.572548
v -239.085205 1025.157227 24.857553
v -586.274414 1025.157227 -562.461609
v -535.098145 1025.157227 -527.044495
v -548.283447 1025.157227 -598.044128
v -495.313965 1025.157227 -559.752625
v -483.922119 1025.157227 -491.627441
v -443.467285 1025.157227 -522.741577
v -432.746094 1025.157227 -456.210327
v -392.656494 1025.157227 -487.080322
v -381.569824 1025.157227 -420.793243
v -519.585449 1025.157227 -455.721893
v -570.080811 1025.157227 -489.534760
v -621.856934 1025.157349 -524.470520
v -654.878418 1025.157349 -484.233673
v -605.063721 1025.157227 -452.025024
v -555.249023 1025.157227 -419.816376
v -637.346924 1025.157227 -412.443939
v -685.197754 1025.157227 -441.923218
v -590.912354 1025.157227 -383.910828
v -545.827393 1025.157227 -356.413422
v -500.742676 1025.157227 -328.916046
v -461.018311 1025.157227 -359.541779
v -508.133545 1025.157227 -389.679077
v -470.439941 1025.157227 -422.944733
v -421.293945 1025.157227 -390.167511
v -416.298584 1025.157227 -331.800140
v -456.855469 1025.157227 -302.616425
v -412.968262 1025.157227 -276.316864
v -371.579102 1025.157227 -304.058502
v -369.081299 1025.157227 -250.017288
v -325.194336 1025.157227 -223.717712
v -282.139648 1025.157349 -248.575241
v -326.859375 1025.157227 -276.316864
v -330.189697 1025.157349 -331.800140
v -375.741943 1025.157349 -360.983795
v -239.085205 1025.157349 -223.717712
v -282.139648 1025.157104 -198.860184
v -239.085205 1025.157227 -174.002670
v -196.030640 1025.157227 -149.145142
v -152.976196 1025.157227 -124.287621
v -109.921631 1025.157227 -99.430099
vt 0.222191 0.560398
vt 0.220175 0.530302
vt 0.251279 0.545350
vt 0.250271 0.515254
vt 0.592143 0.358083
vt 0.252287 0.575446
vt 0.224207 0.590494
vt 0.280367 0.590494
vt 0.253295 0.605542
vt 0.280367 0.620591
vt 0.254303 0.635639
vt 0.228239 0.650687
vt 0.226223 0.620591
vt 0.199151 0.635639
vt 0.202175 0.665735
vt 0.176110 0.680783
vt 0.172078 0.650687
vt 0.168046 0.620591
vt 0.196126 0.605542
vt 0.164014 0.590494
vt 0.193102 0.575446
vt 0.159982 0.560398
vt 0.190078 0.545350
vt 0.137985 0.636169
vt 0.144016 0.666000
vt 0.150046 0.695831
vt 0.123982 0.710879
vt 0.115953 0.681314
vt 0.107924 0.651748
vt 0.086939 0.697022
vt 0.097918 0.725927
vt 0.071854 0.740976
vt 0.790665 0.563526
vt 0.798715 0.544850
vt 0.075959 0.668116
vt 0.804197 0.525226
vt 0.066883 0.638422
vt 0.806994 0.504999
vt 0.057806 0.608727
vt 0.091865 0.592618
vt 0.099894 0.622183
vt 0.131954 0.606339
vt 0.125923 0.576508
vt 0.087798 0.561990
vt 0.052701 0.577969
vt 0.807033 0.484533
vt 0.804294 0.464201
vt 0.047595 0.547211
vt 0.083731 0.531363
vt 0.798808 0.444358
vt 0.044532 0.516184
vt 0.790639 0.425379
vt 0.777685 0.404713
vt 0.761511 0.386455
vt 0.079664 0.500736
vt 0.113775 0.485423
vt 0.742494 0.371023
vt 0.719144 0.358042
vt 0.151918 0.500205
vt 0.117824 0.515784
vt 0.155950 0.530302
vt 0.121874 0.546146
vt 0.695176 0.349680
vt 0.218158 0.500205
vt 0.249263 0.485157
vt 0.216142 0.470109
vt 0.187054 0.515254
vt 0.436752 0.500205
vt 0.503380 0.476316
vt 0.410688 0.515254
vt 0.410688 0.545350
vt 0.384624 0.560398
vt 0.384624 0.530302
vt 0.384624 0.500205
vt 0.410688 0.485157
vt 0.384624 0.470109
vt 0.544874 0.389921
vt 0.358560 0.545350
vt 0.358560 0.575446
vt 0.332496 0.590494
vt 0.332496 0.560398
vt 0.332496 0.530302
vt 0.306431 0.575446
vt 0.306431 0.605542
vt 0.575255 0.366575
vt 0.358560 0.485157
vt 0.718366 0.632403
vt 0.179360 0.819265
vt 0.171379 0.862247
vt 0.203445 0.839066
vt 0.210341 0.797825
vt 0.234832 0.816660
vt 0.241322 0.776384
vt 0.265591 0.795072
vt 0.272303 0.754943
vt 0.188752 0.776088
vt 0.158183 0.796558
vt 0.736325 0.622755
vt 0.752794 0.610813
vt 0.137005 0.773850
vt 0.167162 0.754352
vt 0.117462 0.749889
vt 0.767504 0.596790
vt 0.145572 0.732616
vt 0.172865 0.715969
vt 0.200159 0.699323
vt 0.224207 0.717863
vt 0.195684 0.736108
vt 0.218503 0.756246
vt 0.248255 0.736403
vt 0.251279 0.701069
vt 0.226727 0.683402
vt 0.253295 0.667481
vt 0.278351 0.684275
vt 0.279863 0.651560
vt 0.306431 0.635639
vt 0.332496 0.650687
vt 0.546694 0.598199
vt 0.562246 0.612229
vt 0.275831 0.718736
vt 0.358560 0.635639
vt 0.332496 0.620591
vt 0.358560 0.605542
vt 0.384624 0.590494
vt 0.410688 0.575446
vt 0.436752 0.560398
vt 0.647123 0.447895
vt 0.639474 0.454201
vt 0.631429 0.464331
vt 0.704196 0.530445
vt 0.709066 0.523605
vt 0.713198 0.516296
vt 0.716629 0.508669
vt 0.719217 0.500791
vt 0.720258 0.492439
vt 0.720416 0.484067
vt 0.719796 0.475802
vt 0.718309 0.467784
vt 0.711124 0.460172
vt 0.703996 0.453432
vt 0.696868 0.446693
vt 0.684898 0.445532
vt 0.673362 0.444700
vt 0.654532 0.443515
vt 0.664317 0.441856
vt 0.587016 0.471265
vt 0.587448 0.477434
vt 0.590479 0.466189
vt 0.593878 0.461401
vt 0.615179 0.459802
vt 0.607312 0.458994
vt 0.623304 0.462066
vt 0.599578 0.458504
vt 0.673219 0.556507
vt 0.679302 0.551841
vt 0.663914 0.555660
vt 0.654915 0.552184
vt 0.646426 0.546999
vt 0.640874 0.536411
vt 0.686224 0.547567
vt 0.692716 0.542494
vt 0.698763 0.536790
vt 0.618114 0.507495
vt 0.625998 0.511317
vt 0.629957 0.520021
vt 0.636569 0.526188
vt 0.611622 0.502990
vt 0.607889 0.496299
vt 0.601929 0.492214
vt 0.596140 0.488245
vt 0.589835 0.483463
vt 0.436752 0.530302
vt 0.502529 0.495689
vt 0.504282 0.514779
vt 0.508469 0.533300
vt 0.514927 0.551007
vt 0.523475 0.567777
vt 0.533892 0.583303
vt 0.579065 0.623899
vt 0.303407 0.701069
vt 0.599655 0.634311
vt 0.305423 0.667481
vt 0.088494 0.767735
vt 0.780197 0.580941
vt 0.106848 0.793349
vt 0.126839 0.817707
vt 0.148380 0.840706
vt 0.624671 0.642145
vt 0.648809 0.645506
vt 0.673927 0.644817
vt 0.699233 0.639564
vt 0.358560 0.515254
vt 0.532103 0.404606
vt 0.521380 0.420927
vt 0.306431 0.545350
vt 0.559382 0.377220
vt 0.280367 0.560398
vt 0.512905 0.438523
vt 0.506862 0.457135
vt 0.672522 0.345605
vt 0.184030 0.485157
vt 0.649066 0.345034
vt 0.629934 0.347070
vt 0.147886 0.470109
vt 0.109725 0.455061
vt 0.075597 0.470109
vt 0.041468 0.485157
vt 0.007340 0.500205
vt 0.008371 0.531700
vt 0.011459 0.563059
vt 0.016592 0.594149
vt 0.023748 0.624837
vt 0.032895 0.654991
vt 0.043995 0.684483
vt 0.057000 0.713185
vt 0.611348 0.351259
vn 0.000000 1.000000 -0.000000
vn 0.000000 1.000000 0.000000
vn -0.000001 1.000000 0.000000
vn -0.000000 1.000000 0.000000
vn -0.000000 1.000000 -0.000001
vn -0.000001 1.000000 0.000000
vn 0.000000 1.000000 -0.000000
vn -0.000000 1.000000 -0.000000
vn -0.000001 1.000000 -0.000000
vn 0.000000 1.000000 0.000000
vn -0.000001 1.000000 0.000001
vn -0.000000 1.000000 0.000001
vn -0.000000 1.000000 0.000000
vn 0.000001 1.000000 -0.000001
vn 0.000000 1.000000 -0.000000
vn 0.000000 1.000000 0.000000
vn 0.000000 1.000000 0.000000
vn 0.000000 1.000000 -0.000000
vn 0.000001 1.000000 -0.000001
vn 0.000000 1.000000 0.000000
vn 0.000000 1.000000 -0.000000
vn 0.000000 1.000000 -0.000000
vn 0.000000 1.000000 0.000000
vn 0.000000 1.000000 -0.000000
vn 0.000000 1.000000 -0.000000
vn 0.000000 1.000000 -0.000000
vn 0.000000 1.000000 0.000000
vn 0.000000 1.000000 0.000000
vn -0.000000 1.000000 0.000000
vn 0.000000 1.000000 0.000000
vn 0.000000 1.000000 0.000000
vn 0.000000 1.000000 0.000000
vn 0.000000 1.000000 -0.000001
vn 0.000000 1.000000 -0.000000
vn -0.000000 1.000000 0.000001
vn 0.000001 1.000000 0.000000
vn -0.000000 1.000000 0.000000
vn 0.000001 1.000000 0.000001
vn 0.000001 1.000000 -0.000000
vn 0.000000 1.000000 0.000000
vn -0.000001 1.000000 0.000000
vn -0.000000 1.000000 -0.000000
vn -0.000001 1.000000 -0.000001
vn 0.000000 1.000000 0.000000
vn 0.000000 1.000000 -0.000001
vn 0.000000 1.000000 0.000000
vn 0.000000 1.000000 -0.000000
vn 0.000000 1.000000 0.000000
vn 0.000000 1.000000 0.000000
vn 0.000000 1.000000 0.000001
vn 0.000000 1.000000 0.000001
vn 0.000000 1.000000 0.000001
vn 0.000000 1.000000 -0.000000
vn 0.000000 1.000000 0.000001
vn 0.000000 1.000000 -0.000000
vn 0.000000 1.000000 -0.000001
vn 0.000000 1.000000 0.000000
vn 0.000000 1.000000 -0.000000
vn 0.000000 1.000000 -0.000000
vn 0.000000 1.000000 0.000000
vn 0.000000 1.000000 -0.000000
vn 0.000000 1.000000 0.000000
vn -0.000000 1.000000 -0.000001
vn -0.000001 1.000000 -0.000001
vn -0.000001 1.000000 -0.000001
vn -0.000001 1.000000 -0.000004
vn 0.000000 1.000000 -0.000000
vn 0.000000 1.000000 0.000000
vn 0.000000 1.000000 0.000000
vn 0.000000 1.000000 0.000000
vn 0.000000 1.000000 0.000000
vn 0.000000 1.000000 0.000000
vn 0.000001 1.000000 0.000000
vn 0.000001 1.000000 0.000000
vn 0.000000 1.000000 0.000000
vn 0.000000 1.000000 0.000000
vn 0.000002 1.000000 -0.000001
vn 0.000001 1.000000 -0.000001
vn -0.000001 1.000000 0.000000
vn -0.000000 1.000000 0.000000
vn 0.000001 1.000000 -0.000001
vn 0.000001 1.000000 -0.000002
vn 0.000001 1.000000 -0.000001
vn 0.000001 1.000000 0.000000
vn 0.000001 1.000000 -0.000002
vn 0.000001 1.000000 0.000000
vn 0.000001 1.000000 -0.000001
vn 0.000000 1.000000 0.000000
vn 0.000000 1.000000 0.000000
vn 0.000000 1.000000 0.000000
vn 0.000000 1.000000 0.000000
vn 0.000000 1.000000 0.000000
vn 0.000000 1.000000 0.000001
vn 0.000000 1.000000 0.000001
vn -0.000000 1.000000 -0.000000
vn 0.000000 1.000000 -0.000000
vn 0.000001 1.000000 0.000000
vn 0.000002 1.000000 -0.000000
vn 0.000001 1.000000 0.000001
vn 0.000001 1.000000 0.000001
vn 0.000000 1.000000 0.000001
vn 0.000000 1.000000 0.000000
vn -0.000001 1.000000 0.000000
vn 0.000000 1.000000 0.000000
vn 0.000000 1.000000 -0.000001
vn 0.000000 1.000000 -0.000001
vn 0.000000 1.000000 0.000000
vn 0.000000 1.000000 -0.000000
vn 0.000000 1.000000 -0.000000
vn -0.000001 1.000000 0.000000
vn -0.000001 1.000000 -0.000000
vn 0.000000 1.000000 -0.000001
vn 0.000000 1.000000 -0.000000
vn -0.000001 1.000000 0.000001
vn 0.000000 1.000000 0.000000
vn -0.000000 1.000000 -0.000001
vn -0.000002 1.000000 0.000001
vn -0.000001 1.000000 -0.000000
vn -0.000001 1.000000 0.000003
vn -0.000002 1.000000 0.000000
vn -0.000004 1.000000 0.000002
vn -0.000001 1.000000 0.000001
vn -0.000002 1.000000 0.000000
vn 0.000000 1.000000 0.000000
vn 0.000000 1.000000 0.000000
vn 0.000000 1.000000 0.000000
vn 0.999440 0.000000 0.033473
vn 0.999440 0.000000 0.033473
vn 0.999440 0.000000 0.033473
vn 0.999440 0.000000 0.033473
vn 0.459482 0.000000 0.888187
vn 0.459482 0.000000 0.888187
vn 0.459482 0.000000 0.888187
vn 0.459482 0.000000 0.888187
vn -0.866026 0.000000 -0.499999
vn -0.896873 0.000000 -0.442289
vn -0.896873 0.000000 -0.442289
vn -0.866026 0.000000 -0.499999
vn -0.923880 0.000000 -0.382683
vn -0.923880 0.000000 -0.382683
vn -0.946930 0.000000 -0.321439
vn -0.946930 0.000000 -0.321439
vn -0.965926 0.000000 -0.258818
vn -0.965926 0.000000 -0.258818
vn -0.980785 0.000000 -0.195092
vn -0.980785 0.000000 -0.195092
vn -0.991445 0.000000 -0.130528
vn -0.991445 0.000000 -0.130528
vn -0.997859 0.000000 -0.065404
vn -0.997859 0.000000 -0.065404
vn -0.999465 0.000000 -0.032720
vn -0.999465 0.000000 -0.032720
vn -0.403448 0.000000 0.915003
vn -0.403449 0.000000 0.915002
vn -0.403449 0.000000 0.915002
vn -0.403448 0.000000 0.915003
vn -0.403449 0.000000 0.915002
vn -0.403449 0.000000 0.915002
vn -0.403448 0.000000 0.915003
vn -0.403448 0.000000 0.915003
vn 0.366844 0.000000 0.930283
vn 0.375412 0.000000 0.926858
vn 0.375412 0.000000 0.926858
vn 0.366844 0.000000 0.930283
vn 0.384353 0.000000 0.923186
vn 0.384353 0.000000 0.923186
vn 0.999440 0.000000 0.033473
vn 0.999440 0.000000 0.033473
vn 0.413652 0.000000 0.910435
vn 0.413652 0.000000 0.910435
vn 0.413652 0.000000 0.910435
vn 0.413652 0.000000 0.910435
vn -0.424330 0.000000 0.905508
vn -0.424330 0.000000 0.905508
vn -0.424330 0.000000 0.905508
vn -0.424330 0.000000 0.905508
vn 1.000000 0.000000 0.000000
vn 1.000000 0.000000 0.000000
vn 1.000000 0.000000 0.000000
vn 1.000000 0.000000 0.000000
vn 0.500000 0.000000 0.866025
vn 0.500000 0.000000 0.866026
vn 0.500000 0.000000 0.866026
vn 0.500000 0.000000 0.866025
vn 0.500001 0.000000 0.866025
vn 0.500001 0.000000 0.866025
vn -0.499999 0.000000 0.866026
vn -0.500000 0.000000 0.866025
vn -0.500000 0.000000 0.866025
vn -0.499999 0.000000 0.866026
vn -0.500003 0.000000 0.866024
vn -0.500000 0.000000 0.866025
vn -0.500000 0.000000 0.866025
vn -0.500003 0.000000 0.866024
vn -0.499999 0.000000 0.866026
vn -0.499999 0.000000 0.866026
vn -0.499999 0.000000 0.866026
vn -0.499999 0.000000 0.866026
vn -1.000000 0.000000 0.000000
vn -1.000000 0.000000 0.000000
vn -1.000000 0.000000 0.000000
vn -1.000000 0.000000 0.000000
vn -0.683593 0.000000 -0.729863
vn -0.707107 0.000000 -0.707106
vn -0.707107 0.000000 -0.707106
vn -0.683593 0.000000 -0.729863
vn 0.583462 0.000000 -0.812140
vn 0.585850 0.000000 -0.810419
vn 0.585850 0.000000 -0.810419
vn 0.583462 0.000000 -0.812140
vn 0.577787 0.000000 -0.816187
vn 0.577787 0.000000 -0.816187
vn 0.574475 0.000000 -0.818522
vn 0.574475 0.000000 -0.818522
vn 0.991123 0.000000 -0.132949
vn 0.986300 0.000000 -0.164961
vn 0.986300 0.000000 -0.164961
vn 0.991123 0.000000 -0.132949
vn -0.751840 0.000000 -0.659346
vn -0.751840 0.000000 -0.659346
vn -0.793353 0.000000 -0.608762
vn -0.793353 0.000000 -0.608762
vn -0.831470 0.000000 -0.555569
vn -0.831470 0.000000 -0.555569
vn 0.514026 0.000000 -0.857774
vn 0.527151 0.000000 -0.849772
vn 0.527151 0.000000 -0.849772
vn 0.514026 0.000000 -0.857775
vn 0.998203 0.000000 -0.059916
vn 0.998203 0.000000 -0.059916
vn 0.998204 0.000000 -0.059916
vn 0.998203 0.000000 -0.059916
vn 0.995286 0.000000 -0.096981
vn 0.995286 0.000000 -0.096981
vn 0.539450 0.000000 -0.842018
vn 0.539450 0.000000 -0.842018
vn 0.539450 0.000000 -0.842018
vn 0.539450 0.000000 -0.842018
vn 0.500000 0.000000 -0.866025
vn 0.500000 0.000000 -0.866025
vn 1.000000 0.000000 0.000000
vn 1.000000 0.000000 0.000000
vn 1.000000 0.000000 0.000000
vn 1.000000 0.000000 0.000000
vn 0.500000 0.000000 -0.866025
vn 0.499999 0.000000 -0.866026
vn 0.499999 0.000000 -0.866026
vn 0.500000 0.000000 -0.866025
vn 0.500000 0.000000 -0.866026
vn 0.500000 0.000000 -0.866026
vn 0.499999 0.000000 -0.866026
vn 0.499999 0.000000 -0.866026
vn 1.000000 0.000000 0.000000
vn 1.000000 0.000000 0.000000
s 1
g polySurface5 polySurface31
f 212/221/279 213/222/280 214/223/281
f 214/223/281 213/222/280 215/224/282
f 214/223/281 216/417/283 217/226/284
f 218/227/285 212/221/279 217/226/284
f 217/226/284 212/221/279 214/223/281
f 216/417/283 219/228/286 217/226/284
f 217/226/284 219/228/286 220/229/287
f 219/228/286 221/230/288 220/229/287
f 220/229/287 221/230/288 222/231/289
f 223/232/290 224/233/291 222/231/289
f 222/231/289 224/233/291 220/229/287
f 224/233/291 218/227/285 220/229/287
f 220/229/287 218/227/285 217/226/284
f 224/233/291 223/232/290 225/234/292
f 225/234/292 223/232/290 226/235/293
f 227/236/294 228/237/295 226/235/293
f 226/235/293 228/237/295 225/234/292
f 228/237/295 229/238/296 225/234/292
f 225/234/292 229/238/296 230/239/297
f 218/227/285 224/233/291 230/239/297
f 230/239/297 224/233/291 225/234/292
f 229/238/296 231/240/298 230/239/297
f 230/239/297 231/240/298 232/241/299
f 231/240/298 233/242/300 232/241/299
f 232/241/299 233/242/300 234/243/301
f 213/222/280 212/221/279 234/243/301
f 234/243/301 212/221/279 232/241/299
f 212/221/279 218/227/285 232/241/299
f 232/241/299 218/227/285 230/239/297
f 229/238/296 228/237/295 235/244/302
f 235/244/302 228/237/295 236/245/303
f 228/237/295 227/236/294 236/245/303
f 236/245/303 227/236/294 237/246/304
f 238/247/305 239/248/306 237/246/304
f 237/246/304 239/248/306 236/245/303
f 239/248/306 240/249/307 236/245/303
f 236/245/303 240/249/307 235/244/302
f 239/248/306 238/247/305 241/250/308
f 241/250/308 238/247/305 242/251/309
f 243/252/310 244/435/311 242/251/309
f 242/251/309 244/435/311 241/250/308
f 244/435/311 245/434/312 241/250/308
f 241/250/308 245/434/312 246/255/313
f 240/249/307 239/248/306 246/255/313
f 246/255/313 239/248/306 241/250/308
f 245/434/312 247/433/314 246/255/313
f 246/255/313 247/433/314 248/257/315
f 247/433/314 249/432/316 248/257/315
f 248/257/315 249/432/316 250/259/317
f 251/260/318 252/261/319 250/259/317
f 250/259/317 252/261/319 248/257/315
f 252/261/319 240/249/307 248/257/315
f 248/257/315 240/249/307 246/255/313
f 252/261/319 251/260/318 253/262/320
f 253/262/320 251/260/318 254/263/321
f 233/242/300 231/240/298 254/263/321
f 254/263/321 231/240/298 253/262/320
f 231/240/298 229/238/296 253/262/320
f 253/262/320 229/238/296 235/244/302
f 240/249/307 252/261/319 235/244/302
f 235/244/302 252/261/319 253/262/320
f 255/264/322 251/260/318 256/265/323
f 256/265/323 251/260/318 250/259/317
f 249/432/316 257/431/324 250/259/317
f 250/259/317 257/431/324 256/265/323
f 257/431/324 258/430/325 256/265/323
f 256/265/323 258/430/325 259/268/326
f 260/269/327 255/264/322 259/268/326
f 259/268/326 255/264/322 256/265/323
f 258/430/325 261/429/328 259/268/326
f 259/268/326 261/429/328 262/271/329
f 261/429/328 263/428/330 262/271/329
f 262/271/329 263/428/330 264/427/331
f 265/426/332 266/275/333 264/427/331
f 264/427/331 266/275/333 262/271/329
f 266/275/333 260/269/327 262/271/329
f 262/271/329 260/269/327 259/268/326
f 266/275/333 265/426/332 267/276/334
f 267/276/334 265/426/332 268/425/335
f 268/425/335 269/424/336 267/276/334
f 269/424/336 270/279/337 267/276/334
f 267/276/334 270/279/337 271/280/338
f 260/269/327 266/275/333 271/280/338
f 271/280/338 266/275/333 267/276/334
f 270/279/337 272/281/339 271/280/338
f 271/280/338 272/281/339 273/282/340
f 272/281/339 233/242/300 273/282/340
f 273/282/340 233/242/300 254/263/321
f 251/260/318 255/264/322 254/263/321
f 254/263/321 255/264/322 273/282/340
f 255/264/322 260/269/327 273/282/340
f 273/282/340 260/269/327 271/280/338
f 270/279/337 269/424/336 274/421/341
f 213/222/280 275/284/342 215/224/282
f 215/224/282 275/284/342 276/285/343
f 275/284/342 277/286/344 276/285/343
f 275/284/342 213/222/280 278/287/345
f 278/287/345 213/222/280 234/243/301
f 233/242/300 272/281/339 234/243/301
f 234/243/301 272/281/339 278/287/345
f 272/281/339 270/279/337 278/287/345
f 278/287/345 270/279/337 274/421/341
f 277/286/344 275/284/342 274/421/341
f 274/421/341 275/284/342 278/287/345
f 280/288/346 279/392/347 281/290/348
f 281/290/348 279/392/347 282/291/349
f 283/292/350 284/293/351 282/291/349
f 282/291/349 284/293/351 281/290/348
f 284/293/351 285/294/352 281/290/348
f 281/290/348 285/294/352 286/295/353
f 286/295/353 280/288/346 281/290/348
f 285/294/352 287/296/354 286/295/353
f 285/294/352 284/293/351 288/412/355
f 288/412/355 284/293/351 289/298/356
f 284/293/351 283/292/350 289/298/356
f 289/298/356 283/292/350 290/299/357
f 291/300/358 292/301/359 290/299/357
f 290/299/357 292/301/359 289/298/356
f 292/301/359 293/302/360 289/298/356
f 289/298/356 293/302/360 288/412/355
f 292/301/359 291/300/358 294/303/361
f 294/303/361 291/300/358 295/304/362
f 221/230/288 219/228/286 295/304/362
f 295/304/362 219/228/286 294/303/361
f 219/228/286 216/417/283 294/303/361
f 294/303/361 216/417/283 296/415/363
f 293/302/360 292/301/359 296/415/363
f 296/415/363 292/301/359 294/303/361
f 287/296/354 285/294/352 297/306/364
f 297/306/364 285/294/352 288/412/355
f 298/407/365 299/308/366 300/309/367
f 300/309/367 299/308/366 301/310/368
f 299/308/366 302/311/369 301/310/368
f 301/310/368 302/311/369 303/312/370
f 302/311/369 304/313/371 303/312/370
f 303/312/370 304/313/371 305/314/372
f 304/313/371 306/315/373 305/314/372
f 302/311/369 299/308/366 307/316/374
f 307/316/374 299/308/366 308/317/375
f 299/308/366 298/407/365 308/317/375
f 308/317/375 298/407/365 309/406/376
f 310/405/377 311/320/378 309/406/376
f 309/406/376 311/320/378 308/317/375
f 311/320/378 312/321/379 308/317/375
f 308/317/375 312/321/379 307/316/374
f 311/320/378 310/405/377 313/322/380
f 313/322/380 310/405/377 314/403/381
f 243/252/310 242/251/309 314/403/381
f 314/403/381 242/251/309 313/322/380
f 242/251/309 238/247/305 313/322/380
f 313/322/380 238/247/305 315/324/382
f 312/321/379 311/320/378 315/324/382
f 315/324/382 311/320/378 313/322/380
f 238/247/305 237/246/304 315/324/382
f 315/324/382 237/246/304 316/325/383
f 237/246/304 227/236/294 316/325/383
f 316/325/383 227/236/294 317/326/384
f 318/327/385 319/328/386 317/326/384
f 317/326/384 319/328/386 316/325/383
f 319/328/386 312/321/379 316/325/383
f 316/325/383 312/321/379 315/324/382
f 319/328/386 318/327/385 320/329/387
f 320/329/387 318/327/385 321/330/388
f 306/315/373 304/313/371 321/330/388
f 321/330/388 304/313/371 320/329/387
f 304/313/371 302/311/369 320/329/387
f 320/329/387 302/311/369 307/316/374
f 312/321/379 319/328/386 307/316/374
f 307/316/374 319/328/386 320/329/387
f 322/331/389 318/327/385 323/332/390
f 323/332/390 318/327/385 317/326/384
f 227/236/294 226/235/293 317/326/384
f 317/326/384 226/235/293 323/332/390
f 226/235/293 223/232/290 323/332/390
f 323/332/390 223/232/290 324/333/391
f 325/334/392 322/331/389 324/333/391
f 324/333/391 322/331/389 323/332/390
f 223/232/290 222/231/289 324/333/391
f 324/333/391 222/231/289 326/335/393
f 222/231/289 221/230/288 326/335/393
f 326/335/393 221/230/288 327/336/394
f 328/337/395 329/402/396 327/336/394
f 327/336/394 329/402/396 326/335/393
f 329/402/396 325/334/392 326/335/393
f 326/335/393 325/334/392 324/333/391
f 325/334/392 329/402/396 330/400/397
f 331/340/398 306/315/373 321/330/388
f 318/327/385 322/331/389 321/330/388
f 321/330/388 322/331/389 331/340/398
f 322/331/389 325/334/392 331/340/398
f 331/340/398 325/334/392 330/400/397
f 332/341/399 328/337/395 333/342/400
f 333/342/400 328/337/395 327/336/394
f 221/230/288 295/304/362 327/336/394
f 327/336/394 295/304/362 333/342/400
f 295/304/362 291/300/358 333/342/400
f 333/342/400 291/300/358 334/343/401
f 334/343/401 332/341/399 333/342/400
f 291/300/358 290/299/357 334/343/401
f 334/343/401 290/299/357 335/344/402
f 290/299/357 283/292/350 335/344/402
f 335/344/402 283/292/350 336/345/403
f 283/292/350 282/291/349 336/345/403
f 336/345/403 282/291/349 337/346/404
f 282/291/349 279/392/347 337/346/404
s 17
g textureEditorIsolateSelectSet polySurface5 polySurface31
f 168/347/405 167/348/406 214/436/407 215/423/408
s off
f 167/348/409 169/349/410 216/225/411 214/436/412
s 18
f 170/350/413 171/351/414 244/253/415 243/404/416
f 171/351/414 172/352/417 245/254/418 244/253/415
f 172/352/417 173/353/419 247/256/420 245/254/418
f 173/353/419 174/354/421 249/258/422 247/256/420
f 174/354/421 175/355/423 257/266/424 249/258/422
f 175/355/423 176/356/425 258/267/426 257/266/424
f 176/356/425 177/357/427 261/270/428 258/267/426
f 177/357/427 178/358/429 263/272/430 261/270/428
s 19
f 178/358/431 179/359/432 264/273/433 263/272/434
f 179/359/432 180/360/435 265/274/436 264/273/433
f 180/360/435 181/361/437 268/277/438 265/274/436
s 20
f 181/361/439 182/362/440 269/278/441 268/277/442
f 182/362/440 183/363/443 274/283/444 269/278/441
s 17
f 184/364/445 168/347/405 215/423/408 276/422/446
s off
f 185/365/447 184/364/448 276/422/449 277/420/450
f 183/363/451 185/365/452 277/420/453 274/283/454
s 21
f 186/366/455 187/367/456 279/289/457 280/419/458
s 22
f 188/368/459 186/366/460 280/419/461 286/418/462
f 189/369/463 188/368/459 286/418/462 287/414/464
s 23
f 191/370/465 190/371/466 288/297/467 293/416/468
f 169/349/469 192/372/470 296/305/471 216/225/472
f 192/372/470 191/370/465 293/416/468 296/305/471
s off
f 193/373/473 189/369/474 287/414/475 297/413/476
f 190/371/477 193/373/478 297/413/479 288/297/480
s 18
f 195/374/481 194/375/482 298/307/483 300/411/484
s 25
f 196/376/485 195/374/486 300/411/487 301/410/488
f 197/377/489 196/376/485 301/410/488 303/409/490
f 198/378/491 197/377/489 303/409/490 305/408/492
s 26
f 199/379/493 198/378/494 305/408/495 306/401/496
s 18
f 194/375/482 200/380/497 309/318/498 298/307/483
f 200/380/497 201/381/499 310/319/500 309/318/498
f 201/381/499 202/382/501 314/323/502 310/319/500
f 202/382/501 170/350/413 243/404/416 314/323/502
s 27
f 203/383/503 204/384/504 329/338/505 328/398/506
s off
f 204/384/507 205/385/508 330/339/509 329/338/510
s 26
f 206/386/511 199/379/493 306/401/496 331/399/512
s off
f 205/385/513 206/386/514 331/399/515 330/339/516
s 27
f 207/387/517 203/383/503 328/398/506 332/397/518
s off
f 208/388/519 207/387/520 332/397/521 334/396/522
s 28
f 209/389/523 208/388/524 334/396/525 335/395/526
f 210/390/527 209/389/523 335/395/526 336/394/528
f 211/391/529 210/390/527 336/394/528 337/393/530
s 21
f 187/367/456 211/391/531 337/393/532 279/289/457
g default
v 589.122559 116.798775 -25.734488
v 595.812012 116.798775 24.419010
v 546.125854 116.798775 99.430038
v 602.501465 116.798775 74.572510
v 582.433105 116.798775 -75.887985
v 519.483643 116.798775 -99.430183
v 363.677734 116.798775 -223.717804
v 365.342896 116.798775 -174.002747
v 413.392944 116.798775 -149.145218
v 464.773193 116.798775 -124.287704
v 372.003540 116.798775 24.857473
v 320.623413 116.798775 49.715008
v 426.713989 116.798775 49.714996
v 430.044312 116.798775 99.430054
v 489.750244 116.798775 124.287567
v 234.514404 116.798775 -0.000036
v 277.568848 116.798775 24.857487
v 148.405396 116.798775 -0.000024
v 191.459839 116.798775 -24.857559
v 62.296387 116.798775 49.715046
v 19.241821 116.798775 24.857523
v -23.812622 116.798775 0.000000
v 148.405396 116.798775 49.715034
v 105.350708 116.798775 74.572563
v 191.459717 116.798775 -273.432861
v 237.011963 116.798775 -302.616577
v 323.953613 116.798775 -304.058594
v 282.564209 116.798775 -331.800232
v 321.455933 116.798775 -250.017380
v -152.976196 116.798775 -124.287621
v -196.030640 116.798775 -149.145142
v -196.030640 116.798775 -198.860199
v -109.921631 116.798775 -198.860229
v -66.867188 116.798775 -223.717758
v -152.976196 116.798775 -223.717758
v -109.921631 116.798775 -99.430099
v -109.921631 116.798775 -49.715046
v -66.867188 116.798775 -24.857523
v 148.405396 116.798775 -298.290375
v 19.241821 116.798775 -273.432800
v 105.350708 116.798775 -323.147858
v 62.296387 116.798775 -348.005402
v 19.241821 116.798775 -323.147858
v -23.812622 116.798775 -248.575287
v 589.122559 1025.157227 -25.734488
v 532.804688 1025.157227 -0.000073
v 595.812012 1025.157227 24.419010
v 539.465210 1025.157227 49.714985
v 602.501465 1025.157349 74.572510
v 546.125854 1025.157349 99.430038
v 519.483643 1025.157227 -99.430183
v 582.433105 1025.157227 -75.887985
v 526.144165 1025.157227 -49.715130
v 363.677734 1025.157349 -223.717804
v 320.623413 1025.157227 -198.860275
v 365.342896 1025.157227 -174.002747
v 320.623413 1025.157104 -149.145218
v 320.623413 1025.157104 -99.430161
v 367.008057 1025.157227 -124.287689
v 413.392944 1025.157227 -149.145218
v 368.673218 1025.157227 -74.572632
v 320.623413 1025.157227 -49.715107
v 320.623413 1025.157227 -0.000049
v 370.338379 1025.157227 -24.857584
v 420.053467 1025.157227 -49.715118
v 416.723145 1025.157227 -99.430168
v 469.768555 1025.157227 -74.572655
v 464.773193 1025.157227 -124.287704
v 423.383789 1025.157227 -0.000061
v 372.003540 1025.157349 24.857473
v 320.623413 1025.157349 49.715008
v 426.713989 1025.157349 49.714996
v 489.750244 1025.157227 124.287567
v 430.044312 1025.157227 99.430054
v 484.754761 1025.157227 74.572510
v 479.759277 1025.157227 24.857462
v 474.763916 1025.157227 -24.857595
v 277.568848 1025.157349 24.857487
v 234.514404 1025.157349 -0.000036
v 277.568848 1025.157227 -24.857571
v 277.568726 1025.157227 -74.572624
v 234.514404 1025.157227 -49.715092
v 277.568726 1025.157227 -124.287689
v 277.568726 1025.157227 -174.002747
v 234.514404 1025.157227 -149.145203
v 234.514404 1025.157227 -99.430153
v 191.459717 1025.157227 -124.287666
v 191.459839 1025.157227 -74.572609
v 148.405396 1025.157227 -99.430138
v 148.405396 1025.157227 -49.715080
v 148.405396 1025.157227 -0.000024
v 191.459839 1025.157349 -24.857559
v 105.350708 1025.157227 24.857510
v 105.350708 1025.157227 -24.857546
v 105.350708 1025.157227 -74.572601
v 62.296387 1025.157227 -49.715069
v 62.296387 1025.157227 -0.000012
v 62.296387 1025.157227 49.715046
v 19.241821 1025.157227 -24.857534
v 19.241821 1025.157227 24.857523
v -23.812622 1025.157227 0.000000
v 148.405396 1025.157227 49.715034
v 105.350708 1025.157227 74.572563
v 191.459717 1025.157227 -273.432861
v 234.514404 1025.157227 -248.575333
v 237.011963 1025.157227 -302.616577
v 279.233887 1025.157104 -276.316956
v 323.953613 1025.157227 -304.058594
v 282.564209 1025.157227 -331.800232
v 277.568726 1025.157104 -223.717804
v 321.455933 1025.157349 -250.017380
v -109.921631 1025.157227 -149.145157
v -152.976196 1025.157227 -174.002670
v -152.976196 1025.157227 -124.287621
v -196.030640 1025.157227 -149.145142
v -196.030640 1025.157227 -198.860199
v -109.921631 1025.157349 -198.860229
v -66.867188 1025.157227 -174.002701
v -23.812622 1025.157227 -198.860229
v -66.867188 1025.157227 -223.717758
v -152.976196 1025.157349 -223.717758
v -66.867188 1025.157227 -124.287643
v -109.921631 1025.157227 -99.430099
v -109.921631 1025.157227 -49.715046
v -66.867188 1025.157227 -74.572578
v -23.812622 1025.157227 -99.430115
v -66.867188 1025.157227 -24.857523
v -23.812622 1025.157227 -49.715057
v 19.241821 1025.157227 -74.572594
v 62.296387 1025.157227 -99.430122
v 105.350708 1025.157227 -124.287666
v 62.296387 1025.157227 -149.145187
v 19.241821 1025.157227 -124.287643
v 19.241821 1025.157227 -174.002701
v -23.812622 1025.157227 -149.145172
v 105.350708 1025.157227 -174.002731
v 148.405396 1025.157227 -149.145203
v 191.459717 1025.157227 -174.002731
v 148.405396 1025.157227 -198.860245
v 234.514404 1025.157227 -198.860275
v 191.459717 1025.157227 -223.717804
v 148.405396 1025.157227 -248.575302
v 148.405396 1025.157227 -298.290375
v 105.350708 1025.157227 -273.432800
v 62.296387 1025.157227 -248.575287
v 105.350708 1025.157227 -223.717758
v 62.296387 1025.157227 -198.860229
v 19.241821 1025.157227 -223.717758
v 19.241821 1025.157227 -273.432800
v 62.296387 1025.157227 -298.290344
v 105.350708 1025.157227 -323.147858
v 62.296387 1025.157227 -348.005402
v 19.241821 1025.157227 -323.147858
v -23.812622 1025.157227 -248.575287
vt 0.359734 0.844142
vt 0.825843 0.500205
vt 0.863986 0.485423
vt 0.829875 0.470109
vt 0.833907 0.440013
vt 0.338953 0.808494
vt 0.855887 0.546146
vt 0.395229 0.875531
vt 0.821811 0.530302
vt 0.478454 0.896921
vt 0.697394 0.620591
vt 0.724466 0.605542
vt 0.697394 0.590494
vt 0.697394 0.560398
vt 0.725474 0.575446
vt 0.753554 0.590494
vt 0.726482 0.545350
vt 0.697394 0.530302
vt 0.697394 0.500205
vt 0.727490 0.515254
vt 0.757586 0.530302
vt 0.755570 0.560398
vt 0.787683 0.545350
vt 0.416513 0.886194
vt 0.759602 0.500205
vt 0.344804 0.691703
vt 0.697394 0.470109
vt 0.335691 0.713763
vt 0.763634 0.440013
vt 0.328889 0.759415
vt 0.796755 0.455061
vt 0.793731 0.485157
vt 0.790707 0.515254
vt 0.645265 0.500205
vt 0.369121 0.657286
vt 0.671329 0.515254
vt 0.671329 0.545350
vt 0.645265 0.530302
vt 0.671329 0.575446
vt 0.671329 0.605542
vt 0.645265 0.590494
vt 0.645265 0.560398
vt 0.619201 0.575446
vt 0.619201 0.545350
vt 0.593137 0.560398
vt 0.593137 0.530302
vt 0.593137 0.500205
vt 0.399290 0.632723
vt 0.567073 0.485157
vt 0.567073 0.515254
vt 0.567073 0.545350
vt 0.541009 0.530302
vt 0.541009 0.500205
vt 0.472761 0.609603
vt 0.514945 0.515254
vt 0.492422 0.610049
vt 0.488880 0.500205
vt 0.593137 0.470109
vt 0.567073 0.455061
vt 0.572835 0.858941
vt 0.645265 0.650687
vt 0.646777 0.683402
vt 0.672338 0.667481
vt 0.699410 0.684275
vt 0.537370 0.882545
vt 0.671329 0.635639
vt 0.498039 0.894965
vt 0.436752 0.590494
vt 0.410688 0.605542
vt 0.579837 0.649694
vt 0.384624 0.590494
vt 0.384624 0.620591
vt 0.618176 0.716868
vt 0.462816 0.605542
vt 0.488880 0.620591
vt 0.462816 0.635639
vt 0.410688 0.635639
vt 0.462816 0.575446
vt 0.436752 0.560398
vt 0.548448 0.626747
vt 0.462816 0.545350
vt 0.488880 0.560398
vt 0.530597 0.618688
vt 0.488880 0.530302
vt 0.514945 0.545350
vt 0.541009 0.560398
vt 0.567073 0.575446
vt 0.541009 0.590494
vt 0.514945 0.575446
vt 0.514945 0.605542
vt 0.488880 0.590494
vt 0.567073 0.605542
vt 0.593137 0.590494
vt 0.619201 0.605542
vt 0.593137 0.620591
vt 0.645265 0.620591
vt 0.619201 0.635639
vt 0.593137 0.650687
vt 0.586589 0.844941
vt 0.567073 0.665735
vt 0.541009 0.650687
vt 0.567073 0.635639
vt 0.541009 0.620591
vt 0.514944 0.635639
vt 0.619754 0.774765
vt 0.541009 0.680783
vt 0.598416 0.829165
vt 0.608007 0.811934
vt 0.615138 0.793663
vt 0.488880 0.650687
vt 0.406755 0.785447
vt 0.411722 0.790784
vt 0.404970 0.770136
vt 0.403331 0.779107
vt 0.418194 0.794729
vt 0.429534 0.795222
vt 0.458857 0.791163
vt 0.466262 0.795511
vt 0.449315 0.792100
vt 0.440221 0.792797
vt 0.432399 0.737741
vt 0.427131 0.745480
vt 0.419911 0.752896
vt 0.411813 0.755697
vt 0.405592 0.762432
vt 0.447933 0.731184
vt 0.439666 0.733678
vt 0.462318 0.721407
vt 0.456676 0.729436
vt 0.496895 0.705437
vt 0.488935 0.705100
vt 0.481288 0.705459
vt 0.467321 0.713648
vt 0.473737 0.707779
vt 0.496592 0.791571
vt 0.502694 0.785191
vt 0.482842 0.798522
vt 0.490083 0.796453
vt 0.474395 0.796386
vt 0.528678 0.719853
vt 0.522287 0.717885
vt 0.531814 0.724919
vt 0.528219 0.744253
vt 0.530611 0.737324
vt 0.533400 0.730760
vt 0.515976 0.714769
vt 0.511398 0.709018
vt 0.504494 0.706423
vt 0.510151 0.782084
vt 0.517608 0.778977
vt 0.523203 0.773802
vt 0.525460 0.766797
vt 0.525217 0.759249
vt 0.525657 0.751636
vt 0.514944 0.665735
vt 0.621833 0.755527
vt 0.621334 0.736118
vt 0.514944 0.695831
vt 0.541009 0.710879
vt 0.567073 0.695831
vt 0.593137 0.680783
vt 0.619201 0.665735
vt 0.511811 0.613108
vt 0.462816 0.515254
vt 0.436752 0.530302
vt 0.564996 0.637170
vt 0.410688 0.575446
vt 0.612260 0.698144
vt 0.436752 0.620591
vt 0.603755 0.680450
vt 0.592850 0.664153
vt 0.518947 0.889829
vt 0.697898 0.651560
vt 0.723458 0.635639
vt 0.555983 0.871980
vt 0.674354 0.701069
vt 0.671329 0.485157
vt 0.356532 0.672409
vt 0.541009 0.470109
vt 0.453220 0.611773
vt 0.434252 0.616492
vt 0.416215 0.623557
vt 0.514945 0.485157
vt 0.619201 0.515254
vt 0.383487 0.644000
vt 0.330832 0.733215
vt 0.761618 0.470109
vt 0.331629 0.784336
vt 0.799779 0.424965
vt 0.728498 0.485157
vt 0.437933 0.892940
vt 0.784658 0.575446
vt 0.817779 0.560398
vt 0.458832 0.896364
vt 0.859936 0.515784
vt 0.373676 0.859284
vt 0.868036 0.455061
vt 0.348066 0.827092
vn 0.000000 1.000000 0.000001
vn 0.000000 1.000000 -0.000000
vn -0.000000 1.000000 0.000001
vn -0.000001 1.000000 -0.000001
vn -0.000001 1.000000 -0.000002
vn -0.000001 1.000000 -0.000001
vn 0.000000 1.000000 0.000002
vn 0.000000 1.000000 0.000000
vn 0.000000 1.000000 -0.000000
vn -0.000001 1.000000 0.000004
vn -0.000001 1.000000 0.000001
vn -0.000001 1.000000 -0.000000
vn 0.000000 1.000000 0.000000
vn 0.000000 1.000000 -0.000000
vn -0.000001 1.000000 -0.000000
vn 0.000000 1.000000 -0.000001
vn -0.000001 1.000000 -0.000000
vn -0.000000 1.000000 0.000000
vn 0.000000 1.000000 -0.000002
vn -0.000000 1.000000 0.000000
vn 0.000000 1.000000 0.000000
vn 0.000000 1.000000 0.000000
vn 0.000000 1.000000 0.000000
vn 0.000000 1.000000 -0.000001
vn 0.000001 1.000000 -0.000001
vn 0.000000 1.000000 -0.000002
vn -0.000000 1.000000 -0.000005
vn 0.000001 1.000000 -0.000002
vn 0.000001 1.000000 0.000000
vn -0.000001 1.000000 0.000000
vn -0.000000 1.000000 0.000000
vn 0.000001 1.000000 -0.000000
vn 0.000000 1.000000 -0.000000
vn 0.000001 1.000000 -0.000002
vn 0.000001 1.000000 -0.000002
vn 0.000001 1.000000 -0.000001
vn 0.000001 1.000000 0.000000
vn 0.000001 1.000000 -0.000001
vn 0.000001 1.000000 0.000000
vn 0.000001 1.000000 0.000000
vn 0.000000 1.000000 0.000000
vn 0.000000 1.000000 0.000000
vn 0.000000 1.000000 0.000000
vn 0.000000 1.000000 0.000000
vn 0.000000 1.000000 0.000000
vn -0.000001 1.000000 0.000000
vn -0.000001 1.000000 0.000000
vn -0.000000 1.000000 -0.000001
vn 0.000000 1.000000 0.000000
vn 0.000000 1.000000 0.000000
vn 0.000000 1.000000 0.000000
vn 0.000000 1.000000 0.000000
vn 0.000000 1.000000 0.000000
vn 0.000000 1.000000 0.000000
vn 0.000000 1.000000 0.000000
vn 0.000000 1.000000 0.000000
vn 0.000000 1.000000 0.000000
vn 0.000000 1.000000 0.000000
vn 0.000000 1.000000 0.000000
vn 0.000000 1.000000 0.000000
vn 0.000001 1.000000 0.000000
vn 0.000001 1.000000 0.000000
vn -0.000001 1.000000 -0.000000
vn -0.000003 1.000000 0.000002
vn -0.000000 1.000000 0.000002
vn -0.000001 1.000000 -0.000001
vn -0.000004 1.000000 0.000001
vn -0.000000 1.000000 0.000000
vn -0.000001 1.000000 0.000001
vn 0.000000 1.000000 0.000000
vn 0.000000 1.000000 0.000000
vn -0.000001 1.000000 0.000000
vn 0.000000 1.000000 0.000001
vn 0.000001 1.000000 0.000000
vn 0.000000 1.000000 0.000000
vn 0.000001 1.000000 0.000000
vn -0.000001 1.000000 0.000002
vn 0.000000 1.000000 0.000000
vn 0.000000 1.000000 0.000000
vn 0.000000 1.000000 0.000000
vn 0.000000 1.000000 0.000000
vn 0.000000 1.000000 0.000000
vn 0.000000 1.000000 0.000000
vn 0.000000 1.000000 0.000000
vn 0.000000 1.000000 0.000000
vn 0.000000 1.000000 0.000000
vn 0.000000 1.000000 0.000000
vn 0.000000 1.000000 0.000000
vn 0.000000 1.000000 0.000000
vn 0.000000 1.000000 0.000000
vn 0.000000 1.000000 0.000000
vn 0.000000 1.000000 0.000000
vn 0.000000 1.000000 0.000000
vn 0.000000 1.000000 0.000000
vn 0.000000 1.000000 0.000000
vn 0.000001 1.000000 0.000000
vn 0.000000 1.000000 0.000000
vn 0.000000 1.000000 0.000000
vn 0.000000 1.000000 0.000000
vn 0.000000 1.000000 0.000000
vn 0.000000 1.000000 0.000000
vn 0.000000 1.000000 0.000000
vn 0.000000 1.000000 0.000000
vn 0.000000 1.000000 0.000000
vn 0.000000 1.000000 0.000000
vn 0.000000 1.000000 0.000000
vn 0.000000 1.000000 0.000000
vn 0.000000 1.000000 0.000000
vn 0.000000 1.000000 0.000000
vn 0.000000 1.000000 0.000000
vn 0.991222 0.000000 -0.132209
vn 0.991222 0.000000 -0.132209
vn 0.991222 0.000000 -0.132209
vn 0.991222 0.000000 -0.132209
vn 0.403449 0.000000 0.915002
vn 0.403449 0.000000 0.915002
vn 0.403449 0.000000 0.915002
vn 0.403449 0.000000 0.915002
vn 0.991222 0.000000 -0.132209
vn 0.991222 0.000000 -0.132209
vn 0.350290 0.000000 -0.936641
vn 0.380424 0.000000 -0.924812
vn 0.380424 0.000000 -0.924812
vn 0.350290 0.000000 -0.936641
vn 0.991222 0.000000 -0.132209
vn 0.991222 0.000000 -0.132209
vn 0.999440 0.000000 -0.033475
vn 0.999440 0.000000 -0.033475
vn 0.999440 0.000000 -0.033475
vn 0.999440 0.000000 -0.033475
vn 0.447213 0.000000 -0.894428
vn 0.459482 0.000000 -0.888187
vn 0.459482 0.000000 -0.888187
vn 0.447213 0.000000 -0.894428
vn 0.424329 0.000000 -0.905508
vn 0.424329 0.000000 -0.905508
vn 0.435507 0.000000 0.900186
vn 0.435507 0.000000 0.900186
vn 0.435507 0.000000 0.900186
vn 0.435507 0.000000 0.900186
vn -0.413653 0.000000 0.910435
vn -0.413653 0.000000 0.910435
vn -0.413653 0.000000 0.910435
vn -0.413653 0.000000 0.910435
vn -0.384352 0.000000 0.923186
vn -0.384352 0.000000 0.923186
vn -0.384352 0.000000 0.923186
vn -0.384352 0.000000 0.923186
vn 0.403449 0.000000 0.915002
vn 0.403449 0.000000 0.915002
vn -0.997764 0.000000 0.066838
vn -0.997764 0.000000 0.066838
vn -0.997764 0.000000 0.066838
vn -0.997764 0.000000 0.066838
vn -0.500000 0.000000 0.866025
vn -0.500000 0.000000 0.866025
vn -0.500000 0.000000 0.866025
vn -0.500000 0.000000 0.866025
vn 0.500001 0.000000 0.866025
vn 0.500001 0.000000 0.866025
vn 0.500001 0.000000 0.866025
vn 0.500001 0.000000 0.866025
vn -0.499999 0.000000 0.866026
vn -0.499999 0.000000 0.866026
vn -0.500000 0.000000 0.866026
vn -0.500000 0.000000 0.866026
vn -0.500000 0.000000 0.866026
vn -0.500000 0.000000 0.866026
vn -0.500000 0.000000 0.866025
vn -0.500000 0.000000 0.866025
vn 1.000000 0.000000 0.000000
vn 1.000000 0.000000 0.000000
vn 1.000000 0.000000 0.000000
vn 1.000000 0.000000 0.000000
vn 0.499998 0.000000 0.866026
vn 0.499998 0.000000 0.866026
vn 0.499998 0.000000 0.866026
vn 0.499998 0.000000 0.866026
vn -0.500001 0.000000 0.866025
vn -0.500001 0.000000 0.866025
vn -0.499999 0.000000 0.866026
vn -0.499999 0.000000 0.866026
vn -0.539450 0.000000 -0.842017
vn -0.539451 0.000000 -0.842017
vn -0.539451 0.000000 -0.842017
vn -0.539450 0.000000 -0.842017
vn 0.556765 0.000000 -0.830670
vn 0.556765 0.000000 -0.830670
vn 0.556765 0.000000 -0.830670
vn 0.556765 0.000000 -0.830670
vn -0.539450 0.000000 -0.842018
vn -0.539450 0.000000 -0.842018
vn 0.528711 0.000000 -0.848802
vn 0.528711 0.000000 -0.848802
vn 0.528711 0.000000 -0.848802
vn 0.528711 0.000000 -0.848802
vn 0.998934 0.000000 0.046169
vn 0.998934 0.000000 0.046169
vn 0.998934 0.000000 0.046169
vn 0.998934 0.000000 0.046169
vn -0.500000 0.000000 0.866025
vn -0.500000 0.000000 0.866026
vn -0.500000 0.000000 0.866026
vn -0.500000 0.000000 0.866025
vn -1.000000 0.000000 0.000000
vn -1.000000 0.000000 0.000000
vn -1.000000 0.000000 0.000000
vn -1.000000 0.000000 0.000000
vn -0.500000 0.000000 -0.866025
vn -0.500001 0.000000 -0.866025
vn -0.500001 0.000000 -0.866025
vn -0.500000 0.000000 -0.866025
vn -0.500001 0.000000 -0.866025
vn -0.500001 0.000000 -0.866025
vn -0.500001 0.000000 -0.866025
vn -0.500001 0.000000 -0.866025
vn 0.500000 0.000000 -0.866026
vn 0.500000 0.000000 -0.866026
vn 0.500000 0.000000 -0.866026
vn 0.500000 0.000000 -0.866026
vn -0.499999 0.000000 0.866026
vn -0.499999 0.000000 0.866026
vn -1.000000 0.000000 0.000000
vn -1.000000 0.000000 0.000000
vn -1.000000 0.000000 0.000000
vn -1.000000 0.000000 0.000000
vn -0.500000 0.000000 0.866025
vn -0.500000 0.000000 0.866026
vn -0.500000 0.000000 0.866026
vn -0.500000 0.000000 0.866025
vn 0.500002 0.000000 -0.866024
vn 0.500000 0.000000 -0.866026
vn 0.500000 0.000000 -0.866026
vn 0.500002 0.000000 -0.866024
vn 0.500000 0.000000 -0.866026
vn 0.500000 0.000000 -0.866026
vn 0.500002 0.000000 -0.866024
vn 0.500002 0.000000 -0.866024
vn -0.500000 0.000000 -0.866026
vn -0.500000 0.000000 -0.866026
vn -0.500000 0.000000 -0.866026
vn -0.500000 0.000000 -0.866026
vn -1.000000 0.000000 0.000000
vn -1.000000 0.000000 0.000000
vn -1.000000 0.000000 0.000000
vn -1.000000 0.000000 0.000000
vn -0.500000 0.000000 -0.866026
vn -0.500000 0.000000 -0.866026
vn -0.500000 0.000000 -0.866025
vn -0.500000 0.000000 -0.866025
s 1
g polySurface5 polySurface35
f 382/631/533 383/438/534 384/439/535
f 384/439/535 383/438/534 385/440/536
f 387/441/537 386/633/538 385/440/536
f 385/440/536 386/633/538 384/439/535
f 389/443/539 388/629/540 390/445/541
f 383/438/534 382/631/533 390/445/541
f 390/445/541 382/631/533 389/443/539
f 391/610/542 392/447/543 393/448/544
f 393/448/544 392/447/543 394/449/545
f 395/450/546 396/451/547 394/449/545
f 394/449/545 396/451/547 393/448/544
f 396/451/547 397/452/548 393/448/544
f 396/451/547 395/450/546 398/453/549
f 398/453/549 395/450/546 399/454/550
f 400/455/551 401/456/552 399/454/550
f 399/454/550 401/456/552 398/453/549
f 401/456/552 402/457/553 398/453/549
f 398/453/549 402/457/553 403/458/554
f 397/452/548 396/451/547 403/458/554
f 403/458/554 396/451/547 398/453/549
f 402/457/553 404/459/555 403/458/554
f 403/458/554 404/459/555 405/628/556
f 404/459/555 388/629/540 405/628/556
f 405/628/556 397/452/548 403/458/554
f 402/457/553 401/456/552 406/461/557
f 406/461/557 401/456/552 407/626/558
f 401/456/552 400/455/551 407/626/558
f 407/626/558 400/455/551 408/463/559
f 407/626/558 409/623/560 406/461/557
f 411/465/561 410/625/562 412/467/563
f 410/625/562 387/441/537 412/467/563
f 412/467/563 387/441/537 385/440/536
f 383/438/534 413/468/564 385/440/536
f 385/440/536 413/468/564 412/467/563
f 413/468/564 409/623/560 412/467/563
f 412/467/563 409/623/560 411/465/561
f 413/468/564 383/438/534 414/469/565
f 414/469/565 383/438/534 390/445/541
f 388/629/540 404/459/555 390/445/541
f 390/445/541 404/459/555 414/469/565
f 404/459/555 402/457/553 414/469/565
f 414/469/565 402/457/553 406/461/557
f 409/623/560 413/468/564 406/461/557
f 406/461/557 413/468/564 414/469/565
f 416/470/566 415/613/567 417/472/568
f 415/613/567 400/455/551 417/472/568
f 417/472/568 400/455/551 399/454/550
f 395/450/546 418/473/569 399/454/550
f 399/454/550 418/473/569 417/472/568
f 418/473/569 419/474/570 417/472/568
f 417/472/568 419/474/570 416/470/566
f 418/473/569 395/450/546 420/475/571
f 420/475/571 395/450/546 394/449/545
f 392/447/543 421/476/572 394/449/545
f 394/449/545 421/476/572 420/475/571
f 421/476/572 422/477/573 420/475/571
f 420/475/571 422/477/573 423/478/574
f 419/474/570 418/473/569 423/478/574
f 423/478/574 418/473/569 420/475/571
f 422/477/573 424/479/575 423/478/574
f 423/478/574 424/479/575 425/480/576
f 424/479/575 426/481/577 425/480/576
f 425/480/576 426/481/577 427/482/578
f 428/483/579 429/620/580 427/482/578
f 427/482/578 429/620/580 425/480/576
f 429/620/580 419/474/570 425/480/576
f 425/480/576 419/474/570 423/478/574
f 419/474/570 429/620/580 416/470/566
f 430/485/581 428/483/579 431/486/582
f 431/486/582 428/483/579 427/482/578
f 426/481/577 432/487/583 427/482/578
f 427/482/578 432/487/583 431/486/582
f 432/487/583 433/488/584 431/486/582
f 431/486/582 433/488/584 434/489/585
f 435/615/586 430/485/581 434/489/585
f 434/489/585 430/485/581 431/486/582
f 433/488/584 436/491/587 434/489/585
f 434/489/585 436/491/587 437/619/588
f 436/491/587 438/493/589 437/619/588
f 437/619/588 435/615/586 434/489/585
f 428/483/579 430/485/581 439/494/590
f 439/494/590 430/485/581 440/495/591
f 430/485/581 435/615/586 440/495/591
f 400/455/551 415/613/567 408/463/559
f 441/598/592 442/497/593 443/498/594
f 443/498/594 442/497/593 444/499/595
f 445/500/596 446/612/597 444/499/595
f 444/499/595 446/612/597 443/498/594
f 442/497/593 447/502/598 444/499/595
f 444/499/595 447/502/598 448/609/599
f 447/502/598 392/447/543 448/609/599
f 448/609/599 392/447/543 391/610/542
f 448/609/599 445/500/596 444/499/595
f 449/504/600 450/505/601 451/603/602
f 451/603/602 450/505/601 452/507/603
f 450/505/601 453/508/604 452/507/603
f 450/505/601 449/504/600 454/605/605
f 454/605/605 449/504/600 455/510/606
f 456/511/607 457/512/608 455/510/606
f 455/510/606 457/512/608 454/605/605
f 453/508/604 450/505/601 458/513/609
f 458/513/609 450/505/601 454/605/605
f 459/514/610 449/504/600 460/515/611
f 460/515/611 449/504/600 451/603/602
f 460/515/611 461/601/612 462/517/613
f 463/518/614 459/514/610 462/517/613
f 462/517/613 459/514/610 460/515/611
f 461/601/612 464/600/615 462/517/613
f 462/517/613 464/600/615 465/520/616
f 464/600/615 438/493/589 465/520/616
f 465/520/616 438/493/589 436/491/587
f 433/488/584 466/521/617 436/491/587
f 436/491/587 466/521/617 465/520/616
f 466/521/617 463/518/614 465/520/616
f 465/520/616 463/518/614 462/517/613
f 466/521/617 433/488/584 467/522/618
f 467/522/618 433/488/584 432/487/583
f 426/481/577 468/523/619 432/487/583
f 432/487/583 468/523/619 467/522/618
f 468/523/619 469/524/620 467/522/618
f 467/522/618 469/524/620 470/525/621
f 463/518/614 466/521/617 470/525/621
f 470/525/621 466/521/617 467/522/618
f 469/524/620 471/526/622 470/525/621
f 470/525/621 471/526/622 472/527/623
f 471/526/622 456/511/607 472/527/623
f 472/527/623 456/511/607 455/510/606
f 449/504/600 459/514/610 455/510/606
f 455/510/606 459/514/610 472/527/623
f 459/514/610 463/518/614 472/527/623
f 472/527/623 463/518/614 470/525/621
f 469/524/620 468/523/619 473/528/624
f 473/528/624 468/523/619 474/529/625
f 468/523/619 426/481/577 474/529/625
f 474/529/625 426/481/577 424/479/575
f 422/477/573 475/530/626 424/479/575
f 424/479/575 475/530/626 474/529/625
f 475/530/626 476/531/627 474/529/625
f 474/529/625 476/531/627 473/528/624
f 475/530/626 422/477/573 477/532/628
f 477/532/628 422/477/573 421/476/572
f 392/447/543 447/502/598 421/476/572
f 421/476/572 447/502/598 477/532/628
f 447/502/598 442/497/593 477/532/628
f 477/532/628 442/497/593 478/533/629
f 476/531/627 475/530/626 478/533/629
f 478/533/629 475/530/626 477/532/628
f 442/497/593 441/598/592 478/533/629
f 478/533/629 441/598/592 479/534/630
f 441/598/592 480/597/631 479/534/630
f 479/534/630 480/597/631 481/536/632
f 482/537/633 483/538/634 481/536/632
f 481/536/632 483/538/634 479/534/630
f 483/538/634 476/531/627 479/534/630
f 479/534/630 476/531/627 478/533/629
f 483/538/634 482/537/633 484/539/635
f 484/539/635 482/537/633 485/540/636
f 456/511/607 471/526/622 485/540/636
f 485/540/636 471/526/622 484/539/635
f 471/526/622 469/524/620 484/539/635
f 484/539/635 469/524/620 473/528/624
f 476/531/627 483/538/634 473/528/624
f 473/528/624 483/538/634 484/539/635
f 486/591/637 482/537/633 487/542/638
f 487/542/638 482/537/633 481/536/632
f 480/597/631 488/596/639 481/536/632
f 481/536/632 488/596/639 487/542/638
f 488/596/639 489/595/640 487/542/638
f 487/542/638 489/595/640 490/594/641
f 490/594/641 486/591/637 487/542/638
f 457/512/608 456/511/607 491/546/642
f 491/546/642 456/511/607 485/540/636
f 482/537/633 486/591/637 485/540/636
f 485/540/636 486/591/637 491/546/642
s 16
g textureEditorIsolateSelectSet polySurface5 polySurface35
f 339/547/643 338/548/644 382/437/645 384/634/646
s 17
f 340/549/647 341/550/648 386/442/649 387/624/650
s 16
f 341/550/651 339/547/643 384/634/646 386/442/652
s 18
f 342/551/653 343/552/654 388/444/655 389/632/656
s 16
f 338/548/644 342/551/657 389/632/658 382/437/645
s off
f 345/553/659 344/554/660 391/446/661 393/630/662
s 18
f 346/555/663 345/553/664 393/630/665 397/627/666
f 343/552/654 347/556/667 405/460/668 388/444/655
f 347/556/667 346/555/663 397/627/666 405/460/668
s off
f 349/557/669 348/558/670 407/462/671 408/614/672
f 348/558/673 350/559/674 409/464/675 407/462/676
f 351/560/677 352/561/678 410/466/679 411/622/680
s 17
f 352/561/681 340/549/647 387/624/650 410/466/682
s off
f 350/559/683 351/560/684 411/622/685 409/464/686
s 20
f 353/562/687 354/563/688 415/471/689 416/621/690
s off
f 355/564/691 356/565/692 429/484/693 428/618/694
s 20
f 356/565/695 353/562/687 416/621/690 429/484/696
s 21
f 359/566/697 358/567/698 437/492/699 438/599/700
f 358/567/698 357/568/701 435/490/702 437/492/699
s off
f 360/569/703 355/564/704 428/618/705 439/617/706
f 361/570/707 360/569/708 439/617/709 440/616/710
s 21
f 357/568/701 361/570/711 440/616/712 435/490/702
s 20
f 354/563/688 349/557/713 408/614/714 415/471/689
s 22
f 363/571/715 362/572/716 441/496/717 443/611/718
s off
f 364/573/719 365/574/720 446/501/721 445/608/722
s 22
f 365/574/723 363/571/715 443/611/718 446/501/724
s off
f 344/554/725 366/575/726 448/503/727 391/446/728
f 366/575/729 364/573/730 445/608/731 448/503/732
s 23
f 368/576/733 367/577/734 451/506/735 452/607/736
s off
f 369/578/737 368/576/738 452/607/739 453/606/740
s 24
f 371/579/741 370/580/742 454/509/743 457/593/744
s off
f 372/581/745 369/578/746 453/606/747 458/604/748
f 370/580/749 372/581/750 458/604/751 454/509/752
s 23
f 367/577/734 373/582/753 460/602/754 451/506/735
s off
f 373/582/755 374/583/756 461/516/757 460/602/758
s 21
f 374/583/759 375/584/760 464/519/761 461/516/762
f 375/584/760 359/566/697 438/599/700 464/519/761
s 25
f 362/572/763 376/585/764 480/535/765 441/496/766
f 376/585/764 378/586/767 488/543/768 480/535/765
f 378/586/767 379/587/769 489/544/770 488/543/768
s off
f 379/587/771 380/588/772 490/545/773 489/544/774
f 380/588/775 377/589/776 486/541/777 490/545/778
s 24
f 381/590/779 371/579/741 457/593/744 491/592/780
f 377/589/781 381/590/779 491/592/780 486/541/782
g default
v -706.502441 116.798775 49.715118
v -650.126709 116.798775 74.572639
v -645.935059 116.798775 129.052292
v -696.395996 116.798775 156.667191
v -762.877930 116.798775 24.857594
v -819.253662 116.798775 0.000070
v -817.550537 116.798775 52.024391
v -812.448486 116.798775 103.825943
v -803.969238 116.798775 155.182907
v -746.821045 116.798775 182.496933
v -706.502441 1025.157227 49.715118
v -701.448975 1025.157227 103.191147
v -650.126709 1025.157227 74.572639
v -645.935059 1025.157227 129.052292
v -696.395996 1025.157227 156.667191
v -758.650146 1025.157227 77.552078
v -762.877930 1025.157227 24.857594
v -819.253662 1025.157227 0.000070
v -817.550537 1025.157227 52.024391
v -812.448486 1025.157349 103.825943
v -754.422119 1025.157227 130.246567
v -803.969238 1025.157349 155.182907
v -746.821045 1025.157227 182.496933
vt 0.047054 0.337081
vt 0.078656 0.437736
vt 0.109725 0.455061
vt 0.112263 0.422080
vt 0.081715 0.405363
vt 0.044028 0.453257
vt 0.013309 0.371701
vt 0.007340 0.500205
vt 0.030528 0.455015
vt 0.066082 0.473860
vt 0.046587 0.421357
vt 0.106425 0.471685
vt 0.144051 0.439781
vt 0.111366 0.352354
vt 0.077587 0.351909
vt 0.129241 0.373383
vt 0.122355 0.404997
vt 0.050978 0.371371
vt 0.024371 0.390833
vt 0.038195 0.414741
vt 0.055923 0.436366
vt 0.082479 0.447782
vt 0.114221 0.435807
vt 0.152580 0.396509
vt 0.051189 0.389726
vt 0.016592 0.406261
vt 0.011459 0.437352
vt 0.008371 0.468711
vt 0.009766 0.420343
vt 0.041468 0.485157
vt 0.075597 0.470109
vt 0.133668 0.354866
vt 0.096141 0.332144
vn 0.000000 1.000000 -0.000000
vn 0.000000 1.000000 0.000000
vn 0.000000 1.000000 -0.000000
vn 0.000000 1.000000 -0.000000
vn 0.000000 1.000000 0.000000
vn 0.000001 1.000000 0.000000
vn 0.000000 1.000000 -0.000001
vn 0.000000 1.000000 -0.000003
vn 0.000000 1.000000 -0.000002
vn 0.000002 1.000000 -0.000001
vn 0.000001 1.000000 0.000000
vn 0.000002 1.000000 -0.000000
vn 0.000001 1.000000 0.000000
vn 0.403448 0.000000 -0.915003
vn 0.403449 0.000000 -0.915002
vn 0.403449 0.000000 -0.915002
vn 0.403448 0.000000 -0.915003
vn 0.997053 0.000000 -0.076713
vn 0.997053 0.000000 -0.076713
vn 0.997053 0.000000 -0.076713
vn 0.997053 0.000000 -0.076713
vn 0.468123 0.000000 0.883663
vn 0.480068 0.000000 0.877231
vn 0.480068 0.000000 0.877231
vn 0.468123 0.000000 0.883663
vn 0.403449 0.000000 -0.915002
vn 0.403449 0.000000 -0.915002
vn -0.999465 0.000000 0.032720
vn -0.997859 0.000000 0.065404
vn -0.997859 0.000000 0.065404
vn -0.999465 0.000000 0.032720
vn 0.403448 0.000000 -0.915003
vn 0.403448 0.000000 -0.915003
vn -0.991445 0.000000 0.130528
vn -0.991445 0.000000 0.130528
vn -0.986643 0.000000 0.162899
vn -0.986643 0.000000 0.162899
vn -0.431228 0.000000 0.902243
vn -0.431228 0.000000 0.902243
vn -0.431228 0.000000 0.902243
vn -0.431228 0.000000 0.902243
vn 0.455908 0.000000 0.890027
vn 0.455908 0.000000 0.890027
s 1
g polySurface5 polySurface29
f 502/665/783 503/636/784 504/637/785
f 504/637/785 503/636/784 505/638/786
f 503/636/784 506/639/787 505/638/786
f 503/636/784 502/665/783 507/640/788
f 507/640/788 502/665/783 508/664/789
f 509/642/790 510/662/791 508/664/789
f 508/664/789 510/662/791 507/640/788
f 510/662/791 511/661/792 507/640/788
f 507/640/788 511/661/792 512/645/793
f 506/639/787 503/636/784 512/645/793
f 512/645/793 503/636/784 507/640/788
f 511/661/792 513/660/794 512/645/793
f 512/645/793 513/660/794 514/659/795
f 514/659/795 506/639/787 512/645/793
s 2
g textureEditorIsolateSelectSet polySurface5 polySurface29
f 493/648/796 492/649/797 502/635/798 504/667/799
s off
f 494/650/800 493/648/801 504/667/802 505/666/803
s 3
f 495/651/804 494/650/805 505/666/806 506/658/807
s 2
f 492/649/797 496/652/808 508/641/809 502/635/798
s 4
f 497/653/810 498/654/811 510/643/812 509/663/813
s 2
f 496/652/808 497/653/814 509/663/815 508/641/809
s 4
f 498/654/811 499/655/816 511/644/817 510/643/812
f 499/655/816 500/656/818 513/646/819 511/644/817
s off
f 500/656/820 501/657/821 514/647/822 513/646/823
s 3
f 501/657/824 495/651/804 506/658/807 514/647/825
g default
v 127.963135 116.798775 -683.169739
v 130.593750 116.798775 -736.934265
v 76.932617 116.798775 -650.519287
v 25.902222 116.798775 -617.868835
v 131.369995 116.798775 -780.156738
v 80.013184 116.798775 -788.635803
v 28.211670 116.798775 -793.737854
v -23.812866 116.798775 -795.440918
v -75.837158 116.798775 -793.737793
v -127.638672 116.798775 -788.635803
v -178.995728 116.798775 -780.156677
v -229.688110 116.798775 -768.336914
v -279.499023 116.798775 -753.226929
v -328.214844 116.798775 -734.891541
v -375.627197 116.798775 -713.409180
v -421.533203 116.798775 -688.871948
v -23.812622 116.798775 -467.624237
v -23.812622 116.798775 -397.720459
v 25.902466 116.798775 -501.134094
v 25.902466 116.798775 -562.385559
v -465.736084 116.798775 -661.384888
v -508.046387 116.798775 -631.065674
v -495.313965 116.798775 -559.752625
v -548.283447 116.798775 -598.044128
v -443.467285 116.798775 -522.741577
v -392.656494 116.798775 -487.080322
v -381.569824 116.798775 -420.793243
v -326.859375 116.798775 -276.316864
v -282.139648 116.798775 -248.575241
v -330.189697 116.798775 -331.800140
v -375.741943 116.798775 -360.983795
v -152.976196 116.798775 -223.717758
v -239.085205 116.798775 -223.717712
v -196.030640 116.798775 -198.860199
v -239.085205 116.798775 -174.002670
v -196.030640 116.798775 -149.145142
v -66.867188 116.798775 -223.717758
v -109.921631 116.798775 -198.860229
v 19.241821 116.798775 -273.432800
v 19.241821 116.798775 -323.147858
v 19.241821 116.798775 -372.862915
v -23.812622 116.798775 -248.575287
v 79.124878 1025.157227 -705.531616
v 127.963135 1025.157227 -683.169739
v 130.593750 1025.157227 -736.934265
v 76.932617 1025.157227 -650.519287
v 27.656006 1025.157227 -674.128967
v -23.812866 1025.157227 -642.726379
v 25.902222 1025.157227 -617.868835
v 27.656006 1025.157227 -724.620911
v 79.346924 1025.157227 -751.553650
v 131.369995 1025.157349 -780.156738
v 80.013184 1025.157349 -788.635803
v 28.100220 1025.157227 -766.173035
v -23.812866 1025.157227 -743.710266
v 28.211670 1025.157227 -793.737854
v -23.812866 1025.157227 -779.105652
v -23.812866 1025.157227 -795.440918
v -75.837158 1025.157349 -793.737793
v -127.638672 1025.157349 -788.635803
v -75.725708 1025.157227 -766.173035
v -126.972412 1025.157227 -751.553650
v -178.995728 1025.157227 -780.156677
v -229.688110 1025.157227 -768.336914
v -178.219238 1025.157227 -736.934265
v -126.750366 1025.157227 -705.531616
v -75.281494 1025.157227 -724.620911
v -75.281494 1025.157227 -674.128967
v -23.812866 1025.157227 -699.374939
v -175.588623 1025.157227 -683.169739
v -227.270020 1025.157227 -717.391968
v -279.499023 1025.157227 -753.226929
v -328.214844 1025.157227 -734.891541
v -276.320801 1025.157227 -697.849670
v -224.426636 1025.157227 -660.807861
v -324.069336 1025.157227 -675.163879
v -375.627197 1025.157227 -713.409180
v -421.533203 1025.157227 -688.871948
v -371.818115 1025.157104 -652.478088
v -322.103027 1025.157227 -616.084106
v -273.264893 1025.157227 -638.445984
v -272.387939 1025.157227 -579.690186
v -223.111328 1025.157227 -603.299866
v -222.672852 1025.157227 -543.296265
v -172.957764 1025.157227 -568.153748
v -123.242798 1025.157227 -593.011292
v -173.834839 1025.157227 -626.909607
v -124.558228 1025.157227 -650.519287
v -73.527710 1025.157227 -617.868835
v -73.527710 1025.157227 -562.385559
v -123.242798 1025.157227 -534.643921
v -172.957764 1025.157227 -506.902283
v -123.242798 1025.157227 -470.508362
v -73.527710 1025.157227 -501.134094
v -23.812622 1025.157227 -531.759827
v -73.527710 1025.157227 -434.114410
v -23.812622 1025.157227 -467.624237
v -23.812622 1025.157227 -397.720459
v 25.902466 1025.157227 -501.134094
v 25.902466 1025.157227 -562.385559
v -23.812622 1025.157227 -590.127197
v -352.567139 1025.157227 -517.950317
v -302.121338 1025.157227 -482.044769
v -312.477539 1025.157227 -548.820251
v -262.397095 1025.157227 -512.670532
v -362.557861 1025.157227 -584.969971
v -403.012695 1025.157227 -553.855774
v -413.673828 1025.157227 -622.469421
v -465.736084 1025.157227 -661.384888
v -508.046387 1025.157227 -631.065674
v -455.529541 1025.157227 -592.460754
v -495.313965 1025.157227 -559.752625
v -548.283447 1025.157227 -598.044128
v -443.467285 1025.157227 -522.741577
v -381.569824 1025.157227 -420.793243
v -392.656494 1025.157227 -487.080322
v -341.845703 1025.157227 -451.419037
v -282.139648 1025.157227 -248.575241
v -326.859375 1025.157227 -276.316864
v -284.637451 1025.157227 -302.616425
v -239.085205 1025.157227 -273.432770
v -196.030640 1025.157227 -298.290314
v -242.415527 1025.157227 -328.916046
v -288.800293 1025.157227 -359.541779
v -330.189697 1025.157227 -331.800140
v -335.185059 1025.157227 -390.167511
v -375.741943 1025.157227 -360.983795
v -247.411011 1025.157227 -387.283417
v -200.193481 1025.157227 -355.215637
v -152.976196 1025.157227 -323.147858
v -109.921631 1025.157227 -348.005402
v -157.971680 1025.157227 -381.515228
v -206.021606 1025.157227 -415.025085
v -115.749756 1025.157227 -407.814850
v -66.867188 1025.157104 -372.862915
v -164.632080 1025.157227 -442.766724
v -213.514648 1025.157227 -477.718597
v -254.071411 1025.157227 -448.534912
v -294.628174 1025.157104 -419.351257
v -109.921631 1025.157227 -248.575287
v -152.976196 1025.157227 -273.432800
v -152.976196 1025.157227 -223.717758
v -196.030640 1025.157227 -248.575256
v -239.085205 1025.157227 -223.717712
v -196.030640 1025.157227 -198.860199
v -239.085205 1025.157227 -174.002670
v -196.030640 1025.157227 -149.145142
v -66.867188 1025.157227 -223.717758
v -109.921631 1025.157227 -198.860229
v -23.812622 1025.157227 -298.290344
v 19.241821 1025.157227 -273.432800
v 19.241821 1025.157227 -323.147858
v 19.241821 1025.157227 -372.862915
v -23.812622 1025.157227 -348.005402
v -66.867188 1025.157227 -323.147858
v -109.921631 1025.157227 -298.290344
v -66.867188 1025.157227 -273.432800
v -23.812622 1025.157227 -248.575287
vt 0.551196 0.927317
vt 0.580762 0.913780
vt 0.084943 0.609170
vt 0.549869 0.894014
vt 0.520038 0.908307
vt 0.488880 0.889296
vt 0.518977 0.874248
vt 0.520038 0.938873
vt 0.551331 0.955178
vt 0.070040 0.618421
vt 0.053848 0.631861
vt 0.520307 0.964028
vt 0.488880 0.950430
vt 0.039887 0.647429
vt 0.488880 0.971857
vt 0.028397 0.664742
vt 0.019510 0.683504
vt 0.013381 0.703325
vt 0.457453 0.964028
vt 0.426430 0.955178
vt 0.010113 0.723827
vt 0.009766 0.744603
vt 0.395406 0.946328
vt 0.426564 0.927317
vt 0.457722 0.938873
vt 0.457722 0.908307
vt 0.488880 0.923590
vt 0.396999 0.913780
vt 0.365712 0.934497
vt 0.012350 0.765275
vt 0.017833 0.785433
vt 0.336018 0.922667
vt 0.367433 0.900242
vt 0.307112 0.908933
vt 0.026138 0.804693
vt 0.037131 0.822654
vt 0.278206 0.895200
vt 0.308303 0.873168
vt 0.337868 0.886705
vt 0.338399 0.851136
vt 0.368230 0.865428
vt 0.368495 0.829104
vt 0.398592 0.844152
vt 0.428688 0.859200
vt 0.398061 0.879721
vt 0.427891 0.894014
vt 0.458784 0.874248
vt 0.458784 0.840660
vt 0.428688 0.823866
vt 0.398592 0.807072
vt 0.428688 0.785040
vt 0.458784 0.803580
vt 0.488880 0.822120
vt 0.458784 0.763008
vt 0.221451 0.607894
vt 0.488880 0.740976
vt 0.199191 0.598632
vt 0.518977 0.840660
vt 0.488880 0.857454
vt 0.289861 0.813760
vt 0.320399 0.792024
vt 0.314130 0.832448
vt 0.344447 0.810564
vt 0.283812 0.854332
vt 0.259322 0.835496
vt 0.252868 0.877033
vt 0.050624 0.838937
vt 0.066371 0.853182
vt 0.227529 0.858867
vt 0.108306 0.875898
vt 0.084021 0.865061
vt 0.133299 0.881904
vt 0.265591 0.795072
vt 0.185155 0.880224
vt 0.296351 0.773484
vt 0.305423 0.667481
vt 0.262315 0.836524
vt 0.330983 0.683402
vt 0.358560 0.665735
vt 0.384624 0.680783
vt 0.356543 0.699323
vt 0.328463 0.717863
vt 0.303407 0.701069
vt 0.300383 0.736403
vt 0.275831 0.718736
vt 0.353519 0.734657
vt 0.382104 0.715244
vt 0.410688 0.695831
vt 0.436752 0.710879
vt 0.407664 0.731165
vt 0.378576 0.751452
vt 0.433224 0.747087
vt 0.462816 0.725928
vt 0.403632 0.768246
vt 0.374039 0.789405
vt 0.349487 0.771738
vt 0.324935 0.754070
vt 0.436752 0.650687
vt 0.410688 0.665735
vt 0.300771 0.746184
vt 0.384624 0.650687
vt 0.275018 0.821016
vt 0.384624 0.620591
vt 0.285409 0.803774
vt 0.384624 0.590494
vt 0.297330 0.706320
vt 0.436752 0.620591
vt 0.488880 0.680783
vt 0.514944 0.665735
vt 0.514944 0.695831
vt 0.259635 0.636363
vt 0.488880 0.710879
vt 0.462816 0.695831
vt 0.436752 0.680783
vt 0.462816 0.665735
vt 0.291577 0.687060
vt 0.133768 0.677907
vt 0.126339 0.680181
vt 0.142993 0.680891
vt 0.151900 0.686429
vt 0.120266 0.681971
vt 0.114835 0.687180
vt 0.111763 0.694287
vt 0.109561 0.701952
vt 0.106268 0.709977
vt 0.103817 0.718378
vt 0.102122 0.727001
vt 0.101331 0.735759
vt 0.101307 0.744539
vt 0.102192 0.753232
vt 0.103847 0.761733
vt 0.106369 0.769895
vt 0.189953 0.703894
vt 0.178678 0.698126
vt 0.171348 0.690721
vt 0.161446 0.687601
vt 0.110250 0.777313
vt 0.114917 0.784145
vt 0.121327 0.789040
vt 0.131643 0.790964
vt 0.142602 0.788905
vt 0.153291 0.786780
vt 0.164605 0.788913
vt 0.191782 0.782265
vt 0.198616 0.777041
vt 0.182458 0.783935
vt 0.174656 0.788621
vt 0.203967 0.770833
vt 0.212655 0.755670
vt 0.212177 0.748259
vt 0.209924 0.767524
vt 0.212404 0.761632
vt 0.215607 0.740655
vt 0.215377 0.732667
vt 0.211226 0.717109
vt 0.205598 0.711071
vt 0.198837 0.706056
vt 0.213680 0.724771
vt 0.283232 0.668724
vt 0.488880 0.650687
vt 0.462816 0.635639
vt 0.244930 0.622967
vt 0.514944 0.725928
vt 0.272512 0.651723
vt 0.410688 0.635639
vt 0.300426 0.726148
vt 0.293229 0.785273
vt 0.358560 0.605542
vt 0.298363 0.765951
vt 0.358560 0.635639
vt 0.332496 0.650687
vt 0.272303 0.754943
vt 0.208461 0.873153
vt 0.228134 0.863701
vt 0.246717 0.850990
vt 0.158184 0.883442
vt 0.234832 0.816660
vt 0.203445 0.839066
vt 0.171379 0.862247
vt 0.195737 0.882237
vt 0.221351 0.900592
vt 0.248110 0.917232
vt 0.152990 0.591449
vt 0.175206 0.593087
vt 0.518977 0.803580
vt 0.488880 0.783294
vt 0.275900 0.932086
vt 0.304603 0.945091
vt 0.334094 0.956191
vt 0.364248 0.965338
vt 0.394936 0.972493
vt 0.426027 0.977626
vt 0.457386 0.980715
vt 0.488880 0.981746
vt 0.520375 0.980715
vt 0.551734 0.977626
vt 0.582824 0.972493
vt 0.582354 0.946328
vt 0.128576 0.593654
vt 0.104813 0.600144
vn 0.000000 1.000000 -0.000000
vn 0.000000 1.000000 0.000000
vn -0.000000 1.000000 0.000001
vn 0.000000 1.000000 0.000000
vn 0.000000 1.000000 0.000000
vn 0.000000 1.000000 0.000000
vn 0.000000 1.000000 0.000000
vn 0.000000 1.000000 -0.000001
vn -0.000000 1.000000 0.000000
vn -0.000001 1.000000 0.000001
vn -0.000001 1.000000 0.000002
vn -0.000000 1.000000 0.000000
vn 0.000000 1.000000 -0.000001
vn -0.000001 1.000000 0.000000
vn 0.000000 1.000000 0.000000
vn 0.000001 1.000000 0.000000
vn 0.000001 1.000000 0.000005
vn -0.000000 1.000000 0.000001
vn 0.000000 1.000000 0.000002
vn -0.000000 1.000000 -0.000000
vn -0.000000 1.000000 0.000000
vn 0.000000 1.000000 -0.000000
vn 0.000000 1.000000 0.000000
vn 0.000000 1.000000 -0.000000
vn 0.000000 1.000000 -0.000001
vn 0.000000 1.000000 0.000000
vn 0.000000 1.000000 0.000000
vn 0.000000 1.000000 0.000000
vn 0.000000 1.000000 -0.000000
vn 0.000000 1.000000 -0.000001
vn 0.000000 1.000000 0.000000
vn 0.000000 1.000000 -0.000000
vn 0.000000 1.000000 0.000001
vn -0.000001 1.000000 0.000000
vn -0.000000 1.000000 0.000000
vn 0.000001 1.000000 0.000000
vn 0.000000 1.000000 0.000000
vn -0.000001 1.000000 0.000000
vn 0.000000 1.000000 0.000001
vn 0.000000 1.000000 -0.000000
vn 0.000000 1.000000 0.000000
vn 0.000000 1.000000 0.000000
vn 0.000000 1.000000 0.000000
vn 0.000000 1.000000 0.000000
vn 0.000000 1.000000 0.000000
vn 0.000000 1.000000 0.000000
vn 0.000000 1.000000 0.000000
vn 0.000000 1.000000 0.000000
vn 0.000000 1.000000 0.000000
vn 0.000000 1.000000 0.000000
vn 0.000000 1.000000 0.000000
vn 0.000000 1.000000 0.000000
vn 0.000000 1.000000 0.000000
vn -0.000000 1.000000 0.000000
vn 0.000000 1.000000 0.000000
vn -0.000001 1.000000 0.000000
vn 0.000000 1.000000 0.000000
vn 0.000000 1.000000 0.000000
vn 0.000000 1.000000 0.000000
vn 0.000000 1.000000 -0.000000
vn 0.000000 1.000000 0.000001
vn 0.000000 1.000000 -0.000000
vn 0.000000 1.000000 -0.000000
vn -0.000000 1.000000 0.000000
vn 0.000000 1.000000 -0.000000
vn 0.000001 1.000000 -0.000001
vn 0.000000 1.000000 -0.000001
vn 0.000000 1.000000 0.000000
vn 0.000000 1.000000 -0.000001
vn 0.000000 1.000000 0.000000
vn 0.000000 1.000000 0.000000
vn 0.000000 1.000000 -0.000001
vn 0.000000 1.000000 -0.000000
vn 0.000000 1.000000 0.000000
vn 0.000001 1.000000 0.000001
vn 0.000000 1.000000 0.000000
vn 0.000000 1.000000 0.000000
vn 0.000000 1.000000 0.000000
vn 0.000000 1.000000 0.000000
vn 0.000000 1.000000 -0.000000
vn 0.000000 1.000000 -0.000000
vn -0.000000 1.000000 0.000000
vn 0.000000 1.000000 -0.000001
vn 0.000001 1.000000 -0.000000
vn 0.000000 1.000000 -0.000001
vn -0.000001 1.000000 0.000001
vn 0.000000 1.000000 -0.000000
vn 0.000000 1.000000 0.000000
vn 0.000001 1.000000 -0.000001
vn 0.000000 1.000000 0.000000
vn 0.000000 1.000000 -0.000000
vn 0.000001 1.000000 -0.000000
vn -0.000000 1.000000 -0.000001
vn 0.000000 1.000000 0.000000
vn 0.000000 1.000000 -0.000000
vn -0.000001 1.000000 -0.000000
vn -0.000000 1.000000 0.000000
vn 0.000000 1.000000 0.000000
vn 0.000000 1.000000 0.000000
vn 0.000000 1.000000 0.000000
vn 0.000000 1.000000 0.000000
vn 0.000000 1.000000 0.000000
vn 0.000000 1.000000 0.000000
vn 0.000000 1.000000 0.000000
vn 0.000000 1.000000 0.000000
vn 0.000000 1.000000 0.000000
vn 0.000000 1.000000 0.000000
vn 0.000000 1.000000 0.000000
vn 0.000000 1.000000 0.000000
vn 0.000000 1.000000 0.000000
vn 0.000000 1.000000 0.000000
vn -0.000001 1.000000 0.000000
vn -0.000000 1.000000 0.000000
vn 0.000000 1.000000 0.000000
vn 0.000000 1.000000 0.000000
vn 0.000000 1.000000 0.000000
vn 0.998805 0.000000 0.048870
vn 0.999384 0.000000 0.035105
vn 0.999384 0.000000 0.035105
vn 0.998805 0.000000 0.048870
vn 0.538948 0.000000 0.842339
vn 0.538947 0.000000 0.842340
vn 0.538947 0.000000 0.842340
vn 0.538948 0.000000 0.842339
vn 0.538948 0.000000 0.842339
vn 0.538948 0.000000 0.842339
vn 0.999839 0.000000 0.017956
vn 0.999839 0.000000 0.017956
vn 0.162897 0.000000 -0.986643
vn 0.130527 0.000000 -0.991445
vn 0.130527 0.000000 -0.991445
vn 0.162897 0.000000 -0.986643
vn 0.065403 0.000000 -0.997859
vn 0.065403 0.000000 -0.997859
vn -0.000001 0.000000 -1.000000
vn -0.000001 0.000000 -1.000000
vn -0.065403 0.000000 -0.997859
vn -0.065403 0.000000 -0.997859
vn -0.130526 0.000000 -0.991445
vn -0.130526 0.000000 -0.991445
vn -0.195090 0.000000 -0.980785
vn -0.195090 0.000000 -0.980785
vn -0.258819 0.000000 -0.965926
vn -0.258819 0.000000 -0.965926
vn -0.321440 0.000000 -0.946930
vn -0.321440 0.000000 -0.946930
vn -0.382685 0.000000 -0.923879
vn -0.382685 0.000000 -0.923879
vn -0.442289 0.000000 -0.896873
vn -0.442289 0.000000 -0.896873
vn -0.499999 0.000000 -0.866026
vn -0.499999 0.000000 -0.866026
vn 1.000000 0.000000 0.000000
vn 1.000000 0.000000 0.000000
vn 1.000000 0.000000 0.000000
vn 1.000000 0.000000 0.000000
vn 0.558925 0.000000 0.829218
vn 0.558925 0.000000 0.829218
vn 0.558925 0.000000 0.829218
vn 0.558925 0.000000 0.829218
vn 1.000000 0.000000 0.000000
vn 1.000000 0.000000 -0.000002
vn 1.000000 0.000000 -0.000002
vn 1.000000 0.000000 0.000000
vn 1.000000 0.000000 -0.000004
vn 1.000000 0.000000 -0.000004
vn -0.555571 0.000000 -0.831469
vn -0.555571 0.000000 -0.831469
vn -0.608761 0.000000 -0.793354
vn -0.608761 0.000000 -0.793354
vn -0.634391 0.000000 -0.773012
vn -0.634391 0.000000 -0.773012
vn -0.585850 0.000000 0.810419
vn -0.583462 0.000000 0.812140
vn -0.583462 0.000000 0.812140
vn -0.585850 0.000000 0.810419
vn -0.577787 0.000000 0.816187
vn -0.577787 0.000000 0.816187
vn -0.986300 0.000000 0.164961
vn -0.991123 0.000000 0.132949
vn -0.991123 0.000000 0.132949
vn -0.986300 0.000000 0.164961
vn -0.574475 0.000000 0.818522
vn -0.574475 0.000000 0.818522
vn -0.527151 0.000000 0.849772
vn -0.514026 0.000000 0.857774
vn -0.514026 0.000000 0.857774
vn -0.527151 0.000000 0.849772
vn -0.998204 0.000000 0.059916
vn -0.998204 0.000000 0.059916
vn -0.998204 0.000000 0.059916
vn -0.998204 0.000000 0.059916
vn -0.539450 0.000000 0.842018
vn -0.539450 0.000000 0.842018
vn -0.539450 0.000000 0.842018
vn -0.539450 0.000000 0.842018
vn -0.995286 0.000000 0.096982
vn -0.995286 0.000000 0.096982
vn -0.500001 0.000000 0.866025
vn -0.500001 0.000000 0.866025
vn 0.500001 0.000000 0.866025
vn 0.500001 0.000000 0.866025
vn 0.500001 0.000000 0.866025
vn 0.500001 0.000000 0.866025
vn -1.000000 0.000000 0.000000
vn -1.000000 0.000000 0.000000
vn -1.000000 0.000000 0.000000
vn -1.000000 0.000000 0.000000
vn 1.000000 0.000000 0.000000
vn 1.000000 0.000000 0.000000
vn 1.000000 0.000000 0.000000
vn 1.000000 0.000000 0.000000
vn -0.499999 0.000000 0.866026
vn -0.499999 0.000000 0.866026
vn -0.499999 0.000000 0.866026
vn -0.499999 0.000000 0.866026
vn 0.500001 0.000000 0.866025
vn 0.500000 0.000000 0.866025
vn 0.500000 0.000000 0.866025
vn 0.500001 0.000000 0.866025
vn -0.499999 0.000000 0.866026
vn -0.499999 0.000000 0.866026
vn -0.499999 0.000000 0.866026
vn -0.499999 0.000000 0.866026
vn 1.000000 0.000000 0.000000
vn 1.000000 0.000000 0.000000
vn 1.000000 0.000000 0.000000
vn 1.000000 0.000000 0.000000
vn 1.000000 0.000000 0.000000
vn 1.000000 0.000000 0.000000
vn 0.500001 0.000000 -0.866025
vn 0.500001 0.000000 -0.866025
vn 0.500001 0.000000 -0.866025
vn 0.500001 0.000000 -0.866025
vn 0.500000 0.000000 0.866026
vn 0.500000 0.000000 0.866026
vn 0.500000 0.000000 0.866025
vn 0.500000 0.000000 0.866025
s 1
g polySurface5 polySurface33
f 557/668/826 558/669/827 559/865/828
f 558/669/827 557/668/826 560/671/829
f 560/671/829 557/668/826 561/672/830
f 562/673/831 563/674/832 561/672/830
f 561/672/830 563/674/832 560/671/829
f 564/675/833 557/668/826 565/676/834
f 565/676/834 557/668/826 559/865/828
f 559/865/828 566/864/835 565/676/834
f 566/864/835 567/863/836 565/676/834
f 565/676/834 567/863/836 568/679/837
f 569/680/838 564/675/833 568/679/837
f 568/679/837 564/675/833 565/676/834
f 567/863/836 570/862/839 568/679/837
f 568/679/837 570/862/839 571/682/840
f 570/862/839 572/861/841 571/682/840
f 571/682/840 572/861/841 573/860/842
f 574/859/843 575/686/844 573/860/842
f 573/860/842 575/686/844 571/682/840
f 575/686/844 569/680/838 571/682/840
f 571/682/840 569/680/838 568/679/837
f 575/686/844 574/859/843 576/687/845
f 576/687/845 574/859/843 577/858/846
f 578/857/847 579/690/848 577/858/846
f 577/858/846 579/690/848 576/687/845
f 579/690/848 580/691/849 576/687/845
f 576/687/845 580/691/849 581/692/850
f 569/680/838 575/686/844 581/692/850
f 581/692/850 575/686/844 576/687/845
f 580/691/849 582/693/851 581/692/850
f 581/692/850 582/693/851 583/694/852
f 582/693/851 562/673/831 583/694/852
f 583/694/852 562/673/831 561/672/830
f 557/668/826 564/675/833 561/672/830
f 561/672/830 564/675/833 583/694/852
f 564/675/833 569/680/838 583/694/852
f 583/694/852 569/680/838 581/692/850
f 580/691/849 579/690/848 584/695/853
f 584/695/853 579/690/848 585/696/854
f 579/690/848 578/857/847 585/696/854
f 585/696/854 578/857/847 586/856/855
f 587/855/856 588/699/857 586/856/855
f 586/856/855 588/699/857 585/696/854
f 588/699/857 589/700/858 585/696/854
f 585/696/854 589/700/858 584/695/853
f 588/699/857 587/855/856 590/701/859
f 590/701/859 587/855/856 591/854/860
f 592/849/861 593/704/862 591/854/860
f 591/854/860 593/704/862 590/701/859
f 593/704/862 594/705/863 590/701/859
f 590/701/859 594/705/863 595/706/864
f 589/700/858 588/699/857 595/706/864
f 595/706/864 588/699/857 590/701/859
f 594/705/863 596/707/865 595/706/864
f 595/706/864 596/707/865 597/708/866
f 596/707/865 598/709/867 597/708/866
f 597/708/866 598/709/867 599/710/868
f 600/711/869 601/712/870 599/710/868
f 599/710/868 601/712/870 597/708/866
f 601/712/870 589/700/858 597/708/866
f 597/708/866 589/700/858 595/706/864
f 601/712/870 600/711/869 602/713/871
f 602/713/871 600/711/869 603/714/872
f 562/673/831 582/693/851 603/714/872
f 603/714/872 582/693/851 602/713/871
f 582/693/851 580/691/849 602/713/871
f 602/713/871 580/691/849 584/695/853
f 589/700/858 601/712/870 584/695/853
f 584/695/853 601/712/870 602/713/871
f 604/715/873 600/711/869 605/716/874
f 605/716/874 600/711/869 599/710/868
f 598/709/867 606/717/875 599/710/868
f 599/710/868 606/717/875 605/716/874
f 606/717/875 607/718/876 605/716/874
f 605/716/874 607/718/876 608/719/877
f 609/720/878 604/715/873 608/719/877
f 608/719/877 604/715/873 605/716/874
f 607/718/876 610/721/879 608/719/877
f 608/719/877 610/721/879 611/853/880
f 610/721/879 612/723/881 611/853/880
f 613/852/882 609/720/878 611/853/880
f 611/853/880 609/720/878 608/719/877
f 609/720/878 613/852/882 614/725/883
f 614/725/883 563/674/832 615/726/884
f 563/674/832 562/673/831 615/726/884
f 615/726/884 562/673/831 603/714/872
f 600/711/869 604/715/873 603/714/872
f 603/714/872 604/715/873 615/726/884
f 604/715/873 609/720/878 615/726/884
f 615/726/884 609/720/878 614/725/883
f 616/727/885 617/728/886 618/729/887
f 618/729/887 617/728/886 619/730/888
f 598/709/867 596/707/865 619/730/888
f 619/730/888 596/707/865 618/729/887
f 596/707/865 594/705/863 618/729/887
f 618/729/887 594/705/863 620/731/889
f 621/732/890 616/727/885 620/731/889
f 620/731/889 616/727/885 618/729/887
f 594/705/863 593/704/862 620/731/889
f 620/731/889 593/704/862 622/733/891
f 593/704/862 592/849/861 622/733/891
f 622/733/891 592/849/861 623/848/892
f 624/847/893 625/736/894 623/848/892
f 623/848/892 625/736/894 622/733/891
f 625/736/894 621/732/890 622/733/891
f 622/733/891 621/732/890 620/731/889
f 625/736/894 624/847/893 626/845/895
f 626/845/895 624/847/893 627/846/896
f 621/732/890 625/736/894 628/844/897
f 628/844/897 625/736/894 626/845/895
f 630/740/898 629/839/899 631/742/900
f 617/728/886 616/727/885 631/742/900
f 631/742/900 616/727/885 630/740/898
f 616/727/885 621/732/890 630/740/898
f 630/740/898 621/732/890 628/844/897
f 633/743/901 632/838/902 634/745/903
f 634/745/903 632/838/902 635/746/904
f 636/747/905 637/748/906 635/746/904
f 635/746/904 637/748/906 634/745/903
f 637/748/906 638/749/907 634/745/903
f 634/745/903 638/749/907 639/750/908
f 639/750/908 633/743/901 634/745/903
f 638/749/907 640/751/909 639/750/908
f 639/750/908 640/751/909 641/752/910
f 640/751/909 629/839/899 641/752/910
f 638/749/907 637/748/906 642/753/911
f 642/753/911 637/748/906 643/754/912
f 637/748/906 636/747/905 643/754/912
f 643/754/912 636/747/905 644/755/913
f 645/756/914 646/757/915 644/755/913
f 644/755/913 646/757/915 643/754/912
f 646/757/915 647/758/916 643/754/912
f 643/754/912 647/758/916 642/753/911
f 646/757/915 645/756/914 648/759/917
f 648/759/917 645/756/914 649/760/918
f 612/723/881 610/721/879 649/760/918
f 649/760/918 610/721/879 648/759/917
f 610/721/879 607/718/876 648/759/917
f 648/759/917 607/718/876 650/761/919
f 647/758/916 646/757/915 650/761/919
f 650/761/919 646/757/915 648/759/917
f 607/718/876 606/717/875 650/761/919
f 650/761/919 606/717/875 651/762/920
f 606/717/875 598/709/867 651/762/920
f 651/762/920 598/709/867 619/730/888
f 617/728/886 652/763/921 619/730/888
f 619/730/888 652/763/921 651/762/920
f 652/763/921 647/758/916 651/762/920
f 651/762/920 647/758/916 650/761/919
f 652/763/921 617/728/886 653/764/922
f 653/764/922 617/728/886 631/742/900
f 629/839/899 640/751/909 631/742/900
f 631/742/900 640/751/909 653/764/922
f 640/751/909 638/749/907 653/764/922
f 653/764/922 638/749/907 642/753/911
f 647/758/916 652/763/921 642/753/911
f 642/753/911 652/763/921 653/764/922
f 654/765/923 655/766/924 656/832/925
f 656/832/925 655/766/924 657/768/926
f 655/766/924 636/747/905 657/768/926
f 657/768/926 636/747/905 635/746/904
f 632/838/902 658/837/927 635/746/904
f 635/746/904 658/837/927 657/768/926
f 658/837/927 659/770/928 657/768/926
f 657/768/926 659/770/928 656/832/925
f 659/770/928 658/837/927 660/835/929
f 661/772/930 659/770/928 660/835/929
f 662/828/931 654/765/923 663/774/932
f 663/774/932 654/765/923 656/832/925
f 664/775/933 665/776/934 666/777/935
f 666/777/935 667/830/936 668/779/937
f 667/830/936 612/723/881 668/779/937
f 668/779/937 612/723/881 649/760/918
f 645/756/914 669/780/938 649/760/918
f 649/760/918 669/780/938 668/779/937
f 669/780/938 664/775/933 668/779/937
f 668/779/937 664/775/933 666/777/935
f 669/780/938 645/756/914 670/781/939
f 670/781/939 645/756/914 644/755/913
f 636/747/905 655/766/924 644/755/913
f 644/755/913 655/766/924 670/781/939
f 655/766/924 654/765/923 670/781/939
f 670/781/939 654/765/923 671/782/940
f 664/775/933 669/780/938 671/782/940
f 671/782/940 669/780/938 670/781/939
f 654/765/923 662/828/931 671/782/940
f 671/782/940 662/828/931 672/827/941
f 665/776/934 664/775/933 672/827/941
f 672/827/941 664/775/933 671/782/940
s 22
g textureEditorIsolateSelectSet polySurface5 polySurface33
f 515/784/942 516/785/943 559/670/944 558/867/945
s 23
f 517/786/946 515/784/947 558/867/948 560/866/949
f 518/787/950 517/786/946 560/866/949 563/850/951
s 22
f 516/785/943 519/788/952 566/677/953 559/670/944
s 24
f 519/788/954 520/789/955 567/678/956 566/677/957
f 520/789/955 521/790/958 570/681/959 567/678/956
f 521/790/958 522/791/960 572/683/961 570/681/959
f 522/791/960 523/792/962 573/684/963 572/683/961
f 523/792/962 524/793/964 574/685/965 573/684/963
f 524/793/964 525/794/966 577/688/967 574/685/965
f 525/794/966 526/795/968 578/689/969 577/688/967
f 526/795/968 527/796/970 586/697/971 578/689/969
f 527/796/970 528/797/972 587/698/973 586/697/971
f 528/797/972 529/798/974 591/702/975 587/698/973
f 529/798/974 530/799/976 592/703/977 591/702/975
s off
f 532/800/978 531/801/979 611/722/980 612/829/981
f 531/801/982 533/802/983 613/724/984 611/722/985
s 25
f 533/802/986 534/803/987 614/851/988 613/724/989
f 534/803/987 518/787/990 563/850/991 614/851/988
s 24
f 530/799/976 535/804/992 623/734/993 592/703/977
f 535/804/992 536/805/994 624/735/995 623/734/993
f 536/805/994 538/806/996 627/738/997 624/735/995
s 26
f 538/806/998 537/807/999 626/737/1000 627/738/1001
f 537/807/999 539/808/1002 628/739/1003 626/737/1000
s 27
f 540/809/1004 541/810/1005 629/741/1006 630/843/1007
s 26
f 539/808/1002 540/809/1008 630/843/1009 628/739/1003
s 28
f 542/811/1010 543/812/1011 632/744/1012 633/842/1013
s off
f 544/813/1014 542/811/1015 633/842/1016 639/841/1017
f 545/814/1018 544/813/1019 639/841/1020 641/840/1021
s 27
f 541/810/1005 545/814/1022 641/840/1023 629/741/1006
s 28
f 543/812/1011 547/815/1024 658/769/1025 632/744/1012
s off
f 548/816/1026 546/817/1027 656/767/1028 659/836/1029
f 547/815/1030 549/818/1031 660/771/1032 658/769/1033
f 550/819/1034 548/816/1035 659/836/1036 661/834/1037
f 549/818/1038 550/819/1039 661/834/1040 660/771/1041
s 29
f 552/820/1042 551/821/1043 662/773/1044 663/833/1045
s off
f 546/817/1046 552/820/1047 663/833/1048 656/767/1049
s 30
f 553/822/1050 554/823/1051 666/831/1052 665/826/1053
f 554/823/1051 555/824/1054 667/778/1055 666/831/1052
s off
f 555/824/1056 532/800/1057 612/829/1058 667/778/1059
s 29
f 551/821/1043 556/825/1060 672/783/1061 662/773/1044
f 556/825/1060 553/822/1062 665/826/1063 672/783/1061
g default
v 673.270996 116.798775 -228.314850
v 744.524292 116.798775 -205.875397
v 729.414307 116.798775 -255.686218
v 711.078979 116.798775 -304.402191
v 605.477173 116.798775 -250.329147
v 689.596436 116.798775 -351.814636
v 665.059326 116.798775 -397.720551
v 535.895752 116.798775 -323.147980
v 545.857788 116.798775 -273.871368
v 498.202026 116.798775 -356.413544
v 507.623413 116.798775 -419.816528
v 637.572144 116.798775 -441.923370
v 607.253052 116.798775 -484.233795
v 557.438232 116.798775 -452.025116
v 744.524292 1025.157227 -205.875397
v 673.270996 1025.157227 -228.314850
v 729.414307 1025.157227 -255.686218
v 711.078979 1025.157227 -304.402191
v 658.278076 1025.157227 -277.365631
v 605.477173 1025.157227 -250.329147
v 640.141479 1025.157227 -325.114349
v 689.596436 1025.157227 -351.814636
v 665.059326 1025.157227 -397.720551
v 622.004761 1025.157227 -372.863037
v 578.950439 1025.157227 -348.005493
v 592.213745 1025.157227 -299.167328
v 535.895752 1025.157227 -323.147980
v 545.857788 1025.157227 -273.871368
v 543.286865 1025.157227 -383.911011
v 498.202026 1025.157227 -356.413544
v 507.623413 1025.157227 -419.816528
v 589.721558 1025.157227 -412.444061
v 637.572144 1025.157227 -441.923370
v 607.253052 1025.157227 -484.233795
v 557.438232 1025.157227 -452.025116
vt 0.910878 0.638422
vt 0.955176 0.568005
vt 0.942255 0.580028
vt 0.923047 0.583386
vt 0.901802 0.668116
vt 0.869837 0.651748
vt 0.890822 0.697022
vt 0.902987 0.583672
vt 0.883019 0.581600
vt 0.879843 0.725928
vt 0.853778 0.710879
vt 0.861808 0.681314
vt 0.827714 0.695831
vt 0.926740 0.494942
vt 0.832189 0.732616
vt 0.804895 0.715969
vt 0.810599 0.754352
vt 0.860299 0.749889
vt 0.864118 0.576459
vt 0.850635 0.561501
vt 0.855022 0.538091
vt 0.980112 0.524948
vt 0.988475 0.574340
vt 0.976213 0.606812
vt 0.953209 0.632042
vt 0.944923 0.490684
vt 0.922924 0.646483
vt 0.889811 0.648456
vt 0.868534 0.487828
vt 0.901844 0.481040
vt 0.840081 0.505971
vt 0.818654 0.542228
vt 0.858381 0.637794
vt 0.833130 0.615827
vt 0.816960 0.580802
vt 0.840756 0.773850
vt 0.866013 0.515994
vt 0.870912 0.793349
vt 0.889267 0.767735
vt 0.905907 0.740976
vt 0.883716 0.498671
vt 0.905199 0.497516
vt 0.946641 0.513330
vt 0.833745 0.666000
vt 0.920761 0.713185
vt 0.933766 0.684483
vt 0.950967 0.540026
vt 0.944866 0.654992
vt 0.954013 0.624837
vn 0.000000 1.000000 -0.000000
vn 0.000000 1.000000 0.000000
vn 0.000000 1.000000 0.000000
vn 0.000000 1.000000 -0.000000
vn 0.000000 1.000000 0.000001
vn 0.000000 1.000000 0.000001
vn 0.000000 1.000000 0.000000
vn 0.000000 1.000000 -0.000001
vn 0.000000 1.000000 0.000000
vn 0.000000 1.000000 0.000000
vn 0.000000 1.000000 0.000000
vn 0.000000 1.000000 0.000000
vn 0.000000 1.000000 -0.000001
vn 0.000000 1.000000 0.000000
vn 0.000000 1.000000 0.000000
vn 0.000000 1.000000 -0.000002
vn 0.000000 1.000000 0.000002
vn 0.000000 1.000000 0.000000
vn 0.000000 1.000000 0.000000
vn 0.000000 1.000000 0.000000
vn 0.000000 1.000000 0.000001
vn -0.304519 0.000000 0.952506
vn -0.300382 0.000000 0.953819
vn -0.300382 0.000000 0.953819
vn -0.304519 0.000000 0.952506
vn 0.956940 0.000000 -0.290285
vn 0.946930 0.000000 -0.321439
vn 0.946930 0.000000 -0.321439
vn 0.956940 0.000000 -0.290285
vn 0.923879 0.000000 -0.382685
vn 0.923879 0.000000 -0.382685
vn -0.336676 0.000000 0.941621
vn -0.336676 0.000000 0.941621
vn 0.896872 0.000000 -0.442290
vn 0.896872 0.000000 -0.442290
vn 0.866026 0.000000 -0.500000
vn 0.866026 0.000000 -0.500000
vn -0.980170 0.000000 0.198157
vn -0.980170 0.000000 0.198157
vn -0.980170 0.000000 0.198157
vn -0.980170 0.000000 0.198157
vn -0.367278 0.000000 0.930111
vn -0.367278 0.000000 0.930111
vn -0.661693 0.000000 0.749775
vn -0.661693 0.000000 0.749775
vn -0.661693 0.000000 0.749775
vn -0.661693 0.000000 0.749775
vn -0.989139 0.000000 -0.146981
vn -0.989139 0.000000 -0.146981
vn -0.989139 0.000000 -0.146981
vn -0.989139 0.000000 -0.146981
vn 0.831470 0.000000 -0.555570
vn 0.831470 0.000000 -0.555570
vn 0.812848 0.000000 -0.582476
vn 0.812848 0.000000 -0.582476
vn -0.542961 0.000000 -0.839758
vn -0.542960 0.000000 -0.839758
vn -0.542960 0.000000 -0.839758
vn -0.542961 0.000000 -0.839758
vn -0.542960 0.000000 -0.839759
vn -0.542960 0.000000 -0.839759
s 1
g polySurface5 polySurface27
f 688/868/1064 687/916/1065 689/915/1066
f 690/913/1067 691/872/1068 689/915/1066
f 689/915/1066 691/872/1068 688/868/1064
f 691/872/1068 692/873/1069 688/868/1064
f 691/872/1068 690/913/1067 693/874/1070
f 693/874/1070 690/913/1067 694/912/1071
f 695/907/1072 696/877/1073 694/912/1071
f 694/912/1071 696/877/1073 693/874/1070
f 696/877/1073 697/878/1074 693/874/1070
f 693/874/1070 697/878/1074 698/879/1075
f 692/873/1069 691/872/1068 698/879/1075
f 698/879/1075 691/872/1068 693/874/1070
f 697/878/1074 699/880/1076 698/879/1075
f 698/879/1075 699/880/1076 700/911/1077
f 700/911/1077 692/873/1069 698/879/1075
f 697/878/1074 701/882/1078 699/880/1076
f 699/880/1076 701/882/1078 702/883/1079
f 701/882/1078 703/884/1080 702/883/1079
f 701/882/1078 697/878/1074 704/885/1081
f 704/885/1081 697/878/1074 696/877/1073
f 695/907/1072 705/906/1082 696/877/1073
f 696/877/1073 705/906/1082 704/885/1081
f 705/906/1082 706/905/1083 704/885/1081
f 704/885/1081 706/905/1083 707/903/1084
f 703/884/1080 701/882/1078 707/903/1084
f 707/903/1084 701/882/1078 704/885/1081
s 4
g textureEditorIsolateSelectSet polySurface5 polySurface27
f 673/889/1085 674/890/1086 687/869/1087 688/914/1088
s 5
f 674/890/1089 675/891/1090 689/870/1091 687/869/1092
f 675/891/1090 676/892/1093 690/871/1094 689/870/1091
s 4
f 677/893/1095 673/889/1085 688/914/1088 692/910/1096
s 5
f 676/892/1093 678/894/1097 694/875/1098 690/871/1094
f 678/894/1097 679/895/1099 695/876/1100 694/875/1098
s off
f 680/896/1101 681/897/1102 700/881/1103 699/909/1104
s 4
f 681/897/1105 677/893/1095 692/910/1096 700/881/1106
s off
f 682/898/1107 680/896/1108 699/909/1109 702/908/1110
f 683/899/1111 682/898/1112 702/908/1113 703/904/1114
s 5
f 679/895/1099 684/900/1115 705/886/1116 695/876/1100
f 684/900/1115 685/901/1117 706/887/1118 705/886/1116
s 6
f 685/901/1119 686/902/1120 707/888/1121 706/887/1122
f 686/902/1120 683/899/1123 703/904/1124 707/888/1121
g default
v -421.533203 116.798775 688.872070
v -465.736084 116.798775 661.385010
v -458.393311 116.798775 597.611938
v -408.211914 116.798775 566.369080
v -302.121338 116.798775 482.044769
v -354.772461 116.798775 524.401123
v -375.626953 116.798775 713.409302
v -328.214600 116.798775 734.891541
v -279.498779 116.798775 753.226929
v -229.687744 116.798775 768.336914
v -178.995483 116.798775 780.156738
v -127.638428 116.798775 788.635803
v -75.836914 116.798775 793.737854
v -23.812622 116.798775 795.440918
v -196.030640 116.798775 298.290344
v -199.360962 116.798775 353.773621
v -247.410767 116.798775 387.283447
v -251.573608 116.798775 444.208801
v -152.976196 116.798775 273.432800
v -109.921631 116.798775 248.575287
v -66.867188 116.798775 223.717758
v -23.812622 116.798775 198.860229
v 28.211792 116.798775 793.737854
v 80.013428 116.798775 788.635803
v 131.370239 116.798775 780.156738
v 182.062622 116.798775 768.336914
v 231.873535 116.798775 753.226929
v 280.589478 116.798775 734.891541
v 328.001953 116.798775 713.409241
v 373.907959 116.798775 688.872009
v 367.247314 116.798775 627.620544
v 360.586670 116.798775 566.369080
v 353.926270 116.798775 505.117615
v 347.265625 116.798775 443.866089
v 340.604980 116.798775 382.614594
v 289.224854 116.798775 343.336548
v 277.568848 116.798775 223.717712
v 283.396851 116.798775 283.527130
v 19.241821 116.798775 223.717758
v 62.296387 116.798775 198.860229
v 148.405396 116.798775 198.860199
v 105.350708 116.798775 223.717758
v 191.459839 116.798775 174.002670
v 234.514404 116.798775 149.145126
v 277.568848 116.798775 174.002655
v -421.533203 1025.157227 688.872070
v -414.872559 1025.157227 627.620544
v -465.736084 1025.157227 661.385010
v -458.393311 1025.157227 597.611938
v -408.211914 1025.157227 566.369080
v -307.993652 1025.157227 543.684692
v -302.121338 1025.157227 482.044769
v -354.772461 1025.157227 524.401123
v -361.038818 1025.157227 585.846863
v -313.865723 1025.157227 605.324585
v -367.956299 1025.157227 648.864319
v -375.626953 1025.157227 713.409302
v -328.214600 1025.157227 734.891541
v -321.040283 1025.157227 670.108093
v -272.822021 1025.157227 688.208374
v -279.498779 1025.157227 753.226929
v -229.687744 1025.157227 768.336914
v -224.603760 1025.157104 706.308533
v -219.519897 1025.157227 644.280151
v -266.692871 1025.157227 624.802368
v -214.435669 1025.157227 582.251770
v -261.214722 1025.157104 562.968262
v -209.351807 1025.157227 520.223389
v -255.736450 1025.157227 501.134094
v -170.593018 1025.157104 657.212830
v -174.628174 1025.157227 717.849609
v -178.995483 1025.157227 780.156738
v -127.638428 1025.157227 788.635803
v -124.652222 1025.157227 729.390686
v -121.666260 1025.157227 670.145447
v -74.232422 1025.157227 737.558228
v -75.836914 1025.157227 793.737854
v -23.812622 1025.157227 795.440918
v -23.812622 1025.157227 745.725830
v -23.812622 1025.157227 696.010803
v -72.739502 1025.157227 683.078125
v -23.812622 1025.157227 646.295715
v -71.468384 1025.157227 630.284790
v -23.812622 1025.157227 596.580688
v -70.197388 1025.157227 577.491394
v -116.582153 1025.157227 558.402039
v -119.124146 1025.157227 614.273743
v -166.779907 1025.157227 598.262756
v -162.967041 1025.157227 539.312744
v -114.916992 1025.157227 505.802887
v -69.364868 1025.157227 526.334290
v -23.812622 1025.157227 546.865601
v -23.812622 1025.157227 497.150574
v -68.532349 1025.157227 475.177155
v -113.251953 1025.157227 453.203735
v -23.812622 1025.157104 447.435516
v -67.699829 1025.157227 424.020020
v -23.812622 1025.157227 397.720459
v -66.867065 1025.157227 372.862915
v -109.921631 1025.157227 348.005402
v -111.586670 1025.157227 400.604553
v -155.473877 1025.157227 377.189087
v -152.976196 1025.157227 323.147858
v -196.030640 1025.157227 298.290344
v -199.360962 1025.157227 353.773621
v -202.691162 1025.157227 409.256866
v -157.971680 1025.157227 431.230286
v -206.021484 1025.157227 464.740143
v -160.469238 1025.157104 485.271484
v -247.410767 1025.157227 387.283447
v -251.573608 1025.157227 444.208801
v -152.976196 1025.157227 273.432800
v -109.921631 1025.157227 298.290344
v -109.921631 1025.157227 248.575287
v -66.867065 1025.157227 323.147858
v -23.812622 1025.157227 348.005402
v -23.812622 1025.157227 298.290344
v -66.867188 1025.157227 273.432800
v -23.812622 1025.157227 248.575287
v -66.867188 1025.157227 223.717758
v -23.812622 1025.157227 198.860229
v 110.346313 1025.157227 431.230286
v 155.066040 1025.157227 409.256866
v 107.848511 1025.157227 377.189087
v 151.735718 1025.157227 353.773621
v 148.405396 1025.157104 298.290314
v 105.350952 1025.157227 323.147858
v 62.296387 1025.157227 348.005402
v 63.961426 1025.157227 400.604553
v 65.626709 1025.157227 453.203735
v 19.241943 1025.157227 372.862915
v 20.074463 1025.157227 424.020020
v 20.906982 1025.157227 475.177155
v 21.739502 1025.157227 526.334290
v 22.572144 1025.157227 577.491394
v 68.957031 1025.157227 558.402039
v 67.291748 1025.157227 505.802887
v 115.341797 1025.157227 539.312744
v 112.843994 1025.157227 485.271484
v 161.726440 1025.157227 520.223389
v 158.396240 1025.157227 464.740143
v 71.498901 1025.157227 614.273743
v 23.843140 1025.157227 630.284790
v 25.114136 1025.157227 683.078125
v 74.041016 1025.157227 670.145447
v 26.607300 1025.157227 737.558228
v 28.211792 1025.157227 793.737854
v 80.013428 1025.157227 788.635803
v 77.027222 1025.157227 729.390686
v 131.370239 1025.157227 780.156738
v 127.002808 1025.157227 717.849609
v 182.062622 1025.157227 768.336914
v 176.978638 1025.157227 706.308533
v 171.894531 1025.157227 644.280151
v 122.967773 1025.157227 657.212830
v 119.154663 1025.157227 598.262756
v 166.810547 1025.157227 582.251770
v 219.067627 1025.157227 624.802368
v 225.196899 1025.157227 688.208374
v 231.873535 1025.157227 753.226929
v 280.589478 1025.157227 734.891541
v 273.415039 1025.157227 670.108093
v 266.240601 1025.157227 605.324585
v 328.001953 1025.157227 713.409241
v 320.331177 1025.157227 648.864319
v 373.907959 1025.157227 688.872009
v 367.247314 1025.157227 627.620544
v 360.586670 1025.157227 566.369080
v 313.413696 1025.157227 585.846863
v 307.147339 1025.157104 524.401123
v 353.926270 1025.157349 505.117615
v 347.265625 1025.157349 443.866089
v 300.880859 1025.157227 462.955444
v 254.496094 1025.157227 482.044769
v 260.368286 1025.157104 543.684692
v 208.111328 1025.157227 501.134094
v 213.589478 1025.157227 562.968262
v 249.500610 1025.157227 423.677399
v 295.052856 1025.157227 403.146027
v 340.604980 1025.157227 382.614594
v 289.224854 1025.157227 343.336548
v 244.505127 1025.157227 365.309998
v 277.568848 1025.157227 223.717712
v 234.514404 1025.157227 248.575241
v 283.396851 1025.157227 283.527130
v 239.509766 1025.157227 306.942596
v 191.459839 1025.157227 273.432770
v 195.622681 1025.157227 330.358093
v 199.785645 1025.157227 387.283447
v 203.948486 1025.157104 444.208740
v 19.241821 1025.157227 223.717758
v 19.241821 1025.157227 273.432800
v 62.296387 1025.157227 248.575287
v 62.296387 1025.157227 198.860229
v 19.241943 1025.157227 323.147858
v 62.296387 1025.157227 298.290344
v 105.350952 1025.157227 273.432800
v 148.405396 1025.157104 248.575256
v 148.405396 1025.157227 198.860199
v 105.350708 1025.157227 223.717758
v 191.459839 1025.157227 174.002670
v 191.459839 1025.157227 223.717712
v 234.514404 1025.157227 198.860184
v 234.514404 1025.157227 149.145126
v 277.568848 1025.157227 174.002655
vt 0.251661 0.606618
vt 0.252142 0.120259
vt 0.221351 0.099819
vt 0.225796 0.138426
vt 0.256174 0.157339
vt 0.316844 0.171072
vt 0.320399 0.208387
vt 0.288525 0.182746
vt 0.284732 0.145548
vt 0.313289 0.133756
vt 0.280544 0.107399
vt 0.270144 0.615931
vt 0.289661 0.622750
vt 0.308946 0.094538
vt 0.338136 0.083581
vt 0.309885 0.626988
vt 0.330483 0.628591
vt 0.367326 0.072623
vt 0.370404 0.110174
vt 0.341847 0.121965
vt 0.373482 0.147724
vt 0.345163 0.159398
vt 0.376559 0.185275
vt 0.348479 0.196831
vt 0.400023 0.102345
vt 0.397580 0.065637
vt 0.351115 0.627477
vt 0.371431 0.623677
vt 0.427834 0.058650
vt 0.429642 0.094516
vt 0.458357 0.053705
vt 0.391087 0.617265
vt 0.409745 0.608351
vt 0.488880 0.048761
vt 0.488880 0.078857
vt 0.459261 0.086686
vt 0.488880 0.108954
vt 0.460031 0.118646
vt 0.488880 0.139050
vt 0.460800 0.150606
vt 0.432720 0.162162
vt 0.431181 0.128339
vt 0.402331 0.138032
vt 0.404640 0.173718
vt 0.433728 0.194005
vt 0.461304 0.181575
vt 0.488880 0.169146
vt 0.488880 0.199242
vt 0.461808 0.212545
vt 0.434736 0.225847
vt 0.488880 0.229339
vt 0.462312 0.243514
vt 0.488880 0.259435
vt 0.462816 0.274483
vt 0.436752 0.289531
vt 0.435744 0.257689
vt 0.409176 0.271864
vt 0.410688 0.304579
vt 0.384624 0.319628
vt 0.184166 0.438225
vt 0.380592 0.252451
vt 0.407664 0.239149
vt 0.378576 0.218863
vt 0.406152 0.206434
vt 0.179733 0.460938
vt 0.350999 0.231292
vt 0.410688 0.334676
vt 0.436752 0.319628
vt 0.436752 0.349724
vt 0.462816 0.304579
vt 0.488880 0.289531
vt 0.488880 0.319628
vt 0.462816 0.334676
vt 0.488880 0.349724
vt 0.223371 0.369204
vt 0.488880 0.379820
vt 0.570097 0.239149
vt 0.597169 0.252451
vt 0.568585 0.271864
vt 0.595153 0.286039
vt 0.593137 0.319628
vt 0.567073 0.304579
vt 0.541009 0.289531
vt 0.542017 0.257689
vt 0.543025 0.225847
vt 0.514945 0.274483
vt 0.515449 0.243514
vt 0.515953 0.212545
vt 0.516457 0.181575
vt 0.516961 0.150606
vt 0.545041 0.162162
vt 0.544033 0.194005
vt 0.573121 0.173718
vt 0.571609 0.206434
vt 0.601201 0.185275
vt 0.599185 0.218863
vt 0.546580 0.128339
vt 0.517730 0.118646
vt 0.518500 0.086686
vt 0.548119 0.094516
vt 0.519403 0.053705
vt 0.427089 0.597095
vt 0.442815 0.583682
vt 0.549926 0.058650
vt 0.456647 0.568342
vt 0.580181 0.065637
vt 0.468328 0.551330
vt 0.610435 0.072623
vt 0.607357 0.110174
vt 0.577738 0.102345
vt 0.575429 0.138032
vt 0.604279 0.147724
vt 0.635914 0.121965
vt 0.639625 0.083581
vt 0.477668 0.532953
vt 0.484493 0.513522
vt 0.668815 0.094538
vt 0.664472 0.133756
vt 0.488688 0.493376
vt 0.697217 0.107399
vt 0.490152 0.472861
vt 0.487872 0.448647
vt 0.481879 0.425104
vt 0.693029 0.145548
vt 0.689235 0.182746
vt 0.472336 0.402789
vt 0.459495 0.382231
vt 0.685442 0.219943
vt 0.657362 0.208387
vt 0.660917 0.171072
vt 0.629281 0.196831
vt 0.632598 0.159398
vt 0.654338 0.243721
vt 0.681914 0.256151
vt 0.443636 0.363954
vt 0.424136 0.347795
vt 0.651313 0.279056
vt 0.382303 0.327155
vt 0.645265 0.349724
vt 0.674858 0.328565
vt 0.648289 0.314390
vt 0.619201 0.334676
vt 0.621721 0.300215
vt 0.624241 0.265753
vt 0.626761 0.231292
vt 0.514945 0.364772
vt 0.514945 0.334676
vt 0.541009 0.349724
vt 0.541009 0.379820
vt 0.514945 0.304579
vt 0.541009 0.319628
vt 0.567073 0.334676
vt 0.593137 0.349724
vt 0.593137 0.379820
vt 0.287858 0.328245
vt 0.619201 0.394868
vt 0.619201 0.364772
vt 0.645265 0.379820
vt 0.645265 0.409917
vt 0.363614 0.322520
vt 0.285387 0.526538
vt 0.292023 0.531085
vt 0.279667 0.518871
vt 0.276487 0.511023
vt 0.274046 0.490409
vt 0.275373 0.500644
vt 0.299873 0.533608
vt 0.308012 0.535359
vt 0.317143 0.537077
vt 0.326479 0.538002
vt 0.335301 0.536421
vt 0.344000 0.534022
vt 0.352573 0.530789
vt 0.360792 0.526805
vt 0.279089 0.453768
vt 0.276922 0.462629
vt 0.273851 0.471440
vt 0.273407 0.480501
vt 0.282793 0.446425
vt 0.287743 0.439646
vt 0.300614 0.428742
vt 0.293737 0.433702
vt 0.368707 0.521965
vt 0.376182 0.516413
vt 0.382956 0.510381
vt 0.389154 0.503738
vt 0.393173 0.496288
vt 0.396421 0.488520
vt 0.398825 0.480934
vt 0.400567 0.473669
vt 0.398649 0.465030
vt 0.394570 0.456555
vt 0.389484 0.448536
vt 0.384397 0.440516
vt 0.377186 0.433911
vt 0.367368 0.429176
vt 0.362745 0.420841
vt 0.357352 0.413334
vt 0.308567 0.425318
vt 0.316172 0.421338
vt 0.330749 0.412387
vt 0.324612 0.419041
vt 0.336721 0.405687
vt 0.345438 0.404791
vt 0.351792 0.408226
vt 0.344547 0.320140
vt 0.671329 0.394868
vt 0.671329 0.364772
vt 0.325353 0.320407
vt 0.306381 0.323231
vt 0.567073 0.364772
vt 0.270037 0.335452
vt 0.253189 0.344769
vt 0.237552 0.356068
vt 0.403986 0.335815
vt 0.678386 0.292358
vt 0.709490 0.268580
vt 0.713522 0.231500
vt 0.717554 0.194419
vt 0.721586 0.157339
vt 0.725619 0.120259
vt 0.729651 0.083179
vt 0.701860 0.068325
vt 0.673158 0.055320
vt 0.643667 0.044220
vt 0.613512 0.035073
vt 0.582824 0.027917
vt 0.551734 0.022784
vt 0.520375 0.019696
vt 0.488880 0.018665
vt 0.210833 0.383973
vt 0.462816 0.364772
vt 0.200111 0.400171
vt 0.191362 0.417583
vt 0.353519 0.265753
vt 0.178713 0.483552
vt 0.181471 0.508536
vt 0.382608 0.286039
vt 0.457386 0.019696
vt 0.426027 0.022784
vt 0.394937 0.027917
vt 0.364248 0.035073
vt 0.334094 0.044220
vt 0.304603 0.055320
vt 0.275900 0.068325
vt 0.248110 0.083179
vt 0.201536 0.558591
vt 0.189105 0.534422
vt 0.215846 0.577400
vt 0.234531 0.594935
vn 0.000000 1.000000 -0.000000
vn 0.000000 1.000000 0.000000
vn 0.000000 1.000000 0.000000
vn 0.000000 1.000000 0.000000
vn 0.000000 1.000000 -0.000000
vn 0.000001 1.000000 0.000000
vn 0.000000 1.000000 0.000001
vn 0.000000 1.000000 -0.000001
vn 0.000000 1.000000 -0.000000
vn 0.000000 1.000000 0.000000
vn 0.000000 1.000000 -0.000000
vn 0.000000 1.000000 -0.000000
vn 0.000000 1.000000 0.000000
vn 0.000000 1.000000 -0.000000
vn 0.000001 1.000000 -0.000000
vn 0.000001 1.000000 0.000000
vn -0.000000 1.000000 -0.000001
vn 0.000000 1.000000 0.000000
vn 0.000001 1.000000 0.000001
vn -0.000000 1.000000 0.000000
vn -0.000001 1.000000 -0.000000
vn -0.000000 1.000000 -0.000000
vn -0.000000 1.000000 -0.000000
vn 0.000000 1.000000 0.000000
vn -0.000000 1.000000 0.000000
vn -0.000001 1.000000 -0.000001
vn 0.000000 1.000000 -0.000002
vn 0.000000 1.000000 -0.000001
vn 0.000000 1.000000 -0.000000
vn -0.000001 1.000000 0.000001
vn 0.000000 1.000000 0.000000
vn 0.000000 1.000000 0.000001
vn 0.000000 1.000000 0.000000
vn 0.000000 1.000000 0.000000
vn 0.000000 1.000000 0.000000
vn 0.000000 1.000000 -0.000000
vn 0.000000 1.000000 -0.000000
vn 0.000000 1.000000 -0.000000
vn 0.000000 1.000000 -0.000000
vn 0.000000 1.000000 -0.000000
vn 0.000000 1.000000 -0.000000
vn -0.000000 1.000000 -0.000000
vn 0.000000 1.000000 0.000000
vn -0.000000 1.000000 -0.000000
vn -0.000001 1.000000 -0.000000
vn 0.000000 1.000000 -0.000000
vn 0.000000 1.000000 0.000001
vn 0.000000 1.000000 -0.000000
vn 0.000001 1.000000 0.000000
vn -0.000001 1.000000 0.000000
vn -0.000000 1.000000 0.000001
vn 0.000001 1.000000 0.000000
vn 0.000000 1.000000 -0.000000
vn 0.000000 1.000000 -0.000000
vn 0.000000 1.000000 -0.000000
vn 0.000000 1.000000 0.000000
vn 0.000000 1.000000 -0.000000
vn 0.000000 1.000000 0.000000
vn 0.000000 1.000000 0.000002
vn 0.000000 1.000000 0.000001
vn 0.000000 1.000000 0.000000
vn 0.000000 1.000000 0.000001
vn 0.000001 1.000000 0.000000
vn 0.000000 1.000000 0.000001
vn 0.000000 1.000000 0.000000
vn 0.000000 1.000000 -0.000001
vn 0.000000 1.000000 0.000000
vn 0.000000 1.000000 0.000000
vn 0.000000 1.000000 0.000000
vn 0.000000 1.000000 -0.000000
vn 0.000000 1.000000 0.000000
vn 0.000000 1.000000 0.000000
vn 0.000000 1.000000 0.000000
vn 0.000000 1.000000 0.000000
vn 0.000000 1.000000 0.000000
vn 0.000000 1.000000 0.000000
vn 0.000000 1.000000 0.000000
vn 0.000001 1.000000 0.000000
vn 0.000000 1.000000 -0.000000
vn 0.000000 1.000000 -0.000000
vn 0.000000 1.000000 0.000000
vn 0.000001 1.000000 -0.000000
vn 0.000000 1.000000 0.000000
vn 0.000000 1.000000 -0.000000
vn 0.000000 1.000000 0.000001
vn 0.000000 1.000000 -0.000001
vn -0.000001 1.000000 -0.000000
vn -0.000001 1.000000 0.000000
vn 0.000000 1.000000 -0.000001
vn 0.000000 1.000000 -0.000000
vn 0.000000 1.000000 -0.000000
vn 0.000000 1.000000 -0.000000
vn 0.000000 1.000000 -0.000000
vn 0.000000 1.000000 0.000000
vn 0.000000 1.000000 0.000000
vn 0.000001 1.000000 -0.000000
vn 0.000000 1.000000 -0.000000
vn 0.000000 1.000000 -0.000000
vn 0.000000 1.000000 0.000000
vn 0.000000 1.000000 0.000000
vn 0.000000 1.000000 0.000000
vn 0.000000 1.000000 0.000001
vn 0.000000 1.000000 0.000001
vn 0.000000 1.000000 0.000000
vn 0.000000 1.000000 -0.000001
vn 0.000000 1.000000 0.000000
vn 0.000000 1.000000 0.000000
vn 0.000000 1.000000 0.000001
vn 0.000000 1.000000 -0.000000
vn 0.000000 1.000000 0.000000
vn 0.000000 1.000000 -0.000000
vn 0.000000 1.000000 -0.000000
vn 0.000000 1.000000 -0.000000
vn 0.000000 1.000000 -0.000001
vn 0.000000 1.000000 0.000001
vn 0.000000 1.000000 -0.000000
vn 0.000000 1.000000 0.000000
vn 0.000000 1.000000 0.000001
vn 0.000000 1.000000 -0.000000
vn 0.000000 1.000000 0.000000
vn 0.000000 1.000000 -0.000001
vn 0.000000 1.000000 0.000000
vn -0.000001 1.000000 -0.000000
vn -0.000000 1.000000 -0.000000
vn -0.000002 1.000000 -0.000001
vn -0.000004 1.000000 -0.000000
vn -0.000002 1.000000 -0.000000
vn -0.000001 1.000000 0.000000
vn -0.000000 1.000000 0.000000
vn 0.000001 1.000000 -0.000000
vn 0.000001 1.000000 0.000000
vn 0.000001 1.000000 0.000000
vn -0.000001 1.000000 0.000000
vn -0.000000 1.000000 -0.000000
vn -0.000000 1.000000 -0.000001
vn 0.000000 1.000000 -0.000001
vn 0.000000 1.000000 0.000000
vn 0.000000 1.000000 0.000001
vn 0.000000 1.000000 -0.000000
vn 0.000000 1.000000 -0.000001
vn 0.000000 1.000000 -0.000000
vn -0.000001 1.000000 0.000000
vn -0.000001 1.000000 0.000000
vn -0.000000 1.000000 0.000000
vn -0.000000 1.000000 -0.000000
vn 0.000000 1.000000 0.000000
vn 0.000000 1.000000 0.000000
vn 0.000000 1.000000 0.000000
vn 0.000000 1.000000 0.000000
vn 0.000000 1.000000 0.000000
vn 0.000000 1.000000 0.000000
vn 0.000001 1.000000 0.000000
vn -0.000000 1.000000 0.000000
vn 0.000000 1.000000 0.000000
vn 0.000001 1.000000 0.000000
vn 0.000000 1.000000 0.000000
vn -0.000001 1.000000 0.000000
vn 0.000000 1.000000 0.000000
vn 0.000000 1.000000 0.000000
vn 0.000000 1.000000 0.000000
vn -0.528066 0.000000 0.849203
vn -0.499998 0.000000 0.866027
vn -0.499998 0.000000 0.866027
vn -0.528066 0.000000 0.849203
vn -0.993437 0.000000 -0.114383
vn -0.993437 0.000000 -0.114383
vn -0.993437 0.000000 -0.114383
vn -0.993437 0.000000 -0.114383
vn -0.577034 0.000000 -0.816720
vn -0.528532 0.000000 -0.848913
vn -0.528532 0.000000 -0.848913
vn -0.577034 0.000000 -0.816720
vn -0.613590 0.000000 -0.789624
vn -0.622226 0.000000 -0.782838
vn -0.622226 0.000000 -0.782838
vn -0.613590 0.000000 -0.789624
vn -0.442287 0.000000 0.896873
vn -0.442287 0.000000 0.896873
vn -0.382684 0.000000 0.923879
vn -0.382684 0.000000 0.923879
vn -0.321439 0.000000 0.946930
vn -0.321439 0.000000 0.946930
vn -0.258819 0.000000 0.965926
vn -0.258819 0.000000 0.965926
vn -0.195091 0.000000 0.980785
vn -0.195091 0.000000 0.980785
vn -0.130526 0.000000 0.991445
vn -0.130526 0.000000 0.991445
vn -0.065403 0.000000 0.997859
vn -0.065403 0.000000 0.997859
vn 0.000000 0.000000 1.000000
vn 0.000000 0.000000 1.000000
vn -0.998204 0.000000 -0.059916
vn -0.998204 0.000000 -0.059916
vn -0.998204 0.000000 -0.059916
vn -0.998204 0.000000 -0.059916
vn -0.572029 0.000000 -0.820233
vn -0.572029 0.000000 -0.820233
vn -0.572029 0.000000 -0.820233
vn -0.572029 0.000000 -0.820233
vn -0.599241 0.000000 -0.800569
vn -0.599241 0.000000 -0.800569
vn -0.997337 0.000000 -0.072933
vn -0.997337 0.000000 -0.072933
vn -0.997337 0.000000 -0.072933
vn -0.997337 0.000000 -0.072933
vn -0.500000 0.000000 -0.866025
vn -0.500001 0.000000 -0.866025
vn -0.500001 0.000000 -0.866025
vn -0.500000 0.000000 -0.866025
vn -0.500000 0.000000 -0.866026
vn -0.500000 0.000000 -0.866026
vn -0.499999 0.000000 -0.866026
vn -0.500000 0.000000 -0.866025
vn -0.500000 0.000000 -0.866025
vn -0.499999 0.000000 -0.866026
vn 0.065403 0.000000 0.997859
vn 0.065403 0.000000 0.997859
vn 0.130526 0.000000 0.991445
vn 0.130526 0.000000 0.991445
vn 0.195091 0.000000 0.980785
vn 0.195091 0.000000 0.980785
vn 0.258819 0.000000 0.965926
vn 0.258819 0.000000 0.965926
vn 0.321439 0.000000 0.946930
vn 0.321439 0.000000 0.946930
vn 0.382684 0.000000 0.923880
vn 0.382684 0.000000 0.923880
vn 0.442288 0.000000 0.896873
vn 0.442288 0.000000 0.896873
vn 0.471397 0.000000 0.881921
vn 0.471397 0.000000 0.881921
vn 0.994139 0.000000 -0.108105
vn 0.994140 0.000000 -0.108105
vn 0.994140 0.000000 -0.108105
vn 0.994139 0.000000 -0.108105
vn 0.994140 0.000000 -0.108103
vn 0.994140 0.000000 -0.108103
vn 0.994140 0.000000 -0.108103
vn 0.994140 0.000000 -0.108103
vn 0.994139 0.000000 -0.108105
vn 0.994140 0.000000 -0.108105
vn 0.994139 0.000000 -0.108105
vn 0.994140 0.000000 -0.108105
vn 0.607327 0.000000 -0.794452
vn 0.607327 0.000000 -0.794452
vn 0.607327 0.000000 -0.794452
vn 0.607327 0.000000 -0.794452
vn 0.995286 0.000000 -0.096984
vn 0.998587 0.000000 -0.053137
vn 0.998587 0.000000 -0.053137
vn 0.995286 0.000000 -0.096984
vn 0.995286 0.000000 -0.096984
vn 0.995286 0.000000 -0.096984
vn 0.500001 0.000000 -0.866025
vn 0.500001 0.000000 -0.866025
vn 0.500001 0.000000 -0.866025
vn 0.500001 0.000000 -0.866025
vn -0.499999 0.000000 -0.866026
vn -0.499999 0.000000 -0.866026
vn -0.499999 0.000000 -0.866026
vn -0.499999 0.000000 -0.866026
vn -0.500000 0.000000 -0.866026
vn -0.499999 0.000000 -0.866026
vn -0.499999 0.000000 -0.866026
vn -0.500000 0.000000 -0.866026
vn 0.500002 0.000000 -0.866024
vn 0.500002 0.000000 -0.866024
vn 0.500002 0.000000 -0.866024
vn 0.500002 0.000000 -0.866024
vn -0.500000 0.000000 -0.866025
vn -0.500000 0.000000 -0.866025
vn -0.500000 0.000000 -0.866026
vn -0.500000 0.000000 -0.866026
vn 1.000000 0.000000 0.000000
vn 1.000000 0.000000 0.000000
vn 0.500001 0.000000 -0.866025
vn 0.500001 0.000000 -0.866025
vn 0.500001 0.000000 -0.866025
vn 0.500001 0.000000 -0.866025
s 1
g polySurface5 polySurface30
f 753/1162/1125 754/918/1126 755/919/1127
f 755/919/1127 754/918/1126 756/920/1128
f 754/918/1126 757/921/1129 756/920/1128
f 758/922/1130 759/923/1131 760/924/1132
f 760/924/1132 757/921/1129 761/925/1133
f 762/926/1134 758/922/1130 761/925/1133
f 761/925/1133 758/922/1130 760/924/1132
f 757/921/1129 754/918/1126 761/925/1133
f 761/925/1133 754/918/1126 763/927/1135
f 754/918/1126 753/1162/1125 763/927/1135
f 763/927/1135 753/1162/1125 764/1161/1136
f 765/1160/1137 766/930/1138 764/1161/1136
f 764/1161/1136 766/930/1138 763/927/1135
f 766/930/1138 762/926/1134 763/927/1135
f 763/927/1135 762/926/1134 761/925/1133
f 766/930/1138 765/1160/1137 767/931/1139
f 767/931/1139 765/1160/1137 768/1159/1140
f 769/1158/1141 770/934/1142 768/1159/1140
f 768/1159/1140 770/934/1142 767/931/1139
f 770/934/1142 771/935/1143 767/931/1139
f 767/931/1139 771/935/1143 772/936/1144
f 762/926/1134 766/930/1138 772/936/1144
f 772/936/1144 766/930/1138 767/931/1139
f 771/935/1143 773/937/1145 772/936/1144
f 772/936/1144 773/937/1145 774/938/1146
f 773/937/1145 775/939/1147 774/938/1146
f 774/938/1146 775/939/1147 776/940/1148
f 759/923/1131 758/922/1130 776/940/1148
f 776/940/1148 758/922/1130 774/938/1146
f 758/922/1130 762/926/1134 774/938/1146
f 774/938/1146 762/926/1134 772/936/1144
f 771/935/1143 770/934/1142 777/941/1149
f 777/941/1149 770/934/1142 778/942/1150
f 770/934/1142 769/1158/1141 778/942/1150
f 778/942/1150 769/1158/1141 779/1157/1151
f 780/1156/1152 781/945/1153 779/1157/1151
f 779/1157/1151 781/945/1153 778/942/1150
f 781/945/1153 782/946/1154 778/942/1150
f 778/942/1150 782/946/1154 777/941/1149
f 781/945/1153 780/1156/1152 783/947/1155
f 783/947/1155 780/1156/1152 784/1155/1156
f 785/1146/1157 786/950/1158 784/1155/1156
f 784/1155/1156 786/950/1158 783/947/1155
f 786/950/1158 787/951/1159 783/947/1155
f 783/947/1155 787/951/1159 788/952/1160
f 782/946/1154 781/945/1153 788/952/1160
f 788/952/1160 781/945/1153 783/947/1155
f 787/951/1159 789/953/1161 788/952/1160
f 788/952/1160 789/953/1161 790/954/1162
f 789/953/1161 791/955/1163 790/954/1162
f 790/954/1162 791/955/1163 792/956/1164
f 793/957/1165 794/958/1166 792/956/1164
f 792/956/1164 794/958/1166 790/954/1162
f 794/958/1166 782/946/1154 790/954/1162
f 790/954/1162 782/946/1154 788/952/1160
f 794/958/1166 793/957/1165 795/959/1167
f 795/959/1167 793/957/1165 796/960/1168
f 775/939/1147 773/937/1145 796/960/1168
f 796/960/1168 773/937/1145 795/959/1167
f 773/937/1145 771/935/1143 795/959/1167
f 795/959/1167 771/935/1143 777/941/1149
f 782/946/1154 794/958/1166 777/941/1149
f 777/941/1149 794/958/1166 795/959/1167
f 797/961/1169 793/957/1165 798/962/1170
f 798/962/1170 793/957/1165 792/956/1164
f 791/955/1163 799/963/1171 792/956/1164
f 792/956/1164 799/963/1171 798/962/1170
f 799/963/1171 800/964/1172 798/962/1170
f 798/962/1170 800/964/1172 801/965/1173
f 802/966/1174 797/961/1169 801/965/1173
f 801/965/1173 797/961/1169 798/962/1170
f 800/964/1172 803/967/1175 801/965/1173
f 801/965/1173 803/967/1175 804/968/1176
f 803/967/1175 805/969/1177 804/968/1176
f 804/968/1176 805/969/1177 806/970/1178
f 807/971/1179 808/972/1180 806/970/1178
f 806/970/1178 808/972/1180 804/968/1176
f 808/972/1180 802/966/1174 804/968/1176
f 804/968/1176 802/966/1174 801/965/1173
f 808/972/1180 807/971/1179 809/973/1181
f 809/973/1181 807/971/1179 810/974/1182
f 811/975/1183 812/1154/1184 810/974/1182
f 810/974/1182 812/1154/1184 809/973/1181
f 812/1154/1184 813/977/1185 809/973/1181
f 809/973/1181 813/977/1185 814/978/1186
f 802/966/1174 808/972/1180 814/978/1186
f 814/978/1186 808/972/1180 809/973/1181
f 813/977/1185 815/979/1187 814/978/1186
f 814/978/1186 815/979/1187 816/980/1188
f 815/979/1187 775/939/1147 816/980/1188
f 816/980/1188 775/939/1147 796/960/1168
f 793/957/1165 797/961/1169 796/960/1168
f 796/960/1168 797/961/1169 816/980/1188
f 797/961/1169 802/966/1174 816/980/1188
f 816/980/1188 802/966/1174 814/978/1186
f 813/977/1185 812/1154/1184 817/1151/1189
f 818/982/1190 759/923/1131 776/940/1148
f 775/939/1147 815/979/1187 776/940/1148
f 776/940/1148 815/979/1187 818/982/1190
f 815/979/1187 813/977/1185 818/982/1190
f 818/982/1190 813/977/1185 817/1151/1189
f 819/983/1191 811/975/1183 810/974/1182
f 807/971/1179 820/984/1192 810/974/1182
f 810/974/1182 820/984/1192 819/983/1191
f 820/984/1192 821/985/1193 819/983/1191
f 820/984/1192 807/971/1179 822/986/1194
f 822/986/1194 807/971/1179 806/970/1178
f 805/969/1177 823/987/1195 806/970/1178
f 806/970/1178 823/987/1195 822/986/1194
f 823/987/1195 824/988/1196 822/986/1194
f 822/986/1194 824/988/1196 825/989/1197
f 821/985/1193 820/984/1192 825/989/1197
f 825/989/1197 820/984/1192 822/986/1194
f 824/988/1196 826/990/1198 825/989/1197
f 825/989/1197 826/990/1198 827/1148/1199
f 826/990/1198 828/992/1200 827/1148/1199
f 827/1148/1199 821/985/1193 825/989/1197
f 829/993/1201 830/994/1202 831/995/1203
f 831/995/1203 830/994/1202 832/996/1204
f 833/997/1205 834/998/1206 832/996/1204
f 832/996/1204 834/998/1206 831/995/1203
f 834/998/1206 835/999/1207 831/995/1203
f 831/995/1203 835/999/1207 836/1000/1208
f 837/1001/1209 829/993/1201 836/1000/1208
f 836/1000/1208 829/993/1201 831/995/1203
f 835/999/1207 838/1002/1210 836/1000/1208
f 836/1000/1208 838/1002/1210 839/1003/1211
f 838/1002/1210 805/969/1177 839/1003/1211
f 839/1003/1211 805/969/1177 803/967/1175
f 800/964/1172 840/1004/1212 803/967/1175
f 803/967/1175 840/1004/1212 839/1003/1211
f 840/1004/1212 837/1001/1209 839/1003/1211
f 839/1003/1211 837/1001/1209 836/1000/1208
f 840/1004/1212 800/964/1172 841/1005/1213
f 841/1005/1213 800/964/1172 799/963/1171
f 791/955/1163 842/1006/1214 799/963/1171
f 799/963/1171 842/1006/1214 841/1005/1213
f 842/1006/1214 843/1007/1215 841/1005/1213
f 841/1005/1213 843/1007/1215 844/1008/1216
f 837/1001/1209 840/1004/1212 844/1008/1216
f 844/1008/1216 840/1004/1212 841/1005/1213
f 843/1007/1215 845/1009/1217 844/1008/1216
f 844/1008/1216 845/1009/1217 846/1010/1218
f 845/1009/1217 847/1011/1219 846/1010/1218
f 846/1010/1218 847/1011/1219 848/1012/1220
f 830/994/1202 829/993/1201 848/1012/1220
f 848/1012/1220 829/993/1201 846/1010/1218
f 829/993/1201 837/1001/1209 846/1010/1218
f 846/1010/1218 837/1001/1209 844/1008/1216
f 843/1007/1215 842/1006/1214 849/1013/1221
f 849/1013/1221 842/1006/1214 850/1014/1222
f 842/1006/1214 791/955/1163 850/1014/1222
f 850/1014/1222 791/955/1163 789/953/1161
f 787/951/1159 851/1015/1223 789/953/1161
f 789/953/1161 851/1015/1223 850/1014/1222
f 851/1015/1223 852/1016/1224 850/1014/1222
f 850/1014/1222 852/1016/1224 849/1013/1221
f 851/1015/1223 787/951/1159 853/1017/1225
f 853/1017/1225 787/951/1159 786/950/1158
f 785/1146/1157 854/1145/1226 786/950/1158
f 786/950/1158 854/1145/1226 853/1017/1225
f 854/1145/1226 855/1144/1227 853/1017/1225
f 853/1017/1225 855/1144/1227 856/1020/1228
f 852/1016/1224 851/1015/1223 856/1020/1228
f 856/1020/1228 851/1015/1223 853/1017/1225
f 855/1144/1227 857/1143/1229 856/1020/1228
f 856/1020/1228 857/1143/1229 858/1022/1230
f 857/1143/1229 859/1142/1231 858/1022/1230
f 858/1022/1230 859/1142/1231 860/1024/1232
f 861/1025/1233 862/1026/1234 860/1024/1232
f 860/1024/1232 862/1026/1234 858/1022/1230
f 862/1026/1234 852/1016/1224 858/1022/1230
f 858/1022/1230 852/1016/1224 856/1020/1228
f 862/1026/1234 861/1025/1233 863/1027/1235
f 863/1027/1235 861/1025/1233 864/1028/1236
f 847/1011/1219 845/1009/1217 864/1028/1236
f 864/1028/1236 845/1009/1217 863/1027/1235
f 845/1009/1217 843/1007/1215 863/1027/1235
f 863/1027/1235 843/1007/1215 849/1013/1221
f 852/1016/1224 862/1026/1234 849/1013/1221
f 849/1013/1221 862/1026/1234 863/1027/1235
f 865/1029/1237 861/1025/1233 866/1030/1238
f 866/1030/1238 861/1025/1233 860/1024/1232
f 859/1142/1231 867/1141/1239 860/1024/1232
f 860/1024/1232 867/1141/1239 866/1030/1238
f 867/1141/1239 868/1140/1240 866/1030/1238
f 866/1030/1238 868/1140/1240 869/1033/1241
f 870/1034/1242 865/1029/1237 869/1033/1241
f 869/1033/1241 865/1029/1237 866/1030/1238
f 868/1140/1240 871/1139/1243 869/1033/1241
f 869/1033/1241 871/1139/1243 872/1036/1244
f 871/1139/1243 873/1138/1245 872/1036/1244
f 872/1036/1244 873/1138/1245 874/1137/1246
f 875/1136/1247 876/1040/1248 874/1137/1246
f 874/1137/1246 876/1040/1248 872/1036/1244
f 876/1040/1248 870/1034/1242 872/1036/1244
f 872/1036/1244 870/1034/1242 869/1033/1241
f 876/1040/1248 875/1136/1247 877/1041/1249
f 877/1041/1249 875/1136/1247 878/1135/1250
f 879/1134/1251 880/1044/1252 878/1135/1250
f 878/1135/1250 880/1044/1252 877/1041/1249
f 880/1044/1252 881/1045/1253 877/1041/1249
f 877/1041/1249 881/1045/1253 882/1046/1254
f 870/1034/1242 876/1040/1248 882/1046/1254
f 882/1046/1254 876/1040/1248 877/1041/1249
f 881/1045/1253 883/1047/1255 882/1046/1254
f 882/1046/1254 883/1047/1255 884/1048/1256
f 883/1047/1255 847/1011/1219 884/1048/1256
f 884/1048/1256 847/1011/1219 864/1028/1236
f 861/1025/1233 865/1029/1237 864/1028/1236
f 864/1028/1236 865/1029/1237 884/1048/1256
f 865/1029/1237 870/1034/1242 884/1048/1256
f 884/1048/1256 870/1034/1242 882/1046/1254
f 881/1045/1253 880/1044/1252 885/1049/1257
f 885/1049/1257 880/1044/1252 886/1050/1258
f 880/1044/1252 879/1134/1251 886/1050/1258
f 886/1050/1258 879/1134/1251 887/1133/1259
f 887/1133/1259 888/1132/1260 886/1050/1258
f 888/1132/1260 889/1053/1261 886/1050/1258
f 886/1050/1258 889/1053/1261 885/1049/1257
f 890/1124/1262 891/1055/1263 892/1056/1264
f 892/1056/1264 891/1055/1263 893/1057/1265
f 889/1053/1261 888/1132/1260 893/1057/1265
f 893/1057/1265 888/1132/1260 892/1056/1264
f 891/1055/1263 894/1058/1266 893/1057/1265
f 893/1057/1265 894/1058/1266 895/1059/1267
f 894/1058/1266 833/997/1205 895/1059/1267
f 895/1059/1267 833/997/1205 832/996/1204
f 830/994/1202 896/1060/1268 832/996/1204
f 832/996/1204 896/1060/1268 895/1059/1267
f 896/1060/1268 889/1053/1261 895/1059/1267
f 895/1059/1267 889/1053/1261 893/1057/1265
f 896/1060/1268 830/994/1202 897/1061/1269
f 897/1061/1269 830/994/1202 848/1012/1220
f 847/1011/1219 883/1047/1255 848/1012/1220
f 848/1012/1220 883/1047/1255 897/1061/1269
f 883/1047/1255 881/1045/1253 897/1061/1269
f 897/1061/1269 881/1045/1253 885/1049/1257
f 889/1053/1261 896/1060/1268 885/1049/1257
f 885/1049/1257 896/1060/1268 897/1061/1269
f 898/1062/1270 828/992/1200 826/990/1198
f 824/988/1196 899/1063/1271 826/990/1198
f 826/990/1198 899/1063/1271 898/1062/1270
f 899/1063/1271 900/1064/1272 898/1062/1270
f 898/1062/1270 900/1064/1272 901/1065/1273
f 899/1063/1271 824/988/1196 902/1066/1274
f 902/1066/1274 824/988/1196 823/987/1195
f 805/969/1177 838/1002/1210 823/987/1195
f 823/987/1195 838/1002/1210 902/1066/1274
f 838/1002/1210 835/999/1207 902/1066/1274
f 902/1066/1274 835/999/1207 903/1067/1275
f 900/1064/1272 899/1063/1271 903/1067/1275
f 903/1067/1275 899/1063/1271 902/1066/1274
f 835/999/1207 834/998/1206 903/1067/1275
f 903/1067/1275 834/998/1206 904/1068/1276
f 834/998/1206 833/997/1205 904/1068/1276
f 904/1068/1276 833/997/1205 905/1069/1277
f 906/1070/1278 907/1127/1279 905/1069/1277
f 905/1069/1277 907/1127/1279 904/1068/1276
f 907/1127/1279 900/1064/1272 904/1068/1276
f 904/1068/1276 900/1064/1272 903/1067/1275
f 900/1064/1272 907/1127/1279 901/1065/1273
f 908/1072/1280 906/1070/1278 909/1073/1281
f 909/1073/1281 906/1070/1278 905/1069/1277
f 833/997/1205 894/1058/1266 905/1069/1277
f 905/1069/1277 894/1058/1266 909/1073/1281
f 894/1058/1266 891/1055/1263 909/1073/1281
f 909/1073/1281 891/1055/1263 910/1074/1282
f 911/1075/1283 908/1072/1280 910/1074/1282
f 910/1074/1282 908/1072/1280 909/1073/1281
f 891/1055/1263 890/1124/1262 910/1074/1282
f 910/1074/1282 890/1124/1262 912/1123/1284
f 912/1123/1284 911/1075/1283 910/1074/1282
s 19
g textureEditorIsolateSelectSet polySurface5 polySurface30
f 709/1077/1285 708/1078/1286 753/917/1287 755/1166/1288
s off
f 710/1079/1289 709/1077/1290 755/1166/1291 756/1165/1292
s 20
f 711/1080/1293 710/1079/1294 756/1165/1295 757/1163/1296
f 712/1081/1297 713/1082/1298 760/1164/1299 759/1153/1300
f 713/1082/1298 711/1080/1293 757/1163/1296 760/1164/1299
s 19
f 708/1078/1286 714/1083/1301 764/928/1302 753/917/1287
f 714/1083/1301 715/1084/1303 765/929/1304 764/928/1302
f 715/1084/1303 716/1085/1305 768/932/1306 765/929/1304
f 716/1085/1305 717/1086/1307 769/933/1308 768/932/1306
f 717/1086/1307 718/1087/1309 779/943/1310 769/933/1308
f 718/1087/1309 719/1088/1311 780/944/1312 779/943/1310
f 719/1088/1311 720/1089/1313 784/948/1314 780/944/1312
f 720/1089/1313 721/1090/1315 785/949/1316 784/948/1314
s off
f 722/1091/1317 723/1092/1318 812/976/1319 811/1150/1320
f 723/1092/1321 724/1093/1322 817/981/1323 812/976/1324
s 20
f 725/1094/1325 712/1081/1297 759/1153/1300 818/1152/1326
s off
f 724/1093/1327 725/1094/1328 818/1152/1329 817/981/1330
s 21
f 726/1095/1331 722/1091/1332 811/1150/1333 819/1149/1334
f 727/1096/1335 726/1095/1331 819/1149/1334 821/1147/1336
f 729/1097/1337 728/1098/1338 827/991/1339 828/1130/1340
f 728/1098/1338 727/1096/1335 821/1147/1336 827/991/1339
s 19
f 721/1090/1315 730/1099/1341 854/1018/1342 785/949/1316
f 730/1099/1341 731/1100/1343 855/1019/1344 854/1018/1342
f 731/1100/1343 732/1101/1345 857/1021/1346 855/1019/1344
f 732/1101/1345 733/1102/1347 859/1023/1348 857/1021/1346
f 733/1102/1347 734/1103/1349 867/1031/1350 859/1023/1348
f 734/1103/1349 735/1104/1351 868/1032/1352 867/1031/1350
f 735/1104/1351 736/1105/1353 871/1035/1354 868/1032/1352
f 736/1105/1353 737/1106/1355 873/1037/1356 871/1035/1354
s 22
f 737/1106/1357 738/1107/1358 874/1038/1359 873/1037/1360
f 738/1107/1358 739/1108/1361 875/1039/1362 874/1038/1359
f 739/1108/1361 740/1109/1363 878/1042/1364 875/1039/1362
f 740/1109/1363 741/1110/1365 879/1043/1366 878/1042/1364
f 741/1110/1365 742/1111/1367 887/1051/1368 879/1043/1366
s off
f 742/1111/1369 743/1112/1370 888/1052/1371 887/1051/1372
s 23
f 745/1113/1373 744/1114/1374 890/1054/1375 892/1131/1376
f 743/1112/1377 745/1113/1373 892/1131/1376 888/1052/1378
s off
f 746/1115/1379 729/1097/1380 828/1130/1381 898/1129/1382
f 747/1116/1383 746/1115/1384 898/1129/1385 901/1128/1386
s 24
f 748/1117/1387 749/1118/1388 907/1071/1389 906/1126/1390
s off
f 749/1118/1391 747/1116/1392 901/1128/1393 907/1071/1394
s 24
f 750/1119/1395 748/1117/1387 906/1126/1390 908/1125/1396
f 751/1120/1397 750/1119/1395 908/1125/1396 911/1122/1398
s 23
f 744/1114/1374 752/1121/1399 912/1076/1400 890/1054/1375
s off
f 752/1121/1401 751/1120/1402 911/1122/1403 912/1076/1404
g default
v -417.963623 116.798775 -24.857491
v -416.298584 116.798775 -74.572540
v -368.248535 116.798775 -99.430069
v -368.248535 116.798775 99.430145
v -421.293945 116.798775 74.572624
v -419.628662 116.798775 24.857565
v -152.976196 116.798775 273.432800
v -196.030640 116.798775 298.290344
v -109.921631 116.798775 248.575287
v -66.867188 116.798775 223.717758
v -23.812622 116.798775 198.860229
v -23.812622 116.798775 0.000000
v -66.867188 116.798775 -24.857523
v -109.921631 116.798775 -49.715046
v -109.921631 116.798775 0.000012
v -152.976196 116.798775 24.857546
v -196.030640 116.798775 49.715076
v -325.194336 116.798775 -74.572548
v -282.139648 116.798775 -49.715027
v -239.085205 116.798775 24.857553
v -239.085205 116.798775 -24.857502
v -368.248535 116.798775 149.145203
v -325.194336 116.798775 174.002716
v -282.139648 116.798775 198.860229
v -239.085083 116.798775 273.432800
v -239.085083 116.798775 223.717758
v 289.224854 116.798775 343.336548
v 340.604980 116.798775 382.614594
v 283.396851 116.798775 283.527130
v 277.568848 116.798775 223.717712
v 546.125854 116.798775 99.430038
v 489.750244 116.798775 124.287567
v 542.795532 116.798775 154.913315
v 488.917603 116.798775 181.212906
v 488.085083 116.798775 238.138229
v 347.265625 116.798775 443.866089
v 393.650269 116.798775 413.240356
v 440.035156 116.798775 382.614594
v 486.419922 116.798775 351.988861
v 487.252563 116.798775 295.063538
v 320.623413 116.798775 49.715008
v 372.003540 116.798775 24.857473
v 426.713989 116.798775 49.714996
v 430.044312 116.798775 99.430054
v 277.568848 116.798775 24.857487
v 234.514404 116.798775 -0.000036
v 191.459839 116.798775 -24.857559
v 148.405396 116.798775 -0.000024
v 148.405396 116.798775 49.715034
v 19.241821 116.798775 24.857523
v 62.296387 116.798775 49.715046
v 105.350708 116.798775 74.572563
v 62.296387 116.798775 198.860229
v 19.241821 116.798775 223.717758
v 105.350708 116.798775 223.717758
v 148.405396 116.798775 198.860199
v 277.568848 116.798775 174.002655
v 234.514404 116.798775 149.145126
v 191.459839 116.798775 174.002670
v -368.248535 1025.157104 0.000036
v -368.248535 1025.157227 -49.715019
v -417.963623 1025.157227 -24.857491
v -416.298584 1025.157227 -74.572540
v -368.248535 1025.157227 -99.430069
v -368.248535 1025.157227 99.430145
v -368.248535 1025.157227 49.715092
v -421.293945 1025.157227 74.572624
v -419.628662 1025.157227 24.857565
v -196.030640 1025.157227 198.860245
v -196.030640 1025.157227 248.575287
v -152.976196 1025.157227 223.717758
v -152.976196 1025.157227 273.432800
v -196.030640 1025.157227 298.290344
v -109.921631 1025.157227 248.575287
v -23.812622 1025.157227 198.860229
v -66.867188 1025.157227 223.717758
v -66.867188 1025.157227 174.002701
v -109.921631 1025.157104 149.145187
v -109.921631 1025.157227 198.860229
v -152.976196 1025.157227 174.002716
v -152.976196 1025.157227 124.287651
v -196.030640 1025.157227 99.430130
v -196.030640 1025.157227 149.145187
v -109.921631 1025.157227 99.430122
v -66.867188 1025.157227 124.287643
v -23.812622 1025.157227 149.145172
v -23.812622 1025.157227 99.430115
v -66.867188 1025.157227 74.572594
v -109.921631 1025.157227 49.715069
v -23.812622 1025.157227 49.715057
v -66.867188 1025.157227 24.857534
v -23.812622 1025.157349 0.000000
v -66.867188 1025.157349 -24.857523
v -109.921631 1025.157227 -49.715046
v -109.921631 1025.157227 0.000012
v -152.976196 1025.157227 24.857546
v -196.030640 1025.157349 49.715076
v -152.976196 1025.157227 74.572601
v -325.194336 1025.157227 -74.572548
v -325.194336 1025.157227 -24.857494
v -325.194336 1025.157227 24.857561
v -282.139648 1025.157227 49.715084
v -282.139648 1025.157227 0.000029
v -282.139648 1025.157349 -49.715027
v -239.085205 1025.157349 24.857553
v -239.085205 1025.157227 74.572609
v -239.085205 1025.157349 -24.857502
v -282.139648 1025.157227 99.430130
v -325.194336 1025.157227 74.572609
v -325.194336 1025.157227 124.287666
v -282.139648 1025.157227 149.145187
v -368.248535 1025.157227 149.145203
v -325.194336 1025.157227 174.002716
v -282.139648 1025.157227 198.860229
v -239.085083 1025.157227 273.432800
v -239.085083 1025.157227 223.717758
v -239.085083 1025.157227 174.002716
v -239.085205 1025.157227 124.287651
v 333.944458 1025.157227 321.363129
v 289.224854 1025.157227 343.336548
v 340.604980 1025.157227 382.614594
v 283.396851 1025.157227 283.527130
v 327.283936 1025.157227 260.111664
v 320.623413 1025.157227 198.860184
v 277.568848 1025.157349 223.717712
v 546.125854 1025.157227 99.430038
v 489.750244 1025.157227 124.287567
v 542.795532 1025.157227 154.913315
v 488.917603 1025.157349 181.212906
v 433.374634 1025.157227 149.145111
v 435.039795 1025.157227 207.512497
v 436.704956 1025.157227 265.879852
v 488.085083 1025.157349 238.138229
v 376.999023 1025.157227 174.002655
v 381.161865 1025.157227 233.812073
v 385.324707 1025.157227 293.621490
v 389.487427 1025.157227 353.430908
v 393.650269 1025.157227 413.240356
v 347.265625 1025.157227 443.866089
v 440.035156 1025.157227 382.614594
v 438.369995 1025.157227 324.247223
v 486.419922 1025.157227 351.988861
v 487.252563 1025.157227 295.063538
v 320.623413 1025.157227 99.430069
v 373.668701 1025.157227 74.572533
v 320.623413 1025.157227 49.715008
v 372.003540 1025.157227 24.857473
v 426.713989 1025.157227 49.714996
v 375.333862 1025.157227 124.287598
v 320.623413 1025.157104 149.145126
v 430.044312 1025.157227 99.430054
v 234.514404 1025.157227 49.715019
v 277.568848 1025.157227 24.857487
v 234.514404 1025.157227 -0.000036
v 148.405396 1025.157227 -0.000024
v 191.459839 1025.157227 -24.857559
v 191.459839 1025.157104 24.857498
v 148.405396 1025.157227 49.715034
v 148.405396 1025.157227 99.430092
v 191.459839 1025.157227 74.572556
v 19.241821 1025.157227 24.857523
v 19.241821 1025.157227 74.572578
v 62.296387 1025.157227 49.715046
v 19.241821 1025.157227 124.287643
v 19.241821 1025.157227 174.002701
v 62.296387 1025.157227 149.145157
v 62.296387 1025.157227 99.430099
v 105.350708 1025.157227 124.287621
v 105.350708 1025.157227 74.572563
v 62.296387 1025.157227 198.860229
v 19.241821 1025.157227 223.717758
v 148.405396 1025.157349 198.860199
v 105.350708 1025.157349 223.717758
v 105.350708 1025.157227 174.002686
v 148.405396 1025.157227 149.145142
v 277.568848 1025.157349 174.002655
v 277.568848 1025.157227 124.287598
v 234.514404 1025.157349 149.145126
v 277.568848 1025.157227 74.572540
v 234.514404 1025.157227 99.430069
v 191.459839 1025.157227 124.287605
v 191.459839 1025.157349 174.002670
vt 0.280367 0.500205
vt 0.280367 0.530302
vt 0.477452 0.013602
vt 0.251279 0.545350
vt 0.280367 0.560398
vt 0.429652 0.033927
vt 0.280367 0.470109
vt 0.248255 0.455061
vt 0.249263 0.485157
vt 0.384624 0.379820
vt 0.384624 0.349724
vt 0.410688 0.364772
vt 0.363349 0.127088
vt 0.384624 0.319628
vt 0.359713 0.143604
vt 0.462816 0.364772
vt 0.357047 0.177279
vt 0.462816 0.394868
vt 0.436752 0.409917
vt 0.436752 0.379820
vt 0.410688 0.394868
vt 0.410688 0.424965
vt 0.384624 0.440013
vt 0.384624 0.409917
vt 0.436752 0.440013
vt 0.462816 0.424965
vt 0.488880 0.409917
vt 0.488880 0.440013
vt 0.462816 0.455061
vt 0.436752 0.470109
vt 0.488880 0.470109
vt 0.462816 0.485157
vt 0.488880 0.500205
vt 0.639342 0.077544
vt 0.436752 0.530302
vt 0.616711 0.052632
vt 0.410688 0.485157
vt 0.590176 0.032640
vt 0.410688 0.455061
vt 0.306431 0.545350
vt 0.306431 0.515254
vt 0.306431 0.485157
vt 0.332496 0.470109
vt 0.332496 0.500205
vt 0.332496 0.530302
vt 0.575612 0.024683
vt 0.358560 0.455061
vt 0.358560 0.515254
vt 0.332496 0.440013
vt 0.306431 0.455061
vt 0.306431 0.424965
vt 0.332496 0.409917
vt 0.416406 0.043746
vt 0.404263 0.054975
vt 0.393328 0.067429
vt 0.358560 0.334676
vt 0.358560 0.364772
vt 0.358560 0.394868
vt 0.358560 0.424965
vt 0.705458 0.305660
vt 0.678386 0.292358
vt 0.453151 0.342262
vt 0.674858 0.328565
vt 0.701426 0.342740
vt 0.697394 0.379820
vt 0.671329 0.364772
vt 0.833907 0.440013
vt 0.633407 0.308590
vt 0.831891 0.406425
vt 0.799275 0.390503
vt 0.765650 0.409917
vt 0.766658 0.374582
vt 0.767666 0.339248
vt 0.798771 0.356042
vt 0.731522 0.394868
vt 0.734042 0.358661
vt 0.736562 0.322454
vt 0.739082 0.286247
vt 0.713522 0.231500
vt 0.491321 0.354593
vt 0.510074 0.357021
vt 0.768674 0.303914
vt 0.528914 0.357214
vt 0.548035 0.355062
vt 0.697394 0.440013
vt 0.729506 0.455061
vt 0.670676 0.239370
vt 0.728498 0.485157
vt 0.761618 0.470109
vt 0.730514 0.424965
vt 0.697394 0.409917
vt 0.763634 0.440013
vt 0.645265 0.470109
vt 0.671329 0.485157
vt 0.676225 0.205641
vt 0.619201 0.515254
vt 0.675425 0.171366
vt 0.619201 0.485157
vt 0.672796 0.154614
vt 0.593137 0.440013
vt 0.619201 0.455061
vt 0.514945 0.485157
vt 0.514945 0.455061
vt 0.541009 0.470109
vt 0.514945 0.424965
vt 0.514945 0.394868
vt 0.541009 0.409917
vt 0.541009 0.440013
vt 0.567073 0.424965
vt 0.668835 0.138215
vt 0.360305 0.211126
vt 0.514945 0.364772
vt 0.567073 0.364772
vt 0.369366 0.244077
vt 0.567073 0.394868
vt 0.593137 0.409917
vt 0.671329 0.394868
vt 0.671329 0.424965
vt 0.645265 0.409917
vt 0.671329 0.455061
vt 0.645265 0.440013
vt 0.619201 0.424965
vt 0.375928 0.259805
vt 0.506711 0.111752
vt 0.502649 0.112655
vt 0.511364 0.112856
vt 0.495770 0.116947
vt 0.493428 0.121638
vt 0.498909 0.114313
vt 0.479393 0.147504
vt 0.480970 0.153746
vt 0.484600 0.160181
vt 0.489284 0.166755
vt 0.493341 0.172959
vt 0.536589 0.159517
vt 0.536771 0.153057
vt 0.535184 0.147984
vt 0.531605 0.144645
vt 0.527543 0.140150
vt 0.523132 0.136035
vt 0.515549 0.115331
vt 0.518579 0.118514
vt 0.522014 0.129436
vt 0.521394 0.122395
vt 0.489423 0.124031
vt 0.486585 0.127751
vt 0.484517 0.132826
vt 0.480634 0.142307
vt 0.483048 0.138357
vt 0.504121 0.242117
vt 0.506464 0.247870
vt 0.504782 0.234321
vt 0.506891 0.225327
vt 0.544724 0.248470
vt 0.547012 0.244202
vt 0.541168 0.251263
vt 0.535752 0.250066
vt 0.531883 0.253128
vt 0.509576 0.252459
vt 0.513571 0.254392
vt 0.517836 0.255142
vt 0.522861 0.256293
vt 0.527649 0.255360
vt 0.552075 0.225685
vt 0.549389 0.218067
vt 0.551040 0.232422
vt 0.548056 0.237154
vt 0.549616 0.211493
vt 0.549327 0.205102
vt 0.548252 0.198805
vt 0.543672 0.192682
vt 0.536977 0.187654
vt 0.535562 0.166759
vt 0.533896 0.174661
vt 0.532230 0.182563
vt 0.492892 0.179728
vt 0.496102 0.186155
vt 0.496412 0.192920
vt 0.500220 0.198956
vt 0.509396 0.217264
vt 0.510353 0.209876
vt 0.505006 0.204563
vt 0.383737 0.274897
vt 0.619201 0.394868
vt 0.593137 0.379820
vt 0.674226 0.222662
vt 0.697394 0.470109
vt 0.392778 0.289349
vt 0.403084 0.303046
vt 0.364133 0.227810
vt 0.541009 0.379820
vt 0.488880 0.379820
vt 0.357949 0.194285
vt 0.663517 0.122161
vt 0.567073 0.455061
vt 0.593137 0.470109
vt 0.656822 0.106599
vt 0.648757 0.091672
vt 0.676633 0.188449
vt 0.645265 0.500205
vt 0.593137 0.500205
vt 0.799779 0.424965
vt 0.647087 0.291311
vt 0.656015 0.276738
vt 0.664684 0.257974
vt 0.566726 0.350600
vt 0.798267 0.321581
vt 0.797763 0.287120
vt 0.769683 0.268580
vt 0.741602 0.250040
vt 0.472910 0.349915
vt 0.709490 0.268580
vt 0.584759 0.343927
vt 0.602751 0.334220
vt 0.618126 0.323065
vt 0.417472 0.318089
vt 0.433791 0.331085
vt 0.383664 0.080962
vt 0.332496 0.379820
vt 0.375378 0.095535
vt 0.368578 0.110996
vt 0.306431 0.394868
vt 0.280367 0.409917
vt 0.280367 0.440013
vt 0.560224 0.018314
vt 0.358560 0.485157
vt 0.544306 0.013657
vt 0.384624 0.470109
vt 0.528010 0.010782
vt 0.511537 0.009766
vt 0.603879 0.041982
vt 0.436752 0.500205
vt 0.462816 0.515254
vt 0.628558 0.064509
vt 0.436752 0.349724
vt 0.357635 0.160381
vt 0.410688 0.334676
vt 0.250271 0.515254
vt 0.461675 0.018137
vt 0.446479 0.024364
vt 0.493653 0.010816
vn -0.000000 1.000000 0.000000
vn 0.000000 1.000000 0.000000
vn 0.000001 1.000000 0.000001
vn 0.000000 1.000000 0.000000
vn 0.000000 1.000000 0.000000
vn 0.000000 1.000000 0.000000
vn 0.000000 1.000000 -0.000000
vn 0.000000 1.000000 -0.000001
vn 0.000001 1.000000 -0.000000
vn 0.000000 1.000000 0.000000
vn 0.000000 1.000000 0.000000
vn 0.000000 1.000000 0.000000
vn 0.000000 1.000000 0.000000
vn 0.000000 1.000000 0.000000
vn 0.000000 1.000000 0.000000
vn 0.000000 1.000000 0.000000
vn 0.000000 1.000000 0.000000
vn -0.000001 1.000000 0.000000
vn -0.000000 1.000000 0.000000
vn 0.000000 1.000000 0.000000
vn 0.000001 1.000000 0.000000
vn 0.000001 1.000000 0.000000
vn -0.000000 1.000000 0.000000
vn 0.000000 1.000000 -0.000000
vn 0.000000 1.000000 0.000000
vn -0.000001 1.000000 0.000000
vn 0.000000 1.000000 0.000000
vn 0.000000 1.000000 0.000000
vn 0.000000 1.000000 0.000000
vn 0.000000 1.000000 0.000000
vn -0.000000 1.000000 0.000000
vn -0.000001 1.000000 0.000001
vn -0.000000 1.000000 0.000001
vn -0.000002 1.000000 0.000001
vn -0.000003 1.000000 0.000000
vn -0.000001 1.000000 0.000000
vn 0.000001 1.000000 0.000000
vn 0.000000 1.000000 0.000001
vn 0.000001 1.000000 0.000000
vn -0.000001 1.000000 0.000000
vn -0.000001 1.000000 0.000000
vn -0.000001 1.000000 0.000000
vn -0.000001 1.000000 0.000000
vn -0.000001 1.000000 0.000001
vn -0.000002 1.000000 0.000001
vn -0.000002 1.000000 0.000001
vn -0.000001 1.000000 0.000001
vn -0.000002 1.000000 0.000002
vn 0.000000 1.000000 0.000000
vn 0.000000 1.000000 0.000000
vn 0.000000 1.000000 0.000000
vn 0.000000 1.000000 0.000000
vn 0.000000 1.000000 0.000000
vn 0.000000 1.000000 0.000000
vn 0.000000 1.000000 0.000000
vn 0.000000 1.000000 0.000000
vn 0.000000 1.000000 0.000000
vn 0.000000 1.000000 -0.000000
vn 0.000000 1.000000 0.000000
vn 0.000000 1.000000 0.000001
vn 0.000000 1.000000 0.000001
vn 0.000000 1.000000 0.000001
vn 0.000000 1.000000 0.000000
vn 0.000000 1.000000 0.000000
vn 0.000001 1.000000 0.000000
vn 0.000002 1.000000 0.000000
vn 0.000000 1.000000 -0.000002
vn 0.000000 1.000000 0.000000
vn 0.000001 1.000000 0.000000
vn -0.000001 1.000000 0.000000
vn -0.000001 1.000000 0.000000
vn -0.000001 1.000000 -0.000000
vn -0.000001 1.000000 0.000000
vn -0.000002 1.000000 -0.000001
vn -0.000000 1.000000 0.000000
vn 0.000000 1.000000 0.000000
vn 0.000000 1.000000 0.000000
vn 0.000000 1.000000 -0.000000
vn 0.000000 1.000000 0.000002
vn 0.000000 1.000000 -0.000000
vn 0.000000 1.000000 -0.000001
vn 0.000000 1.000000 -0.000000
vn 0.000000 1.000000 -0.000000
vn -0.000000 1.000000 -0.000001
vn -0.000000 1.000000 0.000000
vn 0.000000 1.000000 -0.000000
vn 0.000000 1.000000 -0.000001
vn 0.000000 1.000000 -0.000002
vn 0.000000 1.000000 0.000001
vn -0.000001 1.000000 0.000001
vn 0.000001 1.000000 0.000000
vn 0.000000 1.000000 0.000001
vn -0.000001 1.000000 0.000000
vn 0.000000 1.000000 0.000000
vn -0.000001 1.000000 0.000000
vn -0.000000 1.000000 0.000000
vn 0.000002 1.000000 0.000000
vn 0.000000 1.000000 0.000000
vn 0.000001 1.000000 0.000000
vn 0.000000 1.000000 0.000000
vn -0.000000 1.000000 0.000000
vn 0.000000 1.000000 0.000000
vn 0.000000 1.000000 0.000000
vn 0.000000 1.000000 0.000000
vn 0.000000 1.000000 0.000000
vn 0.000000 1.000000 0.000000
vn 0.000000 1.000000 0.000000
vn 0.000000 1.000000 0.000000
vn 0.000000 1.000000 0.000000
vn 0.000000 1.000000 0.000000
vn -0.000000 1.000000 0.000000
vn 0.000000 1.000000 0.000000
vn -0.000001 1.000000 -0.000002
vn -0.000001 1.000000 -0.000002
vn -0.000001 1.000000 -0.000001
vn -0.000001 1.000000 -0.000001
vn 0.000003 1.000000 -0.000001
vn 0.000001 1.000000 -0.000001
vn -0.000000 1.000000 -0.000002
vn 0.000000 1.000000 0.000000
vn -0.000000 1.000000 0.000000
vn -0.000001 1.000000 -0.000001
vn -0.000001 1.000000 -0.000002
vn -0.999440 0.000000 -0.033473
vn -0.999440 0.000000 -0.033473
vn -0.999440 0.000000 -0.033473
vn -0.999440 0.000000 -0.033473
vn -0.459482 0.000000 -0.888187
vn -0.459482 0.000000 -0.888187
vn -0.459482 0.000000 -0.888187
vn -0.459482 0.000000 -0.888187
vn -0.424329 0.000000 0.905508
vn -0.424329 0.000000 0.905508
vn -0.424329 0.000000 0.905508
vn -0.424329 0.000000 0.905508
vn -0.999440 0.000000 -0.033475
vn -0.999440 0.000000 -0.033478
vn -0.999440 0.000000 -0.033478
vn -0.999440 0.000000 -0.033475
vn 0.500001 0.000000 0.866025
vn 0.500000 0.000000 0.866025
vn 0.500000 0.000000 0.866025
vn 0.500001 0.000000 0.866025
vn 0.500000 0.000000 0.866026
vn 0.500000 0.000000 0.866026
vn 0.500000 0.000000 0.866025
vn 0.499999 0.000000 0.866026
vn 0.499999 0.000000 0.866026
vn 0.500000 0.000000 0.866025
vn 0.500000 0.000000 -0.866025
vn 0.500000 0.000000 -0.866026
vn 0.500000 0.000000 -0.866026
vn 0.500000 0.000000 -0.866026
vn -1.000000 0.000000 0.000000
vn -1.000000 0.000000 0.000000
vn -1.000000 0.000000 0.000000
vn -1.000000 0.000000 0.000000
vn 0.500000 0.000000 -0.866025
vn 0.500000 0.000000 -0.866025
vn -0.500000 0.000000 -0.866026
vn -0.500000 0.000000 -0.866025
vn -0.500000 0.000000 -0.866025
vn -0.500000 0.000000 -0.866026
vn -0.500001 0.000000 -0.866025
vn -0.500001 0.000000 -0.866025
vn 0.500000 0.000000 -0.866025
vn 0.500003 0.000000 -0.866024
vn 0.500003 0.000000 -0.866024
vn 0.500000 0.000000 -0.866025
vn 0.499999 0.000000 -0.866026
vn 0.499999 0.000000 -0.866026
vn 0.499999 0.000000 -0.866026
vn 0.499999 0.000000 -0.866026
vn 0.499999 0.000000 -0.866026
vn 0.499999 0.000000 -0.866026
vn 0.500000 0.000000 -0.866025
vn 0.500000 0.000000 -0.866025
vn 1.000000 0.000000 0.000000
vn 1.000000 0.000000 0.000000
vn 1.000000 0.000000 0.000000
vn 1.000000 0.000000 0.000000
vn -1.000000 0.000000 0.000000
vn -1.000000 0.000000 0.000000
vn -1.000000 0.000000 0.000000
vn -1.000000 0.000000 0.000000
vn -0.500002 0.000000 0.866024
vn -0.500000 0.000000 0.866025
vn -0.500000 0.000000 0.866025
vn -0.500002 0.000000 0.866024
vn -0.499999 0.000000 0.866026
vn -0.499999 0.000000 0.866026
vn -0.500001 0.000000 0.866025
vn -0.500001 0.000000 0.866025
vn -0.500001 0.000000 0.866025
vn -0.500001 0.000000 0.866025
vn -1.000000 0.000000 0.000000
vn -1.000000 0.000000 0.000000
vn -1.000000 0.000000 0.000000
vn -1.000000 0.000000 0.000000
vn -0.499999 0.000000 0.866026
vn -0.499999 0.000000 0.866026
vn -0.607327 0.000000 0.794452
vn -0.607327 0.000000 0.794452
vn -0.607327 0.000000 0.794452
vn -0.607327 0.000000 0.794452
vn -0.995286 0.000000 0.096984
vn -0.995286 0.000000 0.096984
vn -0.995286 0.000000 0.096984
vn -0.995286 0.000000 0.096984
vn -0.998587 0.000000 0.053137
vn -0.998587 0.000000 0.053137
vn -0.403449 0.000000 -0.915002
vn -0.403449 0.000000 -0.915002
vn -0.403449 0.000000 -0.915002
vn -0.403449 0.000000 -0.915002
vn 0.998203 0.000000 0.059916
vn 0.998203 0.000000 0.059916
vn 0.998203 0.000000 0.059916
vn 0.998203 0.000000 0.059916
vn 0.438662 0.000000 0.898652
vn 0.438662 0.000000 0.898652
vn 0.438662 0.000000 0.898652
vn 0.438662 0.000000 0.898652
vn 0.999893 0.000000 0.014623
vn 0.999893 0.000000 0.014623
vn 0.999893 0.000000 0.014623
vn 0.999893 0.000000 0.014623
vn 0.550991 0.000000 0.834511
vn 0.550990 0.000000 0.834512
vn 0.550990 0.000000 0.834512
vn 0.550991 0.000000 0.834511
vn -0.994140 0.000000 0.108105
vn -0.994140 0.000000 0.108105
vn -0.994140 0.000000 0.108105
vn -0.994140 0.000000 0.108105
vn 0.550990 0.000000 0.834512
vn 0.550990 0.000000 0.834512
vn 0.550990 0.000000 0.834512
vn 0.550990 0.000000 0.834512
vn 0.999893 0.000000 0.014625
vn 0.999893 0.000000 0.014624
vn 0.999893 0.000000 0.014624
vn 0.999893 0.000000 0.014625
vn -0.435507 0.000000 -0.900185
vn -0.435507 0.000000 -0.900185
vn -0.435507 0.000000 -0.900185
vn -0.435507 0.000000 -0.900185
vn 0.413653 0.000000 -0.910435
vn 0.413653 0.000000 -0.910435
vn 0.413653 0.000000 -0.910435
vn 0.413653 0.000000 -0.910435
vn 0.997764 0.000000 -0.066838
vn 0.997764 0.000000 -0.066838
vn 0.997764 0.000000 -0.066838
vn 0.997764 0.000000 -0.066838
vn 0.384352 0.000000 -0.923186
vn 0.384352 0.000000 -0.923186
vn 0.384352 0.000000 -0.923186
vn 0.384352 0.000000 -0.923186
vn 0.500000 0.000000 -0.866026
vn 0.500000 0.000000 -0.866026
vn 0.500000 0.000000 -0.866026
vn 0.500000 0.000000 -0.866026
vn -0.500001 0.000000 -0.866025
vn -0.500001 0.000000 -0.866025
vn -0.500001 0.000000 -0.866025
vn -0.500001 0.000000 -0.866025
vn -1.000000 0.000000 0.000000
vn -1.000000 0.000000 0.000000
vn -1.000000 0.000000 0.000000
vn -1.000000 0.000000 0.000000
vn 0.499999 0.000000 -0.866026
vn 0.499999 0.000000 -0.866026
vn 0.500000 0.000000 -0.866026
vn 0.500000 0.000000 -0.866025
vn 0.500000 0.000000 -0.866025
vn 0.500000 0.000000 -0.866025
vn -0.499998 0.000000 -0.866026
vn -0.499998 0.000000 -0.866026
vn -0.499998 0.000000 -0.866026
vn -0.499998 0.000000 -0.866026
vn 0.500001 0.000000 -0.866025
vn 0.500001 0.000000 -0.866025
vn 0.499999 0.000000 0.866026
vn 0.499999 0.000000 0.866026
vn 0.499999 0.000000 0.866026
vn 0.499999 0.000000 0.866026
vn -0.500001 0.000000 0.866025
vn -0.500001 0.000000 0.866025
vn -0.500001 0.000000 0.866025
vn -0.500001 0.000000 0.866025
vn 0.499999 0.000000 0.866026
vn 0.500000 0.000000 0.866026
vn 0.500000 0.000000 0.866026
vn 0.499999 0.000000 0.866026
vn -0.500002 0.000000 0.866024
vn -0.500002 0.000000 0.866024
vn -0.500002 0.000000 0.866024
vn -0.500002 0.000000 0.866025
vn -1.000000 0.000000 0.000000
vn -1.000000 0.000000 0.000000
vn -0.500001 0.000000 0.866025
vn -0.500001 0.000000 0.866025
vn -0.500001 0.000000 0.866025
vn -0.500001 0.000000 0.866025
vn 0.499999 0.000000 -0.866026
vn 0.499999 0.000000 -0.866026
vn 0.500000 0.000000 0.866025
vn 0.500000 0.000000 0.866025
vn 0.500000 0.000000 0.866026
vn 0.500000 0.000000 0.866026
s 1
g polySurface5 polySurface28
f 972/1167/1405 973/1168/1406 974/1404/1407
f 974/1404/1407 973/1168/1406 975/1170/1408
f 973/1168/1406 976/1171/1409 975/1170/1408
f 977/1390/1410 978/1173/1411 979/1174/1412
f 979/1174/1412 978/1173/1411 980/1175/1413
f 978/1173/1411 972/1167/1405 980/1175/1413
f 980/1175/1413 972/1167/1405 974/1404/1407
f 981/1176/1414 982/1177/1415 983/1178/1416
f 983/1178/1416 982/1177/1415 984/1403/1417
f 982/1177/1415 985/1180/1418 984/1403/1417
f 984/1403/1417 986/1401/1419 983/1178/1416
f 988/1182/1420 987/1358/1421 989/1184/1422
f 990/1185/1423 991/1186/1424 989/1184/1422
f 989/1184/1422 991/1186/1424 988/1182/1420
f 991/1186/1424 986/1401/1419 988/1182/1420
f 991/1186/1424 990/1185/1423 992/1187/1425
f 992/1187/1425 990/1185/1423 993/1188/1426
f 994/1189/1427 995/1190/1428 993/1188/1426
f 993/1188/1426 995/1190/1428 992/1187/1425
f 995/1190/1428 981/1176/1414 992/1187/1425
f 992/1187/1425 981/1176/1414 983/1178/1416
f 986/1401/1419 991/1186/1424 983/1178/1416
f 983/1178/1416 991/1186/1424 992/1187/1425
f 996/1191/1429 990/1185/1423 997/1192/1430
f 997/1192/1430 990/1185/1423 989/1184/1422
f 987/1358/1421 998/1193/1431 989/1184/1422
f 989/1184/1422 998/1193/1431 997/1192/1430
f 998/1193/1431 999/1194/1432 997/1192/1430
f 997/1192/1430 999/1194/1432 1000/1195/1433
f 1001/1196/1434 996/1191/1429 1000/1195/1433
f 1000/1195/1433 996/1191/1429 997/1192/1430
f 999/1194/1432 1002/1197/1435 1000/1195/1433
f 1000/1195/1433 1002/1197/1435 1003/1198/1436
f 1002/1197/1435 1004/1199/1437 1003/1198/1436
f 1003/1198/1436 1004/1199/1437 1005/1399/1438
f 1006/1201/1439 1007/1398/1440 1005/1399/1438
f 1005/1399/1438 1007/1398/1440 1003/1198/1436
f 1007/1398/1440 1001/1196/1434 1003/1198/1436
f 1003/1198/1436 1001/1196/1434 1000/1195/1433
f 1001/1196/1434 1007/1398/1440 1008/1203/1441
f 1008/1203/1441 1009/1394/1442 1010/1205/1443
f 1009/1394/1442 994/1189/1427 1010/1205/1443
f 1010/1205/1443 994/1189/1427 993/1188/1426
f 990/1185/1423 996/1191/1429 993/1188/1426
f 993/1188/1426 996/1191/1429 1010/1205/1443
f 996/1191/1429 1001/1196/1434 1010/1205/1443
f 1010/1205/1443 1001/1196/1434 1008/1203/1441
f 976/1171/1409 973/1168/1406 1011/1206/1444
f 1011/1206/1444 973/1168/1406 1012/1207/1445
f 973/1168/1406 972/1167/1405 1012/1207/1445
f 1012/1207/1445 972/1167/1405 1013/1208/1446
f 1014/1209/1447 1015/1210/1448 1013/1208/1446
f 1013/1208/1446 1015/1210/1448 1012/1207/1445
f 1015/1210/1448 1016/1211/1449 1012/1207/1445
f 1012/1207/1445 1016/1211/1449 1011/1206/1444
f 1015/1210/1448 1014/1209/1447 1017/1392/1450
f 1017/1392/1450 1014/1209/1447 1018/1213/1451
f 994/1189/1427 1009/1394/1442 1018/1213/1451
f 1018/1213/1451 1009/1394/1442 1017/1392/1450
f 1016/1211/1449 1015/1210/1448 1019/1214/1452
f 1019/1214/1452 1015/1210/1448 1017/1392/1450
f 1020/1215/1453 1014/1209/1447 1021/1216/1454
f 1021/1216/1454 1014/1209/1447 1013/1208/1446
f 972/1167/1405 978/1173/1411 1013/1208/1446
f 1013/1208/1446 978/1173/1411 1021/1216/1454
f 978/1173/1411 977/1390/1410 1021/1216/1454
f 1021/1216/1454 977/1390/1410 1022/1217/1455
f 1023/1218/1456 1020/1215/1453 1022/1217/1455
f 1022/1217/1455 1020/1215/1453 1021/1216/1454
f 977/1390/1410 1024/1389/1457 1022/1217/1455
f 1022/1217/1455 1024/1389/1457 1025/1388/1458
f 1026/1385/1459 1023/1218/1456 1025/1388/1458
f 1025/1388/1458 1023/1218/1456 1022/1217/1455
f 985/1180/1418 982/1177/1415 1027/1222/1460
f 1027/1222/1460 982/1177/1415 1028/1223/1461
f 982/1177/1415 981/1176/1414 1028/1223/1461
f 1028/1223/1461 981/1176/1414 1029/1224/1462
f 1023/1218/1456 1026/1385/1459 1029/1224/1462
f 1029/1224/1462 1026/1385/1459 1028/1223/1461
f 981/1176/1414 995/1190/1428 1029/1224/1462
f 1029/1224/1462 995/1190/1428 1030/1225/1463
f 995/1190/1428 994/1189/1427 1030/1225/1463
f 1030/1225/1463 994/1189/1427 1018/1213/1451
f 1014/1209/1447 1020/1215/1453 1018/1213/1451
f 1018/1213/1451 1020/1215/1453 1030/1225/1463
f 1020/1215/1453 1023/1218/1456 1030/1225/1463
f 1030/1225/1463 1023/1218/1456 1029/1224/1462
f 1031/1226/1464 1032/1227/1465 1033/1378/1466
f 1032/1227/1465 1031/1226/1464 1034/1229/1467
f 1034/1229/1467 1031/1226/1464 1035/1230/1468
f 1036/1231/1469 1037/1232/1470 1035/1230/1468
f 1035/1230/1468 1037/1232/1470 1034/1229/1467
f 1038/1233/1471 1039/1368/1472 1040/1235/1473
f 1040/1235/1473 1039/1368/1472 1041/1236/1474
f 1039/1368/1472 1042/1237/1475 1041/1236/1474
f 1041/1236/1474 1042/1237/1475 1043/1238/1476
f 1044/1239/1477 1045/1240/1478 1043/1238/1476
f 1043/1238/1476 1045/1240/1478 1041/1236/1474
f 1042/1237/1475 1046/1241/1479 1043/1238/1476
f 1043/1238/1476 1046/1241/1479 1047/1242/1480
f 1046/1241/1479 1036/1231/1469 1047/1242/1480
f 1047/1242/1480 1036/1231/1469 1035/1230/1468
f 1031/1226/1464 1048/1243/1481 1035/1230/1468
f 1035/1230/1468 1048/1243/1481 1047/1242/1480
f 1048/1243/1481 1044/1239/1477 1047/1242/1480
f 1047/1242/1480 1044/1239/1477 1043/1238/1476
f 1048/1243/1481 1031/1226/1464 1049/1244/1482
f 1049/1244/1482 1031/1226/1464 1033/1378/1466
f 1051/1245/1483 1050/1376/1484 1033/1378/1466
f 1033/1378/1466 1050/1376/1484 1049/1244/1482
f 1050/1376/1484 1052/1375/1485 1049/1244/1482
f 1049/1244/1482 1052/1375/1485 1053/1248/1486
f 1044/1239/1477 1048/1243/1481 1053/1248/1486
f 1053/1248/1486 1048/1243/1481 1049/1244/1482
f 1052/1375/1485 1054/1374/1487 1053/1248/1486
f 1053/1248/1486 1054/1374/1487 1055/1373/1488
f 1045/1240/1478 1044/1239/1477 1055/1373/1488
f 1055/1373/1488 1044/1239/1477 1053/1248/1486
f 1056/1251/1489 1057/1252/1490 1058/1353/1491
f 1058/1353/1491 1057/1252/1490 1059/1254/1492
f 1057/1252/1490 1060/1255/1493 1059/1254/1492
f 1057/1252/1490 1056/1251/1489 1061/1256/1494
f 1061/1256/1494 1056/1251/1489 1062/1257/1495
f 1036/1231/1469 1046/1241/1479 1062/1257/1495
f 1062/1257/1495 1046/1241/1479 1061/1256/1494
f 1046/1241/1479 1042/1237/1475 1061/1256/1494
f 1061/1256/1494 1042/1237/1475 1063/1258/1496
f 1060/1255/1493 1057/1252/1490 1063/1258/1496
f 1063/1258/1496 1057/1252/1490 1061/1256/1494
f 1042/1237/1475 1039/1368/1472 1063/1258/1496
f 1064/1259/1497 1065/1260/1498 1066/1366/1499
f 1068/1262/1500 1067/1367/1501 1069/1264/1502
f 1069/1264/1502 1067/1367/1501 1070/1362/1503
f 1071/1266/1504 1072/1267/1505 1070/1362/1503
f 1070/1362/1503 1072/1267/1505 1069/1264/1502
f 1072/1267/1505 1064/1259/1497 1069/1264/1502
f 1069/1264/1502 1064/1259/1497 1066/1366/1499
f 1066/1366/1499 1068/1262/1500 1069/1264/1502
f 1073/1268/1506 1004/1199/1437 1002/1197/1435
f 999/1194/1432 1074/1269/1507 1002/1197/1435
f 1002/1197/1435 1074/1269/1507 1073/1268/1506
f 1074/1269/1507 1075/1270/1508 1073/1268/1506
f 1074/1269/1507 999/1194/1432 1076/1271/1509
f 1076/1271/1509 999/1194/1432 998/1193/1431
f 987/1358/1421 1077/1272/1510 998/1193/1431
f 998/1193/1431 1077/1272/1510 1076/1271/1509
f 1077/1272/1510 1078/1273/1511 1076/1271/1509
f 1076/1271/1509 1078/1273/1511 1079/1274/1512
f 1075/1270/1508 1074/1269/1507 1079/1274/1512
f 1079/1274/1512 1074/1269/1507 1076/1271/1509
f 1078/1273/1511 1080/1275/1513 1079/1274/1512
f 1079/1274/1512 1080/1275/1513 1081/1361/1514
f 1080/1275/1513 1071/1266/1504 1081/1361/1514
f 1081/1361/1514 1071/1266/1504 1070/1362/1503
f 1081/1361/1514 1075/1270/1508 1079/1274/1512
f 1078/1273/1511 1077/1272/1510 1082/1357/1515
f 1082/1357/1515 1077/1272/1510 1083/1278/1516
f 1077/1272/1510 987/1358/1421 1083/1278/1516
f 1085/1279/1517 1084/1351/1518 1086/1281/1519
f 1086/1281/1519 1084/1351/1518 1087/1282/1520
f 1071/1266/1504 1080/1275/1513 1087/1282/1520
f 1087/1282/1520 1080/1275/1513 1086/1281/1519
f 1080/1275/1513 1078/1273/1511 1086/1281/1519
f 1086/1281/1519 1078/1273/1511 1082/1357/1515
f 1082/1357/1515 1085/1279/1517 1086/1281/1519
f 1037/1232/1470 1036/1231/1469 1088/1283/1521
f 1088/1283/1521 1036/1231/1469 1062/1257/1495
f 1056/1251/1489 1089/1284/1522 1062/1257/1495
f 1062/1257/1495 1089/1284/1522 1088/1283/1521
f 1089/1284/1522 1090/1285/1523 1088/1283/1521
f 1089/1284/1522 1056/1251/1489 1091/1286/1524
f 1091/1286/1524 1056/1251/1489 1058/1353/1491
f 1058/1353/1491 1065/1260/1498 1091/1286/1524
f 1065/1260/1498 1064/1259/1497 1091/1286/1524
f 1091/1286/1524 1064/1259/1497 1092/1287/1525
f 1090/1285/1523 1089/1284/1522 1092/1287/1525
f 1092/1287/1525 1089/1284/1522 1091/1286/1524
f 1064/1259/1497 1072/1267/1505 1092/1287/1525
f 1092/1287/1525 1072/1267/1505 1093/1288/1526
f 1072/1267/1505 1071/1266/1504 1093/1288/1526
f 1093/1288/1526 1071/1266/1504 1087/1282/1520
f 1084/1351/1518 1094/1350/1527 1087/1282/1520
f 1087/1282/1520 1094/1350/1527 1093/1288/1526
f 1094/1350/1527 1090/1285/1523 1093/1288/1526
f 1093/1288/1526 1090/1285/1523 1092/1287/1525
s 21
g textureEditorIsolateSelectSet polySurface5 polySurface28
f 914/1290/1528 913/1291/1529 974/1169/1530 975/1407/1531
s off
f 915/1292/1532 914/1290/1533 975/1407/1534 976/1396/1535
f 917/1293/1536 916/1294/1537 977/1172/1538 979/1406/1539
s 21
f 918/1295/1540 917/1293/1541 979/1406/1542 980/1405/1543
f 913/1291/1529 918/1295/1540 980/1405/1543 974/1169/1530
s 22
f 920/1296/1544 919/1297/1545 984/1179/1546 985/1387/1547
f 919/1297/1545 921/1298/1548 986/1181/1549 984/1179/1546
f 922/1299/1550 923/1300/1551 987/1183/1552 988/1402/1553
f 921/1298/1548 922/1299/1550 988/1402/1553 986/1181/1549
s 23
f 924/1301/1554 925/1302/1555 1005/1200/1556 1004/1364/1557
s off
f 926/1303/1558 927/1304/1559 1007/1202/1560 1006/1400/1561
s 23
f 925/1302/1555 926/1303/1562 1006/1400/1563 1005/1200/1556
s 24
f 927/1304/1564 928/1305/1565 1008/1397/1566 1007/1202/1567
f 928/1305/1565 929/1306/1568 1009/1204/1569 1008/1397/1566
s 25
f 930/1307/1570 915/1292/1571 976/1396/1572 1011/1395/1573
f 931/1308/1574 930/1307/1570 1011/1395/1573 1016/1393/1575
s off
f 929/1306/1576 932/1309/1577 1017/1212/1578 1009/1204/1579
s 25
f 933/1310/1580 931/1308/1574 1016/1393/1575 1019/1391/1581
s off
f 932/1309/1582 933/1310/1583 1019/1391/1584 1017/1212/1585
f 916/1294/1586 934/1311/1587 1024/1219/1588 977/1172/1589
s 26
f 934/1311/1590 935/1312/1591 1025/1220/1592 1024/1219/1593
f 935/1312/1591 936/1313/1594 1026/1221/1595 1025/1220/1592
s off
f 937/1314/1596 920/1296/1597 985/1387/1598 1027/1386/1599
f 938/1315/1600 937/1314/1601 1027/1386/1602 1028/1384/1603
s 26
f 936/1313/1594 938/1315/1604 1028/1384/1605 1026/1221/1595
s off
f 939/1316/1606 940/1317/1607 1033/1228/1608 1032/1383/1609
s 27
f 941/1318/1610 939/1316/1611 1032/1383/1612 1034/1382/1613
f 942/1319/1614 941/1318/1610 1034/1382/1613 1037/1355/1615
s off
f 943/1320/1616 944/1321/1617 1039/1234/1618 1038/1381/1619
f 945/1322/1620 943/1320/1621 1038/1381/1622 1040/1380/1623
f 946/1323/1624 945/1322/1625 1040/1380/1626 1041/1379/1627
s 28
f 947/1324/1628 946/1323/1629 1041/1379/1630 1045/1372/1631
s 29
f 948/1325/1632 949/1326/1633 1050/1246/1634 1051/1377/1635
s off
f 940/1317/1636 948/1325/1637 1051/1377/1638 1033/1228/1639
s 29
f 949/1326/1633 950/1327/1640 1052/1247/1641 1050/1246/1634
f 950/1327/1640 951/1328/1642 1054/1249/1643 1052/1247/1641
s 28
f 951/1328/1644 952/1329/1645 1055/1250/1646 1054/1249/1647
f 952/1329/1645 947/1324/1628 1045/1372/1631 1055/1250/1646
s off
f 954/1330/1648 953/1331/1649 1058/1253/1650 1059/1371/1651
f 955/1332/1652 954/1330/1653 1059/1371/1654 1060/1370/1655
f 956/1333/1656 955/1332/1657 1060/1370/1658 1063/1369/1659
f 944/1321/1660 956/1333/1661 1063/1369/1662 1039/1234/1663
s 30
f 957/1334/1664 958/1335/1665 1066/1261/1666 1065/1352/1667
s off
f 959/1336/1668 960/1337/1669 1067/1263/1670 1068/1365/1671
f 960/1337/1672 961/1338/1673 1070/1265/1674 1067/1263/1675
s 30
f 958/1335/1665 959/1336/1676 1068/1365/1677 1066/1261/1666
s 23
f 962/1339/1678 924/1301/1554 1004/1364/1557 1073/1363/1679
f 963/1340/1680 962/1339/1678 1073/1363/1679 1075/1360/1681
s off
f 961/1338/1682 964/1341/1683 1081/1276/1684 1070/1265/1685
s 23
f 964/1341/1686 963/1340/1680 1075/1360/1681 1081/1276/1687
s off
f 966/1342/1688 965/1343/1689 1082/1277/1690 1083/1359/1691
f 923/1300/1692 966/1342/1693 1083/1359/1694 987/1183/1695
s 31
f 967/1344/1696 968/1345/1697 1084/1280/1698 1085/1356/1699
s off
f 965/1343/1700 967/1344/1701 1085/1356/1702 1082/1277/1703
s 27
f 969/1346/1704 942/1319/1614 1037/1355/1615 1088/1354/1705
s off
f 970/1347/1706 969/1346/1707 1088/1354/1708 1090/1349/1709
s 30
f 953/1331/1710 957/1334/1664 1065/1352/1667 1058/1253/1711
s 31
f 968/1345/1697 971/1348/1712 1094/1289/1713 1084/1280/1698
f 971/1348/1712 970/1347/1714 1090/1349/1715 1094/1289/1713
g default
v -587.090332 116.798775 49.715107
v -650.126709 116.798775 74.572639
v -527.384521 116.798775 24.857569
v -474.339355 116.798775 49.715092
v -368.248535 116.798775 149.145203
v -368.248535 116.798775 99.430145
v -421.293945 116.798775 74.572624
v -419.628662 116.798775 24.857565
v -645.935059 116.798775 129.052292
v -696.395996 116.798775 156.667191
v -803.969238 116.798775 155.182907
v -792.149414 116.798775 205.875336
v -746.821045 116.798775 182.496933
v -777.039551 116.798775 255.686188
v -758.704102 116.798775 304.402100
v -737.221680 116.798775 351.814606
v -712.684570 116.798775 397.720490
v -685.197754 116.798775 441.923370
v -654.878174 116.798775 484.233734
v -621.856934 116.798775 524.470642
v -586.274170 116.798775 562.461670
v -548.283203 116.798775 598.044189
v -508.046387 116.798775 631.065674
v -458.393311 116.798775 597.611938
v -465.736084 116.798775 661.385010
v -408.211914 116.798775 566.369080
v -354.772461 116.798775 524.401123
v -302.121338 116.798775 482.044769
v -247.410767 116.798775 387.283447
v -199.360962 116.798775 353.773621
v -196.030640 116.798775 298.290344
v -239.085083 116.798775 273.432800
v -251.573608 116.798775 444.208801
v -325.194336 116.798775 174.002716
v -282.139648 116.798775 198.860229
v -239.085083 116.798775 223.717758
v -593.751221 1025.157227 99.430161
v -587.090332 1025.157227 49.715107
v -650.126709 1025.157227 74.572639
v -527.384521 1025.157227 24.857569
v -532.380127 1025.157227 74.572632
v -537.375488 1025.157227 124.287689
v -481.000000 1025.157227 149.145203
v -477.669434 1025.157227 99.430153
v -474.339355 1025.157227 49.715092
v -422.958984 1025.157227 124.287682
v -424.624268 1025.157104 174.002731
v -368.248535 1025.157104 198.860245
v -368.248535 1025.157227 149.145203
v -368.248535 1025.157227 99.430145
v -421.293945 1025.157227 74.572624
v -419.628662 1025.157227 24.857565
v -587.090332 1025.157227 210.396698
v -590.420898 1025.157227 154.913422
v -641.743164 1025.157227 183.531952
v -645.935059 1025.157227 129.052292
v -696.395996 1025.157227 156.667191
v -803.969238 1025.157349 155.182907
v -792.149414 1025.157349 205.875336
v -746.821045 1025.157349 182.496933
v -739.219727 1025.157227 234.747314
v -686.289795 1025.157227 263.619263
v -691.343018 1025.157227 210.143219
v -637.551514 1025.157227 238.011581
v -633.359863 1025.157227 292.491241
v -580.429932 1025.157227 321.363190
v -583.760254 1025.157227 265.879974
v -677.087158 1025.157227 317.737244
v -726.257080 1025.157227 286.437958
v -777.039551 1025.157227 255.686188
v -758.704102 1025.157227 304.402100
v -713.294434 1025.157227 338.128662
v -667.884521 1025.157227 371.855164
v -737.221680 1025.157227 351.814606
v -698.538086 1025.157227 389.552917
v -712.684570 1025.157227 397.720490
v -685.197754 1025.157227 441.923370
v -654.878174 1025.157227 484.233734
v -661.381348 1025.157227 428.044464
v -623.097412 1025.157227 465.115784
v -621.856934 1025.157227 524.470642
v -586.274170 1025.157349 562.461670
v -584.813232 1025.157227 502.187042
v -583.352051 1025.157104 441.912445
v -625.618408 1025.157227 406.883820
v -581.890869 1025.157227 381.637817
v -629.489014 1025.157227 349.687500
v -539.567139 1025.157227 473.026642
v -543.363770 1025.157227 534.895142
v -548.283203 1025.157349 598.044189
v -508.046387 1025.157227 631.065674
v -501.914307 1025.157227 567.603271
v -495.782227 1025.157227 504.140778
v -458.393311 1025.157349 597.611938
v -465.736084 1025.157227 661.385010
v -408.211914 1025.157349 566.369080
v -451.997070 1025.157227 535.254944
v -401.551270 1025.157227 505.117615
v -446.636230 1025.157227 474.247650
v -394.890869 1025.157227 443.866119
v -441.275635 1025.157227 413.240387
v -487.660400 1025.157227 382.614655
v -491.721191 1025.157227 443.377716
v -536.806152 1025.157227 412.507782
v -534.045166 1025.157227 351.988922
v -485.995361 1025.157227 324.247284
v -437.112793 1025.157227 353.430969
v -388.230225 1025.157227 382.614655
v -381.569824 1025.157227 321.363190
v -432.949951 1025.157227 293.621552
v -484.330322 1025.157227 265.879944
v -374.909424 1025.157227 260.111694
v -428.787109 1025.157227 233.812149
v -482.665039 1025.157227 207.512573
v -536.542969 1025.157227 181.213013
v -535.710449 1025.157227 238.138321
v -534.877686 1025.157227 295.063629
v -302.121338 1025.157227 482.044769
v -354.772461 1025.157227 524.401123
v -348.505859 1025.157227 462.955444
v -199.360962 1025.157227 353.773621
v -247.410767 1025.157227 387.283447
v -243.247925 1025.157227 330.358124
v -196.030640 1025.157227 298.290344
v -239.085083 1025.157227 273.432800
v -282.139648 1025.157227 248.575287
v -287.135010 1025.157227 306.942657
v -292.130371 1025.157227 365.310028
v -331.022217 1025.157227 283.527191
v -325.194336 1025.157104 223.717758
v -336.850098 1025.157227 343.336609
v -342.677979 1025.157227 403.146027
v -297.125732 1025.157227 423.677399
v -251.573608 1025.157227 444.208801
v -325.194336 1025.157227 174.002716
v -282.139648 1025.157349 198.860229
v -239.085083 1025.157349 223.717758
vt 0.143853 0.440013
vt 0.147886 0.470109
vt 0.910077 0.762180
vt 0.184030 0.485157
vt 0.181006 0.455061
vt 0.177982 0.424965
vt 0.212110 0.409916
vt 0.214126 0.440013
vt 0.216142 0.470109
vt 0.247247 0.424965
vt 0.246239 0.394868
vt 0.280367 0.379820
vt 0.280367 0.409917
vt 0.842829 0.892832
vt 0.863294 0.878345
vt 0.249263 0.485157
vt 0.147886 0.372836
vt 0.145870 0.406425
vt 0.114800 0.389099
vt 0.905634 0.739247
vt 0.896756 0.716249
vt 0.016592 0.406261
vt 0.848456 0.660769
vt 0.051189 0.389726
vt 0.055790 0.358095
vt 0.087833 0.340617
vt 0.084774 0.372990
vt 0.117338 0.356119
vt 0.119875 0.323138
vt 0.151918 0.305660
vt 0.149902 0.339248
vt 0.093404 0.307855
vt 0.063638 0.326803
vt 0.828682 0.650006
vt 0.807471 0.642641
vt 0.071485 0.295510
vt 0.098975 0.275093
vt 0.785376 0.638835
vt 0.080418 0.264379
vt 0.762991 0.638670
vt 0.740869 0.642024
vt 0.719544 0.648821
vt 0.102912 0.241078
vt 0.126088 0.218636
vt 0.699516 0.658922
vt 0.681299 0.672121
vt 0.149264 0.196193
vt 0.150149 0.232682
vt 0.124562 0.253888
vt 0.151033 0.269171
vt 0.122219 0.288513
vt 0.176655 0.213847
vt 0.174357 0.176393
vt 0.665397 0.688124
vt 0.652264 0.706560
vt 0.199449 0.156592
vt 0.203161 0.195011
vt 0.225796 0.138426
vt 0.642349 0.726940
vt 0.633933 0.779334
vt 0.229668 0.176175
vt 0.260206 0.194419
vt 0.232913 0.213107
vt 0.264239 0.231500
vt 0.236158 0.250040
vt 0.208078 0.268580
vt 0.205620 0.231795
vt 0.178327 0.250483
vt 0.179998 0.287120
vt 0.209086 0.303914
vt 0.238678 0.286247
vt 0.268271 0.268580
vt 0.272303 0.305660
vt 0.241199 0.322454
vt 0.210094 0.339248
vt 0.276335 0.342740
vt 0.243719 0.358661
vt 0.211102 0.374582
vt 0.178486 0.390503
vt 0.178990 0.356042
vt 0.179494 0.321581
vt 0.288525 0.182746
vt 0.649499 0.834934
vt 0.292319 0.219943
vt 0.353519 0.265753
vt 0.700377 0.890376
vt 0.356040 0.300215
vt 0.721356 0.901436
vt 0.741247 0.907882
vt 0.332496 0.349724
vt 0.329471 0.314390
vt 0.326447 0.279056
vt 0.302903 0.328565
vt 0.306431 0.364772
vt 0.299375 0.292358
vt 0.295847 0.256151
vt 0.323423 0.243721
vt 0.664191 0.857520
vt 0.306431 0.394868
vt 0.332496 0.379820
vt 0.358560 0.364772
vt 0.831035 0.786993
vt 0.830920 0.774964
vt 0.828335 0.798202
vt 0.821018 0.806028
vt 0.787756 0.820401
vt 0.797322 0.820718
vt 0.807334 0.816709
vt 0.814906 0.813462
vt 0.824660 0.766447
vt 0.823509 0.755061
vt 0.819358 0.733555
vt 0.814103 0.730136
vt 0.818611 0.742025
vt 0.805267 0.726389
vt 0.795977 0.723583
vt 0.786436 0.721636
vt 0.776745 0.720731
vt 0.766398 0.721509
vt 0.756131 0.723215
vt 0.746020 0.725697
vt 0.736234 0.729056
vt 0.727730 0.733320
vt 0.719853 0.738394
vt 0.714290 0.745040
vt 0.711883 0.755471
vt 0.711941 0.766772
vt 0.714010 0.779813
vt 0.716165 0.792967
vt 0.729947 0.810437
vt 0.734703 0.820790
vt 0.742891 0.826843
vt 0.751932 0.822951
vt 0.721057 0.803981
vt 0.778509 0.823424
vt 0.769385 0.825764
vt 0.760272 0.826393
vt 0.358560 0.334676
vt 0.761981 0.911200
vt 0.782959 0.911263
vt 0.803685 0.908149
vt 0.823745 0.901997
vt 0.680580 0.875201
vt 0.350999 0.231292
vt 0.320399 0.208387
vt 0.384624 0.319628
vt 0.382608 0.286039
vt 0.256174 0.157339
vt 0.638588 0.808102
vt 0.635402 0.753873
vt 0.221351 0.099819
vt 0.195737 0.118173
vt 0.171379 0.138164
vt 0.148380 0.159705
vt 0.126839 0.182703
vt 0.106848 0.207062
vt 0.088494 0.232676
vt 0.071854 0.259435
vt 0.057000 0.287225
vt 0.043995 0.315928
vt 0.032895 0.345419
vt 0.023748 0.375573
vt 0.081715 0.405363
vt 0.884401 0.695318
vt 0.866233 0.674683
vt 0.112263 0.422080
vt 0.109725 0.455061
vt 0.878487 0.863233
vt 0.248255 0.455061
vt 0.893351 0.842006
vt 0.280367 0.440013
vt 0.903772 0.818819
vt 0.909970 0.791475
vn 0.000000 1.000000 0.000000
vn 0.000000 1.000000 0.000001
vn 0.000000 1.000000 0.000001
vn 0.000000 1.000000 0.000000
vn 0.000000 1.000000 -0.000000
vn 0.000000 1.000000 -0.000000
vn 0.000001 1.000000 -0.000000
vn 0.000000 1.000000 0.000000
vn 0.000000 1.000000 0.000001
vn -0.000000 1.000000 0.000001
vn 0.000001 1.000000 -0.000000
vn -0.000000 1.000000 0.000000
vn -0.000001 1.000000 0.000001
vn 0.000000 1.000000 0.000000
vn 0.000000 1.000000 0.000000
vn 0.000000 1.000000 -0.000001
vn 0.000000 1.000000 -0.000001
vn 0.000000 1.000000 -0.000001
vn 0.000000 1.000000 -0.000000
vn 0.000000 1.000000 0.000000
vn 0.000001 1.000000 -0.000000
vn 0.000000 1.000000 0.000000
vn 0.000001 1.000000 0.000002
vn 0.000001 1.000000 0.000002
vn 0.000001 1.000000 0.000001
vn 0.000000 1.000000 -0.000000
vn 0.000001 1.000000 -0.000000
vn 0.000000 1.000000 0.000001
vn 0.000000 1.000000 0.000000
vn 0.000000 1.000000 -0.000000
vn 0.000000 1.000000 0.000000
vn 0.000000 1.000000 -0.000001
vn 0.000000 1.000000 -0.000001
vn 0.000001 1.000000 0.000000
vn 0.000000 1.000000 -0.000000
vn 0.000000 1.000000 0.000001
vn 0.000000 1.000000 -0.000000
vn 0.000000 1.000000 0.000003
vn 0.000000 1.000000 0.000001
vn 0.000000 1.000000 0.000000
vn 0.000000 1.000000 0.000001
vn 0.000000 1.000000 -0.000001
vn 0.000000 1.000000 -0.000000
vn 0.000001 1.000000 -0.000001
vn -0.000001 1.000000 0.000000
vn 0.000001 1.000000 -0.000002
vn 0.000000 1.000000 0.000000
vn 0.000000 1.000000 -0.000000
vn 0.000001 1.000000 -0.000001
vn -0.000000 1.000000 0.000000
vn 0.000000 1.000000 -0.000000
vn -0.000001 1.000000 -0.000000
vn 0.000001 1.000000 -0.000001
vn 0.000002 1.000000 -0.000002
vn -0.000000 1.000000 0.000001
vn -0.000000 1.000000 -0.000000
vn 0.000000 1.000000 -0.000000
vn -0.000002 1.000000 -0.000001
vn -0.000001 1.000000 0.000002
vn -0.000001 1.000000 -0.000001
vn -0.000001 1.000000 -0.000000
vn -0.000000 1.000000 0.000001
vn 0.000000 1.000000 -0.000000
vn 0.000000 1.000000 0.000000
vn 0.000000 1.000000 0.000000
vn 0.000000 1.000000 0.000000
vn 0.000000 1.000000 -0.000001
vn -0.000001 1.000000 -0.000000
vn 0.000000 1.000000 0.000000
vn 0.000000 1.000000 0.000000
vn 0.000000 1.000000 0.000000
vn 0.000000 1.000000 0.000000
vn 0.000000 1.000000 0.000001
vn 0.000000 1.000000 0.000000
vn 0.000000 1.000000 0.000000
vn 0.000000 1.000000 -0.000000
vn 0.000000 1.000000 -0.000000
vn 0.000001 1.000000 0.000000
vn 0.000000 1.000000 -0.000000
vn 0.000000 1.000000 0.000000
vn 0.000000 1.000000 -0.000000
vn 0.000000 1.000000 0.000000
vn 0.000000 1.000000 -0.000000
vn 0.000000 1.000000 -0.000000
vn 0.000000 1.000000 -0.000000
vn 0.000000 1.000000 -0.000001
vn 0.000000 1.000000 0.000000
vn 0.000000 1.000000 -0.000001
vn -0.000000 1.000000 0.000000
vn -0.000001 1.000000 0.000000
vn 0.000000 1.000000 0.000000
vn 0.000000 1.000000 0.000000
vn -0.000000 1.000000 -0.000000
vn -0.000001 1.000000 -0.000000
vn 0.000000 1.000000 0.000000
vn 0.000000 1.000000 -0.000000
vn 0.000000 1.000000 0.000000
vn 0.000000 1.000000 -0.000000
vn -0.000002 1.000000 0.000002
vn -0.000003 1.000000 0.000001
vn -0.000001 1.000000 0.000002
vn -0.375412 0.000000 -0.926858
vn -0.366844 0.000000 -0.930283
vn -0.366844 0.000000 -0.930283
vn -0.375412 0.000000 -0.926858
vn -0.384353 0.000000 -0.923186
vn -0.384353 0.000000 -0.923186
vn 0.424330 0.000000 -0.905508
vn 0.424330 0.000000 -0.905508
vn 0.424330 0.000000 -0.905508
vn 0.424330 0.000000 -0.905508
vn 1.000000 0.000000 0.000000
vn 1.000000 0.000000 0.000000
vn 1.000000 0.000000 0.000000
vn 1.000000 0.000000 0.000000
vn 0.424329 0.000000 -0.905508
vn 0.424329 0.000000 -0.905508
vn 0.424329 0.000000 -0.905508
vn 0.424329 0.000000 -0.905508
vn -0.413652 0.000000 -0.910435
vn -0.413652 0.000000 -0.910435
vn -0.413652 0.000000 -0.910435
vn -0.413652 0.000000 -0.910435
vn 0.999440 0.000000 0.033478
vn 0.999440 0.000000 0.033478
vn 0.999440 0.000000 0.033478
vn 0.999440 0.000000 0.033478
vn -0.997053 0.000000 0.076713
vn -0.997053 0.000000 0.076713
vn -0.997053 0.000000 0.076713
vn -0.997053 0.000000 0.076713
vn -0.480068 0.000000 -0.877231
vn -0.468123 0.000000 -0.883663
vn -0.468123 0.000000 -0.883663
vn -0.480068 0.000000 -0.877231
vn -0.973877 0.000000 0.227076
vn -0.965926 0.000000 0.258818
vn -0.965926 0.000000 0.258818
vn -0.973877 0.000000 0.227076
vn 0.431228 0.000000 -0.902243
vn 0.431228 0.000000 -0.902243
vn 0.431228 0.000000 -0.902243
vn 0.431228 0.000000 -0.902243
vn -0.455908 0.000000 -0.890027
vn -0.455908 0.000000 -0.890027
vn -0.946930 0.000000 0.321439
vn -0.946930 0.000000 0.321439
vn -0.923879 0.000000 0.382685
vn -0.923879 0.000000 0.382685
vn -0.896873 0.000000 0.442289
vn -0.896873 0.000000 0.442289
vn -0.866027 0.000000 0.499997
vn -0.866027 0.000000 0.499997
vn -0.831469 0.000000 0.555571
vn -0.831469 0.000000 0.555571
vn -0.793353 0.000000 0.608762
vn -0.793353 0.000000 0.608762
vn -0.751840 0.000000 0.659346
vn -0.751840 0.000000 0.659346
vn -0.707106 0.000000 0.707108
vn -0.707106 0.000000 0.707108
vn -0.659346 0.000000 0.751840
vn -0.659346 0.000000 0.751840
vn -0.608763 0.000000 0.793352
vn -0.608763 0.000000 0.793352
vn -0.582481 0.000000 0.812844
vn -0.582481 0.000000 0.812844
vn 0.993437 0.000000 0.114383
vn 0.993437 0.000000 0.114383
vn 0.993437 0.000000 0.114383
vn 0.993437 0.000000 0.114383
vn 0.528532 0.000000 0.848913
vn 0.577034 0.000000 0.816720
vn 0.577034 0.000000 0.816720
vn 0.528532 0.000000 0.848913
vn 0.622226 0.000000 0.782838
vn 0.613590 0.000000 0.789624
vn 0.613590 0.000000 0.789624
vn 0.622226 0.000000 0.782838
vn 0.572029 0.000000 0.820233
vn 0.572029 0.000000 0.820233
vn 0.572029 0.000000 0.820233
vn 0.572029 0.000000 0.820233
vn 0.998204 0.000000 0.059916
vn 0.998204 0.000000 0.059916
vn 0.998204 0.000000 0.059916
vn 0.998204 0.000000 0.059916
vn 0.500001 0.000000 -0.866025
vn 0.500001 0.000000 -0.866025
vn 0.500001 0.000000 -0.866025
vn 0.500001 0.000000 -0.866025
vn 0.599241 0.000000 0.800569
vn 0.599241 0.000000 0.800569
vn 0.997337 0.000000 0.072933
vn 0.997337 0.000000 0.072933
vn 0.997337 0.000000 0.072933
vn 0.997337 0.000000 0.072933
vn 0.500000 0.000000 -0.866025
vn 0.500002 0.000000 -0.866024
vn 0.500002 0.000000 -0.866024
vn 0.500000 0.000000 -0.866025
vn 0.499999 0.000000 -0.866026
vn 0.499999 0.000000 -0.866026
vn 0.500000 0.000000 -0.866026
vn 0.500000 0.000000 -0.866026
vn 1.000000 0.000000 0.000000
vn 1.000000 0.000000 0.000000
vn 1.000000 0.000000 0.000000
vn 1.000000 0.000000 0.000000
s 1
g polySurface5 polySurface37
f 1131/1408/1716 1132/1409/1717 1133/1574/1718
f 1134/1411/1719 1132/1409/1717 1135/1412/1720
f 1132/1409/1717 1131/1408/1716 1135/1412/1720
f 1135/1412/1720 1131/1408/1716 1136/1413/1721
f 1137/1414/1722 1138/1415/1723 1136/1413/1721
f 1136/1413/1721 1138/1415/1723 1135/1412/1720
f 1138/1415/1723 1139/1416/1724 1135/1412/1720
f 1135/1412/1720 1139/1416/1724 1134/1411/1719
f 1138/1415/1723 1137/1414/1722 1140/1417/1725
f 1140/1417/1725 1137/1414/1722 1141/1418/1726
f 1142/1419/1727 1143/1420/1728 1141/1418/1726
f 1141/1418/1726 1143/1420/1728 1140/1417/1725
f 1143/1420/1728 1144/1578/1729 1140/1417/1725
f 1140/1417/1725 1144/1578/1729 1145/1576/1730
f 1139/1416/1724 1138/1415/1723 1145/1576/1730
f 1145/1576/1730 1138/1415/1723 1140/1417/1725
f 1146/1423/1731 1139/1416/1724 1145/1576/1730
f 1147/1424/1732 1148/1425/1733 1149/1426/1734
f 1149/1426/1734 1148/1425/1733 1150/1573/1735
f 1148/1425/1733 1131/1408/1716 1150/1573/1735
f 1150/1573/1735 1131/1408/1716 1133/1574/1718
f 1150/1573/1735 1151/1570/1736 1149/1426/1734
f 1152/1429/1737 1153/1569/1738 1154/1431/1739
f 1154/1431/1739 1153/1569/1738 1155/1432/1740
f 1156/1433/1741 1157/1434/1742 1155/1432/1740
f 1155/1432/1740 1157/1434/1742 1154/1431/1739
f 1157/1434/1742 1151/1570/1736 1154/1431/1739
f 1157/1434/1742 1156/1433/1741 1158/1435/1743
f 1158/1435/1743 1156/1433/1741 1159/1436/1744
f 1160/1437/1745 1161/1438/1746 1159/1436/1744
f 1159/1436/1744 1161/1438/1746 1158/1435/1743
f 1161/1438/1746 1147/1424/1732 1158/1435/1743
f 1158/1435/1743 1147/1424/1732 1149/1426/1734
f 1151/1570/1736 1157/1434/1742 1149/1426/1734
f 1149/1426/1734 1157/1434/1742 1158/1435/1743
f 1162/1439/1747 1156/1433/1741 1163/1440/1748
f 1163/1440/1748 1156/1433/1741 1155/1432/1740
f 1153/1569/1738 1164/1568/1749 1155/1432/1740
f 1155/1432/1740 1164/1568/1749 1163/1440/1748
f 1164/1568/1749 1165/1567/1750 1163/1440/1748
f 1163/1440/1748 1165/1567/1750 1166/1443/1751
f 1167/1444/1752 1162/1439/1747 1166/1443/1751
f 1166/1443/1751 1162/1439/1747 1163/1440/1748
f 1165/1567/1750 1168/1566/1753 1166/1443/1751
f 1166/1443/1751 1168/1566/1753 1169/1446/1754
f 1168/1566/1753 1170/1565/1755 1169/1446/1754
f 1169/1446/1754 1170/1565/1755 1171/1564/1756
f 1172/1563/1757 1173/1450/1758 1171/1564/1756
f 1171/1564/1756 1173/1450/1758 1169/1446/1754
f 1173/1450/1758 1167/1444/1752 1169/1446/1754
f 1169/1446/1754 1167/1444/1752 1166/1443/1751
f 1173/1450/1758 1172/1563/1757 1174/1451/1759
f 1174/1451/1759 1172/1563/1757 1175/1562/1760
f 1176/1561/1761 1177/1454/1762 1175/1562/1760
f 1175/1562/1760 1177/1454/1762 1174/1451/1759
f 1177/1454/1762 1178/1455/1763 1174/1451/1759
f 1174/1451/1759 1178/1455/1763 1179/1456/1764
f 1167/1444/1752 1173/1450/1758 1179/1456/1764
f 1179/1456/1764 1173/1450/1758 1174/1451/1759
f 1178/1455/1763 1180/1457/1765 1179/1456/1764
f 1179/1456/1764 1180/1457/1765 1181/1458/1766
f 1180/1457/1765 1160/1437/1745 1181/1458/1766
f 1181/1458/1766 1160/1437/1745 1159/1436/1744
f 1156/1433/1741 1162/1439/1747 1159/1436/1744
f 1159/1436/1744 1162/1439/1747 1181/1458/1766
f 1162/1439/1747 1167/1444/1752 1181/1458/1766
f 1181/1458/1766 1167/1444/1752 1179/1456/1764
f 1178/1455/1763 1177/1454/1762 1182/1459/1767
f 1182/1459/1767 1177/1454/1762 1183/1460/1768
f 1177/1454/1762 1176/1561/1761 1183/1460/1768
f 1183/1460/1768 1176/1561/1761 1184/1560/1769
f 1185/1559/1770 1186/1463/1771 1184/1560/1769
f 1184/1560/1769 1186/1463/1771 1183/1460/1768
f 1186/1463/1771 1187/1464/1772 1183/1460/1768
f 1183/1460/1768 1187/1464/1772 1182/1459/1767
f 1186/1463/1771 1185/1559/1770 1188/1465/1773
f 1188/1465/1773 1185/1559/1770 1189/1558/1774
f 1188/1465/1773 1190/1555/1775 1191/1468/1776
f 1187/1464/1772 1186/1463/1771 1191/1468/1776
f 1191/1468/1776 1186/1463/1771 1188/1465/1773
f 1190/1555/1775 1192/1469/1777 1191/1468/1776
f 1191/1468/1776 1192/1469/1777 1193/1470/1778
f 1192/1469/1777 1194/1471/1779 1193/1470/1778
f 1193/1470/1778 1194/1471/1779 1195/1472/1780
f 1196/1473/1781 1197/1474/1782 1195/1472/1780
f 1195/1472/1780 1197/1474/1782 1193/1470/1778
f 1197/1474/1782 1187/1464/1772 1193/1470/1778
f 1193/1470/1778 1187/1464/1772 1191/1468/1776
f 1197/1474/1782 1196/1473/1781 1198/1475/1783
f 1198/1475/1783 1196/1473/1781 1199/1476/1784
f 1160/1437/1745 1180/1457/1765 1199/1476/1784
f 1199/1476/1784 1180/1457/1765 1198/1475/1783
f 1180/1457/1765 1178/1455/1763 1198/1475/1783
f 1198/1475/1783 1178/1455/1763 1182/1459/1767
f 1187/1464/1772 1197/1474/1782 1182/1459/1767
f 1182/1459/1767 1197/1474/1782 1198/1475/1783
f 1200/1477/1785 1196/1473/1781 1201/1478/1786
f 1201/1478/1786 1196/1473/1781 1195/1472/1780
f 1194/1471/1779 1202/1479/1787 1195/1472/1780
f 1195/1472/1780 1202/1479/1787 1201/1478/1786
f 1202/1479/1787 1203/1480/1788 1201/1478/1786
f 1201/1478/1786 1203/1480/1788 1204/1481/1789
f 1205/1482/1790 1200/1477/1785 1204/1481/1789
f 1204/1481/1789 1200/1477/1785 1201/1478/1786
f 1203/1480/1788 1206/1483/1791 1204/1481/1789
f 1204/1481/1789 1206/1483/1791 1207/1484/1792
f 1206/1483/1791 1142/1419/1727 1207/1484/1792
f 1207/1484/1792 1142/1419/1727 1141/1418/1726
f 1137/1414/1722 1208/1485/1793 1141/1418/1726
f 1141/1418/1726 1208/1485/1793 1207/1484/1792
f 1208/1485/1793 1205/1482/1790 1207/1484/1792
f 1207/1484/1792 1205/1482/1790 1204/1481/1789
f 1208/1485/1793 1137/1414/1722 1209/1486/1794
f 1209/1486/1794 1137/1414/1722 1136/1413/1721
f 1131/1408/1716 1148/1425/1733 1136/1413/1721
f 1136/1413/1721 1148/1425/1733 1209/1486/1794
f 1148/1425/1733 1147/1424/1732 1209/1486/1794
f 1209/1486/1794 1147/1424/1732 1210/1487/1795
f 1205/1482/1790 1208/1485/1793 1210/1487/1795
f 1210/1487/1795 1208/1485/1793 1209/1486/1794
f 1147/1424/1732 1161/1438/1746 1210/1487/1795
f 1210/1487/1795 1161/1438/1746 1211/1488/1796
f 1161/1438/1746 1160/1437/1745 1211/1488/1796
f 1211/1488/1796 1160/1437/1745 1199/1476/1784
f 1196/1473/1781 1200/1477/1785 1199/1476/1784
f 1199/1476/1784 1200/1477/1785 1211/1488/1796
f 1200/1477/1785 1205/1482/1790 1211/1488/1796
f 1211/1488/1796 1205/1482/1790 1210/1487/1795
f 1213/1489/1797 1212/1552/1798 1214/1491/1799
f 1194/1471/1779 1192/1469/1777 1214/1491/1799
f 1214/1491/1799 1192/1469/1777 1213/1489/1797
f 1192/1469/1777 1190/1555/1775 1213/1489/1797
f 1216/1492/1800 1215/1554/1801 1217/1494/1802
f 1215/1554/1801 1218/1553/1803 1217/1494/1802
f 1217/1494/1802 1218/1553/1803 1219/1545/1804
f 1220/1497/1805 1221/1498/1806 1219/1545/1804
f 1219/1545/1804 1221/1498/1806 1217/1494/1802
f 1221/1498/1806 1222/1499/1807 1217/1494/1802
f 1217/1494/1802 1222/1499/1807 1216/1492/1800
f 1221/1498/1806 1220/1497/1805 1223/1500/1808
f 1223/1500/1808 1220/1497/1805 1224/1501/1809
f 1142/1419/1727 1206/1483/1791 1224/1501/1809
f 1224/1501/1809 1206/1483/1791 1223/1500/1808
f 1206/1483/1791 1203/1480/1788 1223/1500/1808
f 1223/1500/1808 1203/1480/1788 1225/1502/1810
f 1222/1499/1807 1221/1498/1806 1225/1502/1810
f 1225/1502/1810 1221/1498/1806 1223/1500/1808
f 1203/1480/1788 1202/1479/1787 1225/1502/1810
f 1225/1502/1810 1202/1479/1787 1226/1503/1811
f 1202/1479/1787 1194/1471/1779 1226/1503/1811
f 1226/1503/1811 1194/1471/1779 1214/1491/1799
f 1212/1552/1798 1227/1504/1812 1214/1491/1799
f 1214/1491/1799 1227/1504/1812 1226/1503/1811
f 1227/1504/1812 1222/1499/1807 1226/1503/1811
f 1226/1503/1811 1222/1499/1807 1225/1502/1810
f 1227/1504/1812 1212/1552/1798 1228/1551/1813
f 1222/1499/1807 1227/1504/1812 1216/1492/1800
f 1216/1492/1800 1227/1504/1812 1228/1551/1813
f 1143/1420/1728 1142/1419/1727 1229/1506/1814
f 1229/1506/1814 1142/1419/1727 1224/1501/1809
f 1220/1497/1805 1230/1507/1815 1224/1501/1809
f 1224/1501/1809 1230/1507/1815 1229/1506/1814
f 1230/1507/1815 1220/1497/1805 1231/1508/1816
f 1231/1508/1816 1220/1497/1805 1219/1545/1804
s 18
g textureEditorIsolateSelectSet polySurface5 polySurface37
f 1095/1509/1817 1096/1510/1818 1133/1410/1819 1132/1580/1820
f 1097/1511/1821 1095/1509/1817 1132/1580/1820 1134/1579/1822
s off
f 1098/1512/1823 1097/1511/1824 1134/1579/1825 1139/1577/1826
f 1099/1513/1827 1100/1514/1828 1144/1421/1829 1143/1549/1830
f 1100/1514/1831 1101/1515/1832 1145/1422/1833 1144/1421/1834
f 1102/1516/1835 1098/1512/1836 1139/1577/1837 1146/1575/1838
f 1101/1515/1839 1102/1516/1840 1146/1575/1841 1145/1422/1842
f 1096/1510/1843 1103/1517/1844 1150/1427/1845 1133/1410/1846
s 19
f 1103/1517/1847 1104/1518/1848 1151/1428/1849 1150/1427/1850
s 20
f 1105/1519/1851 1106/1520/1852 1153/1430/1853 1152/1572/1854
s off
f 1107/1521/1855 1105/1519/1856 1152/1572/1857 1154/1571/1858
s 19
f 1104/1518/1848 1107/1521/1859 1154/1571/1860 1151/1428/1849
s 20
f 1106/1520/1852 1108/1522/1861 1164/1441/1862 1153/1430/1853
f 1108/1522/1861 1109/1523/1863 1165/1442/1864 1164/1441/1862
f 1109/1523/1863 1110/1524/1865 1168/1445/1866 1165/1442/1864
f 1110/1524/1865 1111/1525/1867 1170/1447/1868 1168/1445/1866
f 1111/1525/1867 1112/1526/1869 1171/1448/1870 1170/1447/1868
f 1112/1526/1869 1113/1527/1871 1172/1449/1872 1171/1448/1870
f 1113/1527/1871 1114/1528/1873 1175/1452/1874 1172/1449/1872
f 1114/1528/1873 1115/1529/1875 1176/1453/1876 1175/1452/1874
f 1115/1529/1875 1116/1530/1877 1184/1461/1878 1176/1453/1876
f 1116/1530/1877 1117/1531/1879 1185/1462/1880 1184/1461/1878
f 1117/1531/1879 1119/1532/1881 1189/1466/1882 1185/1462/1880
s off
f 1119/1532/1883 1118/1533/1884 1188/1557/1885 1189/1466/1886
s 21
f 1118/1533/1887 1120/1534/1888 1190/1467/1889 1188/1557/1890
f 1121/1535/1891 1122/1536/1892 1212/1490/1893 1213/1556/1894
f 1120/1534/1888 1121/1535/1891 1213/1556/1894 1190/1467/1889
s off
f 1123/1537/1895 1124/1538/1896 1215/1493/1897 1216/1550/1898
f 1124/1538/1899 1125/1539/1900 1218/1495/1901 1215/1493/1902
f 1125/1539/1903 1126/1540/1904 1219/1496/1905 1218/1495/1906
s 21
f 1122/1536/1892 1127/1541/1907 1228/1505/1908 1212/1490/1893
s off
f 1127/1541/1909 1123/1537/1910 1216/1550/1911 1228/1505/1912
s 23
f 1128/1542/1913 1099/1513/1914 1143/1549/1915 1229/1548/1916
f 1129/1543/1917 1128/1542/1913 1229/1548/1916 1230/1547/1918
f 1130/1544/1919 1129/1543/1917 1230/1547/1918 1231/1546/1920
s off
f 1126/1540/1921 1130/1544/1922 1231/1546/1923 1219/1496/1924
g default
v 440.035156 116.798775 382.614594
v 393.650269 116.798775 413.240356
v 347.265625 116.798775 443.866089
v 353.926270 116.798775 505.117615
v 360.586670 116.798775 566.369080
v 367.247314 116.798775 627.620544
v 373.907959 116.798775 688.872009
v 418.110718 116.798775 661.384949
v 460.421143 116.798775 631.065674
v 500.658081 116.798775 598.044128
v 538.649048 116.798775 562.461609
v 486.419922 116.798775 351.988861
v 574.231567 116.798775 524.470520
v 607.253052 116.798775 484.233673
v 637.572388 116.798775 441.923218
v 665.059326 116.798775 397.720398
v 689.596680 116.798775 351.814423
v 711.078979 116.798775 304.401978
v 729.414307 116.798775 255.686020
v 744.524292 116.798775 205.875168
v 756.344116 116.798775 155.182739
v 764.823120 116.798775 103.825783
v 769.925171 116.798775 52.024235
v 771.628296 116.798775 -0.000098
v 602.501465 116.798775 74.572510
v 546.125854 116.798775 99.430038
v 542.795532 116.798775 154.913315
v 488.085083 116.798775 238.138229
v 488.917603 116.798775 181.212906
v 487.252563 116.798775 295.063538
v 595.812012 116.798775 24.419010
v 645.440430 116.798775 -51.468903
v 589.122559 116.798775 -25.734488
v 769.925171 116.798775 -52.024422
v 705.131836 116.798775 -77.647446
v 440.035156 1025.157227 382.614594
v 393.650269 1025.157227 413.240356
v 444.095947 1025.157227 443.377655
v 399.011108 1025.157227 474.247620
v 347.265625 1025.157227 443.866089
v 353.926270 1025.157227 505.117615
v 360.586670 1025.157227 566.369080
v 404.371826 1025.157227 535.254944
v 448.156860 1025.157227 504.140717
v 410.768188 1025.157227 597.611877
v 367.247314 1025.157227 627.620544
v 373.907959 1025.157227 688.872009
v 418.110718 1025.157227 661.384949
v 460.421143 1025.157349 631.065674
v 454.289062 1025.157227 567.603210
v 500.658081 1025.157349 598.044128
v 495.738403 1025.157227 534.895142
v 538.649048 1025.157349 562.461609
v 537.187988 1025.157227 502.187042
v 535.726807 1025.157227 441.912384
v 491.941895 1025.157227 473.026520
v 489.180908 1025.157227 412.507721
v 534.265747 1025.157227 381.637756
v 532.804688 1025.157227 321.363129
v 486.419922 1025.157349 351.988861
v 577.993164 1025.157227 406.883728
v 575.472046 1025.157227 465.115723
v 574.231567 1025.157349 524.470520
v 607.253052 1025.157227 484.233673
v 613.756226 1025.157227 428.044403
v 620.259277 1025.157227 371.855072
v 637.572388 1025.157227 441.923218
v 650.912720 1025.157227 389.552765
v 665.059326 1025.157227 397.720398
v 689.596680 1025.157227 351.814423
v 711.078979 1025.157227 304.401978
v 665.669189 1025.157227 338.128540
v 678.631836 1025.157227 286.437866
v 729.414307 1025.157227 255.686020
v 744.524292 1025.157227 205.875168
v 691.594360 1025.157227 234.747162
v 638.664429 1025.157227 263.619141
v 629.461914 1025.157227 317.737122
v 585.734497 1025.157227 292.491119
v 581.863892 1025.157227 349.687408
v 643.717651 1025.157227 210.143097
v 699.195679 1025.157227 182.496796
v 756.344116 1025.157349 155.182739
v 764.823120 1025.157349 103.825783
v 706.796875 1025.157227 130.246414
v 648.770752 1025.157227 156.667068
v 711.024780 1025.157227 77.551933
v 769.925171 1025.157227 52.024235
v 771.628296 1025.157227 -0.000098
v 715.252686 1025.157227 24.857437
v 658.877075 1025.157227 49.714973
v 653.823853 1025.157104 103.191017
v 602.501465 1025.157227 74.572510
v 598.309692 1025.157227 129.052170
v 546.125854 1025.157227 99.430038
v 542.795532 1025.157227 154.913315
v 539.465210 1025.157227 210.396591
v 594.118042 1025.157227 183.531830
v 589.926392 1025.157227 238.011490
v 536.135010 1025.157227 265.879852
v 488.085083 1025.157227 238.138229
v 488.917603 1025.157227 181.212906
v 487.252563 1025.157349 295.063538
v 595.812012 1025.157227 24.419010
v 652.158691 1025.157227 -0.876965
v 645.440430 1025.157227 -51.468903
v 589.122559 1025.157227 -25.734488
v 710.192261 1025.157227 -26.394999
v 769.925171 1025.157227 -52.024422
v 705.131836 1025.157227 -77.647446
vt 0.769683 0.268580
vt 0.692969 0.119328
vt 0.772141 0.231795
vt 0.744848 0.213107
vt 0.690249 0.143442
vt 0.692582 0.170168
vt 0.700392 0.195841
vt 0.748093 0.176175
vt 0.774599 0.195011
vt 0.751965 0.138426
vt 0.713503 0.219448
vt 0.729651 0.083179
vt 0.749255 0.253437
vt 0.769039 0.263851
vt 0.778311 0.156592
vt 0.790097 0.270720
vt 0.803404 0.176393
vt 0.811841 0.273982
vt 0.828497 0.196193
vt 0.827612 0.232682
vt 0.801106 0.213847
vt 0.799434 0.250483
vt 0.826728 0.269171
vt 0.825843 0.305660
vt 0.797763 0.287120
vt 0.853199 0.253888
vt 0.851673 0.218636
vt 0.833668 0.273674
vt 0.855143 0.269848
vt 0.874849 0.241078
vt 0.878786 0.275093
vt 0.875715 0.262649
vt 0.897343 0.264380
vt 0.894891 0.252279
vt 0.912188 0.239017
vt 0.927196 0.223171
vt 0.906276 0.295511
vt 0.914123 0.326803
vt 0.939516 0.205133
vt 0.948820 0.185324
vt 0.921970 0.358095
vt 0.889928 0.340617
vt 0.884357 0.307855
vt 0.857886 0.323138
vt 0.855542 0.288513
vt 0.892987 0.372990
vt 0.926572 0.389726
vt 0.954817 0.164242
vt 0.957324 0.142283
vt 0.931174 0.421357
vt 0.896046 0.405363
vt 0.933733 0.453257
vt 0.956144 0.120041
vt 0.951191 0.098120
vt 0.936293 0.485157
vt 0.902164 0.470109
vt 0.899105 0.437736
vt 0.868036 0.455061
vt 0.865498 0.422080
vt 0.810963 0.010456
vt 0.787633 0.015458
vt 0.829875 0.372836
vt 0.862961 0.389100
vt 0.860423 0.356119
vt 0.827859 0.339248
vt 0.743111 0.038808
vt 0.799275 0.390503
vt 0.798267 0.321581
vt 0.863986 0.485423
vt 0.898097 0.500736
vt 0.894030 0.531363
vt 0.879825 0.020073
vt 0.933229 0.516184
vt 0.942487 0.077186
vt 0.924953 0.052104
vt 0.781059 0.131867
vt 0.772925 0.138672
vt 0.764792 0.145478
vt 0.763546 0.155798
vt 0.762475 0.166388
vt 0.761405 0.176977
vt 0.765321 0.185546
vt 0.772720 0.188634
vt 0.781453 0.188324
vt 0.790481 0.186875
vt 0.799558 0.184443
vt 0.791311 0.126588
vt 0.808533 0.180862
vt 0.817487 0.178537
vt 0.826188 0.175142
vt 0.834546 0.170889
vt 0.842351 0.165682
vt 0.849610 0.159774
vt 0.856091 0.153080
vt 0.861826 0.145838
vt 0.866580 0.138063
vt 0.872335 0.130709
vt 0.876970 0.122921
vt 0.880600 0.114908
vt 0.843565 0.093345
vt 0.832673 0.093387
vt 0.823503 0.099068
vt 0.812367 0.100049
vt 0.804037 0.106670
vt 0.797324 0.116336
vt 0.851614 0.089760
vt 0.871693 0.089851
vt 0.861381 0.086903
vt 0.882991 0.106887
vt 0.880598 0.095927
vt 0.930166 0.547211
vt 0.903532 0.033155
vt 0.969390 0.531700
vt 0.970421 0.500205
vt 0.859010 0.013193
vt 0.859936 0.515784
vt 0.837518 0.009766
vt 0.798771 0.356042
vt 0.725313 0.055530
vt 0.710755 0.074972
vt 0.831891 0.406425
vt 0.763694 0.025401
vt 0.833907 0.440013
vt 0.969390 0.468711
vt 0.966302 0.437352
vt 0.961168 0.406262
vt 0.954013 0.375573
vt 0.944866 0.345419
vt 0.933766 0.315928
vt 0.920761 0.287225
vt 0.905907 0.259435
vt 0.889267 0.232676
vt 0.870912 0.207062
vt 0.850922 0.182704
vt 0.829381 0.159705
vt 0.699910 0.096301
vt 0.806382 0.138164
vt 0.782024 0.118173
vt 0.756410 0.099819
vt 0.731373 0.239641
vt 0.725619 0.120259
vt 0.721586 0.157339
vt 0.717554 0.194419
vt 0.713522 0.231500
vt 0.741602 0.250040
vn -0.000000 1.000000 -0.000000
vn 0.000000 1.000000 0.000000
vn 0.000000 1.000000 0.000000
vn 0.000000 1.000000 0.000001
vn 0.000000 1.000000 -0.000000
vn 0.000000 1.000000 0.000001
vn 0.000000 1.000000 -0.000000
vn 0.000000 1.000000 -0.000000
vn 0.000000 1.000000 -0.000000
vn -0.000001 1.000000 0.000000
vn 0.000000 1.000000 -0.000000
vn 0.000000 1.000000 -0.000001
vn -0.000001 1.000000 0.000000
vn -0.000002 1.000000 0.000000
vn -0.000001 1.000000 -0.000001
vn -0.000002 1.000000 -0.000003
vn -0.000001 1.000000 -0.000001
vn -0.000002 1.000000 -0.000003
vn -0.000001 1.000000 -0.000000
vn 0.000000 1.000000 -0.000000
vn 0.000000 1.000000 -0.000000
vn 0.000000 1.000000 -0.000000
vn 0.000001 1.000000 0.000000
vn 0.000001 1.000000 -0.000000
vn 0.000001 1.000000 0.000000
vn 0.000000 1.000000 -0.000000
vn -0.000000 1.000000 -0.000001
vn -0.000001 1.000000 -0.000002
vn 0.000001 1.000000 -0.000001
vn 0.000000 1.000000 -0.000000
vn 0.000000 1.000000 0.000000
vn 0.000000 1.000000 0.000000
vn 0.000000 1.000000 0.000001
vn 0.000000 1.000000 0.000000
vn 0.000000 1.000000 0.000001
vn 0.000000 1.000000 -0.000001
vn 0.000000 1.000000 0.000001
vn 0.000000 1.000000 -0.000001
vn 0.000000 1.000000 -0.000000
vn -0.000000 1.000000 0.000001
vn 0.000000 1.000000 0.000000
vn 0.000000 1.000000 -0.000000
vn 0.000000 1.000000 -0.000001
vn 0.000000 1.000000 0.000000
vn 0.000000 1.000000 -0.000000
vn 0.000000 1.000000 0.000000
vn -0.000001 1.000000 0.000001
vn -0.000002 1.000000 -0.000000
vn -0.000002 1.000000 -0.000001
vn -0.000002 1.000000 0.000000
vn 0.000000 1.000000 -0.000000
vn -0.000001 1.000000 0.000000
vn -0.000000 1.000000 -0.000001
vn 0.000000 1.000000 0.000000
vn 0.000000 1.000000 -0.000000
vn -0.000000 1.000000 0.000000
vn 0.000000 1.000000 0.000000
vn 0.000001 1.000000 0.000000
vn 0.000001 1.000000 -0.000000
vn 0.000000 1.000000 0.000000
vn 0.000000 1.000000 -0.000001
vn 0.000000 1.000000 -0.000001
vn 0.000000 1.000000 -0.000000
vn 0.000000 1.000000 0.000001
vn 0.000001 1.000000 0.000000
vn 0.000000 1.000000 0.000001
vn 0.000000 1.000000 -0.000000
vn 0.000002 1.000000 0.000001
vn 0.000000 1.000000 -0.000001
vn 0.000000 1.000000 -0.000000
vn 0.000000 1.000000 0.000001
vn 0.000000 1.000000 -0.000001
vn 0.000000 1.000000 0.000001
vn 0.000000 1.000000 0.000002
vn 0.000000 1.000000 0.000003
vn -0.550990 0.000000 -0.834512
vn -0.550990 0.000000 -0.834512
vn -0.550990 0.000000 -0.834512
vn -0.550990 0.000000 -0.834512
vn -0.550991 0.000000 -0.834511
vn -0.550991 0.000000 -0.834511
vn -0.994140 0.000000 0.108105
vn -0.994140 0.000000 0.108103
vn -0.994140 0.000000 0.108103
vn -0.994140 0.000000 0.108105
vn -0.994140 0.000000 0.108103
vn -0.994140 0.000000 0.108103
vn -0.994140 0.000000 0.108105
vn -0.994140 0.000000 0.108105
vn 0.528067 0.000000 0.849202
vn 0.555570 0.000000 0.831470
vn 0.555570 0.000000 0.831470
vn 0.528067 0.000000 0.849202
vn -0.994139 0.000000 0.108105
vn -0.994139 0.000000 0.108105
vn 0.608762 0.000000 0.793353
vn 0.608762 0.000000 0.793353
vn 0.659346 0.000000 0.751840
vn 0.659346 0.000000 0.751840
vn 0.707107 0.000000 0.707106
vn 0.707107 0.000000 0.707106
vn -0.550990 0.000000 -0.834512
vn -0.550990 0.000000 -0.834512
vn 0.751840 0.000000 0.659345
vn 0.751840 0.000000 0.659345
vn 0.793353 0.000000 0.608762
vn 0.793353 0.000000 0.608762
vn 0.831470 0.000000 0.555570
vn 0.831470 0.000000 0.555570
vn 0.866026 0.000000 0.500000
vn 0.866026 0.000000 0.500000
vn 0.896872 0.000000 0.442290
vn 0.896872 0.000000 0.442290
vn 0.923880 0.000000 0.382683
vn 0.923880 0.000000 0.382683
vn 0.946930 0.000000 0.321439
vn 0.946930 0.000000 0.321439
vn 0.965926 0.000000 0.258819
vn 0.965926 0.000000 0.258819
vn 0.980785 0.000000 0.195090
vn 0.980785 0.000000 0.195090
vn 0.991445 0.000000 0.130526
vn 0.991445 0.000000 0.130526
vn 0.997859 0.000000 0.065404
vn 0.997859 0.000000 0.065404
vn 1.000000 0.000000 0.000000
vn 1.000000 0.000000 0.000000
vn -0.403449 0.000000 -0.915002
vn -0.403449 0.000000 -0.915002
vn -0.403449 0.000000 -0.915002
vn -0.403449 0.000000 -0.915002
vn -0.998203 0.000000 -0.059916
vn -0.998203 0.000000 -0.059916
vn -0.998203 0.000000 -0.059916
vn -0.998203 0.000000 -0.059916
vn -0.999893 0.000000 -0.014623
vn -0.999893 0.000000 -0.014623
vn -0.999893 0.000000 -0.014623
vn -0.999893 0.000000 -0.014623
vn -0.438662 0.000000 -0.898652
vn -0.438662 0.000000 -0.898652
vn -0.438662 0.000000 -0.898652
vn -0.438662 0.000000 -0.898652
vn -0.999893 0.000000 -0.014624
vn -0.999893 0.000000 -0.014625
vn -0.999893 0.000000 -0.014625
vn -0.999893 0.000000 -0.014624
vn -0.991222 0.000000 0.132209
vn -0.991222 0.000000 0.132209
vn -0.991222 0.000000 0.132209
vn -0.991222 0.000000 0.132209
vn -0.408458 0.000000 -0.912777
vn -0.415614 0.000000 -0.909541
vn -0.415614 0.000000 -0.909541
vn -0.408458 0.000000 -0.912777
vn -0.991222 0.000000 0.132209
vn -0.991222 0.000000 0.132209
vn 0.999465 0.000000 -0.032720
vn 0.999465 0.000000 -0.032720
vn 0.367746 0.000000 -0.929926
vn 0.367746 0.000000 -0.929926
vn 0.367746 0.000000 -0.929926
vn 0.367746 0.000000 -0.929926
vn -0.401637 0.000000 -0.915799
vn -0.401637 0.000000 -0.915799
s 1
g polySurface5 polySurface32
f 1267/1581/1925 1268/1725/1926 1269/1583/1927
f 1269/1583/1927 1268/1725/1926 1270/1584/1928
f 1268/1725/1926 1271/1724/1929 1270/1584/1928
f 1270/1584/1928 1271/1724/1929 1272/1723/1930
f 1273/1722/1931 1274/1588/1932 1272/1723/1930
f 1272/1723/1930 1274/1588/1932 1270/1584/1928
f 1274/1588/1932 1275/1589/1933 1270/1584/1928
f 1270/1584/1928 1275/1589/1933 1269/1583/1927
f 1274/1588/1932 1273/1722/1931 1276/1590/1934
f 1276/1590/1934 1273/1722/1931 1277/1721/1935
f 1278/1592/1936 1279/1719/1937 1277/1721/1935
f 1277/1721/1935 1279/1719/1937 1276/1590/1934
f 1279/1719/1937 1280/1718/1938 1276/1590/1934
f 1276/1590/1934 1280/1718/1938 1281/1595/1939
f 1275/1589/1933 1274/1588/1932 1281/1595/1939
f 1281/1595/1939 1274/1588/1932 1276/1590/1934
f 1280/1718/1938 1282/1717/1940 1281/1595/1939
f 1281/1595/1939 1282/1717/1940 1283/1597/1941
f 1282/1717/1940 1284/1715/1942 1283/1597/1941
f 1283/1597/1941 1284/1715/1942 1285/1599/1943
f 1286/1600/1944 1287/1601/1945 1285/1599/1943
f 1285/1599/1943 1287/1601/1945 1283/1597/1941
f 1287/1601/1945 1275/1589/1933 1283/1597/1941
f 1283/1597/1941 1275/1589/1933 1281/1595/1939
f 1287/1601/1945 1286/1600/1944 1288/1602/1946
f 1288/1602/1946 1286/1600/1944 1289/1603/1947
f 1290/1604/1948 1291/1605/1949 1289/1603/1947
f 1289/1603/1947 1291/1605/1949 1288/1602/1946
f 1291/1605/1949 1267/1581/1925 1288/1602/1946
f 1288/1602/1946 1267/1581/1925 1269/1583/1927
f 1275/1589/1933 1287/1601/1945 1269/1583/1927
f 1269/1583/1927 1287/1601/1945 1288/1602/1946
f 1292/1606/1950 1286/1600/1944 1293/1607/1951
f 1293/1607/1951 1286/1600/1944 1285/1599/1943
f 1284/1715/1942 1294/1714/1952 1285/1599/1943
f 1285/1599/1943 1294/1714/1952 1293/1607/1951
f 1294/1714/1952 1295/1713/1953 1293/1607/1951
f 1293/1607/1951 1295/1713/1953 1296/1610/1954
f 1297/1611/1955 1292/1606/1950 1296/1610/1954
f 1296/1610/1954 1292/1606/1950 1293/1607/1951
f 1295/1713/1953 1298/1712/1956 1296/1610/1954
f 1296/1610/1954 1298/1712/1956 1299/1613/1957
f 1298/1712/1956 1300/1711/1958 1299/1613/1957
f 1299/1613/1957 1300/1711/1958 1301/1710/1959
f 1302/1709/1960 1303/1617/1961 1301/1710/1959
f 1301/1710/1959 1303/1617/1961 1299/1613/1957
f 1303/1617/1961 1297/1611/1955 1299/1613/1957
f 1299/1613/1957 1297/1611/1955 1296/1610/1954
f 1303/1617/1961 1302/1709/1960 1304/1618/1962
f 1304/1618/1962 1302/1709/1960 1305/1708/1963
f 1306/1707/1964 1307/1621/1965 1305/1708/1963
f 1305/1708/1963 1307/1621/1965 1304/1618/1962
f 1307/1621/1965 1308/1622/1966 1304/1618/1962
f 1304/1618/1962 1308/1622/1966 1309/1623/1967
f 1297/1611/1955 1303/1617/1961 1309/1623/1967
f 1309/1623/1967 1303/1617/1961 1304/1618/1962
f 1308/1622/1966 1310/1624/1968 1309/1623/1967
f 1309/1623/1967 1310/1624/1968 1311/1625/1969
f 1310/1624/1968 1290/1604/1948 1311/1625/1969
f 1311/1625/1969 1290/1604/1948 1289/1603/1947
f 1286/1600/1944 1292/1606/1950 1289/1603/1947
f 1289/1603/1947 1292/1606/1950 1311/1625/1969
f 1292/1606/1950 1297/1611/1955 1311/1625/1969
f 1311/1625/1969 1297/1611/1955 1309/1623/1967
f 1308/1622/1966 1307/1621/1965 1312/1626/1970
f 1312/1626/1970 1307/1621/1965 1313/1627/1971
f 1307/1621/1965 1306/1707/1964 1313/1627/1971
f 1313/1627/1971 1306/1707/1964 1314/1706/1972
f 1315/1705/1973 1316/1630/1974 1314/1706/1972
f 1314/1706/1972 1316/1630/1974 1313/1627/1971
f 1316/1630/1974 1317/1631/1975 1313/1627/1971
f 1313/1627/1971 1317/1631/1975 1312/1626/1970
f 1316/1630/1974 1315/1705/1973 1318/1632/1976
f 1318/1632/1976 1315/1705/1973 1319/1704/1977
f 1320/1694/1978 1321/1635/1979 1319/1704/1977
f 1319/1704/1977 1321/1635/1979 1318/1632/1976
f 1321/1635/1979 1322/1636/1980 1318/1632/1976
f 1318/1632/1976 1322/1636/1980 1323/1637/1981
f 1317/1631/1975 1316/1630/1974 1323/1637/1981
f 1323/1637/1981 1316/1630/1974 1318/1632/1976
f 1322/1636/1980 1324/1638/1982 1323/1637/1981
f 1323/1637/1981 1324/1638/1982 1325/1639/1983
f 1324/1638/1982 1326/1703/1984 1325/1639/1983
f 1325/1639/1983 1326/1703/1984 1327/1701/1985
f 1328/1642/1986 1329/1643/1987 1327/1701/1985
f 1327/1701/1985 1329/1643/1987 1325/1639/1983
f 1329/1643/1987 1317/1631/1975 1325/1639/1983
f 1325/1639/1983 1317/1631/1975 1323/1637/1981
f 1329/1643/1987 1328/1642/1986 1330/1644/1988
f 1330/1644/1988 1328/1642/1986 1331/1645/1989
f 1290/1604/1948 1310/1624/1968 1331/1645/1989
f 1331/1645/1989 1310/1624/1968 1330/1644/1988
f 1310/1624/1968 1308/1622/1966 1330/1644/1988
f 1330/1644/1988 1308/1622/1966 1312/1626/1970
f 1317/1631/1975 1329/1643/1987 1312/1626/1970
f 1312/1626/1970 1329/1643/1987 1330/1644/1988
f 1332/1698/1990 1328/1642/1986 1333/1647/1991
f 1333/1647/1991 1328/1642/1986 1327/1701/1985
f 1291/1605/1949 1290/1604/1948 1334/1648/1992
f 1334/1648/1992 1290/1604/1948 1331/1645/1989
f 1328/1642/1986 1332/1698/1990 1331/1645/1989
f 1331/1645/1989 1332/1698/1990 1334/1648/1992
f 1324/1638/1982 1322/1636/1980 1335/1649/1993
f 1335/1649/1993 1322/1636/1980 1336/1650/1994
f 1337/1651/1995 1338/1696/1996 1336/1650/1994
f 1336/1650/1994 1338/1696/1996 1335/1649/1993
f 1322/1636/1980 1321/1635/1979 1336/1650/1994
f 1336/1650/1994 1321/1635/1979 1339/1653/1997
f 1321/1635/1979 1320/1694/1978 1339/1653/1997
f 1339/1653/1997 1320/1694/1978 1340/1693/1998
f 1340/1693/1998 1341/1691/1999 1339/1653/1997
f 1341/1691/1999 1337/1651/1995 1339/1653/1997
f 1339/1653/1997 1337/1651/1995 1336/1650/1994
s 11
g textureEditorIsolateSelectSet polySurface5 polySurface32
f 1232/1656/2000 1233/1657/2001 1268/1582/2002 1267/1716/2003
f 1233/1657/2001 1234/1658/2004 1271/1585/2005 1268/1582/2002
s 12
f 1234/1658/2006 1235/1659/2007 1272/1586/2008 1271/1585/2009
f 1235/1659/2007 1236/1660/2010 1273/1587/2011 1272/1586/2008
f 1236/1660/2010 1237/1661/2012 1277/1591/2013 1273/1587/2011
s 13
f 1238/1662/2014 1239/1663/2015 1279/1593/2016 1278/1720/2017
s 12
f 1237/1661/2012 1238/1662/2018 1278/1720/2019 1277/1591/2013
s 13
f 1239/1663/2015 1240/1664/2020 1280/1594/2021 1279/1593/2016
f 1240/1664/2020 1241/1665/2022 1282/1596/2023 1280/1594/2021
f 1241/1665/2022 1242/1666/2024 1284/1598/2025 1282/1596/2023
s 11
f 1243/1667/2026 1232/1656/2000 1267/1716/2003 1291/1700/2027
s 13
f 1242/1666/2024 1244/1668/2028 1294/1608/2029 1284/1598/2025
f 1244/1668/2028 1245/1669/2030 1295/1609/2031 1294/1608/2029
f 1245/1669/2030 1246/1670/2032 1298/1612/2033 1295/1609/2031
f 1246/1670/2032 1247/1671/2034 1300/1614/2035 1298/1612/2033
f 1247/1671/2034 1248/1672/2036 1301/1615/2037 1300/1614/2035
f 1248/1672/2036 1249/1673/2038 1302/1616/2039 1301/1615/2037
f 1249/1673/2038 1250/1674/2040 1305/1619/2041 1302/1616/2039
f 1250/1674/2040 1251/1675/2042 1306/1620/2043 1305/1619/2041
f 1251/1675/2042 1252/1676/2044 1314/1628/2045 1306/1620/2043
f 1252/1676/2044 1253/1677/2046 1315/1629/2047 1314/1628/2045
f 1253/1677/2046 1254/1678/2048 1319/1633/2049 1315/1629/2047
f 1254/1678/2048 1255/1679/2050 1320/1634/2051 1319/1633/2049
s off
f 1256/1680/2052 1257/1681/2053 1326/1640/2054 1324/1697/2055
f 1257/1681/2056 1258/1682/2057 1327/1641/2058 1326/1640/2059
s 14
f 1260/1683/2060 1259/1684/2061 1332/1646/2062 1333/1702/2063
s off
f 1258/1682/2064 1260/1683/2065 1333/1702/2066 1327/1641/2067
s 14
f 1261/1685/2068 1243/1667/2069 1291/1700/2070 1334/1699/2071
f 1259/1684/2061 1261/1685/2068 1334/1699/2071 1332/1646/2062
s 15
f 1262/1686/2072 1256/1680/2073 1324/1697/2074 1335/1695/2075
s 16
f 1263/1687/2076 1264/1688/2077 1338/1652/2078 1337/1692/2079
s 15
f 1264/1688/2080 1262/1686/2072 1335/1695/2075 1338/1652/2081
s 13
f 1255/1679/2050 1265/1689/2082 1340/1654/2083 1320/1634/2051
s off
f 1265/1689/2084 1266/1690/2085 1341/1655/2086 1340/1654/2087
s 16
f 1266/1690/2088 1263/1687/2076 1337/1692/2079 1341/1655/2089
g default
v 454.782227 116.798775 -223.717804
v 406.732422 116.798775 -248.575333
v 413.392944 116.798775 -149.145218
v 459.777710 116.798775 -174.002762
v 363.677734 116.798775 -223.717804
v 365.342896 116.798775 -174.002747
v 282.564209 116.798775 -331.800232
v 237.011963 116.798775 -302.616577
v 148.405396 116.798775 -298.290375
v 191.459717 116.798775 -273.432861
v 365.342896 116.798775 -276.316956
v 321.455933 116.798775 -250.017380
v 323.953613 116.798775 -304.058594
v 368.673218 116.798775 -331.800232
v 328.116455 116.798775 -360.983948
v 333.944336 116.798775 -420.793335
v 152.568237 116.798775 -355.215668
v 199.785522 116.798775 -387.283478
v 247.002808 116.798775 -419.351257
v 294.220215 116.798775 -451.419067
v 406.732422 1025.157227 -248.575333
v 454.782227 1025.157227 -223.717804
v 410.062622 1025.157227 -198.860275
v 413.392944 1025.157349 -149.145218
v 459.777710 1025.157349 -174.002762
v 363.677734 1025.157227 -223.717804
v 365.342896 1025.157227 -174.002747
v 282.564209 1025.157349 -331.800232
v 241.174805 1025.157227 -359.541870
v 237.011963 1025.157349 -302.616577
v 194.790039 1025.157227 -328.916138
v 148.405396 1025.157349 -298.290375
v 191.459717 1025.157227 -273.432861
v 365.342896 1025.157227 -276.316956
v 321.455933 1025.157227 -250.017380
v 323.953613 1025.157227 -304.058594
v 368.673218 1025.157227 -331.800232
v 333.944336 1025.157227 -420.793335
v 328.116455 1025.157227 -360.983948
v 287.559692 1025.157227 -390.167603
v 152.568237 1025.157349 -355.215668
v 199.785522 1025.157227 -387.283478
v 247.002808 1025.157227 -419.351257
v 294.220215 1025.157227 -451.419067
vt 0.778610 0.635639
vt 0.990234 0.361545
vt 0.751538 0.620591
vt 0.753554 0.590494
vt 0.980087 0.419309
vt 0.723458 0.635639
vt 0.936126 0.461373
vt 0.830284 0.445112
vt 0.649297 0.717863
vt 0.646777 0.683402
vt 0.621217 0.699323
vt 0.593137 0.680783
vt 0.800171 0.393878
vt 0.982785 0.335147
vt 0.697898 0.651560
vt 0.699410 0.684275
vt 0.965845 0.309100
vt 0.701930 0.718736
vt 0.912090 0.278753
vt 0.677378 0.736403
vt 0.595657 0.715244
vt 0.624241 0.734657
vt 0.652826 0.754070
vt 0.883342 0.277467
vt 0.946972 0.403348
vt 0.933785 0.389569
vt 0.933199 0.419011
vt 0.945887 0.416199
vt 0.912498 0.402156
vt 0.921048 0.417366
vt 0.859109 0.366518
vt 0.878476 0.371201
vt 0.842225 0.343650
vt 0.844597 0.356499
vt 0.915973 0.381159
vt 0.899769 0.395081
vt 0.895357 0.376984
vt 0.916500 0.362572
vt 0.907358 0.349277
vt 0.901344 0.329931
vt 0.840864 0.328878
vt 0.856886 0.326566
vt 0.873125 0.332420
vt 0.887853 0.325878
vt 0.681410 0.773484
vt 0.852200 0.286395
vt 0.705458 0.754943
vt 0.825244 0.305672
vt 0.806299 0.333406
vt 0.798188 0.365394
vt 0.944289 0.291092
vt 0.726482 0.701069
vt 0.852583 0.460307
vt 0.674354 0.701069
vt 0.724466 0.667481
vt 0.881190 0.469206
vt 0.908915 0.469309
vt 0.749522 0.650687
vt 0.619201 0.665735
vt 0.811388 0.422193
vt 0.961718 0.443765
vt 0.724466 0.605542
vt 0.989577 0.392066
vt 0.781634 0.605542
vn -0.000001 1.000000 0.000000
vn 0.000000 1.000000 -0.000001
vn -0.000001 1.000000 -0.000001
vn -0.000001 1.000000 -0.000003
vn -0.000001 1.000000 -0.000003
vn 0.000000 1.000000 0.000001
vn -0.000001 1.000000 0.000002
vn 0.000000 1.000000 -0.000001
vn -0.000001 1.000000 -0.000000
vn -0.000002 1.000000 -0.000001
vn 0.000001 1.000000 -0.000000
vn 0.000003 1.000000 -0.000002
vn 0.000000 1.000000 -0.000002
vn 0.000000 1.000000 -0.000000
vn 0.000000 1.000000 0.000002
vn 0.000001 1.000000 -0.000001
vn 0.000000 1.000000 -0.000001
vn 0.000001 1.000000 -0.000001
vn 0.000000 1.000000 -0.000001
vn 0.000000 1.000000 -0.000001
vn 0.000003 1.000000 0.000000
vn 0.000001 1.000000 0.000001
vn 0.000000 1.000000 -0.000001
vn 0.000000 1.000000 0.000000
vn 0.459484 0.000000 -0.888186
vn 0.506933 0.000000 -0.861986
vn 0.506933 0.000000 -0.861986
vn 0.459484 0.000000 -0.888186
vn 0.472348 0.000000 0.881412
vn 0.472348 0.000000 0.881412
vn 0.472348 0.000000 0.881412
vn 0.472348 0.000000 0.881412
vn 0.994990 0.000000 -0.099979
vn 0.994990 0.000000 -0.099979
vn 0.994990 0.000000 -0.099979
vn 0.994990 0.000000 -0.099979
vn -0.999440 0.000000 0.033475
vn -0.999440 0.000000 0.033475
vn -0.999440 0.000000 0.033475
vn -0.999440 0.000000 0.033475
vn -0.459482 0.000000 0.888187
vn -0.459482 0.000000 0.888187
vn -0.459482 0.000000 0.888187
vn -0.459482 0.000000 0.888187
vn 0.539450 0.000000 0.842017
vn 0.539450 0.000000 0.842018
vn 0.539450 0.000000 0.842018
vn 0.539450 0.000000 0.842017
vn -0.500002 0.000000 0.866024
vn -0.500002 0.000000 0.866024
vn -0.500002 0.000000 0.866024
vn -0.500002 0.000000 0.866024
vn 0.539451 0.000000 0.842017
vn 0.539451 0.000000 0.842017
vn 0.556763 0.000000 -0.830671
vn 0.556763 0.000000 -0.830671
vn -0.528711 0.000000 0.848802
vn -0.528711 0.000000 0.848802
vn -0.528711 0.000000 0.848802
vn -0.528711 0.000000 0.848802
vn -0.998934 0.000000 -0.046169
vn -0.998934 0.000000 -0.046169
vn -0.998934 0.000000 -0.046169
vn -0.998934 0.000000 -0.046169
vn 0.998204 0.000000 0.059916
vn 0.998204 0.000000 0.059916
vn 0.998204 0.000000 0.059916
vn 0.998204 0.000000 0.059916
vn 0.995286 0.000000 0.096982
vn 0.995286 0.000000 0.096982
vn 0.995286 0.000000 0.096982
vn 0.995286 0.000000 0.096982
vn -0.556765 0.000000 0.830670
vn -0.556765 0.000000 0.830670
vn -0.556765 0.000000 0.830670
vn -0.556765 0.000000 0.830670
vn 0.584078 0.000000 -0.811697
vn 0.584078 0.000000 -0.811697
vn 0.584078 0.000000 -0.811697
vn 0.584078 0.000000 -0.811697
vn -0.997337 0.000000 -0.072933
vn -0.997337 0.000000 -0.072933
vn -0.997337 0.000000 -0.072933
vn -0.997337 0.000000 -0.072933
vn -0.561831 0.000000 -0.827252
vn -0.561831 0.000000 -0.827252
vn -0.561831 0.000000 -0.827252
vn -0.561831 0.000000 -0.827252
vn -0.561831 0.000000 -0.827252
vn -0.561831 0.000000 -0.827252
vn 0.610571 0.000000 -0.791961
vn 0.610571 0.000000 -0.791961
vn 0.610571 0.000000 -0.791961
vn 0.610571 0.000000 -0.791961
vn -0.561831 0.000000 -0.827252
vn -0.561831 0.000000 -0.827252
s 1
g polySurface5 polySurface34
f 1363/1726/2090 1362/1783/2091 1364/1728/2092
f 1365/1729/2093 1366/1789/2094 1364/1728/2092
f 1364/1728/2092 1366/1789/2094 1363/1726/2090
f 1362/1783/2091 1367/1731/2095 1364/1728/2092
f 1364/1728/2092 1367/1731/2095 1368/1787/2096
f 1368/1787/2096 1365/1729/2093 1364/1728/2092
f 1369/1779/2097 1370/1734/2098 1371/1735/2099
f 1371/1735/2099 1370/1734/2098 1372/1736/2100
f 1373/1737/2101 1374/1784/2102 1372/1736/2100
f 1372/1736/2100 1374/1784/2102 1371/1735/2099
f 1362/1783/2091 1375/1780/2103 1367/1731/2095
f 1367/1731/2095 1375/1780/2103 1376/1740/2104
f 1375/1780/2103 1377/1741/2105 1376/1740/2104
f 1377/1741/2105 1375/1780/2103 1378/1777/2106
f 1380/1743/2107 1379/1772/2108 1381/1745/2109
f 1370/1734/2098 1369/1779/2097 1381/1745/2109
f 1381/1745/2109 1369/1779/2097 1380/1743/2107
f 1369/1779/2097 1377/1741/2105 1380/1743/2107
f 1380/1743/2107 1377/1741/2105 1378/1777/2106
f 1382/1746/2110 1373/1737/2101 1372/1736/2100
f 1370/1734/2098 1383/1747/2111 1372/1736/2100
f 1372/1736/2100 1383/1747/2111 1382/1746/2110
f 1383/1747/2111 1370/1734/2098 1384/1748/2112
f 1384/1748/2112 1370/1734/2098 1381/1745/2109
f 1379/1772/2108 1385/1770/2113 1381/1745/2109
f 1381/1745/2109 1385/1770/2113 1384/1748/2112
s 4
g textureEditorIsolateSelectSet polySurface5 polySurface34
f 1342/1750/2114 1343/1751/2115 1362/1727/2116 1363/1788/2117
s off
f 1344/1752/2118 1345/1753/2119 1366/1730/2120 1365/1786/2121
f 1345/1753/2122 1342/1750/2123 1363/1788/2124 1366/1730/2125
f 1346/1754/2126 1347/1755/2127 1368/1732/2128 1367/1782/2129
f 1347/1755/2130 1344/1752/2131 1365/1786/2132 1368/1732/2133
s 5
f 1349/1756/2134 1348/1757/2135 1369/1733/2136 1371/1785/2137
s off
f 1350/1758/2138 1351/1759/2139 1374/1738/2140 1373/1775/2141
s 5
f 1351/1759/2142 1349/1756/2134 1371/1785/2137 1374/1738/2143
s 4
f 1343/1751/2115 1352/1760/2144 1375/1739/2145 1362/1727/2116
s off
f 1353/1761/2146 1346/1754/2147 1367/1782/2148 1376/1781/2149
f 1354/1762/2150 1353/1761/2151 1376/1781/2152 1377/1778/2153
f 1352/1760/2154 1355/1763/2155 1378/1742/2156 1375/1739/2157
f 1356/1764/2158 1357/1765/2159 1379/1744/2160 1380/1776/2161
f 1348/1757/2162 1354/1762/2163 1377/1778/2164 1369/1733/2165
f 1355/1763/2166 1356/1764/2167 1380/1776/2168 1378/1742/2169
f 1358/1766/2170 1350/1758/2171 1373/1775/2172 1382/1774/2173
s 6
f 1359/1767/2174 1358/1766/2175 1382/1774/2176 1383/1773/2177
f 1360/1768/2178 1359/1767/2174 1383/1773/2177 1384/1771/2179
s off
f 1357/1765/2180 1361/1769/2181 1385/1749/2182 1379/1744/2183
s 6
f 1361/1769/2184 1360/1768/2178 1384/1771/2179 1385/1749/2185
