# This file uses centimeters as units for non-parametric coordinates.

g default
v -24.233220 -78.296976 72.584009
v -15.973757 -78.296976 78.436219
v -13.625251 -78.296976 -21.037883
v -13.621233 -78.296976 -12.311918
v -24.233220 -60.959083 72.584021
v -13.621245 -60.959083 -21.035857
v -24.233220 8.077377 72.584009
v -15.973757 8.077377 78.436219
v -29.698811 8.077377 60.268467
v -34.845207 8.077386 54.813688
v -45.525639 8.077446 44.131165
v -45.457218 8.077403 30.136066
v -42.377840 8.077386 23.211520
v -34.845231 8.077377 8.912068
v -24.233244 8.077377 8.912068
v -13.621221 8.077377 -3.588039
v -13.621233 8.077377 -12.311918
v -13.621245 8.077377 -21.035916
v -24.233220 8.077377 -33.535964
v -24.233208 8.077386 -54.760010
v -24.233244 8.077377 -75.983960
v -18.261932 8.077377 -86.118299
v -13.621233 8.077377 -97.207887
v -3.009270 8.077377 -97.207910
v 7.602693 8.077377 -97.207887
v 18.214669 8.077377 -97.207910
v 24.218609 8.077377 -81.407101
v 28.826644 8.077377 -75.983960
v 40.434481 8.077377 -66.943127
v 39.438619 8.077377 -54.759986
v 45.945181 8.077377 -40.836675
v 50.050606 8.077377 -33.535964
v 50.050606 8.077377 -12.311978
v 50.050606 8.077377 8.912068
v 50.050606 8.077377 30.136030
v 50.050606 8.077377 51.360005
v 44.892539 8.077377 61.720198
v 39.438595 8.077377 72.584026
v 34.281661 8.077377 78.252214
v 28.520026 8.077377 83.527785
v 18.214669 8.077377 93.807923
v 7.602693 8.077377 93.807977
v -3.009270 8.077377 93.807977
v -13.621221 8.077377 93.807989
v 12.908687 8.077377 19.524067
v 18.214692 8.077377 2.662020
v 18.214680 8.077377 -16.673917
v 12.908687 8.077377 -33.535964
v 1.120450 8.077377 86.122071
v 2.143409 8.077377 78.055894
v 2.291431 8.077377 69.260370
v -3.043519 8.077411 58.357590
v -0.282345 8.077394 45.928138
v 3.836383 8.077377 37.285786
v 11.086275 8.077377 -76.530701
v 7.602681 8.077377 -65.371949
v 10.855986 8.077377 -47.798354
v 14.650478 8.077377 -86.869294
v -15.941582 8.077377 -91.663081
v -27.203558 2.500724 75.015729
v -48.923968 2.500784 45.528882
v -36.606429 2.500724 5.993717
v -17.602478 2.500724 -12.311870
v -27.741359 2.500724 -32.247645
v -15.457557 2.500724 -99.966938
v 20.075478 2.500724 -99.905569
v 43.641664 2.500724 -68.351395
v 53.776326 2.500724 -34.511644
v 53.823199 2.500724 52.247208
v 42.690052 2.500724 74.816751
v 19.620528 2.500724 97.207856
v -15.588937 2.500724 96.099740
v -17.613469 8.077377 79.342150
v -18.352900 7.854304 79.851889
v -18.894194 7.244870 80.225038
v -19.092320 6.412337 80.361622
v -27.203558 6.412337 75.015729
v -27.027415 7.244870 74.864661
v -26.546167 7.854304 74.451929
v -25.888775 8.077377 73.888128
v -32.966219 6.412337 62.442046
v -32.779531 7.244870 62.313932
v -32.269488 7.854304 61.964064
v -31.572769 8.077377 61.486083
v -37.700830 6.412346 57.587188
v -37.539319 7.244870 57.433348
v -37.098042 7.854321 57.012885
v -36.495255 8.077386 56.438583
v -48.923956 6.412415 45.528882
v -48.702733 7.244930 45.439189
v -48.098336 7.854373 45.193999
v -47.272710 8.077446 44.859117
v -49.266694 6.412363 29.317492
v -49.042664 7.244879 29.360335
v -48.430608 7.854330 29.477447
v -47.594522 8.077403 29.637426
v -45.957921 6.412346 21.474903
v -45.758651 7.244870 21.576481
v -45.214246 7.854321 21.853917
v -44.470559 8.077386 22.232896
v -36.606429 6.412337 5.993717
v -36.478065 7.244870 6.212633
v -36.127363 7.854304 6.810778
v -35.648308 8.077377 7.627826
v -25.750766 6.412337 5.633181
v -25.642381 7.244870 5.852752
v -25.346265 7.854304 6.452697
v -24.941776 8.077377 7.272249
v -17.129360 6.412337 -4.876310
v -16.901158 7.244870 -4.802746
v -16.277693 7.854304 -4.601878
v -15.426026 8.077377 -4.327423
v -17.602478 6.412337 -12.311870
v -17.378948 7.244870 -12.311870
v -16.768275 7.854304 -12.311870
v -15.934072 8.077377 -12.311870
v -17.129384 6.412337 -19.747586
v -16.901050 7.244870 -19.823319
v -16.277204 7.854304 -20.030147
v -15.425025 8.077377 -20.312709
v -27.741359 6.412337 -32.247645
v -27.519999 7.244870 -32.331592
v -26.915239 7.854304 -32.560880
v -26.089118 8.077377 -32.874162
v -28.214453 6.412346 -54.759986
v -27.991353 7.244870 -54.760939
v -27.381824 7.854321 -54.763562
v -26.549195 8.077386 -54.767138
v -27.938913 6.412337 -76.994473
v -27.716551 7.244870 -76.934821
v -27.109085 7.854304 -76.771838
v -26.279269 8.077377 -76.549179
v -21.777676 6.408845 -87.964923
v -21.594010 7.242925 -87.833149
v -21.056734 7.853759 -87.540848
v -20.310054 8.077377 -87.166459
v -19.468723 6.336285 -93.124539
v -19.326018 7.193642 -93.052275
v -18.801234 7.838539 -92.784817
v -18.051766 8.077377 -92.402393
v -15.457557 6.412337 -99.966938
v -15.325473 7.244870 -99.755771
v -14.964638 7.854304 -99.178821
v -14.471708 8.077377 -98.390681
v -3.009270 6.412337 -101.189143
v -2.998350 7.244870 -100.966055
v -2.968500 7.854304 -100.356633
v -2.927731 8.077377 -99.524099
v 7.602693 6.412337 -101.189095
v 7.591249 7.244870 -100.966031
v 7.559969 7.854304 -100.356585
v 7.517244 8.077377 -99.524075
v 20.075478 6.412337 -99.905569
v 19.925489 7.244870 -99.696738
v 19.515743 7.854304 -99.126250
v 18.956007 8.077377 -98.346884
v 27.596392 6.412337 -83.403046
v 27.406861 7.244870 -83.280999
v 26.889040 7.854304 -82.947690
v 26.181688 8.077377 -82.492263
v 31.566788 6.412337 -78.843386
v 31.408753 7.244870 -78.685147
v 30.977001 7.854304 -78.252942
v 30.387189 8.077377 -77.662522
v 43.641664 6.412337 -68.351395
v 43.415298 7.244870 -68.252570
v 42.796840 7.854304 -67.982561
v 41.952016 8.077377 -67.613751
v 43.226041 6.412337 -55.440552
v 43.001308 7.244870 -55.392320
v 42.387296 7.854304 -55.260474
v 41.548552 8.077377 -55.080397
v 49.483694 6.412337 -42.655141
v 49.284794 7.244870 -42.554051
v 48.741414 7.854304 -42.277939
v 47.999133 8.077377 -41.900761
v 53.776326 6.412337 -34.511644
v 53.553881 7.244870 -34.455258
v 52.946176 7.854304 -34.301144
v 52.116026 8.077377 -34.090669
v 54.031839 6.412354 -12.311978
v 53.808750 7.244870 -12.311978
v 53.199305 7.854304 -12.311978
v 52.366771 8.077377 -12.311978
v 54.031839 6.412337 8.912068
v 53.808750 7.244870 8.912068
v 53.199305 7.854304 8.912068
v 52.366795 8.077377 8.912068
v 54.031839 6.412320 30.136030
v 53.808750 7.244844 30.136030
v 53.199281 7.854304 30.136030
v 52.366747 8.077377 30.136030
v 53.823199 6.412337 52.247208
v 53.600599 7.244870 52.195757
v 52.992453 7.854304 52.055042
v 52.161707 8.077377 51.862877
v 48.453535 6.412337 63.500517
v 48.253455 7.244870 63.401859
v 47.706808 7.854304 63.132280
v 46.960081 8.077377 62.764042
v 42.690052 6.412337 74.816751
v 42.504467 7.244870 74.689596
v 41.997470 7.854304 74.342191
v 41.304900 8.077377 73.867601
v 37.098374 6.412337 81.060010
v 36.939515 7.244870 80.902993
v 36.505522 7.854304 80.474102
v 35.912659 8.077377 79.888200
v 31.270160 6.412259 86.405241
v 31.116022 7.244809 86.243951
v 30.694904 7.854295 85.803353
v 30.119659 8.077377 85.201483
v 19.620528 6.412337 97.207856
v 19.528510 7.244870 96.988999
v 19.277074 7.854304 96.390992
v 18.933608 8.077377 95.574122
v 7.602693 6.412337 97.789215
v 7.597305 7.244870 97.566151
v 7.582571 7.854304 96.956705
v 7.562436 8.077377 96.124190
v -3.009270 6.412337 97.789215
v -2.994369 7.244870 97.566151
v -2.953623 7.854304 96.956705
v -2.897964 8.077377 96.124190
v -15.588937 6.412337 96.099740
v -15.405009 7.244870 95.899385
v -14.902507 7.854304 95.351958
v -14.216076 8.077377 94.604134
v -24.233220 -60.959083 72.584021
v -15.973757 -78.296976 78.436219
v -15.973769 -60.959083 78.436219
v -29.714416 -78.296976 60.269349
v -24.233220 -78.296976 72.584009
v -29.698823 -60.730858 60.268443
v -29.698823 -60.730858 60.268443
v -24.233220 -78.296976 72.584009
v -24.233220 -60.959083 72.584021
v -29.714416 -78.296976 60.269349
v -29.698823 -60.730858 60.268443
v -34.845219 -78.296976 54.813665
v -34.845219 -78.296976 54.813665
v -29.698823 -60.730858 60.268443
v -34.845219 -58.780350 54.813665
v -24.242972 -78.296976 8.916920
v -24.233244 -60.959083 8.912068
v -13.621221 -78.296976 -3.588039
v -13.621221 -78.296976 -3.588039
v -24.233244 -60.959083 8.912068
v -13.621221 -60.959083 -3.588039
v -34.864698 -78.296976 8.921772
v -34.845231 -60.959083 8.912068
v -24.242972 -78.296976 8.916920
v -24.242972 -78.296976 8.916920
v -34.845231 -60.959083 8.912068
v -24.233244 -60.959083 8.912068
v -42.726074 -78.296976 23.305529
v -42.377858 -58.963189 23.211520
v -34.864698 -78.296976 8.921772
v -34.864698 -78.296976 8.921772
v -42.377858 -58.963189 23.211520
v -34.845231 -60.959083 8.912068
v -34.845219 -78.296976 54.813665
v -34.845219 -58.780350 54.813665
v -45.525644 -78.296976 44.131165
v -45.525644 -78.296976 44.131165
v -34.845219 -58.780350 54.813665
v -45.525644 -51.095596 44.131165
v -42.726074 -78.296976 23.305529
v -45.457218 -78.296959 30.136066
v -42.377858 -58.963189 23.211520
v -42.377858 -58.963189 23.211520
v -45.457218 -78.296959 30.136066
v -45.457218 -54.996483 30.136066
v -45.457218 -78.296959 30.136066
v -45.525644 -78.296976 44.131165
v -45.457218 -54.996483 30.136066
v -45.457218 -54.996483 30.136066
v -45.525644 -78.296976 44.131165
v -45.525644 -51.095596 44.131165
v -13.621221 -78.296976 93.807989
v -3.009270 -78.296976 93.807977
v -13.621221 -60.959083 93.807989
v -13.621221 -60.959083 93.807989
v -3.009270 -78.296976 93.807977
v -3.009294 -60.959083 93.807977
v -15.973757 -78.296976 78.436219
v -13.621221 -78.296976 93.807989
v -15.973769 -60.959083 78.436219
v -15.973769 -60.959083 78.436219
v -13.621221 -78.296976 93.807989
v -13.621221 -60.959083 93.807989
v -3.009270 -78.296976 93.807977
v 7.602693 -78.296976 93.807977
v -3.009294 -60.959083 93.807977
v -3.009294 -60.959083 93.807977
v 7.602693 -78.296976 93.807977
v 7.602681 -60.959083 93.807977
v 7.602693 -78.296976 93.807977
v 18.214669 -78.296976 93.807923
v 7.602681 -60.959083 93.807977
v 7.602681 -60.959083 93.807977
v 18.214669 -78.296976 93.807923
v 18.214669 -60.959083 93.807923
v 18.214669 -78.296976 93.807923
v 28.520026 -78.296976 83.527785
v 18.214669 -60.959083 93.807923
v 18.214669 -60.959083 93.807923
v 28.520026 -78.296976 83.527785
v 28.520026 -60.959083 83.527785
v 28.520026 -78.296976 83.527785
v 34.281661 -78.296976 78.252214
v 28.520026 -60.959083 83.527785
v 28.520026 -60.959083 83.527785
v 34.281661 -78.296976 78.252214
v 34.281649 -60.959083 78.252214
v 34.281661 -78.296976 78.252214
v 39.438595 -78.296976 72.584026
v 34.281649 -60.959083 78.252214
v 34.281649 -60.959083 78.252214
v 39.438595 -78.296976 72.584026
v 39.438583 -60.959083 72.584026
v 39.438595 -78.296976 72.584026
v 44.892539 -78.296976 61.720198
v 39.438583 -60.959083 72.584026
v 39.438583 -60.959083 72.584026
v 44.892539 -78.296976 61.720198
v 44.892539 -60.959083 61.720198
v 44.892539 -78.296976 61.720198
v 50.050606 -78.296976 51.360005
v 44.892539 -60.959083 61.720198
v 44.892539 -60.959083 61.720198
v 50.050606 -78.296976 51.360005
v 50.050606 -60.959083 51.360005
v 50.050606 -78.296976 51.360005
v 50.050606 -78.296976 30.136030
v 50.050606 -60.959083 51.360005
v 50.050606 -60.959083 51.360005
v 50.050606 -78.296976 30.136030
v 50.050582 -60.959083 30.136030
v 50.050606 -78.296976 30.136030
v 50.050606 -78.296976 8.912068
v 50.050582 -60.959083 30.136030
v 50.050582 -60.959083 30.136030
v 50.050606 -78.296976 8.912068
v 50.050582 -60.959083 8.912068
v -24.245189 -78.296976 -33.541948
v -13.625251 -78.296976 -21.037883
v -24.233220 -60.819322 -33.535964
v -24.233220 -60.819322 -33.535964
v -13.625251 -78.296976 -21.037883
v -13.621245 -60.959083 -21.035857
v -24.246786 -78.296976 -54.759223
v -24.245189 -78.296976 -33.541948
v -24.233208 -60.599403 -54.760010
v -24.233208 -60.599403 -54.760010
v -24.245189 -78.296976 -33.541948
v -24.233220 -60.819322 -33.535964
v -24.248431 -78.296976 -75.976378
v -24.233244 -60.819322 -75.983960
v -18.266998 -78.296976 -86.115748
v -18.266998 -78.296976 -86.115748
v -24.233244 -60.819322 -75.983960
v -18.261932 -60.959083 -86.118299
v -24.248431 -78.296976 -75.976378
v -24.246786 -78.296976 -54.759223
v -24.233244 -60.819322 -75.983960
v -24.233244 -60.819322 -75.983960
v -24.246786 -78.296976 -54.759223
v -24.233208 -60.599403 -54.760010
v -13.621233 -78.296976 -12.311918
v -13.621221 -78.296976 -3.588039
v -13.621233 -60.959083 -12.311918
v -13.621233 -60.959083 -12.311918
v -13.621221 -78.296976 -3.588039
v -13.621221 -60.959083 -3.588039
v -13.621245 -60.959083 -21.035857
v -13.621233 -78.296976 -12.311918
v -13.621233 -60.959083 -12.311918
v 28.826644 -78.296976 -75.983960
v 24.218609 -78.296976 -81.407101
v 28.826632 -60.959083 -75.983960
v 28.826632 -60.959083 -75.983960
v 24.218609 -78.296976 -81.407101
v 24.218609 -60.959083 -81.407077
v 50.050606 -78.296976 8.912068
v 50.050606 -78.296976 -12.311978
v 50.050582 -60.959083 8.912068
v 50.050582 -60.959083 8.912068
v 50.050606 -78.296976 -12.311978
v 50.050606 -60.959083 -12.311978
v 50.050606 -78.296976 -12.311978
v 50.050606 -78.296976 -33.535964
v 50.050606 -60.959083 -12.311978
v 50.050606 -60.959083 -12.311978
v 50.050606 -78.296976 -33.535964
v 50.050606 -60.959083 -33.535964
v 50.050606 -78.296976 -33.535964
v 45.945181 -78.296976 -40.836675
v 50.050606 -60.959083 -33.535964
v 50.050606 -60.959083 -33.535964
v 45.945181 -78.296976 -40.836675
v 45.945181 -60.959083 -40.836675
v 45.945181 -78.296976 -40.836675
v 39.438619 -78.296976 -54.759986
v 45.945181 -60.959083 -40.836675
v 45.945181 -60.959083 -40.836675
v 39.438619 -78.296976 -54.759986
v 39.438595 -60.959083 -54.759986
v 39.438619 -78.296976 -54.759986
v 40.434481 -78.296976 -66.943127
v 39.438595 -60.959083 -54.759986
v 39.438595 -60.959083 -54.759986
v 40.434481 -78.296976 -66.943127
v 40.434470 -60.959083 -66.943127
v 40.434481 -78.296976 -66.943127
v 28.826644 -78.296976 -75.983960
v 40.434470 -60.959083 -66.943127
v 40.434470 -60.959083 -66.943127
v 28.826644 -78.296976 -75.983960
v 28.826632 -60.959083 -75.983960
v -3.009270 -78.296976 -97.207910
v -13.621233 -78.296976 -97.207887
v -3.009270 -60.959083 -97.207910
v -3.009270 -60.959083 -97.207910
v -13.621233 -78.296976 -97.207887
v -13.621233 -60.959083 -97.207887
v -13.621233 -78.296976 -97.207887
v -18.266998 -78.296976 -86.115748
v -13.621233 -60.959083 -97.207887
v -13.621233 -60.959083 -97.207887
v -18.266998 -78.296976 -86.115748
v -18.261932 -60.959083 -86.118299
v 7.602693 -78.296976 -97.207887
v -3.009270 -78.296976 -97.207910
v 7.602681 -60.959083 -97.207887
v 7.602681 -60.959083 -97.207887
v -3.009270 -78.296976 -97.207910
v -3.009270 -60.959083 -97.207910
v 24.218609 -78.296976 -81.407101
v 18.214669 -78.296976 -97.207910
v 24.218609 -60.959083 -81.407077
v 24.218609 -60.959083 -81.407077
v 18.214669 -78.296976 -97.207910
v 18.214645 -60.959083 -97.207910
v 18.214669 -78.296976 -97.207910
v 7.602693 -78.296976 -97.207887
v 18.214645 -60.959083 -97.207910
v 18.214645 -60.959083 -97.207910
v 7.602693 -78.296976 -97.207887
v 7.602681 -60.959083 -97.207887
v -24.233220 -60.959083 72.584021
v -15.973769 -60.959083 78.436219
v -24.233220 2.500724 72.584009
v -24.233220 2.500724 72.584009
v -15.973769 -60.959083 78.436219
v -15.973757 2.500724 78.436219
v -24.233220 -60.959083 72.584021
v -24.233220 2.500724 72.584009
v -29.698823 -60.730858 60.268443
v -29.698823 -60.730858 60.268443
v -24.233220 2.500724 72.584009
v -29.698823 2.500724 60.268443
v -29.698823 -60.730858 60.268443
v -29.698823 2.500724 60.268443
v -34.845219 -58.780350 54.813665
v -34.845219 -58.780350 54.813665
v -29.698823 2.500724 60.268443
v -34.845219 2.500732 54.813665
v -34.845219 -58.780350 54.813665
v -34.845219 2.500732 54.813665
v -45.525644 -51.095596 44.131165
v -45.525644 -51.095596 44.131165
v -34.845219 2.500732 54.813665
v -45.525644 2.500784 44.131165
v -45.457218 -54.996483 30.136066
v -45.525644 -51.095596 44.131165
v -45.457218 2.500750 30.136066
v -45.457218 2.500750 30.136066
v -45.525644 -51.095596 44.131165
v -45.525644 2.500784 44.131165
v -42.377858 -58.963189 23.211520
v -45.457218 -54.996483 30.136066
v -42.377852 2.500732 23.211520
v -42.377852 2.500732 23.211520
v -45.457218 -54.996483 30.136066
v -45.457218 2.500750 30.136066
v -34.845231 -60.959083 8.912068
v -42.377858 -58.963189 23.211520
v -34.845231 2.500724 8.912068
v -34.845231 2.500724 8.912068
v -42.377858 -58.963189 23.211520
v -42.377852 2.500732 23.211520
v -24.233244 -60.959083 8.912068
v -34.845231 -60.959083 8.912068
v -24.233244 2.500724 8.912068
v -24.233244 2.500724 8.912068
v -34.845231 -60.959083 8.912068
v -34.845231 2.500724 8.912068
v -13.621221 -60.959083 -3.588039
v -24.233244 -60.959083 8.912068
v -13.621221 2.500724 -3.588039
v -13.621221 2.500724 -3.588039
v -24.233244 -60.959083 8.912068
v -24.233244 2.500724 8.912068
v -13.621233 -60.959083 -12.311918
v -13.621221 -60.959083 -3.588039
v -13.621233 2.500724 -12.311918
v -13.621233 2.500724 -12.311918
v -13.621221 -60.959083 -3.588039
v -13.621221 2.500724 -3.588039
v -13.621245 -60.959083 -21.035857
v -13.621233 -60.959083 -12.311918
v -13.621245 2.500724 -21.035916
v -13.621245 2.500724 -21.035916
v -13.621233 -60.959083 -12.311918
v -13.621233 2.500724 -12.311918
v -13.621245 -60.959083 -21.035857
v -13.621245 2.500724 -21.035916
v -24.233220 -60.819322 -33.535964
v -24.233220 -60.819322 -33.535964
v -13.621245 2.500724 -21.035916
v -24.233220 2.500724 -33.535964
v -24.233220 -60.819322 -33.535964
v -24.233220 2.500724 -33.535964
v -24.233208 -60.599403 -54.760010
v -24.233208 -60.599403 -54.760010
v -24.233220 2.500724 -33.535964
v -24.233208 2.500732 -54.760010
v -24.233244 -60.819321 -75.983984
v -24.233208 -60.599402 -54.760033
v -24.233244 2.500724 -75.983984
v -24.233244 2.500724 -75.983960
v -24.233208 -60.599403 -54.760010
v -24.233208 2.500732 -54.760010
v -18.261932 -60.959083 -86.118299
v -24.233244 -60.819322 -75.983960
v -18.261932 2.500724 -86.118299
v -18.261932 2.500724 -86.118299
v -24.233244 -60.819322 -75.983960
v -24.233244 2.500724 -75.983960
v -13.621233 -60.959083 -97.207887
v -18.261932 -60.959083 -86.118299
v -13.621233 2.500724 -97.207887
v -13.621233 2.500724 -97.207887
v -18.261932 -60.959083 -86.118299
v -18.261932 2.500724 -86.118299
v -3.009270 -60.959083 -97.207910
v -13.621233 -60.959083 -97.207887
v -3.009270 2.500724 -97.207910
v -3.009270 2.500724 -97.207910
v -13.621233 -60.959083 -97.207887
v -13.621233 2.500724 -97.207887
v 7.602681 -60.959083 -97.207887
v -3.009270 -60.959083 -97.207910
v 7.602693 2.500724 -97.207887
v 7.602693 2.500724 -97.207887
v -3.009270 -60.959083 -97.207910
v -3.009270 2.500724 -97.207910
v 18.214645 -60.959083 -97.207910
v 7.602681 -60.959083 -97.207887
v 18.214669 2.500724 -97.207910
v 18.214669 2.500724 -97.207910
v 7.602681 -60.959083 -97.207887
v 7.602693 2.500724 -97.207887
v 24.218609 -60.959083 -81.407077
v 18.214645 -60.959083 -97.207910
v 24.218609 2.500724 -81.407101
v 24.218609 2.500724 -81.407101
v 18.214645 -60.959083 -97.207910
v 18.214669 2.500724 -97.207910
v 28.826632 -60.959083 -75.983960
v 24.218609 -60.959083 -81.407077
v 28.826644 2.500724 -75.983960
v 28.826644 2.500724 -75.983960
v 24.218609 -60.959083 -81.407077
v 24.218609 2.500724 -81.407101
v 40.434470 -60.959083 -66.943127
v 28.826632 -60.959083 -75.983960
v 40.434481 2.500724 -66.943127
v 40.434481 2.500724 -66.943127
v 28.826632 -60.959083 -75.983960
v 28.826644 2.500724 -75.983960
v 39.438595 -60.959083 -54.759986
v 40.434470 -60.959083 -66.943127
v 39.438619 2.500724 -54.759986
v 39.438619 2.500724 -54.759986
v 40.434470 -60.959083 -66.943127
v 40.434481 2.500724 -66.943127
v 45.945181 -60.959083 -40.836675
v 39.438595 -60.959083 -54.759986
v 45.945181 2.500724 -40.836675
v 45.945181 2.500724 -40.836675
v 39.438595 -60.959083 -54.759986
v 39.438619 2.500724 -54.759986
v 50.050606 -60.959083 -33.535964
v 45.945181 -60.959083 -40.836675
v 50.050606 2.500724 -33.535964
v 50.050606 2.500724 -33.535964
v 45.945181 -60.959083 -40.836675
v 45.945181 2.500724 -40.836675
v 50.050606 -60.959083 -12.311978
v 50.050606 -60.959083 -33.535964
v 50.050606 2.500724 -12.311978
v 50.050606 2.500724 -12.311978
v 50.050606 -60.959083 -33.535964
v 50.050606 2.500724 -33.535964
v 50.050582 -60.959083 8.912068
v 50.050606 -60.959083 -12.311978
v 50.050606 2.500724 8.912068
v 50.050606 2.500724 8.912068
v 50.050606 -60.959083 -12.311978
v 50.050606 2.500724 -12.311978
v 50.050582 -60.959083 30.136030
v 50.050582 -60.959083 8.912068
v 50.050606 2.500724 30.136030
v 50.050606 2.500724 30.136030
v 50.050582 -60.959083 8.912068
v 50.050606 2.500724 8.912068
v 50.050606 -60.959083 51.360005
v 50.050582 -60.959083 30.136030
v 50.050606 2.500724 51.360005
v 50.050606 2.500724 51.360005
v 50.050582 -60.959083 30.136030
v 50.050606 2.500724 30.136030
v 44.892539 -60.959083 61.720198
v 50.050606 -60.959083 51.360005
v 44.892539 2.500724 61.720198
v 44.892539 2.500724 61.720198
v 50.050606 -60.959083 51.360005
v 50.050606 2.500724 51.360005
v 39.438583 -60.959083 72.584026
v 44.892539 -60.959083 61.720198
v 39.438595 2.500724 72.584026
v 39.438595 2.500724 72.584026
v 44.892539 -60.959083 61.720198
v 44.892539 2.500724 61.720198
v 34.281649 -60.959083 78.252214
v 39.438583 -60.959083 72.584026
v 34.281661 2.500724 78.252214
v 34.281661 2.500724 78.252214
v 39.438583 -60.959083 72.584026
v 39.438595 2.500724 72.584026
v 28.520026 -60.959083 83.527785
v 34.281649 -60.959083 78.252214
v 28.520026 2.500724 83.527785
v 28.520026 2.500724 83.527785
v 34.281649 -60.959083 78.252214
v 34.281661 2.500724 78.252214
v 18.214669 -60.959083 93.807923
v 28.520026 -60.959083 83.527785
v 18.214669 2.500724 93.807923
v 18.214669 2.500724 93.807923
v 28.520026 -60.959083 83.527785
v 28.520026 2.500724 83.527785
v 7.602681 -60.959083 93.807977
v 18.214669 -60.959083 93.807923
v 7.602693 2.500724 93.807977
v 7.602693 2.500724 93.807977
v 18.214669 -60.959083 93.807923
v 18.214669 2.500724 93.807923
v -3.009294 -60.959083 93.807977
v 7.602681 -60.959083 93.807977
v -3.009270 2.500724 93.807977
v -3.009270 2.500724 93.807977
v 7.602681 -60.959083 93.807977
v 7.602693 2.500724 93.807977
v -13.621221 -60.959083 93.807989
v -3.009294 -60.959083 93.807977
v -13.621221 2.500724 93.807989
v -13.621221 2.500724 93.807989
v -3.009294 -60.959083 93.807977
v -3.009270 2.500724 93.807977
v -15.973769 -60.959083 78.436219
v -13.621221 -60.959083 93.807989
v -15.973757 2.500724 78.436219
v -15.973757 2.500724 78.436219
v -13.621221 -60.959083 93.807989
v -13.621221 2.500724 93.807989
v -24.233220 2.500724 72.584009
v -24.233220 2.500724 72.584009
v -15.973757 2.500724 78.436219
v -24.233220 2.500724 72.584009
v -15.973757 2.500724 78.436219
v -15.973757 2.500724 78.436219
v -29.698823 2.500724 60.268443
v -29.698823 2.500724 60.268443
v -24.233220 2.500724 72.584009
v -29.698823 2.500724 60.268443
v -24.233220 2.500724 72.584009
v -24.233220 2.500724 72.584009
v -34.845219 2.500732 54.813665
v -34.845219 2.500732 54.813665
v -29.698823 2.500724 60.268443
v -34.845219 2.500732 54.813665
v -29.698823 2.500724 60.268443
v -29.698823 2.500724 60.268443
v -45.525644 2.500784 44.131165
v -45.525644 2.500784 44.131165
v -34.845219 2.500732 54.813665
v -45.525644 2.500784 44.131165
v -34.845219 2.500732 54.813665
v -34.845219 2.500732 54.813665
v -45.457218 2.500750 30.136066
v -45.457218 2.500750 30.136066
v -45.525644 2.500784 44.131165
v -45.457218 2.500750 30.136066
v -45.525644 2.500784 44.131165
v -45.525644 2.500784 44.131165
v -42.377852 2.500732 23.211520
v -42.377852 2.500732 23.211520
v -45.457218 2.500750 30.136066
v -42.377852 2.500732 23.211520
v -45.457218 2.500750 30.136066
v -45.457218 2.500750 30.136066
v -34.845231 2.500724 8.912068
v -34.845231 2.500724 8.912068
v -42.377852 2.500732 23.211520
v -34.845231 2.500724 8.912068
v -42.377852 2.500732 23.211520
v -42.377852 2.500732 23.211520
v -24.233244 2.500724 8.912068
v -24.233244 2.500724 8.912068
v -34.845231 2.500724 8.912068
v -24.233244 2.500724 8.912068
v -34.845231 2.500724 8.912068
v -34.845231 2.500724 8.912068
v -13.621221 2.500724 -3.588039
v -13.621221 2.500724 -3.588039
v -24.233244 2.500724 8.912068
v -13.621221 2.500724 -3.588039
v -24.233244 2.500724 8.912068
v -24.233244 2.500724 8.912068
v -13.621233 2.500724 -12.311918
v -13.621233 2.500724 -12.311918
v -13.621221 2.500724 -3.588039
v -13.621233 2.500724 -12.311918
v -13.621221 2.500724 -3.588039
v -13.621221 2.500724 -3.588039
v -13.621245 2.500724 -21.035916
v -13.621245 2.500724 -21.035916
v -13.621233 2.500724 -12.311918
v -13.621245 2.500724 -21.035916
v -13.621233 2.500724 -12.311918
v -13.621233 2.500724 -12.311918
v -24.233220 2.500724 -33.535964
v -24.233220 2.500724 -33.535964
v -13.621245 2.500724 -21.035916
v -24.233220 2.500724 -33.535964
v -13.621245 2.500724 -21.035916
v -13.621245 2.500724 -21.035916
v -24.233208 2.500732 -54.760010
v -24.233208 2.500732 -54.760010
v -24.233220 2.500724 -33.535964
v -24.233208 2.500732 -54.760010
v -24.233220 2.500724 -33.535964
v -24.233220 2.500724 -33.535964
v -24.233244 2.500724 -75.983960
v -24.233244 2.500724 -75.983960
v -24.233208 2.500732 -54.760010
v -24.233244 2.500724 -75.983960
v -24.233208 2.500732 -54.760010
v -24.233208 2.500732 -54.760010
v -18.261932 2.500724 -86.118299
v -18.261932 2.500724 -86.118299
v -24.233244 2.500724 -75.983960
v -18.261932 2.500724 -86.118299
v -24.233244 2.500724 -75.983960
v -24.233244 2.500724 -75.983960
v -13.621233 2.500724 -97.207887
v -13.621233 2.500724 -97.207887
v -18.261932 2.500724 -86.118299
v -13.621233 2.500724 -97.207887
v -18.261932 2.500724 -86.118299
v -18.261932 2.500724 -86.118299
v -3.009270 2.500724 -97.207910
v -3.009270 2.500724 -97.207910
v -13.621233 2.500724 -97.207887
v -3.009270 2.500724 -97.207910
v -13.621233 2.500724 -97.207887
v -13.621233 2.500724 -97.207887
v 7.602693 2.500724 -97.207887
v 7.602693 2.500724 -97.207887
v -3.009270 2.500724 -97.207910
v 7.602693 2.500724 -97.207887
v -3.009270 2.500724 -97.207910
v -3.009270 2.500724 -97.207910
v 18.214669 2.500724 -97.207910
v 18.214669 2.500724 -97.207910
v 7.602693 2.500724 -97.207887
v 18.214669 2.500724 -97.207910
v 7.602693 2.500724 -97.207887
v 7.602693 2.500724 -97.207887
v 24.218609 2.500724 -81.407101
v 24.218609 2.500724 -81.407101
v 18.214669 2.500724 -97.207910
v 24.218609 2.500724 -81.407101
v 18.214669 2.500724 -97.207910
v 18.214669 2.500724 -97.207910
v 28.826644 2.500724 -75.983960
v 28.826644 2.500724 -75.983960
v 24.218609 2.500724 -81.407101
v 28.826644 2.500724 -75.983960
v 24.218609 2.500724 -81.407101
v 24.218609 2.500724 -81.407101
v 40.434481 2.500724 -66.943127
v 40.434481 2.500724 -66.943127
v 28.826644 2.500724 -75.983960
v 40.434481 2.500724 -66.943127
v 28.826644 2.500724 -75.983960
v 28.826644 2.500724 -75.983960
v 39.438619 2.500724 -54.759986
v 39.438619 2.500724 -54.759986
v 40.434481 2.500724 -66.943127
v 39.438619 2.500724 -54.759986
v 40.434481 2.500724 -66.943127
v 40.434481 2.500724 -66.943127
v 45.945181 2.500724 -40.836675
v 45.945181 2.500724 -40.836675
v 39.438619 2.500724 -54.759986
v 45.945181 2.500724 -40.836675
v 39.438619 2.500724 -54.759986
v 39.438619 2.500724 -54.759986
v 50.050606 2.500724 -33.535964
v 50.050606 2.500724 -33.535964
v 45.945181 2.500724 -40.836675
v 50.050606 2.500724 -33.535964
v 45.945181 2.500724 -40.836675
v 45.945181 2.500724 -40.836675
v 50.050606 2.500724 -12.311978
v 50.050606 2.500724 -12.311978
v 50.050606 2.500724 -33.535964
v 50.050606 2.500724 -12.311978
v 50.050606 2.500724 -33.535964
v 50.050606 2.500724 -33.535964
v 50.050606 2.500724 8.912068
v 50.050606 2.500724 8.912068
v 50.050606 2.500724 -12.311978
v 50.050606 2.500724 8.912068
v 50.050606 2.500724 -12.311978
v 50.050606 2.500724 -12.311978
v 50.050606 2.500724 30.136030
v 50.050606 2.500724 30.136030
v 50.050606 2.500724 8.912068
v 50.050606 2.500724 30.136030
v 50.050606 2.500724 8.912068
v 50.050606 2.500724 8.912068
v 50.050606 2.500724 51.360005
v 50.050606 2.500724 51.360005
v 50.050606 2.500724 30.136030
v 50.050606 2.500724 51.360005
v 50.050606 2.500724 30.136030
v 50.050606 2.500724 30.136030
v 44.892539 2.500724 61.720198
v 44.892539 2.500724 61.720198
v 50.050606 2.500724 51.360005
v 44.892539 2.500724 61.720198
v 50.050606 2.500724 51.360005
v 50.050606 2.500724 51.360005
v 39.438595 2.500724 72.584026
v 39.438595 2.500724 72.584026
v 44.892539 2.500724 61.720198
v 39.438595 2.500724 72.584026
v 44.892539 2.500724 61.720198
v 44.892539 2.500724 61.720198
v 34.281661 2.500724 78.252214
v 34.281661 2.500724 78.252214
v 39.438595 2.500724 72.584026
v 34.281661 2.500724 78.252214
v 39.438595 2.500724 72.584026
v 39.438595 2.500724 72.584026
v 28.520026 2.500724 83.527785
v 28.520026 2.500724 83.527785
v 34.281661 2.500724 78.252214
v 28.520026 2.500724 83.527785
v 34.281661 2.500724 78.252214
v 34.281661 2.500724 78.252214
v 18.214669 2.500724 93.807923
v 18.214669 2.500724 93.807923
v 28.520026 2.500724 83.527785
v 18.214669 2.500724 93.807923
v 28.520026 2.500724 83.527785
v 28.520026 2.500724 83.527785
v 7.602693 2.500724 93.807977
v 7.602693 2.500724 93.807977
v 18.214669 2.500724 93.807923
v 7.602693 2.500724 93.807977
v 18.214669 2.500724 93.807923
v 18.214669 2.500724 93.807923
v -3.009270 2.500724 93.807977
v -3.009270 2.500724 93.807977
v 7.602693 2.500724 93.807977
v -3.009270 2.500724 93.807977
v 7.602693 2.500724 93.807977
v 7.602693 2.500724 93.807977
v -13.621221 2.500724 93.807989
v -13.621221 2.500724 93.807989
v -3.009270 2.500724 93.807977
v -13.621221 2.500724 93.807989
v -3.009270 2.500724 93.807977
v -3.009270 2.500724 93.807977
v -15.973757 2.500724 78.436219
v -15.973757 2.500724 78.436219
v -13.621221 2.500724 93.807989
v -15.973757 2.500724 78.436219
v -13.621221 2.500724 93.807989
v -13.621221 2.500724 93.807989
v -15.973757 2.500724 78.436219
v -19.092320 2.500724 80.361622
v -24.233220 2.500724 72.584009
v -24.233220 2.500724 72.584009
v -19.092320 2.500724 80.361622
v -27.203558 2.500724 75.015729
v -29.698823 2.500724 60.268443
v -24.233220 2.500724 72.584009
v -32.966219 2.500724 62.441986
v -32.966219 2.500724 62.441986
v -24.233220 2.500724 72.584009
v -27.203558 2.500724 75.015729
v -29.698823 2.500724 60.268443
v -32.966219 2.500724 62.441986
v -34.845219 2.500732 54.813665
v -34.845219 2.500732 54.813665
v -32.966219 2.500724 62.441986
v -37.700854 2.500732 57.587188
v -34.845219 2.500732 54.813665
v -37.700854 2.500732 57.587188
v -45.525644 2.500784 44.131165
v -45.525644 2.500784 44.131165
v -37.700854 2.500732 57.587188
v -48.923968 2.500784 45.528882
v -45.457218 2.500750 30.136066
v -45.525644 2.500784 44.131165
v -49.266694 2.500750 29.317492
v -49.266694 2.500750 29.317492
v -45.525644 2.500784 44.131165
v -48.923968 2.500784 45.528882
v -42.377852 2.500732 23.211520
v -45.457218 2.500750 30.136066
v -45.957933 2.500732 21.474903
v -45.957933 2.500732 21.474903
v -45.457218 2.500750 30.136066
v -49.266694 2.500750 29.317492
v -42.377852 2.500732 23.211520
v -45.957933 2.500732 21.474903
v -34.845231 2.500724 8.912068
v -34.845231 2.500724 8.912068
v -45.957933 2.500732 21.474903
v -36.606429 2.500724 5.993717
v -24.233244 2.500724 8.912068
v -34.845231 2.500724 8.912068
v -25.750766 2.500724 5.633181
v -25.750766 2.500724 5.633181
v -34.845231 2.500724 8.912068
v -36.606429 2.500724 5.993717
v -24.233244 2.500724 8.912068
v -25.750766 2.500724 5.633181
v -13.621221 2.500724 -3.588039
v -13.621221 2.500724 -3.588039
v -25.750766 2.500724 5.633181
v -17.129360 2.500724 -4.876310
v -13.621221 2.500724 -3.588039
v -17.129360 2.500724 -4.876310
v -13.621233 2.500724 -12.311918
v -13.621233 2.500724 -12.311918
v -17.129360 2.500724 -4.876310
v -17.602478 2.500724 -12.311870
v -13.621245 2.500724 -21.035916
v -13.621233 2.500724 -12.311918
v -17.129384 2.500724 -19.747586
v -17.129384 2.500724 -19.747586
v -13.621233 2.500724 -12.311918
v -17.602478 2.500724 -12.311870
v -13.621245 2.500724 -21.035916
v -17.129384 2.500724 -19.747586
v -24.233220 2.500724 -33.535964
v -24.233220 2.500724 -33.535964
v -17.129384 2.500724 -19.747586
v -27.741359 2.500724 -32.247645
v -24.233208 2.500732 -54.760010
v -24.233220 2.500724 -33.535964
v -28.214453 2.500732 -54.759986
v -28.214453 2.500732 -54.759986
v -24.233220 2.500724 -33.535964
v -27.741359 2.500724 -32.247645
v -24.233208 2.500732 -54.760010
v -28.214453 2.500732 -54.759986
v -24.233244 2.500724 -75.983960
v -24.233244 2.500724 -75.983960
v -28.214453 2.500732 -54.759986
v -27.938913 2.500724 -76.994473
v -18.261932 2.500724 -86.118299
v -24.233244 2.500724 -75.983960
v -21.813296 2.500724 -87.897236
v -21.813296 2.500724 -87.897236
v -24.233244 2.500724 -75.983960
v -27.938913 2.500724 -76.994473
v -18.261932 2.500724 -86.118299
v -21.813296 2.500724 -87.897236
v -13.621233 2.500724 -97.207887
v -13.621233 2.500724 -97.207887
v -21.813296 2.500724 -87.897236
v -15.457557 2.500724 -99.966938
v -3.009270 2.500724 -97.207910
v -13.621233 2.500724 -97.207887
v -3.009270 2.500724 -101.189143
v -3.009270 2.500724 -101.189143
v -13.621233 2.500724 -97.207887
v -15.457557 2.500724 -99.966938
v 7.602693 2.500724 -97.207887
v -3.009270 2.500724 -97.207910
v 7.602693 2.500724 -101.189095
v 7.602693 2.500724 -101.189095
v -3.009270 2.500724 -97.207910
v -3.009270 2.500724 -101.189143
v 7.602693 2.500724 -97.207887
v 7.602693 2.500724 -101.189095
v 18.214669 2.500724 -97.207910
v 18.214669 2.500724 -97.207910
v 7.602693 2.500724 -101.189095
v 20.075478 2.500724 -99.905569
v 24.218609 2.500724 -81.407101
v 18.214669 2.500724 -97.207910
v 27.596392 2.500724 -83.403046
v 27.596392 2.500724 -83.403046
v 18.214669 2.500724 -97.207910
v 20.075478 2.500724 -99.905569
v 24.218609 2.500724 -81.407101
v 27.596392 2.500724 -83.403046
v 28.826644 2.500724 -75.983960
v 28.826644 2.500724 -75.983960
v 27.596392 2.500724 -83.403046
v 31.566788 2.500724 -78.843386
v 28.826644 2.500724 -75.983960
v 31.566788 2.500724 -78.843386
v 40.434481 2.500724 -66.943127
v 40.434481 2.500724 -66.943127
v 31.566788 2.500724 -78.843386
v 43.641664 2.500724 -68.351395
v 39.438619 2.500724 -54.759986
v 40.434481 2.500724 -66.943127
v 43.226041 2.500724 -55.440552
v 43.226041 2.500724 -55.440552
v 40.434481 2.500724 -66.943127
v 43.641664 2.500724 -68.351395
v 39.438619 2.500724 -54.759986
v 43.226041 2.500724 -55.440552
v 45.945181 2.500724 -40.836675
v 45.945181 2.500724 -40.836675
v 43.226041 2.500724 -55.440552
v 49.483694 2.500724 -42.655141
v 45.945181 2.500724 -40.836675
v 49.483694 2.500724 -42.655141
v 50.050606 2.500724 -33.535964
v 50.050606 2.500724 -33.535964
v 49.483694 2.500724 -42.655141
v 53.776326 2.500724 -34.511644
v 50.050606 2.500724 -12.311978
v 50.050606 2.500724 -33.535964
v 54.031839 2.500724 -12.311978
v 54.031839 2.500724 -12.311978
v 50.050606 2.500724 -33.535964
v 53.776326 2.500724 -34.511644
v 50.050606 2.500724 8.912068
v 50.050606 2.500724 -12.311978
v 54.031839 2.500724 8.912068
v 54.031839 2.500724 8.912068
v 50.050606 2.500724 -12.311978
v 54.031839 2.500724 -12.311978
v 50.050606 2.500724 30.136030
v 50.050606 2.500724 8.912068
v 54.031839 2.500724 30.136030
v 54.031839 2.500724 30.136030
v 50.050606 2.500724 8.912068
v 54.031839 2.500724 8.912068
v 50.050606 2.500724 30.136030
v 54.031839 2.500724 30.136030
v 50.050606 2.500724 51.360005
v 50.050606 2.500724 51.360005
v 54.031839 2.500724 30.136030
v 53.823199 2.500724 52.247208
v 44.892539 2.500724 61.720198
v 50.050606 2.500724 51.360005
v 48.453535 2.500724 63.500517
v 48.453535 2.500724 63.500517
v 50.050606 2.500724 51.360005
v 53.823199 2.500724 52.247208
v 44.892539 2.500724 61.720198
v 48.453535 2.500724 63.500517
v 39.438595 2.500724 72.584026
v 39.438595 2.500724 72.584026
v 48.453535 2.500724 63.500517
v 42.690052 2.500724 74.816751
v 34.281661 2.500724 78.252214
v 39.438595 2.500724 72.584026
v 37.098374 2.500724 81.060010
v 37.098374 2.500724 81.060010
v 39.438595 2.500724 72.584026
v 42.690052 2.500724 74.816751
v 28.520026 2.500724 83.527785
v 34.281661 2.500724 78.252214
v 31.270160 2.500724 86.405241
v 31.270160 2.500724 86.405241
v 34.281661 2.500724 78.252214
v 37.098374 2.500724 81.060010
v 28.520026 2.500724 83.527785
v 31.270160 2.500724 86.405241
v 18.214669 2.500724 93.807923
v 18.214669 2.500724 93.807923
v 31.270160 2.500724 86.405241
v 19.620528 2.500724 97.207856
v 7.602693 2.500724 93.807977
v 18.214669 2.500724 93.807923
v 7.602693 2.500724 97.789215
v 7.602693 2.500724 97.789215
v 18.214669 2.500724 93.807923
v 19.620528 2.500724 97.207856
v -3.009270 2.500724 93.807977
v 7.602693 2.500724 93.807977
v -3.009270 2.500724 97.789215
v -3.009270 2.500724 97.789215
v 7.602693 2.500724 93.807977
v 7.602693 2.500724 97.789215
v -3.009270 2.500724 93.807977
v -3.009270 2.500724 97.789215
v -13.621221 2.500724 93.807989
v -13.621221 2.500724 93.807989
v -3.009270 2.500724 97.789215
v -15.588937 2.500724 96.099740
v -15.973757 2.500724 78.436219
v -13.621221 2.500724 93.807989
v -19.092320 2.500724 80.361622
v -19.092320 2.500724 80.361622
v -13.621221 2.500724 93.807989
v -15.588937 2.500724 96.099740
v -27.203558 2.500724 75.015729
v -19.092320 2.500724 80.361622
v -27.203558 6.412337 75.015729
v -27.203558 6.412337 75.015729
v -19.092320 2.500724 80.361622
v -19.092320 6.412337 80.361622
v -32.966219 2.500724 62.441986
v -27.203558 2.500724 75.015729
v -32.966219 6.412337 62.442046
v -37.700854 2.500732 57.587188
v -32.966219 2.500724 62.441986
v -37.700830 6.412346 57.587188
v -37.700830 6.412346 57.587188
v -32.966219 2.500724 62.441986
v -32.966219 6.412337 62.442046
v -48.923968 2.500784 45.528882
v -37.700854 2.500732 57.587188
v -48.923956 6.412415 45.528882
v -48.923956 6.412415 45.528882
v -37.700854 2.500732 57.587188
v -37.700830 6.412346 57.587188
v -49.266694 2.500750 29.317492
v -48.923968 2.500784 45.528882
v -49.266694 6.412363 29.317492
v -45.957933 2.500732 21.474903
v -49.266694 2.500750 29.317492
v -45.957921 6.412346 21.474903
v -45.957921 6.412346 21.474903
v -49.266694 2.500750 29.317492
v -49.266694 6.412363 29.317492
v -36.606429 2.500724 5.993717
v -45.957933 2.500732 21.474903
v -36.606429 6.412337 5.993717
v -36.606429 6.412337 5.993717
v -45.957933 2.500732 21.474903
v -45.957921 6.412346 21.474903
v -25.750766 2.500724 5.633181
v -36.606429 2.500724 5.993717
v -25.750766 6.412337 5.633181
v -17.129360 2.500724 -4.876310
v -25.750766 2.500724 5.633181
v -17.129360 6.412337 -4.876310
v -17.129360 6.412337 -4.876310
v -25.750766 2.500724 5.633181
v -25.750766 6.412337 5.633181
v -17.602478 2.500724 -12.311870
v -17.129360 2.500724 -4.876310
v -17.602478 6.412337 -12.311870
v -17.602478 6.412337 -12.311870
v -17.129360 2.500724 -4.876310
v -17.129360 6.412337 -4.876310
v -17.129384 2.500724 -19.747586
v -17.602478 2.500724 -12.311870
v -17.129384 6.412337 -19.747586
v -27.741359 2.500724 -32.247645
v -17.129384 2.500724 -19.747586
v -27.741359 6.412337 -32.247645
v -27.741359 6.412337 -32.247645
v -17.129384 2.500724 -19.747586
v -17.129384 6.412337 -19.747586
v -28.214453 2.500732 -54.759986
v -27.741359 2.500724 -32.247645
v -28.214453 6.412346 -54.759986
v -27.938913 2.500724 -76.994473
v -28.214453 2.500732 -54.759986
v -27.938913 6.412337 -76.994473
v -27.938913 6.412337 -76.994473
v -28.214453 2.500732 -54.759986
v -28.214453 6.412346 -54.759986
v -27.938913 2.500724 -76.994473
v -27.938913 6.412337 -76.994473
v -21.813296 2.500724 -87.897236
v -21.813296 2.500724 -87.897236
v -27.938913 6.412337 -76.994473
v -21.777676 6.408845 -87.964923
v -15.457557 2.500724 -99.966938
v -21.813296 2.500724 -87.897236
v -15.457557 6.412337 -99.966938
v -15.457557 6.412337 -99.966938
v -21.813296 2.500724 -87.897236
v -19.468723 6.336285 -93.124539
v -21.813296 2.500724 -87.897236
v -21.777676 6.408845 -87.964923
v -19.468723 6.336285 -93.124539
v -3.009270 2.500724 -101.189143
v -15.457557 2.500724 -99.966938
v -3.009270 6.412337 -101.189143
v 7.602693 2.500724 -101.189095
v -3.009270 2.500724 -101.189143
v 7.602693 6.412337 -101.189095
v 7.602693 6.412337 -101.189095
v -3.009270 2.500724 -101.189143
v -3.009270 6.412337 -101.189143
v 20.075478 2.500724 -99.905569
v 7.602693 2.500724 -101.189095
v 20.075478 6.412337 -99.905569
v 20.075478 6.412337 -99.905569
v 7.602693 2.500724 -101.189095
v 7.602693 6.412337 -101.189095
v 27.596392 2.500724 -83.403046
v 20.075478 2.500724 -99.905569
v 27.596392 6.412337 -83.403046
v 31.566788 2.500724 -78.843386
v 27.596392 2.500724 -83.403046
v 31.566788 6.412337 -78.843386
v 31.566788 6.412337 -78.843386
v 27.596392 2.500724 -83.403046
v 27.596392 6.412337 -83.403046
v 43.641664 2.500724 -68.351395
v 31.566788 2.500724 -78.843386
v 43.641664 6.412337 -68.351395
v 43.641664 6.412337 -68.351395
v 31.566788 2.500724 -78.843386
v 31.566788 6.412337 -78.843386
v 43.226041 2.500724 -55.440552
v 43.641664 2.500724 -68.351395
v 43.226041 6.412337 -55.440552
v 49.483694 2.500724 -42.655141
v 43.226041 2.500724 -55.440552
v 49.483694 6.412337 -42.655141
v 49.483694 6.412337 -42.655141
v 43.226041 2.500724 -55.440552
v 43.226041 6.412337 -55.440552
v 53.776326 2.500724 -34.511644
v 49.483694 2.500724 -42.655141
v 53.776326 6.412337 -34.511644
v 53.776326 6.412337 -34.511644
v 49.483694 2.500724 -42.655141
v 49.483694 6.412337 -42.655141
v 54.031839 2.500724 -12.311978
v 53.776326 2.500724 -34.511644
v 54.031839 6.412354 -12.311978
v 54.031839 2.500724 8.912068
v 54.031839 2.500724 -12.311978
v 54.031839 6.412337 8.912068
v 54.031839 6.412337 8.912068
v 54.031839 2.500724 -12.311978
v 54.031839 6.412354 -12.311978
v 54.031839 2.500724 30.136030
v 54.031839 2.500724 8.912068
v 54.031839 6.412320 30.136030
v 54.031839 6.412320 30.136030
v 54.031839 2.500724 8.912068
v 54.031839 6.412337 8.912068
v 53.823199 2.500724 52.247208
v 54.031839 2.500724 30.136030
v 53.823199 6.412337 52.247208
v 53.823199 6.412337 52.247208
v 54.031839 2.500724 30.136030
v 54.031839 6.412320 30.136030
v 48.453535 2.500724 63.500517
v 53.823199 2.500724 52.247208
v 48.453535 6.412337 63.500517
v 42.690052 2.500724 74.816751
v 48.453535 2.500724 63.500517
v 42.690052 6.412337 74.816751
v 42.690052 6.412337 74.816751
v 48.453535 2.500724 63.500517
v 48.453535 6.412337 63.500517
v 37.098374 2.500724 81.060010
v 42.690052 2.500724 74.816751
v 37.098374 6.412337 81.060010
v 31.270160 2.500724 86.405241
v 37.098374 2.500724 81.060010
v 31.270160 6.412259 86.405241
v 31.270160 6.412259 86.405241
v 37.098374 2.500724 81.060010
v 37.098374 6.412337 81.060010
v 19.620528 2.500724 97.207856
v 31.270160 2.500724 86.405241
v 19.620528 6.412337 97.207856
v 19.620528 6.412337 97.207856
v 31.270160 2.500724 86.405241
v 31.270160 6.412259 86.405241
v 7.602693 2.500724 97.789215
v 19.620528 2.500724 97.207856
v 7.602693 6.412337 97.789215
v -3.009270 2.500724 97.789215
v 7.602693 2.500724 97.789215
v -3.009270 6.412337 97.789215
v -3.009270 6.412337 97.789215
v 7.602693 2.500724 97.789215
v 7.602693 6.412337 97.789215
v -15.588937 2.500724 96.099740
v -3.009270 2.500724 97.789215
v -15.588937 6.412337 96.099740
v -15.588937 6.412337 96.099740
v -3.009270 2.500724 97.789215
v -3.009270 6.412337 97.789215
v -19.092320 2.500724 80.361622
v -15.588937 2.500724 96.099740
v -19.092320 6.412337 80.361622
vt 0.476568 0.910308
vt 0.494947 0.941913
vt 0.422464 0.941779
vt 0.675805 0.466139
vt 0.731727 0.437992
vt 0.661641 0.437992
vt 0.388744 0.296642
vt 0.319838 0.290924
vt 0.376537 0.177122
vt 0.343984 0.175623
vt 0.311710 0.173136
vt 0.488937 0.086371
vt 0.517566 0.258405
vt 0.433953 0.106612
vt 0.427353 0.143496
vt 0.450558 0.283472
vt 0.260650 0.268206
vt 0.266638 0.134774
vt 0.209362 0.258384
vt 0.225315 0.386006
vt 0.250466 0.401554
vt 0.400651 0.414529
vt 0.475879 0.421977
vt 0.325590 0.407793
vt 0.596831 0.242566
vt 0.550567 0.247306
vt 0.565139 0.085667
vt 0.515285 0.079062
vt 0.694676 0.270203
vt 0.665398 0.269725
vt 0.675354 0.204434
vt 0.657758 0.173098
vt 0.598605 0.127089
vt 0.616011 0.147399
vt 0.633754 0.266352
vt 0.728498 0.223067
vt 0.724235 0.259638
vt 0.719498 0.296844
vt 0.714429 0.333882
vt 0.674216 0.366562
vt 0.653144 0.384653
vt 0.630883 0.400358
vt 0.590232 0.415426
vt 0.551387 0.429123
vt 0.146801 0.243041
vt 0.176795 0.360573
vt 0.105546 0.253168
vt 0.132701 0.359182
vt 0.102906 0.316741
vt 0.084341 0.299464
vt 0.067599 0.263355
vt 0.113842 0.126912
vt 0.076225 0.145618
vt 0.190204 0.130251
vt 0.030087 0.273060
vt 0.031522 0.235775
vt 0.056099 0.153145
vt 0.033537 0.198177
vt 0.035890 0.160802
vt 0.678120 0.149972
vt 0.575700 0.057474
vt 0.409440 0.091964
vt 0.345115 0.143940
vt 0.273269 0.105045
vt 0.009766 0.149718
vt 0.009780 0.292557
vt 0.122855 0.386625
vt 0.243593 0.431838
vt 0.557863 0.459661
vt 0.647102 0.427485
vt 0.742521 0.344872
vt 0.746796 0.203419
vt 0.684535 0.194140
vt 0.667737 0.163653
vt 0.686735 0.191781
vt 0.670010 0.161548
vt 0.682180 0.196572
vt 0.665422 0.165762
vt 0.679755 0.199032
vt 0.663075 0.167877
vt 0.627865 0.134048
vt 0.612150 0.115520
vt 0.573138 0.071374
vt 0.514675 0.061679
vt 0.483579 0.069348
vt 0.422895 0.096294
vt 0.413539 0.134021
vt 0.371897 0.160765
vt 0.344803 0.158071
vt 0.317849 0.157198
vt 0.272265 0.119144
vt 0.190800 0.112496
vt 0.110157 0.110219
vt 0.068602 0.129410
vt 0.023660 0.152314
vt 0.049036 0.137000
vt 0.015706 0.196879
vt 0.013663 0.235361
vt 0.017423 0.280667
vt 0.073786 0.313776
vt 0.089392 0.328398
vt 0.124982 0.372651
vt 0.171779 0.377372
vt 0.216605 0.401504
vt 0.245203 0.417796
vt 0.323886 0.425489
vt 0.399069 0.432207
vt 0.474500 0.439669
vt 0.553550 0.446200
vt 0.596286 0.432183
vt 0.639079 0.415848
vt 0.664085 0.398621
vt 0.685952 0.380006
vt 0.728697 0.341926
vt 0.737206 0.299393
vt 0.741987 0.261465
vt 0.740225 0.215933
vt 0.621440 0.141175
vt 0.605098 0.121721
vt 0.568461 0.079795
vt 0.514769 0.071161
vt 0.486577 0.078295
vt 0.430113 0.102987
vt 0.421674 0.140022
vt 0.374378 0.170308
vt 0.344397 0.167336
vt 0.314494 0.166542
vt 0.268981 0.128157
vt 0.190458 0.121865
vt 0.112119 0.119486
vt 0.072682 0.137959
vt 0.053475 0.145452
vt 0.031854 0.157666
vt 0.025072 0.197962
vt 0.023098 0.235158
vt 0.025891 0.275353
vt 0.079692 0.306260
vt 0.096429 0.322088
vt 0.129834 0.364238
vt 0.174826 0.368182
vt 0.221128 0.393292
vt 0.247991 0.408792
vt 0.324802 0.416158
vt 0.399904 0.422891
vt 0.475215 0.430335
vt 0.552435 0.436840
vt 0.593136 0.423328
vt 0.634721 0.407568
vt 0.658348 0.391216
vt 0.679723 0.372954
vt 0.720376 0.337157
vt 0.727898 0.297850
vt 0.732567 0.261050
vt 0.731602 0.221521
vt 0.623620 0.138795
vt 0.625772 0.136416
vt 0.607460 0.119665
vt 0.609811 0.117597
vt 0.570054 0.076925
vt 0.571622 0.074103
vt 0.514699 0.067981
vt 0.514662 0.064814
vt 0.485591 0.075306
vt 0.484594 0.072319
vt 0.427574 0.100723
vt 0.425143 0.098478
vt 0.418819 0.138001
vt 0.416076 0.135986
vt 0.373597 0.167023
vt 0.372777 0.163818
vt 0.344539 0.164263
vt 0.344674 0.161187
vt 0.315601 0.163314
vt 0.316716 0.160167
vt 0.270125 0.125115
vt 0.271226 0.122101
vt 0.190573 0.118742
vt 0.190687 0.115617
vt 0.111425 0.116373
vt 0.110764 0.113278
vt 0.071381 0.135072
vt 0.070014 0.132221
vt 0.052021 0.142614
vt 0.050542 0.139794
vt 0.029057 0.155786
vt 0.026306 0.153983
vt 0.021943 0.197612
vt 0.018819 0.197251
vt 0.019949 0.235214
vt 0.016801 0.235281
vt 0.022925 0.277165
vt 0.020070 0.278949
vt 0.077696 0.308767
vt 0.075718 0.311274
vt 0.094078 0.324199
vt 0.091732 0.326307
vt 0.128193 0.367137
vt 0.126568 0.369961
vt 0.173810 0.371289
vt 0.172791 0.374365
vt 0.219609 0.396025
vt 0.218102 0.398762
vt 0.247010 0.411804
vt 0.246072 0.414808
vt 0.324504 0.419270
vt 0.324200 0.422381
vt 0.399626 0.425998
vt 0.399348 0.429104
vt 0.474971 0.433446
vt 0.474732 0.436558
vt 0.552838 0.439980
vt 0.553215 0.443104
vt 0.594188 0.426280
vt 0.595239 0.429233
vt 0.636189 0.410332
vt 0.637644 0.413092
vt 0.660266 0.393684
vt 0.662178 0.396152
vt 0.681783 0.375323
vt 0.683858 0.377678
vt 0.723213 0.338761
vt 0.726001 0.340354
vt 0.731005 0.298360
vt 0.734110 0.298874
vt 0.735710 0.261205
vt 0.738854 0.261344
vt 0.734659 0.219574
vt 0.737575 0.217691
vt 0.506880 0.910306
vt 0.569491 0.946855
vt 0.506880 0.946855
vt 0.066043 0.903091
vt 0.066046 0.854418
vt 0.129473 0.903076
vt 0.171670 0.906696
vt 0.108250 0.858037
vt 0.170850 0.858037
vt 0.094196 0.021491
vt 0.157626 0.021490
vt 0.094181 0.048535
vt 0.895120 0.075288
vt 0.905356 0.143479
vt 0.877370 0.143479
vt 0.753940 0.831839
vt 0.799399 0.874886
vt 0.713229 0.874881
vt 0.009766 0.009766
vt 0.009766 0.009766
vt 0.009766 0.009766
vt 0.259565 0.889763
vt 0.312948 0.922472
vt 0.239564 0.922490
vt 0.019145 0.580691
vt 0.081751 0.542407
vt 0.081751 0.580726
vt 0.118036 0.800871
vt 0.171065 0.846297
vt 0.080112 0.846316
vt 0.349276 0.878074
vt 0.258323 0.878062
vt 0.301267 0.837891
vt 0.009789 0.021490
vt 0.080258 0.021502
vt 0.009766 0.076040
vt 0.009766 0.009766
vt 0.009766 0.009766
vt 0.009766 0.009766
vt 0.938337 0.615481
vt 0.963071 0.605794
vt 0.963071 0.680779
vt 0.009766 0.009766
vt 0.009766 0.009766
vt 0.009766 0.009766
vt 0.009766 0.009766
vt 0.009766 0.009766
vt 0.009766 0.009766
vt 0.009766 0.009766
vt 0.009766 0.009766
vt 0.009766 0.009766
vt 0.928957 0.540735
vt 0.961641 0.520734
vt 0.961641 0.594134
vt 0.586605 0.949336
vt 0.624923 0.886717
vt 0.624923 0.949326
vt 0.821093 0.896273
vt 0.821119 0.840116
vt 0.883694 0.896299
vt 0.535018 0.842910
vt 0.597623 0.899064
vt 0.535018 0.899064
vt 0.961640 0.500402
vt 0.928957 0.520399
vt 0.928957 0.446996
vt 0.936707 0.929401
vt 0.863301 0.929401
vt 0.916700 0.896719
vt 0.919578 0.274224
vt 0.952258 0.254194
vt 0.952258 0.327602
vt 0.164528 0.953770
vt 0.202846 0.891163
vt 0.202846 0.953770
vt 0.446902 0.905709
vt 0.394325 0.905709
vt 0.446922 0.843122
vt 0.009766 0.009766
vt 0.009766 0.009766
vt 0.009766 0.009766
vt 0.009766 0.009766
vt 0.009766 0.009766
vt 0.009766 0.009766
vt 0.009766 0.105265
vt 0.078301 0.105461
vt 0.021298 0.131067
vt 0.696074 0.109470
vt 0.696391 0.137152
vt 0.633503 0.110437
vt 0.317453 0.724293
vt 0.248943 0.724293
vt 0.306201 0.699007
vt 0.713256 0.930478
vt 0.713229 0.886580
vt 0.775857 0.930425
vt 0.808666 0.930503
vt 0.746057 0.886610
vt 0.808666 0.886610
vt 0.629327 0.436530
vt 0.652554 0.471245
vt 0.577226 0.471301
vt 0.638193 0.886739
vt 0.700790 0.928535
vt 0.638193 0.928535
vt 0.009766 0.009766
vt 0.009766 0.009766
vt 0.009766 0.009766
vt 0.666331 0.426268
vt 0.742965 0.363658
vt 0.742965 0.426268
vt 0.345820 0.831221
vt 0.286461 0.782737
vt 0.385424 0.782737
vt 0.808660 0.847701
vt 0.746057 0.771058
vt 0.808660 0.771058
vt 0.660738 0.831827
vt 0.701271 0.875029
vt 0.614744 0.875041
vt 0.183287 0.820269
vt 0.246362 0.879500
vt 0.183755 0.879478
vt 0.702579 0.771044
vt 0.761411 0.820121
vt 0.661641 0.820114
vt 0.311195 0.826194
vt 0.211425 0.826195
vt 0.251831 0.777715
vt 0.775063 0.201103
vt 0.722608 0.166011
vt 0.798671 0.165753
vt 0.591295 0.771077
vt 0.667359 0.771058
vt 0.643240 0.806024
vt 0.462600 0.782717
vt 0.521746 0.831414
vt 0.422464 0.831422
vt 0.703849 0.152876
vt 0.780108 0.089303
vt 0.780491 0.153207
vt 0.009766 0.009766
vt 0.009766 0.009766
vt 0.009766 0.009766
vt 0.009766 0.009766
vt 0.009766 0.009766
vt 0.009766 0.009766
vt 0.009766 0.009766
vt 0.009766 0.009766
vt 0.009766 0.009766
vt 0.142943 0.914072
vt 0.152416 0.937965
vt 0.084802 0.937253
vt 0.391274 0.573984
vt 0.328669 0.548286
vt 0.391274 0.548286
vt 0.574622 0.782735
vt 0.633981 0.831218
vt 0.535018 0.831218
vt 0.009766 0.009766
vt 0.009766 0.009766
vt 0.009766 0.009766
vt 0.009766 0.009766
vt 0.009766 0.009766
vt 0.009766 0.009766
vt 0.009766 0.009766
vt 0.009766 0.009766
vt 0.009766 0.009766
vt 0.009766 0.009766
vt 0.009766 0.009766
vt 0.009766 0.009766
vt 0.009766 0.009766
vt 0.009766 0.009766
vt 0.009766 0.009766
vt 0.009766 0.009766
vt 0.009766 0.009766
vt 0.009766 0.009766
vt 0.459982 0.843112
vt 0.522593 0.898603
vt 0.459982 0.898603
vt 0.009766 0.925903
vt 0.009766 0.881786
vt 0.072403 0.925866
vt 0.338048 0.929645
vt 0.382188 0.867040
vt 0.382188 0.929645
vt 0.357628 0.086686
vt 0.392038 0.127172
vt 0.309910 0.127205
vt 0.170861 0.531621
vt 0.108250 0.478495
vt 0.170861 0.478495
vt 0.009766 0.009766
vt 0.009766 0.009766
vt 0.009766 0.009766
vt 0.009766 0.009766
vt 0.009766 0.009766
vt 0.009766 0.009766
vt 0.009766 0.009766
vt 0.009766 0.009766
vt 0.009766 0.009766
vt 0.905509 0.373934
vt 0.905511 0.297742
vt 0.941178 0.349194
vt 0.042594 0.359791
vt 0.042594 0.319799
vt 0.102582 0.379787
vt 0.009766 0.009766
vt 0.009766 0.009766
vt 0.009766 0.009766
vt 0.009766 0.843406
vt 0.053465 0.800814
vt 0.053465 0.888257
vt 0.347428 0.855406
vt 0.408454 0.792789
vt 0.408454 0.855406
vt 0.625929 0.097746
vt 0.591295 0.063112
vt 0.695197 0.097746
vt 0.928957 0.435332
vt 0.946274 0.366064
vt 0.963591 0.435332
vt 0.573823 0.695998
vt 0.579513 0.732100
vt 0.347428 0.731577
vt 0.009766 0.700396
vt 0.238949 0.736943
vt 0.009766 0.736943
vt 0.760126 0.517194
vt 0.807561 0.292992
vt 0.807897 0.526440
vt 0.009766 0.009766
vt 0.009766 0.009766
vt 0.009766 0.009766
vt 0.009766 0.009766
vt 0.009766 0.009766
vt 0.009766 0.009766
vt 0.009766 0.009766
vt 0.009766 0.009766
vt 0.009766 0.009766
vt 0.009766 0.009766
vt 0.009766 0.009766
vt 0.009766 0.009766
vt 0.112940 0.651814
vt 0.306512 0.597394
vt 0.306473 0.651941
vt 0.755437 0.530731
vt 0.806058 0.544327
vt 0.757500 0.738557
vt 0.319289 0.641326
vt 0.512907 0.691840
vt 0.319289 0.691840
vt 0.891439 0.661430
vt 0.918827 0.675707
vt 0.891674 0.883310
vt 0.009766 0.761786
vt 0.217387 0.789151
vt 0.009766 0.789151
vt 0.422464 0.582053
vt 0.422464 0.523249
vt 0.649889 0.553984
vt 0.094181 0.527314
vt 0.316132 0.585672
vt 0.094181 0.585672
vt 0.839852 0.515509
vt 0.877646 0.509193
vt 0.877646 0.741526
vt 0.051973 0.655598
vt 0.281149 0.693913
vt 0.051973 0.693913
vt 0.009766 0.009766
vt 0.009766 0.009766
vt 0.009766 0.009766
vt 0.183287 0.477348
vt 0.412422 0.536562
vt 0.183287 0.536562
vt 0.009766 0.009766
vt 0.009766 0.009766
vt 0.009766 0.009766
vt 0.009766 0.009766
vt 0.009766 0.009766
vt 0.009766 0.009766
vt 0.871965 0.836122
vt 0.839852 0.836122
vt 0.839852 0.611333
vt 0.009766 0.009766
vt 0.009766 0.009766
vt 0.009766 0.009766
vt 0.745348 0.525154
vt 0.516259 0.522891
vt 0.745415 0.465930
vt 0.009766 0.009766
vt 0.009766 0.009766
vt 0.009766 0.009766
vt 0.009766 0.009766
vt 0.009766 0.009766
vt 0.009766 0.009766
vt 0.009766 0.009766
vt 0.009766 0.009766
vt 0.009766 0.009766
vt 0.009766 0.009766
vt 0.009766 0.009766
vt 0.009766 0.009766
vt 0.009766 0.009766
vt 0.009766 0.009766
vt 0.009766 0.009766
vt 0.009766 0.009766
vt 0.009766 0.009766
vt 0.009766 0.009766
vt 0.009766 0.009766
vt 0.009766 0.009766
vt 0.009766 0.009766
vt 0.009766 0.009766
vt 0.009766 0.009766
vt 0.009766 0.009766
vt 0.009766 0.009766
vt 0.009766 0.009766
vt 0.009766 0.009766
vt 0.009766 0.009766
vt 0.009766 0.009766
vt 0.009766 0.009766
vt 0.009766 0.009766
vt 0.009766 0.009766
vt 0.009766 0.009766
vt 0.882060 0.409564
vt 0.917477 0.409564
vt 0.917477 0.657488
vt 0.009766 0.009766
vt 0.009766 0.009766
vt 0.009766 0.009766
vt 0.844542 0.021490
vt 0.886449 0.021490
vt 0.844542 0.231023
vt 0.740734 0.706146
vt 0.492810 0.670728
vt 0.740734 0.670728
vt 0.081128 0.467040
vt 0.080112 0.405991
vt 0.310170 0.463569
vt 0.323979 0.438473
vt 0.553160 0.499500
vt 0.323979 0.499500
vt 0.914888 0.022530
vt 0.940565 0.021487
vt 0.924838 0.251457
vt 0.910198 0.885005
vt 0.935886 0.655766
vt 0.935886 0.885005
vt 0.021326 0.648634
vt 0.009766 0.596772
vt 0.244947 0.598730
vt 0.808555 0.216481
vt 0.755437 0.445676
vt 0.755437 0.216481
vt 0.788265 0.029626
vt 0.831631 0.021486
vt 0.830789 0.254878
vt 0.783575 0.741483
vt 0.827706 0.512289
vt 0.827706 0.741483
vt 0.009766 0.009766
vt 0.009766 0.009766
vt 0.009766 0.009766
vt 0.328669 0.574112
vt 0.557804 0.629611
vt 0.328669 0.629611
vt 0.009766 0.009766
vt 0.009766 0.009766
vt 0.009766 0.009766
vt 0.009766 0.009766
vt 0.009766 0.009766
vt 0.009766 0.009766
vt 0.009766 0.009766
vt 0.009766 0.009766
vt 0.009766 0.009766
vt 0.009766 0.009766
vt 0.009766 0.009766
vt 0.009766 0.009766
vt 0.287312 0.094180
vt 0.263012 0.021490
vt 0.504612 0.021490
vt 0.009766 0.009766
vt 0.009766 0.009766
vt 0.009766 0.009766
vt 0.082436 0.526189
vt 0.009766 0.550506
vt 0.009766 0.308844
vt 0.251398 0.094244
vt 0.009766 0.093474
vt 0.227368 0.021488
vt 0.009766 0.009766
vt 0.009766 0.009766
vt 0.009766 0.009766
vt 0.745442 0.098118
vt 0.516259 0.021490
vt 0.745442 0.021490
vt 0.009766 0.009766
vt 0.009766 0.009766
vt 0.009766 0.009766
vt 0.009766 0.009766
vt 0.009766 0.009766
vt 0.009766 0.009766
vt 0.708570 0.615831
vt 0.716605 0.659004
vt 0.483431 0.657967
vt 0.009766 0.009766
vt 0.009766 0.009766
vt 0.009766 0.009766
vt 0.336525 0.740574
vt 0.339061 0.768116
vt 0.108250 0.761679
vt 0.352118 0.743339
vt 0.581245 0.771013
vt 0.352118 0.771013
vt 0.009766 0.009766
vt 0.009766 0.009766
vt 0.009766 0.009766
vt 0.591295 0.731121
vt 0.820410 0.759334
vt 0.591295 0.759334
vt 0.009766 0.009766
vt 0.009766 0.009766
vt 0.009766 0.009766
vt 0.009766 0.009766
vt 0.009766 0.009766
vt 0.009766 0.009766
vt 0.821093 0.266285
vt 0.858867 0.266285
vt 0.858867 0.498741
vt 0.009766 0.009766
vt 0.009766 0.009766
vt 0.009766 0.009766
vt 0.009766 0.009766
vt 0.009766 0.009766
vt 0.009766 0.009766
vt 0.009766 0.009766
vt 0.009766 0.009766
vt 0.009766 0.009766
vt 0.009766 0.009766
vt 0.009766 0.009766
vt 0.009766 0.009766
vt 0.906839 0.172218
vt 0.885649 0.398246
vt 0.867991 0.172218
vt 0.729644 0.549621
vt 0.742795 0.604217
vt 0.506880 0.603270
vt 0.009766 0.009766
vt 0.009766 0.009766
vt 0.009766 0.009766
vt 0.009766 0.009766
vt 0.009766 0.009766
vt 0.009766 0.009766
vt 0.009766 0.009766
vt 0.009766 0.009766
vt 0.009766 0.009766
vt 0.009766 0.009766
vt 0.009766 0.009766
vt 0.009766 0.009766
vt 0.009766 0.009766
vt 0.009766 0.009766
vt 0.009766 0.009766
vt 0.009766 0.009766
vt 0.009766 0.009766
vt 0.009766 0.009766
vt 0.009766 0.009766
vt 0.009766 0.009766
vt 0.009766 0.009766
vt 0.009766 0.009766
vt 0.009766 0.009766
vt 0.009766 0.009766
vt 0.009766 0.009766
vt 0.009766 0.009766
vt 0.009766 0.009766
vt 0.009766 0.009766
vt 0.009766 0.009766
vt 0.009766 0.009766
vt 0.009766 0.009766
vt 0.009766 0.009766
vt 0.009766 0.009766
vt 0.009766 0.009766
vt 0.009766 0.009766
vt 0.009766 0.009766
vt 0.009766 0.009766
vt 0.009766 0.009766
vt 0.009766 0.009766
vt 0.009766 0.009766
vt 0.009766 0.009766
vt 0.009766 0.009766
vt 0.009766 0.009766
vt 0.009766 0.009766
vt 0.009766 0.009766
vt 0.009766 0.009766
vt 0.009766 0.009766
vt 0.009766 0.009766
vt 0.009766 0.009766
vt 0.009766 0.009766
vt 0.009766 0.009766
vt 0.009766 0.009766
vt 0.009766 0.009766
vt 0.009766 0.009766
vt 0.009766 0.009766
vt 0.009766 0.009766
vt 0.009766 0.009766
vt 0.009766 0.009766
vt 0.009766 0.009766
vt 0.009766 0.009766
vt 0.009766 0.009766
vt 0.009766 0.009766
vt 0.009766 0.009766
vt 0.009766 0.009766
vt 0.009766 0.009766
vt 0.009766 0.009766
vt 0.009766 0.009766
vt 0.009766 0.009766
vt 0.009766 0.009766
vt 0.009766 0.009766
vt 0.009766 0.009766
vt 0.009766 0.009766
vt 0.009766 0.009766
vt 0.009766 0.009766
vt 0.009766 0.009766
vt 0.009766 0.009766
vt 0.009766 0.009766
vt 0.009766 0.009766
vt 0.009766 0.009766
vt 0.009766 0.009766
vt 0.009766 0.009766
vt 0.009766 0.009766
vt 0.009766 0.009766
vt 0.009766 0.009766
vt 0.009766 0.009766
vt 0.009766 0.009766
vt 0.009766 0.009766
vt 0.009766 0.009766
vt 0.009766 0.009766
vt 0.009766 0.009766
vt 0.009766 0.009766
vt 0.009766 0.009766
vt 0.009766 0.009766
vt 0.009766 0.009766
vt 0.009766 0.009766
vt 0.009766 0.009766
vt 0.009766 0.009766
vt 0.009766 0.009766
vt 0.009766 0.009766
vt 0.009766 0.009766
vt 0.009766 0.009766
vt 0.009766 0.009766
vt 0.009766 0.009766
vt 0.009766 0.009766
vt 0.009766 0.009766
vt 0.009766 0.009766
vt 0.009766 0.009766
vt 0.009766 0.009766
vt 0.009766 0.009766
vt 0.009766 0.009766
vt 0.009766 0.009766
vt 0.009766 0.009766
vt 0.009766 0.009766
vt 0.009766 0.009766
vt 0.009766 0.009766
vt 0.009766 0.009766
vt 0.009766 0.009766
vt 0.009766 0.009766
vt 0.009766 0.009766
vt 0.009766 0.009766
vt 0.009766 0.009766
vt 0.009766 0.009766
vt 0.009766 0.009766
vt 0.009766 0.009766
vt 0.009766 0.009766
vt 0.009766 0.009766
vt 0.009766 0.009766
vt 0.009766 0.009766
vt 0.009766 0.009766
vt 0.009766 0.009766
vt 0.009766 0.009766
vt 0.009766 0.009766
vt 0.009766 0.009766
vt 0.009766 0.009766
vt 0.009766 0.009766
vt 0.009766 0.009766
vt 0.009766 0.009766
vt 0.009766 0.009766
vt 0.009766 0.009766
vt 0.009766 0.009766
vt 0.009766 0.009766
vt 0.009766 0.009766
vt 0.009766 0.009766
vt 0.009766 0.009766
vt 0.009766 0.009766
vt 0.009766 0.009766
vt 0.009766 0.009766
vt 0.009766 0.009766
vt 0.009766 0.009766
vt 0.009766 0.009766
vt 0.009766 0.009766
vt 0.009766 0.009766
vt 0.009766 0.009766
vt 0.009766 0.009766
vt 0.009766 0.009766
vt 0.009766 0.009766
vt 0.009766 0.009766
vt 0.009766 0.009766
vt 0.009766 0.009766
vt 0.009766 0.009766
vt 0.009766 0.009766
vt 0.009766 0.009766
vt 0.009766 0.009766
vt 0.009766 0.009766
vt 0.009766 0.009766
vt 0.009766 0.009766
vt 0.009766 0.009766
vt 0.009766 0.009766
vt 0.009766 0.009766
vt 0.009766 0.009766
vt 0.009766 0.009766
vt 0.009766 0.009766
vt 0.009766 0.009766
vt 0.009766 0.009766
vt 0.009766 0.009766
vt 0.009766 0.009766
vt 0.009766 0.009766
vt 0.009766 0.009766
vt 0.009766 0.009766
vt 0.009766 0.009766
vt 0.009766 0.009766
vt 0.009766 0.009766
vt 0.009766 0.009766
vt 0.009766 0.009766
vt 0.009766 0.009766
vt 0.009766 0.009766
vt 0.009766 0.009766
vt 0.009766 0.009766
vt 0.009766 0.009766
vt 0.009766 0.009766
vt 0.009766 0.009766
vt 0.009766 0.009766
vt 0.009766 0.009766
vt 0.009766 0.009766
vt 0.009766 0.009766
vt 0.009766 0.009766
vt 0.009766 0.009766
vt 0.009766 0.009766
vt 0.009766 0.009766
vt 0.009766 0.009766
vt 0.009766 0.009766
vt 0.009766 0.009766
vt 0.009766 0.009766
vt 0.009766 0.009766
vt 0.009766 0.009766
vt 0.009766 0.009766
vt 0.009766 0.009766
vt 0.009766 0.009766
vt 0.009766 0.009766
vt 0.009766 0.009766
vt 0.009766 0.009766
vt 0.009766 0.009766
vt 0.009766 0.009766
vt 0.009766 0.009766
vt 0.009766 0.009766
vt 0.009766 0.009766
vt 0.009766 0.009766
vt 0.009766 0.009766
vt 0.009766 0.009766
vt 0.009766 0.009766
vt 0.009766 0.009766
vt 0.009766 0.009766
vt 0.009766 0.009766
vt 0.009766 0.009766
vt 0.009766 0.009766
vt 0.009766 0.009766
vt 0.009766 0.009766
vt 0.009766 0.009766
vt 0.009766 0.009766
vt 0.009766 0.009766
vt 0.009766 0.009766
vt 0.721642 0.831843
vt 0.716486 0.844032
vt 0.685090 0.831881
vt 0.417774 0.065388
vt 0.451439 0.065399
vt 0.419181 0.079178
vt 0.980646 0.866906
vt 0.972442 0.914863
vt 0.966475 0.866905
vt 0.023835 0.938799
vt 0.072148 0.937596
vt 0.072148 0.951457
vt 0.913443 0.964538
vt 0.913441 0.978709
vt 0.886750 0.969098
vt 0.197586 0.977920
vt 0.169217 0.977811
vt 0.190375 0.965484
vt 0.961786 0.200086
vt 0.976159 0.200274
vt 0.961863 0.254632
vt 0.261923 0.676209
vt 0.206735 0.665554
vt 0.266188 0.663644
vt 0.690656 0.712598
vt 0.740185 0.722636
vt 0.685090 0.725520
vt 0.974801 0.504449
vt 0.966475 0.449910
vt 0.979173 0.446061
vt 0.141080 0.976984
vt 0.141079 0.949619
vt 0.155440 0.977460
vt 0.398764 0.105381
vt 0.384946 0.077266
vt 0.398769 0.074645
vt 0.835027 0.964976
vt 0.821093 0.968483
vt 0.822670 0.907939
vt 0.971165 0.575464
vt 0.982017 0.515880
vt 0.982061 0.581189
vt 0.079038 0.800870
vt 0.066076 0.836930
vt 0.066043 0.802021
vt 0.605364 0.971447
vt 0.638648 0.960918
vt 0.644584 0.971700
vt 0.570778 0.743824
vt 0.565328 0.755678
vt 0.511569 0.743969
vt 0.150458 0.800875
vt 0.205477 0.800892
vt 0.157724 0.812247
vt 0.656952 0.977412
vt 0.661603 0.964745
vt 0.688453 0.977412
vt 0.184199 0.403305
vt 0.210190 0.417652
vt 0.183287 0.417652
vt 0.388309 0.975775
vt 0.356807 0.975775
vt 0.383657 0.963108
vt 0.263012 0.971747
vt 0.289862 0.959079
vt 0.289862 0.973455
vt 0.979146 0.156115
vt 0.966476 0.151472
vt 0.979104 0.096906
vt 0.961786 0.321446
vt 0.970487 0.266118
vt 0.974756 0.325173
vt 0.947716 0.096579
vt 0.961011 0.021102
vt 0.961874 0.099072
vt 0.217305 0.891097
vt 0.228940 0.968199
vt 0.216115 0.972397
vt 0.331212 0.717713
vt 0.328669 0.703564
vt 0.406642 0.704158
vt 0.457084 0.654765
vt 0.380256 0.641435
vt 0.460550 0.641335
vt 0.727298 0.658221
vt 0.730168 0.615844
vt 0.741641 0.658215
vt 0.911793 0.952104
vt 0.867991 0.954986
vt 0.867992 0.941116
vt 0.792257 0.940940
vt 0.795510 0.954909
vt 0.750747 0.953639
vt 0.975855 0.636199
vt 0.986355 0.592666
vt 0.986365 0.641923
vt 0.427512 0.953521
vt 0.463391 0.966976
vt 0.422464 0.966982
vt 0.300530 0.969132
vt 0.340074 0.958580
vt 0.345697 0.969145
vt 0.038262 0.957888
vt 0.074142 0.971342
vt 0.033214 0.971349
vt 0.985541 0.059809
vt 0.971165 0.021490
vt 0.985541 0.021490
vt 0.509931 0.958575
vt 0.514978 0.972036
vt 0.474051 0.972030
vt 0.091564 0.759046
vt 0.051973 0.748671
vt 0.097250 0.748668
vt 0.769604 0.021490
vt 0.759249 0.081641
vt 0.755437 0.021491
vt 0.633333 0.615542
vt 0.573921 0.625679
vt 0.567846 0.615523
vt 0.811607 0.984754
vt 0.797644 0.982354
vt 0.811598 0.959057
vt 0.410471 0.963079
vt 0.410453 0.990234
vt 0.399015 0.971638
vt 0.311172 0.475433
vt 0.311174 0.489734
vt 0.258323 0.480870
vt 0.540476 0.794172
vt 0.488121 0.782737
vt 0.545883 0.782737
vt 0.239564 0.976783
vt 0.250564 0.934037
vt 0.253458 0.976679
vt 0.609801 0.483029
vt 0.568611 0.494437
vt 0.563157 0.483025
vt 0.173113 0.397574
vt 0.169833 0.411076
vt 0.117630 0.398743
vt 0.070455 0.384019
vt 0.070083 0.437658
vt 0.056663 0.388040
vt 0.039972 0.660005
vt 0.040160 0.674370
vt 0.009766 0.661537
vt 0.098448 0.478698
vt 0.098448 0.511691
vt 0.084802 0.481380
vt 0.821093 0.497623
vt 0.834388 0.422147
vt 0.835251 0.500117
vt 0.671258 0.709941
vt 0.593692 0.717920
vt 0.591295 0.704221
vt 0.943027 0.185877
vt 0.956322 0.110400
vt 0.957185 0.188371
vt 0.947716 0.778541
vt 0.962092 0.855180
vt 0.947716 0.855180
vt 0.530769 0.471329
vt 0.455292 0.458034
vt 0.533263 0.457171
vt 0.947716 0.866709
vt 0.962092 0.943348
vt 0.947716 0.943348
vt 0.961866 0.764476
vt 0.947716 0.767019
vt 0.948310 0.689046
vt 0.311749 0.561962
vt 0.234874 0.548910
vt 0.314717 0.548286
vt 0.089477 0.949158
vt 0.129018 0.962682
vt 0.084802 0.962752
vt 0.738686 0.954174
vt 0.694470 0.954174
vt 0.695869 0.940250
vt 0.335046 0.889798
vt 0.335070 0.904174
vt 0.291151 0.889801
vt 0.683660 0.954493
vt 0.638193 0.946232
vt 0.683658 0.940251
vt 0.695856 0.899341
vt 0.671021 0.887138
vt 0.702770 0.886754
vt 0.981547 0.432546
vt 0.971165 0.402540
vt 0.985408 0.402530
vt 0.517896 0.856058
vt 0.492810 0.843158
vt 0.524195 0.843139
vt 0.277082 0.676724
vt 0.305608 0.663639
vt 0.305609 0.678000
vt 0.961786 0.340351
vt 0.975731 0.336872
vt 0.975596 0.391065
vt 0.213199 0.718331
vt 0.159838 0.708871
vt 0.217115 0.705637
vt 0.580277 0.924249
vt 0.544398 0.910795
vt 0.585325 0.910789
vt 0.474051 0.048860
vt 0.513022 0.036355
vt 0.517498 0.048864
vt 0.929315 0.951675
vt 0.965195 0.965130
vt 0.924268 0.965136
vt 0.525639 0.972943
vt 0.563958 0.958567
vt 0.563958 0.972943
vt 0.023226 0.975054
vt 0.009766 0.980102
vt 0.009772 0.939174
vt 0.821093 0.810775
vt 0.829835 0.770793
vt 0.830301 0.816622
vt 0.978669 0.775036
vt 0.978560 0.831189
vt 0.966475 0.780182
vt 0.891460 0.590604
vt 0.900175 0.642294
vt 0.891439 0.648825
vt 0.009766 0.009766
vt 0.009766 0.009766
vt 0.009766 0.009766
vt 0.009766 0.009766
vt 0.009766 0.009766
vt 0.009766 0.009766
vt 0.661696 0.536506
vt 0.711643 0.536664
vt 0.661641 0.550630
vt 0.577226 0.985499
vt 0.577234 0.961011
vt 0.591350 0.985499
vt 0.727298 0.979861
vt 0.751784 0.965736
vt 0.751784 0.979861
vt 0.844542 0.967427
vt 0.844857 0.907951
vt 0.858668 0.967526
vt 0.352118 0.951400
vt 0.411602 0.937276
vt 0.411602 0.951400
vt 0.009766 0.009766
vt 0.009766 0.009766
vt 0.009766 0.009766
vt 0.258245 0.850817
vt 0.230184 0.838281
vt 0.264005 0.837919
vt 0.009766 0.009766
vt 0.009766 0.009766
vt 0.009766 0.009766
vt 0.009766 0.009766
vt 0.009766 0.009766
vt 0.009766 0.009766
vt 0.263012 0.947387
vt 0.328331 0.933264
vt 0.328331 0.947387
vt 0.938337 0.241474
vt 0.940538 0.202296
vt 0.952432 0.242273
vt 0.009766 0.009766
vt 0.009766 0.009766
vt 0.009766 0.009766
vt 0.980602 0.741572
vt 0.966476 0.692495
vt 0.980602 0.692495
vt 0.009766 0.009766
vt 0.009766 0.009766
vt 0.009766 0.009766
vt 0.009766 0.009766
vt 0.009766 0.009766
vt 0.009766 0.009766
vt 0.009766 0.009766
vt 0.009766 0.009766
vt 0.009766 0.009766
vt 0.009766 0.009766
vt 0.009766 0.009766
vt 0.009766 0.009766
vt 0.009766 0.009766
vt 0.009766 0.009766
vt 0.009766 0.009766
vt 0.009766 0.009766
vt 0.009766 0.009766
vt 0.009766 0.009766
vt 0.009766 0.009766
vt 0.009766 0.009766
vt 0.009766 0.009766
vt 0.009766 0.009766
vt 0.009766 0.009766
vt 0.009766 0.009766
vt 0.009766 0.009766
vt 0.009766 0.009766
vt 0.009766 0.009766
vt 0.608396 0.857055
vt 0.563157 0.843192
vt 0.608591 0.842942
vt 0.009766 0.009766
vt 0.009766 0.009766
vt 0.009766 0.009766
vt 0.983583 0.926302
vt 0.983592 0.977544
vt 0.975855 0.953881
vt 0.708539 0.122608
vt 0.708632 0.108493
vt 0.729045 0.108492
vt 0.009766 0.009766
vt 0.009766 0.009766
vt 0.009766 0.009766
vt 0.009766 0.009766
vt 0.009766 0.009766
vt 0.009766 0.009766
vt 0.009766 0.009766
vt 0.009766 0.009766
vt 0.009766 0.009766
vt 0.009766 0.009766
vt 0.009766 0.009766
vt 0.009766 0.009766
vt 0.009766 0.009766
vt 0.009766 0.009766
vt 0.009766 0.009766
vt 0.009766 0.009766
vt 0.009766 0.009766
vt 0.009766 0.009766
vt 0.009766 0.009766
vt 0.009766 0.009766
vt 0.009766 0.009766
vt 0.009766 0.009766
vt 0.009766 0.009766
vt 0.009766 0.009766
vt 0.009766 0.009766
vt 0.009766 0.009766
vt 0.009766 0.009766
vt 0.009766 0.009766
vt 0.009766 0.009766
vt 0.009766 0.009766
vt 0.009766 0.009766
vt 0.009766 0.009766
vt 0.009766 0.009766
vt 0.009766 0.009766
vt 0.009766 0.009766
vt 0.009766 0.009766
vt 0.009766 0.009766
vt 0.009766 0.009766
vt 0.009766 0.009766
vt 0.009766 0.009766
vt 0.009766 0.009766
vt 0.009766 0.009766
vt 0.009766 0.009766
vt 0.009766 0.009766
vt 0.009766 0.009766
vt 0.009766 0.009766
vt 0.009766 0.009766
vt 0.009766 0.009766
vt 0.009766 0.009766
vt 0.009766 0.009766
vt 0.009766 0.009766
vt 0.009766 0.009766
vt 0.009766 0.009766
vt 0.009766 0.009766
vt 0.009766 0.009766
vt 0.009766 0.009766
vt 0.009766 0.009766
vt 0.009766 0.009766
vt 0.009766 0.009766
vt 0.009766 0.009766
vt 0.009766 0.009766
vt 0.009766 0.009766
vt 0.009766 0.009766
vt 0.009766 0.009766
vt 0.009766 0.009766
vt 0.009766 0.009766
vt 0.009766 0.009766
vt 0.009766 0.009766
vt 0.009766 0.009766
vt 0.009766 0.009766
vt 0.009766 0.009766
vt 0.009766 0.009766
vt 0.009766 0.009766
vt 0.009766 0.009766
vt 0.009766 0.009766
vt 0.009766 0.009766
vt 0.009766 0.009766
vt 0.009766 0.009766
vt 0.009766 0.009766
vt 0.009766 0.009766
vt 0.009766 0.009766
vt 0.009766 0.009766
vt 0.009766 0.009766
vt 0.009766 0.009766
vt 0.009766 0.009766
vt 0.009766 0.009766
vt 0.009766 0.009766
vt 0.009766 0.009766
vt 0.009766 0.009766
vt 0.009766 0.009766
vt 0.009766 0.009766
vt 0.009766 0.009766
vt 0.009766 0.009766
vt 0.009766 0.009766
vt 0.009766 0.009766
vt 0.009766 0.009766
vt 0.009766 0.009766
vt 0.009766 0.009766
vt 0.009766 0.009766
vt 0.009766 0.009766
vt 0.009766 0.009766
vt 0.009766 0.009766
vt 0.009766 0.009766
vt 0.009766 0.009766
vt 0.009766 0.009766
vt 0.009766 0.009766
vt 0.009766 0.009766
vt 0.009766 0.009766
vn -0.578133 -0.000000 0.815942
vn -0.578133 -0.000000 0.815942
vn -0.578133 -0.000000 0.815942
vn -0.578133 -0.000000 0.815942
vn -0.578133 -0.000000 0.815942
vn -0.578133 -0.000000 0.815942
vn -0.913808 0.000553 0.406147
vn -0.913808 0.000553 0.406147
vn -0.913808 0.000553 0.406147
vn -0.913808 0.000553 0.406147
vn -0.913808 0.000553 0.406147
vn -0.913808 0.000553 0.406147
vn -0.727830 0.000455 0.685757
vn -0.727830 0.000455 0.685757
vn -0.727830 0.000455 0.685757
vn -0.727830 0.000455 0.685757
vn -0.727830 0.000455 0.685757
vn -0.727830 0.000455 0.685757
vn -0.762248 0.000163 -0.647285
vn -0.762248 0.000163 -0.647285
vn -0.762248 0.000163 -0.647285
vn -0.762248 0.000163 -0.647285
vn -0.762248 0.000163 -0.647285
vn -0.762248 0.000163 -0.647285
vn -0.000230 -0.000553 -1.000000
vn -0.000230 -0.000553 -1.000000
vn -0.000230 -0.000553 -1.000000
vn -0.000230 -0.000553 -1.000000
vn -0.000230 -0.000553 -1.000000
vn -0.000230 -0.000553 -1.000000
vn -0.880602 0.010138 -0.473748
vn -0.880602 0.010138 -0.473748
vn -0.880602 0.010138 -0.473748
vn -0.880602 0.010138 -0.473748
vn -0.880602 0.010138 -0.473748
vn -0.880602 0.010138 -0.473748
vn -0.707176 -0.000001 0.707038
vn -0.707176 -0.000001 0.707038
vn -0.707176 -0.000001 0.707038
vn -0.707176 -0.000001 0.707038
vn -0.707176 -0.000001 0.707038
vn -0.707176 -0.000001 0.707038
vn -0.918704 0.010481 -0.394807
vn -0.918704 0.010481 -0.394807
vn -0.918704 0.010481 -0.394807
vn -0.918704 0.010481 -0.394807
vn -0.918704 0.010481 -0.394807
vn -0.918704 0.010481 -0.394807
vn -0.999988 0.000000 -0.004890
vn -0.999988 0.000000 -0.004890
vn -0.999988 0.000000 -0.004890
vn -0.999988 0.000000 -0.004890
vn -0.999988 0.000000 -0.004890
vn -0.999988 0.000000 -0.004890
vn -0.000000 0.000000 1.000000
vn -0.000000 0.000000 1.000000
vn -0.000000 0.000000 1.000000
vn -0.000000 0.000000 1.000000
vn -0.000000 0.000000 1.000000
vn -0.000000 0.000000 1.000000
vn -0.988491 -0.000001 0.151282
vn -0.988491 -0.000001 0.151282
vn -0.988491 -0.000001 0.151282
vn -0.988491 -0.000001 0.151282
vn -0.988491 -0.000001 0.151282
vn -0.988491 -0.000001 0.151282
vn 0.000000 0.000000 1.000000
vn 0.000000 0.000000 1.000000
vn 0.000000 0.000000 1.000000
vn 0.000000 0.000000 1.000000
vn 0.000000 0.000000 1.000000
vn 0.000000 0.000000 1.000000
vn 0.000001 0.000000 1.000000
vn 0.000001 0.000000 1.000000
vn 0.000001 0.000000 1.000000
vn 0.000001 0.000000 1.000000
vn 0.000001 0.000000 1.000000
vn 0.000001 0.000000 1.000000
vn 0.706242 0.000000 0.707971
vn 0.706241 0.000000 0.707971
vn 0.706241 0.000000 0.707971
vn 0.706241 0.000000 0.707971
vn 0.706241 0.000000 0.707971
vn 0.706241 0.000000 0.707971
vn 0.675309 0.000000 0.737535
vn 0.675309 0.000000 0.737535
vn 0.675309 0.000000 0.737535
vn 0.675309 0.000000 0.737535
vn 0.675309 0.000000 0.737535
vn 0.675309 0.000000 0.737535
vn 0.739681 0.000000 0.672957
vn 0.739681 0.000000 0.672957
vn 0.739681 0.000000 0.672957
vn 0.739681 0.000000 0.672957
vn 0.739681 0.000000 0.672957
vn 0.739681 0.000000 0.672957
vn 0.893700 0.000001 0.448664
vn 0.893700 0.000001 0.448664
vn 0.893700 0.000001 0.448664
vn 0.893700 0.000001 0.448664
vn 0.893700 0.000001 0.448664
vn 0.893700 0.000001 0.448664
vn 0.895187 0.000001 0.445690
vn 0.895187 0.000001 0.445690
vn 0.895187 0.000001 0.445690
vn 0.895187 0.000001 0.445690
vn 0.895187 0.000001 0.445690
vn 0.895187 0.000001 0.445690
vn 1.000000 0.000002 -0.000001
vn 1.000000 0.000002 -0.000001
vn 1.000000 0.000002 -0.000001
vn 1.000000 0.000002 -0.000001
vn 1.000000 0.000002 -0.000001
vn 1.000000 0.000002 -0.000001
vn 1.000000 0.000002 0.000000
vn 1.000000 0.000002 0.000000
vn 1.000000 0.000002 0.000000
vn 1.000000 0.000002 0.000000
vn 1.000000 0.000002 0.000000
vn 1.000000 0.000002 0.000000
vn -0.762263 0.000266 0.647267
vn -0.762263 0.000266 0.647267
vn -0.762263 0.000266 0.647267
vn -0.762263 0.000266 0.647267
vn -0.762263 0.000266 0.647267
vn -0.762263 0.000266 0.647267
vn -1.000000 0.000965 0.000047
vn -1.000000 0.000965 0.000047
vn -1.000000 0.000965 0.000047
vn -1.000000 0.000965 0.000047
vn -1.000000 0.000965 0.000047
vn -1.000000 0.000965 0.000047
vn -0.861429 0.000467 -0.507878
vn -0.861429 0.000467 -0.507878
vn -0.861429 0.000467 -0.507878
vn -0.861429 0.000467 -0.507878
vn -0.861429 0.000467 -0.507878
vn -0.861429 0.000467 -0.507878
vn -0.999999 0.001085 0.000029
vn -0.999999 0.001085 0.000029
vn -0.999999 0.001085 0.000029
vn -0.999999 0.001085 0.000029
vn -0.999999 0.001085 0.000029
vn -0.999999 0.001085 0.000029
vn -1.000000 0.000000 0.000001
vn -1.000000 0.000000 0.000001
vn -1.000000 0.000000 0.000001
vn -1.000000 0.000000 0.000001
vn -1.000000 0.000000 0.000001
vn -1.000000 0.000000 0.000001
vn -1.000000 0.000152 0.000231
vn -1.000000 0.000152 0.000231
vn -1.000000 0.000152 0.000231
vn -1.000000 0.000152 0.000231
vn -1.000000 0.000152 0.000231
vn -1.000000 0.000152 0.000231
vn 0.762052 0.000001 -0.647515
vn 0.762052 0.000001 -0.647515
vn 0.762052 0.000001 -0.647515
vn 0.762052 0.000001 -0.647515
vn 0.762052 0.000001 -0.647515
vn 0.762052 0.000001 -0.647515
vn 1.000000 0.000001 0.000001
vn 1.000000 0.000001 0.000001
vn 1.000000 0.000001 0.000001
vn 1.000000 0.000001 0.000001
vn 1.000000 0.000001 0.000001
vn 1.000000 0.000001 0.000001
vn 1.000000 0.000000 0.000000
vn 1.000000 0.000000 0.000000
vn 1.000000 0.000000 0.000000
vn 1.000000 0.000000 0.000000
vn 1.000000 0.000000 0.000000
vn 1.000000 0.000000 0.000000
vn 0.871639 0.000000 -0.490149
vn 0.871639 0.000000 -0.490149
vn 0.871639 0.000000 -0.490149
vn 0.871639 0.000000 -0.490149
vn 0.871639 0.000000 -0.490149
vn 0.871639 0.000000 -0.490149
vn 0.905958 0.000001 -0.423368
vn 0.905958 0.000001 -0.423368
vn 0.905958 0.000001 -0.423368
vn 0.905958 0.000001 -0.423368
vn 0.905958 0.000001 -0.423368
vn 0.905958 0.000001 -0.423368
vn 0.996676 0.000002 0.081469
vn 0.996676 0.000002 0.081469
vn 0.996676 0.000002 0.081469
vn 0.996676 0.000002 0.081469
vn 0.996676 0.000002 0.081469
vn 0.996676 0.000002 0.081469
vn 0.614471 0.000001 -0.788939
vn 0.614471 0.000001 -0.788939
vn 0.614471 0.000001 -0.788939
vn 0.614471 0.000001 -0.788939
vn 0.614471 0.000001 -0.788939
vn 0.614471 0.000001 -0.788939
vn -0.000005 0.000000 -1.000000
vn -0.000005 0.000000 -1.000000
vn -0.000005 0.000000 -1.000000
vn -0.000005 0.000000 -1.000000
vn -0.000005 0.000000 -1.000000
vn -0.000005 0.000000 -1.000000
vn -0.922425 0.000139 -0.386177
vn -0.922425 0.000139 -0.386177
vn -0.922425 0.000139 -0.386177
vn -0.922425 0.000139 -0.386177
vn -0.922425 0.000139 -0.386177
vn -0.922425 0.000139 -0.386177
vn 0.000005 0.000000 -1.000000
vn 0.000005 0.000000 -1.000000
vn 0.000005 0.000000 -1.000000
vn 0.000005 0.000000 -1.000000
vn 0.000005 0.000000 -1.000000
vn 0.000005 0.000000 -1.000000
vn 0.934790 0.000001 -0.355200
vn 0.934790 0.000001 -0.355200
vn 0.934790 0.000001 -0.355200
vn 0.934790 0.000001 -0.355200
vn 0.934790 0.000001 -0.355200
vn 0.934790 0.000001 -0.355200
vn -0.000003 -0.000000 -1.000000
vn -0.000003 -0.000000 -1.000000
vn -0.000003 -0.000000 -1.000000
vn -0.000003 -0.000000 -1.000000
vn -0.000003 -0.000000 -1.000000
vn -0.000003 -0.000000 -1.000000
vn -0.578134 0.000000 0.815942
vn -0.578134 0.000000 0.815942
vn -0.578134 0.000000 0.815942
vn -0.578134 0.000000 0.815942
vn -0.578134 0.000000 0.815942
vn -0.578134 0.000000 0.815942
vn -0.914031 -0.000000 0.405645
vn -0.914031 -0.000000 0.405645
vn -0.914031 -0.000000 0.405645
vn -0.914031 -0.000000 0.405645
vn -0.914031 -0.000000 0.405645
vn -0.914031 -0.000000 0.405645
vn -0.727369 0.000000 0.686247
vn -0.727369 0.000000 0.686247
vn -0.727369 0.000000 0.686247
vn -0.727369 0.000000 0.686247
vn -0.727369 0.000000 0.686247
vn -0.727369 0.000000 0.686247
vn -0.707176 0.000000 0.707038
vn -0.707176 0.000000 0.707038
vn -0.707176 0.000000 0.707038
vn -0.707176 0.000000 0.707038
vn -0.707176 0.000000 0.707038
vn -0.707176 0.000000 0.707038
vn -0.999988 0.000000 -0.004890
vn -0.999988 0.000000 -0.004890
vn -0.999988 0.000000 -0.004890
vn -0.999988 0.000000 -0.004890
vn -0.999988 0.000000 -0.004890
vn -0.999988 0.000000 -0.004890
vn -0.913723 0.000000 -0.406336
vn -0.913724 0.000000 -0.406336
vn -0.913723 0.000000 -0.406336
vn -0.913723 0.000000 -0.406336
vn -0.913724 0.000000 -0.406336
vn -0.913723 0.000000 -0.406336
vn -0.884750 -0.000000 -0.466065
vn -0.884750 -0.000000 -0.466065
vn -0.884750 -0.000000 -0.466065
vn -0.884750 -0.000000 -0.466065
vn -0.884750 -0.000000 -0.466065
vn -0.884750 -0.000000 -0.466065
vn 0.000000 -0.000000 -1.000000
vn 0.000000 -0.000000 -1.000000
vn 0.000000 -0.000000 -1.000000
vn 0.000000 -0.000000 -1.000000
vn 0.000000 -0.000000 -1.000000
vn 0.000000 -0.000000 -1.000000
vn -0.762332 0.000000 -0.647186
vn -0.762332 0.000000 -0.647186
vn -0.762332 0.000000 -0.647186
vn -0.762332 0.000000 -0.647186
vn -0.762332 0.000000 -0.647186
vn -0.762332 0.000000 -0.647186
vn -1.000000 0.000000 0.000001
vn -1.000000 0.000000 0.000001
vn -1.000000 0.000000 0.000001
vn -1.000000 0.000000 0.000001
vn -1.000000 0.000000 0.000001
vn -1.000000 0.000000 0.000001
vn -1.000000 -0.000000 0.000001
vn -1.000000 -0.000000 0.000001
vn -1.000000 -0.000000 0.000001
vn -1.000000 -0.000000 0.000001
vn -1.000000 -0.000000 0.000001
vn -1.000000 -0.000000 0.000001
vn -0.762332 0.000000 0.647186
vn -0.762332 0.000000 0.647186
vn -0.762332 0.000000 0.647186
vn -0.762332 0.000000 0.647186
vn -0.762332 0.000000 0.647186
vn -0.762332 0.000000 0.647186
vn -1.000000 0.000000 -0.000001
vn -1.000000 0.000000 -0.000001
vn -1.000000 0.000000 -0.000001
vn -1.000000 0.000000 -0.000001
vn -1.000000 0.000000 -0.000001
vn -1.000000 0.000000 -0.000001
vn -1.000000 0.000000 0.000002
vn -1.000000 0.000000 0.000002
vn -1.000000 0.000000 0.000002
vn -1.000000 0.000000 0.000002
vn -1.000000 0.000000 0.000002
vn -1.000000 0.000000 0.000002
vn -0.861565 0.000000 -0.507648
vn -0.861565 0.000000 -0.507648
vn -0.861565 0.000000 -0.507648
vn -0.861565 0.000000 -0.507648
vn -0.861565 0.000000 -0.507648
vn -0.861565 0.000000 -0.507648
vn -0.922484 0.000000 -0.386035
vn -0.922484 0.000000 -0.386035
vn -0.922484 0.000000 -0.386035
vn -0.922484 0.000000 -0.386035
vn -0.922484 0.000000 -0.386035
vn -0.922484 0.000000 -0.386035
vn -0.000004 0.000000 -1.000000
vn -0.000004 0.000000 -1.000000
vn -0.000004 0.000000 -1.000000
vn -0.000004 0.000000 -1.000000
vn -0.000004 0.000000 -1.000000
vn -0.000004 0.000000 -1.000000
vn 0.000004 -0.000000 -1.000000
vn 0.000004 -0.000000 -1.000000
vn 0.000004 -0.000000 -1.000000
vn 0.000004 -0.000000 -1.000000
vn 0.000004 -0.000000 -1.000000
vn 0.000004 -0.000000 -1.000000
vn -0.000001 0.000000 -1.000000
vn -0.000001 0.000000 -1.000000
vn -0.000001 0.000000 -1.000000
vn -0.000001 0.000000 -1.000000
vn -0.000001 0.000000 -1.000000
vn -0.000001 0.000000 -1.000000
vn 0.934790 -0.000000 -0.355200
vn 0.934790 -0.000000 -0.355200
vn 0.934790 -0.000000 -0.355200
vn 0.934790 -0.000000 -0.355200
vn 0.934790 -0.000000 -0.355200
vn 0.934790 -0.000000 -0.355200
vn 0.762051 -0.000000 -0.647517
vn 0.762051 -0.000000 -0.647517
vn 0.762051 -0.000000 -0.647517
vn 0.762051 -0.000000 -0.647517
vn 0.762051 -0.000000 -0.647517
vn 0.762051 -0.000000 -0.647517
vn 0.614471 -0.000000 -0.788939
vn 0.614471 -0.000000 -0.788939
vn 0.614471 -0.000000 -0.788939
vn 0.614471 -0.000000 -0.788939
vn 0.614471 -0.000000 -0.788939
vn 0.614471 -0.000000 -0.788939
vn 0.996676 -0.000000 0.081469
vn 0.996676 -0.000000 0.081469
vn 0.996676 -0.000000 0.081469
vn 0.996676 -0.000000 0.081469
vn 0.996676 -0.000000 0.081469
vn 0.996676 -0.000000 0.081469
vn 0.905958 -0.000000 -0.423367
vn 0.905958 -0.000000 -0.423367
vn 0.905958 -0.000000 -0.423367
vn 0.905958 -0.000000 -0.423367
vn 0.905958 -0.000000 -0.423367
vn 0.905958 -0.000000 -0.423367
vn 0.871638 -0.000000 -0.490150
vn 0.871638 -0.000000 -0.490150
vn 0.871638 -0.000000 -0.490150
vn 0.871638 -0.000000 -0.490150
vn 0.871638 -0.000000 -0.490150
vn 0.871638 -0.000000 -0.490150
vn 1.000000 0.000000 0.000000
vn 1.000000 0.000000 0.000000
vn 1.000000 0.000000 0.000000
vn 1.000000 0.000000 0.000000
vn 1.000000 0.000000 0.000000
vn 1.000000 0.000000 0.000000
vn 1.000000 -0.000000 0.000001
vn 1.000000 -0.000000 0.000001
vn 1.000000 -0.000000 0.000001
vn 1.000000 -0.000000 0.000001
vn 1.000000 -0.000000 0.000001
vn 1.000000 -0.000000 0.000001
vn 1.000000 -0.000001 0.000000
vn 1.000000 -0.000001 0.000000
vn 1.000000 -0.000001 0.000000
vn 1.000000 -0.000001 0.000000
vn 1.000000 -0.000001 0.000000
vn 1.000000 -0.000001 0.000000
vn 1.000000 -0.000001 -0.000001
vn 1.000000 -0.000001 -0.000001
vn 1.000000 -0.000001 -0.000001
vn 1.000000 -0.000001 -0.000001
vn 1.000000 -0.000001 -0.000001
vn 1.000000 -0.000001 -0.000001
vn 0.895187 -0.000000 0.445690
vn 0.895187 -0.000000 0.445690
vn 0.895187 -0.000000 0.445690
vn 0.895187 -0.000000 0.445690
vn 0.895187 -0.000000 0.445690
vn 0.895187 -0.000000 0.445690
vn 0.893700 -0.000000 0.448665
vn 0.893700 -0.000000 0.448665
vn 0.893700 -0.000000 0.448665
vn 0.893700 -0.000000 0.448665
vn 0.893700 -0.000000 0.448665
vn 0.893700 -0.000000 0.448665
vn 0.739681 0.000000 0.672958
vn 0.739681 0.000000 0.672958
vn 0.739681 0.000000 0.672958
vn 0.739681 0.000000 0.672958
vn 0.739681 0.000000 0.672958
vn 0.739681 0.000000 0.672958
vn 0.675309 0.000000 0.737535
vn 0.675309 0.000000 0.737535
vn 0.675309 0.000000 0.737535
vn 0.675309 0.000000 0.737535
vn 0.675309 0.000000 0.737535
vn 0.675309 0.000000 0.737535
vn 0.706241 0.000000 0.707971
vn 0.706241 0.000000 0.707971
vn 0.706241 0.000000 0.707971
vn 0.706241 0.000000 0.707971
vn 0.706241 0.000000 0.707971
vn 0.706241 0.000000 0.707971
vn 0.000001 -0.000000 1.000000
vn 0.000001 -0.000000 1.000000
vn 0.000001 -0.000000 1.000000
vn 0.000001 -0.000000 1.000000
vn 0.000001 -0.000000 1.000000
vn 0.000001 -0.000000 1.000000
vn 0.000000 0.000000 1.000000
vn 0.000000 0.000000 1.000000
vn 0.000000 0.000000 1.000000
vn 0.000000 0.000000 1.000000
vn 0.000000 0.000000 1.000000
vn 0.000000 0.000000 1.000000
vn 0.000001 -0.000000 1.000000
vn 0.000001 -0.000000 1.000000
vn 0.000001 -0.000000 1.000000
vn 0.000001 -0.000000 1.000000
vn 0.000001 -0.000000 1.000000
vn 0.000001 -0.000000 1.000000
vn -0.988491 0.000000 0.151282
vn -0.988491 0.000000 0.151282
vn -0.988491 0.000000 0.151282
vn -0.988491 0.000000 0.151282
vn -0.988491 0.000000 0.151282
vn -0.988491 0.000000 0.151282
vn -0.553033 0.369711 0.746638
vn 0.000000 0.000000 0.000000
vn -0.553033 0.369711 0.746638
vn 0.000000 0.000000 0.000000
vn 0.000000 0.000000 0.000000
vn -0.553033 0.369711 0.746638
vn -0.849653 0.384682 0.360707
vn 0.000000 0.000000 0.000000
vn -0.849653 0.384682 0.360707
vn 0.000000 0.000000 0.000000
vn 0.000000 0.000000 0.000000
vn -0.849653 0.384682 0.360707
vn -0.665043 0.403028 0.628718
vn 0.000000 0.000000 0.000000
vn -0.665043 0.403028 0.628718
vn 0.000000 0.000000 0.000000
vn 0.000000 0.000000 0.000000
vn -0.665043 0.403028 0.628718
vn -0.566414 0.416656 0.711037
vn 0.000000 0.000000 0.000000
vn -0.566414 0.416656 0.711037
vn 0.000000 0.000000 0.000000
vn 0.000000 0.000000 0.000000
vn -0.566414 0.416656 0.711037
vn -0.879975 0.467267 -0.085471
vn 0.000000 0.000000 0.000000
vn -0.879975 0.467267 -0.085471
vn 0.000000 0.000000 0.000000
vn 0.000000 0.000000 0.000000
vn -0.879975 0.467267 -0.085471
vn -0.812652 0.369821 -0.450365
vn 0.000000 0.000000 0.000000
vn -0.812652 0.369821 -0.450365
vn 0.000000 0.000000 0.000000
vn 0.000000 0.000000 0.000000
vn -0.812652 0.369821 -0.450365
vn -0.792714 0.386146 -0.471694
vn 0.000000 0.000000 0.000000
vn -0.792714 0.386146 -0.471694
vn 0.000000 0.000000 0.000000
vn 0.000000 0.000000 0.000000
vn -0.792714 0.386146 -0.471694
vn -0.015909 0.191649 -0.981335
vn 0.000000 0.000000 0.000000
vn -0.015909 0.191649 -0.981335
vn 0.000000 0.000000 0.000000
vn 0.000000 0.000000 0.000000
vn -0.015909 0.191649 -0.981335
vn -0.755103 0.251158 -0.605590
vn 0.000000 0.000000 0.000000
vn -0.755103 0.251158 -0.605590
vn 0.000000 0.000000 0.000000
vn 0.000000 0.000000 0.000000
vn -0.755103 0.251158 -0.605590
vn -0.960575 0.278022 0.000001
vn 0.000000 0.000000 0.000000
vn -0.960575 0.278022 0.000001
vn 0.000000 0.000000 0.000000
vn 0.000000 0.000000 0.000000
vn -0.960575 0.278022 0.000001
vn -0.960574 0.278023 0.000001
vn 0.000000 0.000000 0.000000
vn -0.960574 0.278023 0.000001
vn 0.000000 0.000000 0.000000
vn 0.000000 0.000000 0.000000
vn -0.960574 0.278023 0.000001
vn -0.749474 0.168541 0.640221
vn 0.000000 0.000000 0.000000
vn -0.749474 0.168541 0.640221
vn 0.000000 0.000000 0.000000
vn 0.000000 0.000000 0.000000
vn -0.749474 0.168541 0.640221
vn -0.951947 0.306256 0.002151
vn 0.000000 0.000000 0.000000
vn -0.951947 0.306256 0.002151
vn 0.000000 0.000000 0.000000
vn 0.000000 0.000000 0.000000
vn -0.951947 0.306256 0.002151
vn -0.951699 0.307025 -0.002155
vn 0.000000 0.000000 0.000000
vn -0.951699 0.307025 -0.002155
vn 0.000000 0.000000 0.000000
vn 0.000000 0.000000 0.000000
vn -0.951699 0.307025 -0.002155
vn -0.808287 0.371912 -0.456458
vn 0.000000 0.000000 0.000000
vn -0.808287 0.371912 -0.456458
vn 0.000000 0.000000 0.000000
vn 0.000000 0.000000 0.000000
vn -0.808287 0.371912 -0.456458
vn -0.875823 0.331682 -0.350601
vn 0.000000 0.000000 0.000000
vn -0.875823 0.331682 -0.350601
vn 0.000000 0.000000 0.000000
vn 0.000000 0.000000 0.000000
vn -0.875823 0.331682 -0.350601
vn -0.000005 0.332636 -0.943055
vn 0.000000 0.000000 0.000000
vn -0.000005 0.332636 -0.943055
vn 0.000000 0.000000 0.000000
vn 0.000000 0.000000 0.000000
vn -0.000005 0.332636 -0.943055
vn 0.000005 0.332635 -0.943056
vn 0.000000 0.000000 0.000000
vn 0.000005 0.332635 -0.943056
vn 0.000000 0.000000 0.000000
vn 0.000000 0.000000 0.000000
vn 0.000005 0.332635 -0.943056
vn -0.000003 0.332635 -0.943056
vn 0.000000 0.000000 0.000000
vn -0.000003 0.332635 -0.943056
vn 0.000000 0.000000 0.000000
vn 0.000000 0.000000 0.000000
vn -0.000003 0.332635 -0.943056
vn 0.922095 0.193398 -0.335168
vn 0.000000 0.000000 0.000000
vn 0.922095 0.193398 -0.335168
vn 0.000000 0.000000 0.000000
vn 0.000000 0.000000 0.000000
vn 0.922095 0.193398 -0.335168
vn 0.745629 0.277002 -0.606059
vn 0.000000 0.000000 0.000000
vn 0.745629 0.277002 -0.606059
vn 0.000000 0.000000 0.000000
vn 0.000000 0.000000 0.000000
vn 0.745629 0.277002 -0.606059
vn 0.598689 0.317625 -0.735314
vn 0.000000 0.000000 0.000000
vn 0.598689 0.317625 -0.735314
vn 0.000000 0.000000 0.000000
vn 0.000000 0.000000 0.000000
vn 0.598689 0.317625 -0.735314
vn 0.968429 0.237510 0.075724
vn 0.000000 0.000000 0.000000
vn 0.968429 0.237510 0.075724
vn 0.000000 0.000000 0.000000
vn 0.000000 0.000000 0.000000
vn 0.968429 0.237510 0.075724
vn 0.866471 0.314955 -0.387339
vn 0.000000 0.000000 0.000000
vn 0.866471 0.314955 -0.387339
vn 0.000000 0.000000 0.000000
vn 0.000000 0.000000 0.000000
vn 0.866471 0.314955 -0.387339
vn 0.829225 0.336770 -0.446062
vn 0.000000 0.000000 0.000000
vn 0.829225 0.336770 -0.446062
vn 0.000000 0.000000 0.000000
vn 0.000000 0.000000 0.000000
vn 0.829225 0.336770 -0.446062
vn 0.942590 0.333952 0.000000
vn 0.000000 0.000000 0.000000
vn 0.942590 0.333952 0.000000
vn 0.000000 0.000000 0.000000
vn 0.000000 0.000000 0.000000
vn 0.942590 0.333952 0.000000
vn 0.942590 0.333952 0.000001
vn 0.000000 0.000000 0.000000
vn 0.942590 0.333952 0.000001
vn 0.000000 0.000000 0.000000
vn 0.000000 0.000000 0.000000
vn 0.942590 0.333952 0.000001
vn 0.942590 0.333952 0.000000
vn 0.000000 0.000000 0.000000
vn 0.942590 0.333952 0.000000
vn 0.000000 0.000000 0.000000
vn 0.000000 0.000000 0.000000
vn 0.942590 0.333952 0.000000
vn 0.942590 0.333952 -0.000001
vn 0.000000 0.000000 0.000000
vn 0.942590 0.333952 -0.000001
vn 0.000000 0.000000 0.000000
vn 0.000000 0.000000 0.000000
vn 0.942590 0.333952 -0.000001
vn 0.840794 0.364299 0.400440
vn 0.000000 0.000000 0.000000
vn 0.840794 0.364299 0.400440
vn 0.000000 0.000000 0.000000
vn 0.000000 0.000000 0.000000
vn 0.840794 0.364299 0.400440
vn 0.846843 0.342729 0.406687
vn 0.000000 0.000000 0.000000
vn 0.846843 0.342729 0.406687
vn 0.000000 0.000000 0.000000
vn 0.000000 0.000000 0.000000
vn 0.846843 0.342729 0.406687
vn 0.708885 0.341847 0.616946
vn 0.000000 0.000000 0.000000
vn 0.708885 0.341847 0.616946
vn 0.000000 0.000000 0.000000
vn 0.000000 0.000000 0.000000
vn 0.708885 0.341847 0.616946
vn 0.653039 0.328731 0.682258
vn 0.000000 0.000000 0.000000
vn 0.653040 0.328731 0.682258
vn 0.000000 0.000000 0.000000
vn 0.000000 0.000000 0.000000
vn 0.653040 0.328731 0.682258
vn 0.689091 0.297496 0.660795
vn 0.000000 0.000000 0.000000
vn 0.689091 0.297496 0.660795
vn 0.000000 0.000000 0.000000
vn 0.000000 0.000000 0.000000
vn 0.689091 0.297496 0.660795
vn 0.000001 0.332635 0.943056
vn 0.000000 0.000000 0.000000
vn 0.000001 0.332635 0.943056
vn 0.000000 0.000000 0.000000
vn 0.000000 0.000000 0.000000
vn 0.000001 0.332635 0.943056
vn -0.000000 0.332636 0.943056
vn 0.000000 0.000000 0.000000
vn -0.000000 0.332636 0.943056
vn 0.000000 0.000000 0.000000
vn 0.000000 0.000000 0.000000
vn -0.000000 0.332636 0.943056
vn 0.000001 0.332635 0.943056
vn 0.000000 0.000000 0.000000
vn 0.000001 0.332635 0.943056
vn 0.000000 0.000000 0.000000
vn 0.000000 0.000000 0.000000
vn 0.000001 0.332635 0.943056
vn -0.952856 0.269456 0.139498
vn 0.000000 0.000000 0.000000
vn -0.952856 0.269456 0.139498
vn 0.000000 0.000000 0.000000
vn 0.000000 0.000000 0.000000
vn -0.952856 0.269456 0.139498
vn 0.000000 1.000000 0.000000
vn 0.000000 1.000000 0.000000
vn 0.000000 1.000000 -0.000000
vn 0.000000 1.000000 0.000000
vn 0.000000 1.000000 0.000000
vn 0.000001 1.000000 -0.000001
vn 0.000000 1.000000 -0.000001
vn 0.000000 1.000000 -0.000000
vn 0.000000 1.000000 0.000000
vn 0.000000 1.000000 -0.000000
vn 0.000000 1.000000 -0.000000
vn 0.000000 1.000000 0.000000
vn 0.000000 1.000000 -0.000000
vn 0.000000 1.000000 0.000000
vn 0.000000 1.000000 0.000000
vn 0.000000 1.000000 0.000000
vn 0.000000 1.000000 -0.000000
vn 0.000000 1.000000 0.000000
vn 0.000000 1.000000 0.000001
vn 0.000001 1.000000 -0.000002
vn 0.000001 1.000000 -0.000002
vn 0.000001 1.000000 -0.000003
vn 0.000000 1.000000 0.000000
vn 0.000000 1.000000 -0.000000
vn 0.000000 1.000000 0.000001
vn 0.000000 1.000000 -0.000000
vn -0.000001 1.000000 0.000007
vn -0.000001 1.000000 0.000000
vn -0.000000 1.000000 0.000002
vn 0.000000 1.000000 0.000001
vn 0.000000 1.000000 0.000001
vn 0.000000 1.000000 -0.000001
vn 0.000000 1.000000 -0.000000
vn 0.000000 1.000000 0.000000
vn 0.000000 1.000000 -0.000000
vn 0.000000 1.000000 0.000000
vn 0.000000 1.000000 -0.000000
vn 0.000000 1.000000 -0.000000
vn 0.000000 1.000000 0.000000
vn 0.000000 1.000000 -0.000000
vn 0.000000 1.000000 0.000000
vn 0.000000 1.000000 -0.000000
vn 0.000000 1.000000 -0.000002
vn 0.000000 1.000000 0.000000
vn 0.000000 1.000000 0.000000
vn 0.000000 1.000000 -0.000000
vn 0.000000 1.000000 -0.000001
vn 0.000000 1.000000 0.000000
vn 0.000000 1.000000 -0.000000
vn 0.000000 1.000000 -0.000000
vn 0.000000 1.000000 -0.000000
vn 0.000000 1.000000 -0.000001
vn 0.000000 1.000000 0.000001
vn 0.000000 -1.000000 -0.000003
vn 0.000000 -1.000000 -0.000003
vn 0.000000 -1.000000 -0.000003
vn 0.000000 -1.000000 0.000001
vn 0.000000 -1.000000 0.000001
vn 0.000000 -1.000000 0.000001
vn 0.000000 -1.000000 0.000001
vn 0.000000 -1.000000 0.000001
vn 0.000000 -1.000000 0.000001
vn 0.000000 -1.000000 -0.000001
vn 0.000000 -1.000000 -0.000001
vn 0.000000 -1.000000 -0.000001
vn -0.000001 -1.000000 -0.000002
vn -0.000001 -1.000000 -0.000002
vn -0.000001 -1.000000 -0.000002
vn -0.000001 -1.000000 0.000001
vn -0.000001 -1.000000 0.000001
vn -0.000001 -1.000000 0.000001
vn -0.000002 -1.000000 -0.000004
vn -0.000002 -1.000000 -0.000004
vn -0.000002 -1.000000 -0.000004
vn -0.000001 -1.000000 -0.000003
vn -0.000001 -1.000000 -0.000003
vn -0.000001 -1.000000 -0.000003
vn -0.000001 -1.000000 0.000003
vn -0.000001 -1.000000 0.000003
vn -0.000001 -1.000000 0.000003
vn 0.000001 -1.000000 0.000002
vn 0.000001 -1.000000 0.000002
vn 0.000001 -1.000000 0.000002
vn -0.000001 -1.000000 0.000002
vn -0.000001 -1.000000 0.000002
vn -0.000001 -1.000000 0.000002
vn -0.000000 -1.000000 0.000002
vn -0.000000 -1.000000 0.000002
vn -0.000000 -1.000000 0.000002
vn -0.000000 -1.000000 -0.000002
vn -0.000000 -1.000000 -0.000002
vn -0.000000 -1.000000 -0.000002
vn -0.000000 -1.000000 0.000002
vn -0.000000 -1.000000 0.000002
vn -0.000000 -1.000000 0.000002
vn 0.000000 -1.000000 -0.000001
vn 0.000000 -1.000000 -0.000001
vn 0.000000 -1.000000 -0.000001
vn 0.000000 -1.000000 0.000000
vn 0.000000 -1.000000 0.000000
vn 0.000000 -1.000000 0.000000
vn 0.000000 -1.000000 0.000000
vn 0.000000 -1.000000 0.000000
vn 0.000000 -1.000000 0.000000
vn 0.000000 -1.000000 -0.000001
vn 0.000000 -1.000000 -0.000001
vn 0.000000 -1.000000 -0.000001
vn 0.000000 -1.000000 -0.000000
vn 0.000000 -1.000000 -0.000000
vn 0.000000 -1.000000 -0.000000
vn 0.000000 -1.000000 0.000000
vn 0.000000 -1.000000 0.000000
vn 0.000000 -1.000000 0.000000
vn 0.000000 -1.000000 0.000000
vn 0.000000 -1.000000 0.000000
vn 0.000000 -1.000000 0.000000
vn 0.000000 -1.000000 0.000001
vn 0.000000 -1.000000 0.000001
vn 0.000000 -1.000000 0.000001
vn 0.000000 -1.000000 -0.000002
vn 0.000000 -1.000000 -0.000002
vn 0.000000 -1.000000 -0.000002
vn 0.000000 -1.000000 0.000001
vn 0.000000 -1.000000 0.000001
vn 0.000000 -1.000000 0.000001
vn 0.000000 -1.000000 0.000000
vn 0.000000 -1.000000 0.000000
vn 0.000000 -1.000000 0.000000
vn -0.000000 -1.000000 -0.000001
vn -0.000000 -1.000000 -0.000001
vn -0.000000 -1.000000 -0.000001
vn 0.000000 -1.000000 -0.000000
vn 0.000000 -1.000000 -0.000000
vn 0.000000 -1.000000 -0.000000
vn -0.000000 -1.000000 0.000001
vn -0.000000 -1.000000 0.000001
vn -0.000000 -1.000000 0.000001
vn 0.000000 -1.000000 0.000000
vn 0.000000 -1.000000 0.000000
vn 0.000000 -1.000000 0.000000
vn 0.000000 -1.000000 0.000000
vn 0.000000 -1.000000 0.000000
vn 0.000000 -1.000000 0.000000
vn 0.000000 -1.000000 -0.000001
vn 0.000000 -1.000000 -0.000001
vn 0.000000 -1.000000 -0.000001
vn 0.000000 -1.000000 0.000001
vn 0.000000 -1.000000 0.000001
vn 0.000000 -1.000000 0.000001
vn 0.000000 -1.000000 0.000000
vn 0.000000 -1.000000 0.000000
vn 0.000000 -1.000000 0.000000
vn 0.000000 -1.000000 0.000000
vn 0.000000 -1.000000 0.000000
vn 0.000000 -1.000000 0.000000
vn 0.000000 -1.000000 0.000000
vn 0.000000 -1.000000 0.000000
vn 0.000000 -1.000000 0.000000
vn 0.000000 -1.000000 0.000000
vn 0.000000 -1.000000 0.000000
vn 0.000000 -1.000000 0.000000
vn 0.000000 -1.000000 0.000000
vn 0.000000 -1.000000 0.000000
vn 0.000000 -1.000000 0.000000
vn 0.000000 -1.000000 0.000000
vn 0.000000 -1.000000 0.000000
vn 0.000000 -1.000000 0.000000
vn 0.000000 -1.000000 0.000001
vn 0.000000 -1.000000 0.000001
vn 0.000000 -1.000000 0.000001
vn 0.000000 -1.000000 0.000000
vn 0.000000 -1.000000 0.000000
vn 0.000000 -1.000000 0.000000
vn 0.000000 -1.000000 0.000000
vn 0.000000 -1.000000 0.000000
vn 0.000000 -1.000000 0.000000
vn 0.000000 -1.000000 -0.000001
vn 0.000000 -1.000000 -0.000001
vn 0.000000 -1.000000 -0.000001
vn 0.000000 -1.000000 0.000000
vn 0.000000 -1.000000 0.000000
vn 0.000000 -1.000000 0.000000
vn 0.000000 -1.000000 0.000000
vn 0.000000 -1.000000 0.000000
vn 0.000000 -1.000000 0.000000
vn 0.000000 -1.000000 0.000000
vn 0.000000 -1.000000 0.000000
vn 0.000000 -1.000000 0.000000
vn 0.000000 -1.000000 -0.000000
vn 0.000000 -1.000000 -0.000000
vn 0.000000 -1.000000 -0.000000
vn 0.000000 -1.000000 -0.000002
vn 0.000000 -1.000000 -0.000002
vn 0.000000 -1.000000 -0.000002
vn 0.000000 -1.000000 -0.000001
vn 0.000000 -1.000000 -0.000001
vn 0.000000 -1.000000 -0.000001
vn 0.000000 -1.000000 0.000000
vn 0.000000 -1.000000 0.000000
vn 0.000000 -1.000000 0.000000
vn 0.000000 -1.000000 0.000000
vn 0.000000 -1.000000 0.000000
vn 0.000000 -1.000000 0.000000
vn 0.000000 -1.000000 0.000000
vn 0.000000 -1.000000 0.000000
vn 0.000000 -1.000000 0.000000
vn 0.000000 -1.000000 -0.000000
vn 0.000000 -1.000000 -0.000000
vn 0.000000 -1.000000 -0.000000
vn 0.000000 -1.000000 0.000000
vn 0.000000 -1.000000 0.000000
vn 0.000000 -1.000000 0.000000
vn 0.000000 -1.000000 0.000000
vn 0.000000 -1.000000 0.000000
vn 0.000000 -1.000000 0.000000
vn 0.000000 -1.000000 0.000000
vn 0.000000 -1.000000 0.000000
vn 0.000000 -1.000000 0.000000
vn 0.000000 -1.000000 0.000000
vn 0.000000 -1.000000 0.000000
vn 0.000000 -1.000000 0.000000
vn 0.000000 -1.000000 0.000000
vn 0.000000 -1.000000 0.000000
vn 0.000000 -1.000000 0.000000
vn 0.000000 -1.000000 0.000000
vn 0.000000 -1.000000 0.000000
vn 0.000000 -1.000000 0.000000
vn 0.000000 -1.000000 0.000000
vn 0.000000 -1.000000 0.000000
vn 0.000000 -1.000000 0.000000
vn 0.000000 -1.000000 0.000000
vn 0.000000 -1.000000 0.000000
vn 0.000000 -1.000000 0.000000
vn 0.000000 -1.000000 0.000000
vn 0.000000 -1.000000 0.000000
vn 0.000000 -1.000000 0.000000
vn 0.000000 -1.000000 0.000000
vn 0.000000 -1.000000 0.000000
vn 0.000000 -1.000000 0.000000
vn 0.000000 -1.000000 0.000000
vn 0.000000 -1.000000 0.000000
vn 0.000000 -1.000000 0.000000
vn 0.000000 -1.000000 0.000000
vn 0.000000 -1.000000 0.000000
vn 0.000000 -1.000000 0.000000
vn 0.000000 -1.000000 0.000000
vn 0.000000 -1.000000 0.000000
vn 0.000000 -1.000000 0.000000
vn 0.000000 -1.000000 0.000000
vn 0.000000 -1.000000 0.000000
vn 0.000000 -1.000000 0.000000
vn 0.000000 -1.000000 0.000000
vn 0.000000 -1.000000 0.000000
vn 0.000000 -1.000000 0.000000
vn 0.000000 -1.000000 -0.000000
vn 0.000000 -1.000000 -0.000000
vn 0.000000 -1.000000 -0.000000
vn 0.000000 -1.000000 0.000000
vn 0.000000 -1.000000 0.000000
vn 0.000000 -1.000000 0.000000
vn 0.000000 -1.000000 0.000000
vn 0.000000 -1.000000 0.000000
vn 0.000000 -1.000000 0.000000
vn 0.000000 -1.000000 0.000000
vn 0.000000 -1.000000 0.000000
vn 0.000000 -1.000000 0.000000
vn 0.000000 -1.000000 0.000000
vn 0.000000 -1.000000 0.000000
vn 0.000000 -1.000000 0.000000
vn 0.000000 -1.000000 0.000000
vn 0.000000 -1.000000 0.000000
vn 0.000000 -1.000000 0.000000
vn 0.000000 -1.000000 -0.000003
vn 0.000000 -1.000000 -0.000003
vn 0.000000 -1.000000 -0.000003
vn 0.000000 -1.000000 0.000001
vn 0.000000 -1.000000 0.000001
vn 0.000000 -1.000000 0.000001
vn 0.000000 -1.000000 0.000000
vn 0.000000 -1.000000 0.000000
vn 0.000000 -1.000000 0.000000
vn -0.531551 0.258817 0.806516
vn -0.531559 0.258815 0.806511
vn -0.531551 0.258817 0.806516
vn -0.531559 0.258815 0.806511
vn -0.389120 0.707111 0.590406
vn -0.415392 0.850634 0.322291
vn -0.389120 0.707111 0.590406
vn -0.548046 0.720509 0.424868
vn -0.049380 0.998392 0.027823
vn -0.074744 0.995505 0.058164
vn -0.353726 0.925931 0.132402
vn -0.550303 0.000000 0.834965
vn -0.550303 0.000000 0.834965
vn -0.550303 0.000000 0.834965
vn -0.550301 0.000000 0.834966
vn -0.550301 0.000000 0.834966
vn -0.550301 0.000000 0.834966
vn -0.909073 -0.000006 0.416637
vn -0.909073 -0.000006 0.416637
vn -0.909073 -0.000006 0.416637
vn -0.835625 0.241668 0.493283
vn -0.909073 0.000000 0.416637
vn -0.908309 0.040986 0.416287
vn -0.715911 0.000006 0.698191
vn -0.715911 0.000006 0.698191
vn -0.715911 0.000006 0.698191
vn -0.715917 -0.000014 0.698185
vn -0.715917 -0.000014 0.698185
vn -0.715918 -0.000014 0.698185
vn -0.732002 0.000002 0.681303
vn -0.732002 0.000002 0.681303
vn -0.732002 0.000002 0.681303
vn -0.732003 0.000005 0.681302
vn -0.732003 0.000005 0.681302
vn -0.732003 0.000005 0.681302
vn -0.999777 0.000000 0.021136
vn -0.999777 0.000000 0.021136
vn -0.999777 0.000000 0.021136
vn -0.964158 0.242576 -0.107496
vn -0.999777 0.000000 0.021137
vn -0.999014 0.039062 0.021121
vn -0.921357 0.000000 -0.388718
vn -0.921357 0.000000 -0.388718
vn -0.921357 0.000000 -0.388718
vn -0.921357 0.000000 -0.388717
vn -0.921357 0.000000 -0.388718
vn -0.921357 0.000000 -0.388717
vn -0.855957 0.000000 -0.517047
vn -0.855957 0.000000 -0.517047
vn -0.855957 0.000000 -0.517047
vn -0.855959 0.000004 -0.517044
vn -0.855959 0.000004 -0.517044
vn -0.855959 0.000004 -0.517044
vn -0.033193 0.000000 -0.999449
vn -0.033193 0.000000 -0.999449
vn -0.033193 0.000000 -0.999449
vn -0.032331 0.226733 -0.973420
vn -0.033193 0.000000 -0.999449
vn -0.033171 0.035899 -0.998805
vn -0.773137 0.000000 -0.634239
vn -0.773137 0.000000 -0.634239
vn -0.773137 0.000000 -0.634239
vn -0.773138 0.000000 -0.634238
vn -0.773138 0.000000 -0.634238
vn -0.773138 0.000000 -0.634238
vn -0.997982 0.000000 0.063501
vn -0.997982 0.000000 0.063501
vn -0.997982 0.000000 0.063501
vn -0.997982 0.000000 0.063501
vn -0.997982 0.000000 0.063501
vn -0.997982 0.000000 0.063501
vn -0.997982 0.000000 -0.063496
vn -0.997982 0.000000 -0.063496
vn -0.997982 0.000000 -0.063496
vn -0.974791 0.214326 -0.062019
vn -0.997982 0.000000 -0.063496
vn -0.995948 0.077915 -0.044903
vn -0.762332 0.000000 0.647186
vn -0.762332 0.000000 0.647186
vn -0.762332 0.000000 0.647186
vn -0.762332 0.000000 0.647186
vn -0.762332 0.000000 0.647186
vn -0.762332 0.000000 0.647186
vn -0.999779 0.000000 0.021010
vn -0.999779 0.000000 0.021010
vn -0.999779 0.000000 0.021010
vn -0.968678 0.248271 0.004971
vn -0.999779 0.000000 0.021010
vn -0.998996 0.039580 0.020994
vn -0.999923 0.000000 -0.012392
vn -0.999923 0.000000 -0.012392
vn -0.999923 0.000000 -0.012392
vn -0.999923 0.000000 -0.012392
vn -0.999923 0.000000 -0.012392
vn -0.999923 0.000000 -0.012392
vn -0.871822 0.000000 -0.489823
vn -0.871822 0.000000 -0.489823
vn -0.871822 0.000000 -0.489823
vn -0.871901 -0.000534 -0.489681
vn -0.871901 -0.000534 -0.489681
vn -0.871901 -0.000534 -0.489681
vn -0.884819 0.000000 -0.465934
vn -0.884819 0.000000 -0.465934
vn -0.884819 0.000000 -0.465934
vn -0.850500 -0.162063 -0.500386
vn -0.850500 -0.162063 -0.500386
vn -0.850500 -0.162063 -0.500386
vn -0.912765 0.001248 -0.408483
vn -0.912765 0.001248 -0.408483
vn -0.912765 0.001248 -0.408483
vn -0.097713 0.000000 -0.995215
vn -0.097713 0.000000 -0.995215
vn -0.097713 0.000000 -0.995215
vn -0.054777 0.238999 -0.969474
vn -0.097713 0.000000 -0.995215
vn -0.097647 0.036775 -0.994541
vn 0.000005 0.000000 -1.000000
vn 0.000005 0.000000 -1.000000
vn 0.000005 0.000000 -1.000000
vn 0.000005 0.000000 -1.000000
vn 0.000005 0.000000 -1.000000
vn 0.000005 0.000000 -1.000000
vn 0.102365 0.000000 -0.994747
vn 0.102365 0.000000 -0.994747
vn 0.102365 0.000000 -0.994747
vn 0.102365 0.000000 -0.994747
vn 0.102365 0.000000 -0.994747
vn 0.102365 0.000000 -0.994747
vn 0.909955 0.000000 -0.414706
vn 0.909955 0.000000 -0.414706
vn 0.909955 0.000000 -0.414706
vn 0.853640 0.243008 -0.460701
vn 0.909955 0.000000 -0.414706
vn 0.909387 0.035334 -0.414447
vn 0.754159 0.000000 -0.656691
vn 0.754159 0.000000 -0.656691
vn 0.754159 0.000000 -0.656692
vn 0.754155 0.000000 -0.656696
vn 0.754155 0.000000 -0.656696
vn 0.754155 0.000000 -0.656696
vn 0.655898 0.000000 -0.754850
vn 0.655898 0.000000 -0.754850
vn 0.655898 0.000000 -0.754850
vn 0.655897 0.000000 -0.754850
vn 0.655897 0.000000 -0.754850
vn 0.655897 0.000000 -0.754850
vn 0.999482 0.000000 0.032175
vn 0.999482 0.000000 0.032175
vn 0.999482 0.000000 0.032175
vn 0.947083 0.250813 -0.200319
vn 0.999482 0.000000 0.032175
vn 0.998791 0.037187 0.032153
vn 0.898190 0.000000 -0.439607
vn 0.898190 0.000000 -0.439607
vn 0.898190 0.000000 -0.439607
vn 0.898190 0.000000 -0.439608
vn 0.898190 0.000000 -0.439608
vn 0.898190 0.000000 -0.439608
vn 0.884623 0.000000 -0.466307
vn 0.884623 0.000000 -0.466307
vn 0.884623 0.000000 -0.466307
vn 0.884624 0.000000 -0.466306
vn 0.884624 0.000000 -0.466306
vn 0.884624 0.000000 -0.466306
vn 0.999934 0.000000 -0.011509
vn 0.999934 0.000000 -0.011509
vn 0.999934 0.000000 -0.011509
vn 0.968735 0.248029 -0.005920
vn 0.999934 0.000000 -0.011509
vn 0.997651 0.056015 -0.039428
vn 1.000000 0.000000 0.000000
vn 1.000000 0.000000 0.000000
vn 1.000000 0.000000 0.000000
vn 1.000000 0.000000 0.000000
vn 1.000000 0.000000 0.000000
vn 1.000000 0.000000 0.000000
vn 1.000000 0.000000 0.000000
vn 1.000000 0.000000 0.000000
vn 1.000000 0.000000 0.000000
vn 1.000000 0.000000 0.000000
vn 1.000000 0.000000 0.000000
vn 1.000000 0.000000 0.000000
vn 0.999955 0.000000 0.009436
vn 0.999956 0.000000 0.009436
vn 0.999955 0.000000 0.009436
vn 0.999955 0.000000 0.009435
vn 0.999955 0.000000 0.009436
vn 0.999955 0.000000 0.009435
vn 0.902519 0.000000 0.430649
vn 0.902519 0.000000 0.430649
vn 0.902519 0.000000 0.430649
vn 0.870892 0.240610 0.428549
vn 0.902520 0.000000 0.430649
vn 0.934941 0.092895 0.342426
vn 0.891084 0.000000 0.453838
vn 0.891084 0.000000 0.453838
vn 0.891084 0.000000 0.453838
vn 0.891083 0.000000 0.453840
vn 0.891083 0.000000 0.453840
vn 0.891083 0.000000 0.453840
vn 0.744908 0.000000 0.667167
vn 0.744908 0.000000 0.667167
vn 0.744908 0.000000 0.667167
vn 0.696507 0.231530 0.679170
vn 0.744910 0.000000 0.667165
vn 0.775265 0.089216 0.625304
vn 0.675911 0.000000 0.736983
vn 0.675911 0.000000 0.736983
vn 0.675911 0.000000 0.736983
vn 0.675911 0.000000 0.736984
vn 0.675911 0.000000 0.736984
vn 0.675911 0.000000 0.736984
vn 0.679948 0.000000 0.733261
vn 0.679948 0.000000 0.733261
vn 0.679948 0.000000 0.733261
vn 0.679948 0.000000 0.733260
vn 0.679948 0.000000 0.733260
vn 0.679948 0.000000 0.733260
vn 0.048318 0.000000 0.998832
vn 0.048318 0.000000 0.998832
vn 0.048318 0.000000 0.998832
vn 0.026710 0.238652 0.970738
vn 0.048319 0.000000 0.998832
vn 0.048281 0.039389 0.998057
vn 0.000000 0.000000 1.000000
vn 0.000000 0.000000 1.000000
vn 0.000000 0.000000 1.000000
vn 0.000000 0.000000 1.000000
vn 0.000000 0.000000 1.000000
vn 0.000000 0.000000 1.000000
vn -0.133107 0.000000 0.991102
vn -0.133107 0.000000 0.991102
vn -0.133107 0.000000 0.991102
vn -0.133107 0.000000 0.991102
vn -0.133107 0.000000 0.991102
vn -0.133107 0.000000 0.991102
vn -0.976108 0.000000 0.217286
vn -0.976108 0.000000 0.217286
vn -0.976108 0.000000 0.217286
vn -0.948561 0.235895 0.211152
vn -0.976108 0.000000 0.217287
vn -0.975574 0.033080 0.217168
vn -0.052287 0.998126 0.031781
vn -0.053484 0.997291 0.050497
vn -0.100424 0.994086 0.041338
vn -0.091840 0.995706 -0.011624
vn -0.070164 0.996808 -0.038085
vn -0.079197 0.991607 -0.102189
vn -0.027272 0.998563 -0.046129
vn -0.047404 0.998648 -0.021339
vn -0.073206 0.997317 -0.000002
vn -0.047726 0.998582 0.023570
vn -0.098623 0.994625 0.031537
vn -0.073670 0.997283 0.000321
vn -0.091907 0.995610 -0.017740
vn -0.061082 0.997629 -0.031711
vn -0.077982 0.996114 -0.040923
vn -0.058261 0.991039 -0.120198
vn -0.003948 0.997033 -0.076875
vn 0.004142 0.997023 -0.077000
vn 0.092239 0.990462 -0.102355
vn 0.056385 0.997923 -0.031160
vn 0.047299 0.997618 -0.050207
vn 0.108288 0.992666 -0.053738
vn 0.057087 0.998279 -0.013425
vn 0.062854 0.997521 -0.031653
vn 0.091774 0.995686 -0.013645
vn 0.071860 0.997415 -0.000420
vn 0.070669 0.997500 -0.000000
vn 0.071702 0.997426 0.000343
vn 0.088778 0.995942 0.014774
vn 0.065847 0.997301 0.032487
vn 0.068308 0.996688 0.044117
vn 0.053676 0.997152 0.052978
vn 0.049614 0.997324 0.053700
vn 0.046658 0.994222 0.096673
vn 0.001880 0.997210 0.074619
vn -0.005394 0.996975 0.077539
vn -0.115140 0.987936 0.103567
vn -0.401668 0.882859 0.243359
vn -0.878103 0.258795 0.402443
vn -0.726970 0.527951 0.439070
vn -0.365658 0.864398 0.345122
vn -0.630937 0.497443 0.595374
vn -0.702561 0.258789 0.662900
vn -0.488894 0.848988 0.200505
vn -0.815464 0.472844 0.333822
vn -0.707060 0.258795 0.658096
vn -0.521693 0.850608 -0.065601
vn -0.872441 0.476473 -0.108725
vn -0.226989 0.966074 -0.123195
vn -0.848793 0.259378 -0.460732
vn -0.766788 0.488683 -0.416204
vn -0.620765 0.707896 -0.336947
vn -0.141570 0.972936 -0.182629
vn -0.773386 0.428527 -0.467161
vn -0.826800 0.258802 -0.499424
vn -0.605244 0.707117 -0.365601
vn -0.231520 0.934010 -0.272073
vn -0.032060 0.258797 -0.965399
vn -0.032065 0.258789 -0.965402
vn -0.023471 0.707120 -0.706704
vn -0.023471 0.707120 -0.706704
vn -0.023474 0.707113 -0.706710
vn -0.023474 0.707113 -0.706711
vn -0.321637 0.924927 -0.202633
vn -0.746796 0.258793 -0.612635
vn -0.746789 0.258846 -0.612621
vn -0.746796 0.258794 -0.612635
vn -0.746789 0.258847 -0.612621
vn -0.546682 0.707117 -0.448469
vn -0.546695 0.707102 -0.448476
vn -0.258326 0.966058 -0.000009
vn -0.832201 0.551939 0.052952
vn -0.869882 0.493260 -0.000002
vn -0.963981 0.258802 0.061336
vn -0.705674 0.707112 0.044902
vn -0.706397 0.707816 -0.000006
vn -0.218145 0.969942 0.107820
vn -0.963972 0.258835 -0.061331
vn -0.705665 0.707122 -0.044897
vn -0.705664 0.707123 -0.044897
vn -0.233480 0.969492 0.074648
vn -0.736354 0.258831 0.625132
vn -0.736359 0.258809 0.625134
vn -0.736354 0.258831 0.625132
vn -0.736360 0.258808 0.625134
vn -0.539050 0.707107 0.457630
vn -0.654164 0.727281 0.207682
vn -0.539050 0.707107 0.457630
vn -0.839322 0.529183 0.124516
vn -0.258780 0.965936 0.001127
vn -0.867867 0.496781 0.003817
vn -0.707058 0.707148 0.003100
vn -0.516525 0.850425 -0.099894
vn -0.863590 0.475623 -0.167319
vn -0.946373 0.265912 -0.183492
vn -0.438483 0.869256 -0.228312
vn -0.858119 0.258443 -0.443666
vn -0.766649 0.501434 -0.401016
vn -0.241339 0.962150 -0.126578
vn -0.867635 0.184260 -0.461798
vn -0.867760 0.184316 -0.461541
vn -0.652063 0.675300 -0.344651
vn -0.652130 0.675323 -0.344480
vn -0.101585 0.972061 -0.211608
vn -0.835364 0.254951 -0.486999
vn -0.835196 0.255962 -0.486755
vn -0.613380 0.702518 -0.360880
vn -0.612527 0.703635 -0.360151
vn -0.013269 0.966006 -0.258181
vn -0.094385 0.258803 -0.961308
vn -0.045659 0.492055 -0.869366
vn -0.069092 0.707116 -0.703714
vn -0.069092 0.707116 -0.703714
vn -0.036806 0.707517 -0.705737
vn 0.013897 0.966011 -0.258128
vn 0.053399 0.259121 -0.964368
vn 0.047932 0.491349 -0.869643
vn 0.038611 0.707573 -0.705584
vn 0.439507 0.863499 -0.247394
vn 0.092677 0.424677 -0.900589
vn 0.098877 0.258834 -0.960848
vn 0.072384 0.707113 -0.703386
vn 0.417588 0.879120 -0.229712
vn 0.878946 0.258840 -0.400570
vn 0.847155 0.260709 -0.462990
vn 0.643442 0.707100 -0.293245
vn 0.617347 0.709944 -0.338913
vn 0.335765 0.871639 -0.357082
vn 0.660872 0.259311 -0.704276
vn 0.660872 0.259311 -0.704277
vn 0.483724 0.707787 -0.514829
vn 0.351905 0.874725 -0.333195
vn 0.633553 0.258806 -0.729130
vn 0.633553 0.258806 -0.729130
vn 0.463775 0.707129 -0.533743
vn 0.245034 0.967802 -0.057592
vn 0.899067 0.436852 0.028943
vn 0.817930 0.543757 -0.187934
vn 0.706739 0.707109 0.022752
vn 0.678546 0.717599 -0.156927
vn 0.231138 0.965933 -0.116403
vn 0.772495 0.501675 -0.389324
vn 0.862542 0.258842 -0.434767
vn 0.631448 0.707135 -0.318172
vn 0.250500 0.967399 -0.037267
vn 0.870027 0.475469 -0.130314
vn 0.691116 0.715316 -0.103350
vn 0.501398 0.865212 -0.002938
vn 0.866699 0.498806 -0.005088
vn 0.499998 0.866027 0.000000
vn 0.965924 0.258825 0.000000
vn 0.965924 0.258825 0.000000
vn 0.707102 0.707112 0.000001
vn 0.501203 0.865327 0.002404
vn 0.965912 0.258828 0.004634
vn 0.866601 0.498984 0.004163
vn 0.250114 0.967321 0.041636
vn 0.866492 0.477722 0.144819
vn 0.689716 0.714865 0.115157
vn 0.232088 0.965932 0.114505
vn 0.866262 0.258816 0.427323
vn 0.634099 0.707150 0.312821
vn 0.634099 0.707150 0.312821
vn 0.434086 0.856070 0.280559
vn 0.810664 0.260778 0.524232
vn 0.591420 0.709958 0.382337
vn 0.361543 0.861449 0.356641
vn 0.619554 0.492997 0.610825
vn 0.175646 0.965918 0.190132
vn 0.655467 0.258816 0.709491
vn 0.588335 0.498339 0.636804
vn 0.479892 0.707046 0.519413
vn 0.106230 0.969665 0.220148
vn 0.382086 0.472615 0.794132
vn 0.656777 0.258795 0.708286
vn 0.297232 0.728387 0.617337
vn 0.006520 0.965947 0.258658
vn 0.022192 0.495374 0.868396
vn 0.017985 0.707222 0.706763
vn -0.017944 0.966070 0.257658
vn -0.062572 0.489362 0.869833
vn -0.069742 0.259339 0.963265
vn -0.050162 0.707895 0.704535
vn -0.482389 0.861860 0.156522
vn -0.121350 0.410950 0.903546
vn -0.128575 0.258800 0.957335
vn -0.094120 0.707111 0.700810
vn -0.690204 0.707115 0.153643
vn -0.690215 0.707104 0.153644
vn -0.942847 0.258824 0.209880
vn -0.942854 0.258796 0.209885
s off
g Mound2
f 1/1/1 2/2/2 5/3/3
f 229/229/4 230/230/5 231/231/6
f 232/232/7 233/233/8 234/234/9
f 235/235/10 236/236/11 237/237/12
f 238/238/13 239/239/14 240/240/15
f 241/241/16 242/242/17 243/243/18
f 244/244/19 245/245/20 246/246/21
f 247/247/22 248/248/23 249/249/24
f 250/250/25 251/251/26 252/252/27
f 253/253/28 254/254/29 255/255/30
f 256/256/31 257/257/32 258/258/33
f 259/259/34 260/260/35 261/261/36
f 262/262/37 263/263/38 264/264/39
f 265/265/40 266/266/41 267/267/42
f 268/268/43 269/269/44 270/270/45
f 271/271/46 272/272/47 273/273/48
f 274/274/49 275/275/50 276/276/51
f 277/277/52 278/278/53 279/279/54
f 280/280/55 281/281/56 282/282/57
f 283/283/58 284/284/59 285/285/60
f 286/286/61 287/287/62 288/288/63
f 289/289/64 290/290/65 291/291/66
f 292/292/67 293/293/68 294/294/69
f 295/295/70 296/296/71 297/297/72
f 298/298/73 299/299/74 300/300/75
f 301/301/76 302/302/77 303/303/78
f 304/304/79 305/305/80 306/306/81
f 307/307/82 308/308/83 309/309/84
f 310/310/85 311/311/86 312/312/87
f 313/313/88 314/314/89 315/315/90
f 316/316/91 317/317/92 318/318/93
f 319/319/94 320/320/95 321/321/96
f 322/322/97 323/323/98 324/324/99
f 325/325/100 326/326/101 327/327/102
f 328/328/103 329/329/104 330/330/105
f 331/331/106 332/332/107 333/333/108
f 334/334/109 335/335/110 336/336/111
f 337/337/112 338/338/113 339/339/114
f 340/340/115 341/341/116 342/342/117
f 343/343/118 344/344/119 345/345/120
f 346/346/121 347/347/122 348/348/123
f 349/349/124 350/350/125 351/351/126
f 352/352/127 353/353/128 354/354/129
f 355/355/130 356/356/131 357/357/132
f 358/358/133 359/359/134 360/360/135
f 361/361/136 362/362/137 363/363/138
f 364/364/139 365/365/140 366/366/141
f 367/367/142 368/368/143 369/369/144
f 370/370/145 371/371/146 372/372/147
f 373/373/148 374/374/149 375/375/150
f 3/4/151 4/6/152 6/5/153
f 376/376/154 377/377/155 378/378/156
f 379/379/157 380/380/158 381/381/159
f 382/382/160 383/383/161 384/384/162
f 385/385/163 386/386/164 387/387/165
f 388/388/166 389/389/167 390/390/168
f 391/391/169 392/392/170 393/393/171
f 394/394/172 395/395/173 396/396/174
f 397/397/175 398/398/176 399/399/177
f 400/400/178 401/401/179 402/402/180
f 403/403/181 404/404/182 405/405/183
f 406/406/184 407/407/185 408/408/186
f 409/409/187 410/410/188 411/411/189
f 412/412/190 413/413/191 414/414/192
f 415/415/193 416/416/194 417/417/195
f 418/418/196 419/419/197 420/420/198
f 421/421/199 422/422/200 423/423/201
f 424/424/202 425/425/203 426/426/204
f 427/427/205 428/428/206 429/429/207
f 430/430/208 431/431/209 432/432/210
f 433/433/211 434/434/212 435/435/213
f 436/436/214 437/437/215 438/438/216
f 439/439/217 440/440/218 441/441/219
f 442/442/220 443/443/221 444/444/222
f 445/445/223 446/446/224 447/447/225
f 448/448/226 449/449/227 450/450/228
f 451/451/229 452/452/230 453/453/231
f 454/454/232 455/455/233 456/456/234
f 457/457/235 458/458/236 459/459/237
f 460/460/238 461/461/239 462/462/240
f 463/463/241 464/464/242 465/465/243
f 466/466/244 467/467/245 468/468/246
f 469/469/247 470/470/248 471/471/249
f 472/472/250 473/473/251 474/474/252
f 475/475/253 476/476/254 477/477/255
f 478/478/256 479/479/257 480/480/258
f 481/481/259 482/482/260 483/483/261
f 484/484/262 485/485/263 486/486/264
f 487/487/265 488/488/266 489/489/267
f 490/490/268 491/491/269 492/492/270
f 493/493/271 494/494/272 495/495/273
f 496/496/274 497/497/275 498/498/276
f 499/499/277 500/500/278 501/501/279
f 502/502/280 503/503/281 504/504/282
f 505/505/283 506/506/284 507/507/285
f 508/508/286 509/509/287 510/510/288
f 511/511/289 512/512/290 513/513/291
f 514/514/292 515/515/293 516/516/294
f 517/517/295 518/518/296 519/519/297
f 520/520/298 521/521/299 522/522/300
f 523/523/301 524/524/302 525/525/303
f 526/526/304 527/527/305 528/528/306
f 529/529/307 530/530/308 531/531/309
f 532/532/310 533/533/311 534/534/312
f 535/535/313 536/536/314 537/537/315
f 538/538/316 539/539/317 540/540/318
f 541/541/319 542/542/320 543/543/321
f 544/544/322 545/545/323 546/546/324
f 547/547/325 548/548/326 549/549/327
f 550/550/328 551/551/329 552/552/330
f 553/553/331 554/554/332 555/555/333
f 556/556/334 557/557/335 558/558/336
f 559/559/337 560/560/338 561/561/339
f 562/562/340 563/563/341 564/564/342
f 565/565/343 566/566/344 567/567/345
f 568/568/346 569/569/347 570/570/348
f 571/571/349 572/572/350 573/573/351
f 574/574/352 575/575/353 576/576/354
f 577/577/355 578/578/356 579/579/357
f 580/580/358 581/581/359 582/582/360
f 583/583/361 584/584/362 585/585/363
f 586/586/364 587/587/365 588/588/366
f 589/589/367 590/590/368 591/591/369
f 592/592/370 593/593/371 594/594/372
f 595/595/373 596/596/374 597/597/375
f 598/598/376 599/599/377 600/600/378
f 601/601/379 602/602/380 603/603/381
f 604/604/382 605/605/383 606/606/384
f 607/607/385 608/608/386 609/609/387
f 610/610/388 611/611/389 612/612/390
f 613/613/391 614/614/392 615/615/393
f 616/616/394 617/617/395 618/618/396
f 619/619/397 620/620/398 621/621/399
f 622/622/400 623/623/401 624/624/402
f 625/625/403 626/626/404 627/627/405
f 628/628/406 629/629/407 630/630/408
f 631/631/409 632/632/410 633/633/411
f 634/634/412 635/635/413 636/636/414
f 637/637/415 638/638/416 639/639/417
f 640/640/418 641/641/419 642/642/420
f 643/643/421 644/644/422 645/645/423
f 646/646/424 647/647/425 648/648/426
f 649/649/427 650/650/428 651/651/429
f 652/652/430 653/653/431 654/654/432
f 655/655/433 656/656/434 657/657/435
f 658/658/436 659/659/437 660/660/438
f 661/661/439 662/662/440 663/663/441
f 664/664/442 665/665/443 666/666/444
f 667/667/445 668/668/446 669/669/447
f 670/670/448 671/671/449 672/672/450
f 673/673/451 674/674/452 675/675/453
f 676/676/454 677/677/455 678/678/456
f 679/679/457 680/680/458 681/681/459
f 682/682/460 683/683/461 684/684/462
f 685/685/463 686/686/464 687/687/465
f 688/688/466 689/689/467 690/690/468
f 691/691/469 692/692/470 693/693/471
f 694/694/472 695/695/473 696/696/474
f 697/697/475 698/698/476 699/699/477
f 700/700/478 701/701/479 702/702/480
f 703/703/481 704/704/482 705/705/483
f 706/706/484 707/707/485 708/708/486
f 709/709/487 710/710/488 711/711/489
f 712/712/490 713/713/491 714/714/492
f 715/715/493 716/716/494 717/717/495
f 718/718/496 719/719/497 720/720/498
f 721/721/499 722/722/500 723/723/501
f 724/724/502 725/725/503 726/726/504
f 727/727/505 728/728/506 729/729/507
f 730/730/508 731/731/509 732/732/510
f 733/733/511 734/734/512 735/735/513
f 736/736/514 737/737/515 738/738/516
f 739/739/517 740/740/518 741/741/519
f 742/742/520 743/743/521 744/744/522
f 745/745/523 746/746/524 747/747/525
f 748/748/526 749/749/527 750/750/528
f 751/751/529 752/752/530 753/753/531
f 754/754/532 755/755/533 756/756/534
f 757/757/535 758/758/536 759/759/537
f 760/760/538 761/761/539 762/762/540
f 763/763/541 764/764/542 765/765/543
f 766/766/544 767/767/545 768/768/546
f 769/769/547 770/770/548 771/771/549
f 772/772/550 773/773/551 774/774/552
f 775/775/553 776/776/554 777/777/555
f 778/778/556 779/779/557 780/780/558
f 781/781/559 782/782/560 783/783/561
f 784/784/562 785/785/563 786/786/564
f 787/787/565 788/788/566 789/789/567
f 790/790/568 791/791/569 792/792/570
f 793/793/571 794/794/572 795/795/573
f 796/796/574 797/797/575 798/798/576
f 799/799/577 800/800/578 801/801/579
f 802/802/580 803/803/581 804/804/582
f 805/805/583 806/806/584 807/807/585
f 808/808/586 809/809/587 810/810/588
f 811/811/589 812/812/590 813/813/591
f 814/814/592 815/815/593 816/816/594
f 817/817/595 818/818/596 819/819/597
f 820/820/598 821/821/599 822/822/600
f 823/823/601 824/824/602 825/825/603
f 826/826/604 827/827/605 828/828/606
f 829/829/607 830/830/608 831/831/609
f 832/832/610 833/833/611 834/834/612
f 835/835/613 836/836/614 837/837/615
f 838/838/616 839/839/617 840/840/618
f 841/841/619 842/842/620 843/843/621
f 844/844/622 845/845/623 846/846/624
f 847/847/625 848/848/626 849/849/627
f 850/850/628 851/851/629 852/852/630
f 853/853/631 854/854/632 855/855/633
f 856/856/634 857/857/635 858/858/636
f 859/859/637 860/860/638 861/861/639
f 862/862/640 863/863/641 864/864/642
f 865/865/643 866/866/644 867/867/645
f 868/868/646 869/869/647 870/870/648
f 871/871/649 872/872/650 873/873/651
f 874/874/652 875/875/653 876/876/654
f 877/877/655 878/878/656 879/879/657
f 880/880/658 881/881/659 882/882/660
f 883/883/661 884/884/662 885/885/663
f 886/886/664 887/887/665 888/888/666
f 889/889/667 890/890/668 891/891/669
f 892/892/670 893/893/671 894/894/672
f 895/895/673 896/896/674 897/897/675
f 898/898/676 899/899/677 900/900/678
f 901/901/679 902/902/680 903/903/681
f 904/904/682 905/905/683 906/906/684
s 1
f 46/7/685 47/8/686 16/9/687
f 16/9/687 47/8/686 17/10/688
f 47/8/686 18/11/689 17/10/688
f 13/12/690 54/13/691 14/14/692
f 14/14/692 54/13/691 15/15/693
f 54/13/691 45/16/694 15/15/693
f 47/8/686 48/17/695 18/11/689
f 18/11/689 48/17/695 19/18/696
f 57/19/697 48/17/695 31/20/698
f 31/20/698 48/17/695 32/21/699
f 15/15/693 45/16/694 16/9/687
f 16/9/687 45/16/694 46/7/685
f 46/7/685 45/16/694 34/22/700
f 34/22/700 45/16/694 35/23/701
f 47/8/686 46/7/685 33/24/702
f 33/24/702 46/7/685 34/22/700
f 48/17/695 47/8/686 32/21/699
f 32/21/699 47/8/686 33/24/702
f 52/25/703 53/26/704 11/27/705
f 11/27/705 53/26/704 12/28/706
f 12/28/706 53/26/704 13/12/690
f 13/12/690 53/26/704 54/13/691
f 49/29/707 50/30/708 8/31/709
f 8/31/709 50/30/708 7/32/710
f 11/27/705 10/33/711 52/25/703
f 10/33/711 9/34/712 52/25/703
f 9/34/712 51/35/713 52/25/703
f 50/30/708 51/35/713 7/32/710
f 7/32/710 51/35/713 9/34/712
f 8/31/709 44/36/714 49/29/707
f 49/29/707 44/36/714 43/37/715
f 43/37/715 42/38/716 49/29/707
f 49/29/707 42/38/716 41/39/717
f 50/30/708 40/40/718 51/35/713
f 51/35/713 40/40/718 39/41/719
f 52/25/703 51/35/713 38/42/720
f 38/42/720 51/35/713 39/41/719
f 52/25/703 38/42/720 53/26/704
f 53/26/704 38/42/720 37/43/721
f 53/26/704 37/43/721 54/13/691
f 54/13/691 37/43/721 36/44/722
f 45/16/694 54/13/691 35/23/701
f 35/23/701 54/13/691 36/44/722
f 49/29/707 41/39/717 50/30/708
f 50/30/708 41/39/717 40/40/718
f 56/45/723 57/19/697 30/46/724
f 30/46/724 57/19/697 31/20/698
f 55/47/725 56/45/723 29/48/726
f 29/48/726 56/45/723 30/46/724
f 29/48/726 28/49/727 55/47/725
f 28/49/727 27/50/728 55/47/725
f 27/50/728 58/51/729 55/47/725
f 21/52/730 56/45/723 22/53/731
f 22/53/731 56/45/723 55/47/725
f 57/19/697 56/45/723 20/54/732
f 20/54/732 56/45/723 21/52/730
f 48/17/695 57/19/697 19/18/696
f 19/18/696 57/19/697 20/54/732
f 26/55/733 25/56/734 58/51/729
f 58/51/729 25/56/734 59/57/735
f 25/56/734 24/58/736 59/57/735
f 59/57/735 24/58/736 23/59/737
f 26/55/733 58/51/729 27/50/728
f 22/53/731 55/47/725 59/57/735
f 59/57/735 55/47/725 58/51/729
s off
f 907/907/738 908/908/739 909/909/740
f 910/910/741 911/911/742 912/912/743
f 913/913/744 914/914/745 915/915/746
f 916/916/747 917/917/748 918/918/749
f 919/919/750 920/920/751 921/921/752
f 922/922/753 923/923/754 924/924/755
f 925/925/756 926/926/757 927/927/758
f 928/928/759 929/929/760 930/930/761
f 931/931/762 932/932/763 933/933/764
f 934/934/765 935/935/766 936/936/767
f 937/937/768 938/938/769 939/939/770
f 940/940/771 941/941/772 942/942/773
f 943/943/774 944/944/775 945/945/776
f 946/946/777 947/947/778 948/948/779
f 949/949/780 950/950/781 951/951/782
f 952/952/783 953/953/784 954/954/785
f 955/955/786 956/956/787 957/957/788
f 958/958/789 959/959/790 960/960/791
f 961/961/792 962/962/793 963/963/794
f 964/964/795 965/965/796 966/966/797
f 967/967/798 968/968/799 969/969/800
f 970/970/801 971/971/802 972/972/803
f 973/973/804 974/974/805 975/975/806
f 976/976/807 977/977/808 978/978/809
f 979/979/810 980/980/811 981/981/812
f 982/982/813 983/983/814 984/984/815
f 985/985/816 986/986/817 987/987/818
f 988/988/819 989/989/820 990/990/821
f 991/991/822 992/992/823 993/993/824
f 994/994/825 995/995/826 996/996/827
f 997/997/828 998/998/829 999/999/830
f 1000/1000/831 1001/1001/832 1002/1002/833
f 1003/1003/834 1004/1004/835 1005/1005/836
f 1006/1006/837 1007/1007/838 1008/1008/839
f 1009/1009/840 1010/1010/841 1011/1011/842
f 1012/1012/843 1013/1013/844 1014/1014/845
f 1015/1015/846 1016/1016/847 1017/1017/848
f 1018/1018/849 1019/1019/850 1020/1020/851
f 1021/1021/852 1022/1022/853 1023/1023/854
f 1024/1024/855 1025/1025/856 1026/1026/857
f 1027/1027/858 1028/1028/859 1029/1029/860
f 1030/1030/861 1031/1031/862 1032/1032/863
f 1033/1033/864 1034/1034/865 1035/1035/866
f 1036/1036/867 1037/1037/868 1038/1038/869
f 1039/1039/870 1040/1040/871 1041/1041/872
f 1042/1042/873 1043/1043/874 1044/1044/875
f 1045/1045/876 1046/1046/877 1047/1047/878
f 1048/1048/879 1049/1049/880 1050/1050/881
f 1051/1051/882 1052/1052/883 1053/1053/884
f 1054/1054/885 1055/1055/886 1056/1056/887
f 1057/1057/888 1058/1058/889 1059/1059/890
f 1060/1060/891 1061/1061/892 1062/1062/893
f 1063/1063/894 1064/1064/895 1065/1065/896
f 1066/1066/897 1067/1067/898 1068/1068/899
f 1069/1069/900 1070/1070/901 1071/1071/902
f 1072/1072/903 1073/1073/904 1074/1074/905
f 1075/1075/906 1076/1076/907 1077/1077/908
f 1078/1078/909 1079/1079/910 1080/1080/911
f 1081/1081/912 1082/1082/913 1083/1083/914
f 1084/1084/915 1085/1085/916 1086/1086/917
f 1087/1087/918 1088/1088/919 1089/1089/920
f 1090/1090/921 1091/1091/922 1092/1092/923
f 1093/1093/924 1094/1094/925 1095/1095/926
f 1096/1096/927 1097/1097/928 1098/1098/929
f 1099/1099/930 1100/1100/931 1101/1101/932
f 1102/1102/933 1103/1103/934 1104/1104/935
f 1105/1105/936 1106/1106/937 1107/1107/938
f 1108/1108/939 1109/1109/940 1110/1110/941
f 1111/1111/942 1112/1112/943 1113/1113/944
f 1114/1114/945 1115/1115/946 1116/1116/947
f 1117/1117/948 1118/1118/949 1119/1119/950
f 1120/1120/951 1121/1121/952 1122/1122/953
f 1123/1123/954 1124/1124/955 1125/1125/956
f 1126/1126/957 1127/1127/958 1128/1128/959
f 1129/1129/960 1130/1130/961 1131/1131/962
f 1132/1132/963 1133/1133/964 1134/1134/965
s 9
f 75/73/966 78/74/967 76/75/968
f 76/75/968 78/74/967 77/76/969
s 1
f 74/77/970 79/78/971 75/73/972
f 75/73/972 79/78/971 78/74/973
f 73/79/974 80/80/975 74/77/976
f 74/77/976 80/80/975 79/78/971
s off
f 1135/1135/977 1136/1136/978 1137/1137/979
f 1138/1138/980 1139/1139/981 1140/1140/982
f 1141/1141/983 1142/1142/984 1143/1143/985
s 1
f 81/81/986 60/60/987 77/76/988
s off
f 1144/1144/989 1145/1145/990 1146/1146/991
f 1147/1147/992 1148/1148/993 1149/1149/994
f 1150/1150/995 1151/1151/996 1152/1152/997
f 1153/1153/998 1154/1154/999 1155/1155/1000
f 1156/1156/1001 1157/1157/1002 1158/1158/1003
s 1
f 93/84/1004 61/61/1005 89/83/1006
s off
f 1159/1159/1007 1160/1160/1008 1161/1161/1009
f 1162/1162/1010 1163/1163/1011 1164/1164/1012
f 1165/1165/1013 1166/1166/1014 1167/1167/1015
f 1168/1168/1016 1169/1169/1017 1170/1170/1018
f 1171/1171/1019 1172/1172/1020 1173/1173/1021
s 14
f 105/87/1022 62/62/1023 101/86/1024
s off
f 1174/1174/1025 1175/1175/1026 1176/1176/1027
f 1177/1177/1028 1178/1178/1029 1179/1179/1030
f 1180/1180/1031 1181/1181/1032 1182/1182/1033
f 1183/1183/1034 1184/1184/1035 1185/1185/1036
f 1186/1186/1037 1187/1187/1038 1188/1188/1039
s 15
f 117/90/1040 63/63/1041 113/89/1042
s off
f 1189/1189/1043 1190/1190/1044 1191/1191/1045
f 1192/1192/1046 1193/1193/1047 1194/1194/1048
f 1195/1195/1049 1196/1196/1050 1197/1197/1051
s 1
f 125/92/1052 64/64/1053 121/91/1054
s off
f 1198/1198/1055 1199/1199/1056 1200/1200/1057
f 1201/1201/1058 1202/1202/1059 1203/1203/1060
f 1204/1204/1061 1205/1205/1062 1206/1206/1063
f 1207/1207/1064 1208/1208/1065 1209/1209/1066
f 1210/1210/1067 1211/1211/1068 1212/1212/1069
f 1213/1213/1070 1214/1214/1071 1215/1215/1072
f 1216/1216/1073 1217/1217/1074 1218/1218/1075
f 1219/1219/1076 1220/1220/1077 1221/1221/1078
s 17
f 145/97/1079 65/65/1080 141/95/1081
s off
f 1222/1222/1082 1223/1223/1083 1224/1224/1084
f 1225/1225/1085 1226/1226/1086 1227/1227/1087
f 1228/1228/1088 1229/1229/1089 1230/1230/1090
f 1231/1231/1091 1232/1232/1092 1233/1233/1093
f 1234/1234/1094 1235/1235/1095 1236/1236/1096
s 18
f 157/100/1097 66/66/1098 153/99/1099
s off
f 1237/1237/1100 1238/1238/1101 1239/1239/1102
f 1240/1240/1103 1241/1241/1104 1242/1242/1105
f 1243/1243/1106 1244/1244/1107 1245/1245/1108
f 1246/1246/1109 1247/1247/1110 1248/1248/1111
f 1249/1249/1112 1250/1250/1113 1251/1251/1114
s 1
f 169/103/1115 67/67/1116 165/102/1117
s off
f 1252/1252/1118 1253/1253/1119 1254/1254/1120
f 1255/1255/1121 1256/1256/1122 1257/1257/1123
f 1258/1258/1124 1259/1259/1125 1260/1260/1126
f 1261/1261/1127 1262/1262/1128 1263/1263/1129
f 1264/1264/1130 1265/1265/1131 1266/1266/1132
s 1
f 181/106/1133 68/68/1134 177/105/1135
s off
f 1267/1267/1136 1268/1268/1137 1269/1269/1138
f 1270/1270/1139 1271/1271/1140 1272/1272/1141
f 1273/1273/1142 1274/1274/1143 1275/1275/1144
f 1276/1276/1145 1277/1277/1146 1278/1278/1147
f 1279/1279/1148 1280/1280/1149 1281/1281/1150
f 1282/1282/1151 1283/1283/1152 1284/1284/1153
f 1285/1285/1154 1286/1286/1155 1287/1287/1156
s 1
f 197/110/1157 69/69/1158 193/109/1159
s off
f 1288/1288/1160 1289/1289/1161 1290/1290/1162
f 1291/1291/1163 1292/1292/1164 1293/1293/1165
f 1294/1294/1166 1295/1295/1167 1296/1296/1168
s 1
f 205/112/1169 70/70/1170 201/111/1171
s off
f 1297/1297/1172 1298/1298/1173 1299/1299/1174
f 1300/1300/1175 1301/1301/1176 1302/1302/1177
f 1303/1303/1178 1304/1304/1179 1305/1305/1180
f 1306/1306/1181 1307/1307/1182 1308/1308/1183
f 1309/1309/1184 1310/1310/1185 1311/1311/1186
s 1
f 217/115/1187 71/71/1188 213/114/1189
s off
f 1312/1312/1190 1313/1313/1191 1314/1314/1192
f 1315/1315/1193 1316/1316/1194 1317/1317/1195
f 1318/1318/1196 1319/1319/1197 1320/1320/1198
f 1321/1321/1199 1322/1322/1200 1323/1323/1201
f 1324/1324/1202 1325/1325/1203 1326/1326/1204
s 24
f 76/75/1205 72/72/1206 225/117/1207
s 1
f 8/31/709 7/32/710 73/79/974
f 73/79/974 7/32/710 80/80/975
f 9/34/712 84/118/1208 7/32/710
f 7/32/710 84/118/1208 80/80/975
f 9/34/712 10/33/711 84/118/1208
f 84/118/1208 10/33/711 88/119/1209
f 10/33/711 11/27/705 88/119/1209
f 88/119/1209 11/27/705 92/120/1210
f 12/28/706 96/121/1211 11/27/705
f 11/27/705 96/121/1211 92/120/1210
f 13/12/690 100/122/1212 12/28/706
f 12/28/706 100/122/1212 96/121/1211
f 13/12/690 14/14/692 100/122/1212
f 100/122/1212 14/14/692 104/123/1213
f 15/15/693 108/124/1214 14/14/692
f 14/14/692 108/124/1214 104/123/1213
f 15/15/693 16/9/687 108/124/1214
f 108/124/1214 16/9/687 112/125/1215
f 16/9/687 17/10/688 112/125/1215
f 112/125/1215 17/10/688 116/126/1216
f 18/11/689 120/127/1217 17/10/688
f 17/10/688 120/127/1217 116/126/1216
f 18/11/689 19/18/696 120/127/1217
f 120/127/1217 19/18/696 124/128/1218
f 20/54/732 128/129/1219 19/18/696
f 19/18/696 128/129/1219 124/128/1218
f 20/54/732 21/52/730 128/129/1219
f 128/129/1219 21/52/730 132/130/1220
f 22/53/731 136/131/1221 21/52/730
f 21/52/730 136/131/1221 132/130/1220
f 22/53/731 59/57/735 136/131/1221
f 136/131/1221 59/57/735 140/132/1222
f 59/57/735 23/59/737 140/132/1222
f 140/132/1222 23/59/737 144/133/1223
f 24/58/736 148/134/1224 23/59/737
f 23/59/737 148/134/1224 144/133/1223
f 24/58/736 25/56/734 148/134/1224
f 148/134/1224 25/56/734 152/135/1225
f 25/56/734 26/55/733 152/135/1225
f 152/135/1225 26/55/733 156/136/1226
f 27/50/728 160/137/1227 26/55/733
f 26/55/733 160/137/1227 156/136/1226
f 27/50/728 28/49/727 160/137/1227
f 160/137/1227 28/49/727 164/138/1228
f 28/49/727 29/48/726 164/138/1228
f 164/138/1228 29/48/726 168/139/1229
f 30/46/724 172/140/1230 29/48/726
f 29/48/726 172/140/1230 168/139/1229
f 30/46/724 31/20/698 172/140/1230
f 172/140/1230 31/20/698 176/141/1231
f 31/20/698 32/21/699 176/141/1231
f 176/141/1231 32/21/699 180/142/1232
f 33/24/702 184/143/1233 32/21/699
f 32/21/699 184/143/1233 180/142/1232
f 33/24/702 34/22/700 184/143/1233
f 184/143/1233 34/22/700 188/144/1234
f 34/22/700 35/23/701 188/144/1234
f 188/144/1234 35/23/701 192/145/1235
f 35/23/701 36/44/722 192/145/1235
f 192/145/1235 36/44/722 196/146/1236
f 37/43/721 200/147/1237 36/44/722
f 36/44/722 200/147/1237 196/146/1236
f 37/43/721 38/42/720 200/147/1237
f 200/147/1237 38/42/720 204/148/1238
f 39/41/719 208/149/1239 38/42/720
f 38/42/720 208/149/1239 204/148/1238
f 40/40/718 212/150/1240 39/41/719
f 39/41/719 212/150/1240 208/149/1239
f 40/40/718 41/39/717 212/150/1240
f 212/150/1240 41/39/717 216/151/1241
f 42/38/716 220/152/1242 41/39/717
f 41/39/717 220/152/1242 216/151/1241
f 43/37/715 224/153/1243 42/38/716
f 42/38/716 224/153/1243 220/152/1242
f 43/37/715 44/36/714 224/153/1243
f 224/153/1243 44/36/714 228/154/1244
f 8/31/709 73/79/974 44/36/714
f 44/36/714 73/79/974 228/154/1244
f 79/78/971 80/80/975 83/155/1245
f 83/155/1245 80/80/975 84/118/1208
f 77/76/988 78/74/1246 81/81/986
f 81/81/986 78/74/1246 82/156/1247
f 78/74/973 79/78/971 82/156/1247
f 82/156/1247 79/78/971 83/155/1245
f 84/118/1208 88/119/1209 83/155/1245
f 83/155/1245 88/119/1209 87/157/1248
f 82/156/1247 86/158/1249 81/81/986
f 81/81/986 86/158/1249 85/82/1250
f 83/155/1245 87/157/1248 82/156/1247
f 82/156/1247 87/157/1248 86/158/1249
f 88/119/1209 92/120/1210 87/157/1248
f 87/157/1248 92/120/1210 91/159/1251
f 86/158/1249 90/160/1252 85/82/1250
f 85/82/1250 90/160/1252 89/83/1253
f 87/157/1248 91/159/1251 86/158/1249
f 86/158/1249 91/159/1251 90/160/1252
f 91/159/1251 92/120/1210 95/161/1254
f 95/161/1254 92/120/1210 96/121/1211
f 89/83/1006 90/160/1252 93/84/1004
f 93/84/1004 90/160/1252 94/162/1255
f 90/160/1252 91/159/1251 94/162/1255
f 94/162/1255 91/159/1251 95/161/1254
f 95/161/1254 96/121/1211 99/163/1256
f 99/163/1256 96/121/1211 100/122/1212
f 93/84/1004 94/162/1255 97/85/1257
f 97/85/1257 94/162/1255 98/164/1258
f 94/162/1255 95/161/1254 98/164/1258
f 98/164/1258 95/161/1254 99/163/1259
f 100/122/1212 104/123/1213 99/163/1256
f 99/163/1256 104/123/1213 103/165/1260
f 98/164/1258 102/166/1261 97/85/1257
f 97/85/1257 102/166/1261 101/86/1262
f 99/163/1259 103/165/1263 98/164/1258
f 98/164/1258 103/165/1263 102/166/1261
f 103/165/1260 104/123/1213 107/167/1264
f 107/167/1264 104/123/1213 108/124/1214
s 14
f 101/86/1024 102/166/1265 105/87/1022
f 105/87/1022 102/166/1265 106/168/1266
s 25
f 102/166/1267 103/165/1268 106/168/1269
f 106/168/1269 103/165/1268 107/167/1270
s 1
f 108/124/1214 112/125/1215 107/167/1264
f 107/167/1264 112/125/1215 111/169/1271
s 26
f 106/168/1272 110/170/1273 105/87/1274
f 105/87/1274 110/170/1273 109/88/1275
s 1
f 107/167/1264 111/169/1271 106/168/1276
f 106/168/1276 111/169/1271 110/170/1277
f 112/125/1215 116/126/1216 111/169/1271
f 111/169/1271 116/126/1216 115/171/1278
s 15
f 110/170/1279 114/172/1280 109/88/1281
f 109/88/1281 114/172/1280 113/89/1042
f 111/169/1282 115/171/1283 110/170/1279
f 110/170/1279 115/171/1283 114/172/1280
s 1
f 115/171/1278 116/126/1216 119/173/1284
f 119/173/1284 116/126/1216 120/127/1217
s 15
f 113/89/1042 114/172/1280 117/90/1040
f 117/90/1040 114/172/1280 118/174/1285
f 114/172/1280 115/171/1283 118/174/1286
f 118/174/1286 115/171/1283 119/173/1287
s 1
f 120/127/1217 124/128/1218 119/173/1284
f 119/173/1284 124/128/1218 123/175/1288
s 28
f 118/174/1289 122/176/1290 117/90/1291
f 117/90/1291 122/176/1290 121/91/1292
s 1
f 119/173/1293 123/175/1294 118/174/1295
f 118/174/1295 123/175/1294 122/176/1296
f 123/175/1288 124/128/1218 127/177/1297
f 127/177/1297 124/128/1218 128/129/1219
f 121/91/1054 122/176/1296 125/92/1052
f 125/92/1052 122/176/1296 126/178/1298
f 122/176/1296 123/175/1294 126/178/1298
f 126/178/1298 123/175/1294 127/177/1299
f 128/129/1219 132/130/1220 127/177/1297
f 127/177/1297 132/130/1220 131/179/1300
f 126/178/1298 130/180/1301 125/92/1052
f 125/92/1052 130/180/1301 129/93/1302
f 127/177/1299 131/179/1300 126/178/1298
f 126/178/1298 131/179/1300 130/180/1301
f 131/179/1300 132/130/1220 135/181/1303
f 135/181/1303 132/130/1220 136/131/1221
f 129/93/1302 130/180/1301 133/94/1304
f 133/94/1304 130/180/1301 134/182/1305
f 130/180/1301 131/179/1300 134/182/1305
f 134/182/1305 131/179/1300 135/181/1303
f 136/131/1221 140/132/1222 135/181/1303
f 135/181/1303 140/132/1222 139/183/1306
f 134/182/1305 138/184/1307 133/94/1304
f 133/94/1304 138/184/1307 137/96/1308
f 135/181/1303 139/183/1309 134/182/1305
f 134/182/1305 139/183/1309 138/184/1310
f 140/132/1222 144/133/1223 139/183/1306
f 139/183/1306 144/133/1223 143/185/1311
f 138/184/1307 142/186/1312 137/96/1308
f 137/96/1308 142/186/1312 141/95/1313
f 139/183/1309 143/185/1314 138/184/1310
f 138/184/1310 143/185/1314 142/186/1315
f 143/185/1311 144/133/1223 147/187/1316
f 147/187/1316 144/133/1223 148/134/1224
s 17
f 141/95/1081 142/186/1317 145/97/1079
f 145/97/1079 142/186/1317 146/188/1318
f 142/186/1319 143/185/1320 146/188/1318
f 146/188/1318 143/185/1320 147/187/1321
s 1
f 147/187/1316 148/134/1224 151/189/1322
f 151/189/1322 148/134/1224 152/135/1225
s 17
f 145/97/1079 146/188/1318 149/98/1323
f 149/98/1323 146/188/1318 150/190/1324
f 146/188/1318 147/187/1321 150/190/1324
f 150/190/1324 147/187/1321 151/189/1325
s 1
f 152/135/1225 156/136/1226 151/189/1322
f 151/189/1322 156/136/1226 155/191/1326
s 17
f 150/190/1324 154/192/1327 149/98/1323
f 149/98/1323 154/192/1327 153/99/1328
f 151/189/1325 155/191/1329 150/190/1324
f 150/190/1324 155/191/1329 154/192/1327
s 1
f 155/191/1326 156/136/1226 159/193/1330
f 159/193/1330 156/136/1226 160/137/1227
s 18
f 153/99/1099 154/192/1331 157/100/1097
f 157/100/1097 154/192/1331 158/194/1332
s 1
f 154/192/1333 155/191/1326 158/194/1334
f 158/194/1334 155/191/1326 159/193/1330
f 160/137/1227 164/138/1228 159/193/1330
f 159/193/1330 164/138/1228 163/195/1335
s 18
f 158/194/1332 162/196/1336 157/100/1097
f 157/100/1097 162/196/1336 161/101/1337
s 1
f 159/193/1330 163/195/1335 158/194/1334
f 158/194/1334 163/195/1335 162/196/1338
f 164/138/1228 168/139/1229 163/195/1335
f 163/195/1335 168/139/1229 167/197/1339
s 18
f 162/196/1336 166/198/1340 161/101/1337
f 161/101/1337 166/198/1340 165/102/1341
s 1
f 163/195/1335 167/197/1339 162/196/1338
f 162/196/1338 167/197/1339 166/198/1342
f 167/197/1339 168/139/1229 171/199/1343
f 171/199/1343 168/139/1229 172/140/1230
f 165/102/1117 166/198/1344 169/103/1115
f 169/103/1115 166/198/1344 170/200/1345
f 166/198/1344 167/197/1346 170/200/1345
f 170/200/1345 167/197/1346 171/199/1347
f 172/140/1230 176/141/1231 171/199/1343
f 171/199/1343 176/141/1231 175/201/1348
f 170/200/1345 174/202/1349 169/103/1115
f 169/103/1115 174/202/1349 173/104/1350
f 171/199/1347 175/201/1351 170/200/1345
f 170/200/1345 175/201/1351 174/202/1349
f 176/141/1231 180/142/1232 175/201/1348
f 175/201/1348 180/142/1232 179/203/1352
f 174/202/1349 178/204/1353 173/104/1350
f 173/104/1350 178/204/1353 177/105/1135
f 175/201/1351 179/203/1354 174/202/1349
f 174/202/1349 179/203/1354 178/204/1353
f 179/203/1352 180/142/1232 183/205/1355
f 183/205/1355 180/142/1232 184/143/1233
f 177/105/1135 178/204/1353 181/106/1133
f 181/106/1133 178/204/1353 182/206/1356
f 178/204/1353 179/203/1354 182/206/1356
f 182/206/1356 179/203/1354 183/205/1355
f 183/205/1355 184/143/1233 187/207/1357
f 187/207/1357 184/143/1233 188/144/1234
f 181/106/1133 182/206/1356 185/107/1358
f 185/107/1358 182/206/1356 186/208/1359
f 182/206/1356 183/205/1355 186/208/1360
f 186/208/1360 183/205/1355 187/207/1357
f 187/207/1357 188/144/1234 191/209/1361
f 191/209/1361 188/144/1234 192/145/1235
f 185/107/1358 186/208/1359 189/108/1362
f 189/108/1362 186/208/1359 190/210/1363
f 186/208/1360 187/207/1357 190/210/1363
f 190/210/1363 187/207/1357 191/209/1361
f 192/145/1235 196/146/1236 191/209/1361
f 191/209/1361 196/146/1236 195/211/1364
f 190/210/1363 194/212/1365 189/108/1362
f 189/108/1362 194/212/1365 193/109/1159
f 191/209/1361 195/211/1366 190/210/1363
f 190/210/1363 195/211/1366 194/212/1365
f 195/211/1364 196/146/1236 199/213/1367
f 199/213/1367 196/146/1236 200/147/1237
f 193/109/1159 194/212/1365 197/110/1157
f 197/110/1157 194/212/1365 198/214/1368
f 194/212/1365 195/211/1366 198/214/1369
f 198/214/1369 195/211/1366 199/213/1370
f 200/147/1237 204/148/1238 199/213/1367
f 199/213/1367 204/148/1238 203/215/1371
f 198/214/1368 202/216/1372 197/110/1157
f 197/110/1157 202/216/1372 201/111/1171
f 199/213/1370 203/215/1371 198/214/1369
f 198/214/1369 203/215/1371 202/216/1373
f 203/215/1371 204/148/1238 207/217/1374
f 207/217/1374 204/148/1238 208/149/1239
f 201/111/1171 202/216/1372 205/112/1169
f 205/112/1169 202/216/1372 206/218/1375
f 202/216/1373 203/215/1371 206/218/1375
f 206/218/1375 203/215/1371 207/217/1374
f 207/217/1374 208/149/1239 211/219/1376
f 211/219/1376 208/149/1239 212/150/1240
f 205/112/1169 206/218/1375 209/113/1377
f 209/113/1377 206/218/1375 210/220/1378
f 206/218/1375 207/217/1374 210/220/1378
f 210/220/1378 207/217/1374 211/219/1379
f 212/150/1240 216/151/1241 211/219/1376
f 211/219/1376 216/151/1241 215/221/1380
f 210/220/1378 214/222/1381 209/113/1377
f 209/113/1377 214/222/1381 213/114/1382
f 211/219/1379 215/221/1383 210/220/1378
f 210/220/1378 215/221/1383 214/222/1381
f 215/221/1380 216/151/1241 219/223/1384
f 219/223/1384 216/151/1241 220/152/1242
f 213/114/1189 214/222/1381 217/115/1187
f 217/115/1187 214/222/1381 218/224/1385
f 214/222/1381 215/221/1383 218/224/1385
f 218/224/1385 215/221/1383 219/223/1386
f 220/152/1242 224/153/1243 219/223/1384
f 219/223/1384 224/153/1243 223/225/1387
f 218/224/1385 222/226/1388 217/115/1187
f 217/115/1187 222/226/1388 221/116/1389
f 219/223/1386 223/225/1390 218/224/1385
f 218/224/1385 223/225/1390 222/226/1388
f 224/153/1243 228/154/1244 223/225/1387
f 223/225/1387 228/154/1244 227/227/1391
f 222/226/1388 226/228/1392 221/116/1389
f 221/116/1389 226/228/1392 225/117/1393
f 223/225/1390 227/227/1394 222/226/1388
f 222/226/1388 227/227/1394 226/228/1392
f 73/79/974 74/77/976 228/154/1244
f 228/154/1244 74/77/976 227/227/1391
f 74/77/976 75/73/1395 227/227/1391
f 227/227/1391 75/73/1395 226/228/1396
s 24
f 75/73/1397 76/75/1205 226/228/1398
f 226/228/1398 76/75/1205 225/117/1207
