# This file uses centimeters as units for non-parametric coordinates.

g default
v 1.976060 -7.567840 134.604854
v -4.986752 -7.567840 128.498012
v 8.500015 -7.567840 98.599953
v -1.499999 -7.567840 98.599935
v -11.499954 -7.567840 118.599957
v -11.499954 -7.567840 98.599947
v 8.500003 -7.567840 138.599926
v 18.499970 -7.567840 138.599926
v 18.499970 -7.567840 118.599957
v 28.499889 -7.567840 138.599926
v 28.499889 -7.567840 118.599957
v 28.499972 -7.567840 98.599947
v 18.499970 -7.567840 98.599947
v 18.499970 -7.567840 78.599966
v 8.500003 -7.567840 78.599966
v 28.499889 -7.567840 78.599966
v 28.499889 -7.567850 58.599997
v 18.499970 -7.567840 58.599985
v 8.500003 -7.567840 58.599991
v -1.499999 -7.567840 78.599966
v -11.499954 -7.567840 78.599966
v -1.499999 -7.567840 58.599991
v -11.499954 -7.567840 58.599997
v 38.499903 -7.567840 138.599926
v 43.892931 -7.567840 130.422145
v 48.499941 -7.567840 118.599957
v 48.499941 -7.567840 98.599953
v 39.600825 -7.567840 86.069405
v 39.600825 -7.567840 78.599966
v 39.600825 -7.567840 71.130514
v -10.833264 -7.567840 42.599994
v -23.158062 -7.567670 42.599994
v -5.257703 -7.567840 32.437986
v -34.078670 -7.567670 42.600000
v -40.954269 -7.567670 33.895844
v -45.204926 -7.567670 27.229232
v -56.381167 -7.567670 27.229232
v -56.166638 -7.567670 0.822276
v -56.166638 -7.567670 -20.066625
v -1.499999 -7.567840 38.599998
v 8.500003 -7.567840 38.599998
v 8.500015 -7.567840 18.600029
v 0.499999 -7.567840 21.711165
v 18.499970 -7.567840 38.599992
v 28.499889 -7.567840 38.599998
v 28.499972 -7.567840 18.600029
v 18.499970 -7.567840 18.600029
v 18.499970 -7.567840 -1.399952
v 11.833297 -7.567840 0.822276
v 28.499889 -7.567840 -1.399952
v 28.499889 -7.567840 -21.399969
v 23.166644 -7.567840 -20.066625
v 17.408859 -7.567840 -9.339815
v 6.075560 -7.567840 11.549086
v 38.499903 -7.567840 38.599998
v 48.499941 -7.567840 58.599991
v 48.499941 -7.567850 38.599998
v 48.499941 -7.567840 18.600029
v 38.499903 -7.567840 18.600029
v 48.373782 -7.567840 -5.376941
v 48.499941 -7.567840 -1.399952
v 38.499903 -7.567840 -21.399933
v -56.166638 -7.567670 -40.955525
v -56.166638 -7.567670 -61.844450
v -56.166638 -7.567670 -82.733399
v -50.800026 -7.567670 -113.158184
v -56.166638 -7.567670 -103.622299
v 11.661255 -7.567670 -76.862770
v 22.697436 -7.567670 -41.651279
v 22.697925 -7.567670 -62.333351
v 11.661207 -7.567670 -82.181316
v 11.661207 -7.567670 -87.499910
v -39.912737 -7.567670 -134.067875
v -44.833291 -7.567670 -124.377781
v -11.676145 -7.567670 -145.059258
v -22.852386 -7.567670 -145.059258
v -34.028686 -7.567670 -145.059258
v 19.567799 -7.493608 -132.139498
v 11.055683 -7.374926 -144.841915
v -0.499953 -7.567670 -145.059258
v 22.215640 -7.567670 -102.351481
v 19.567811 -7.567670 -122.815615
v -12.033141 37.236135 35.406226
v -21.069122 37.236135 35.406226
v -7.587815 37.236135 25.984925
v -21.069086 37.236135 16.040129
v -30.105103 37.236135 35.406250
v -35.663987 37.236135 27.336496
v -21.069122 37.236135 -3.325993
v -30.105103 37.236135 -3.325993
v -12.033141 37.236135 -3.325993
v -12.033141 37.236135 -22.692138
v -21.069122 37.236135 -22.692126
v -30.105103 37.236135 -22.692138
v -39.141048 37.236135 21.155936
v -48.177028 37.236135 21.155936
v -39.141048 37.236135 -3.325993
v -48.177028 37.236135 -3.325993
v -39.141036 37.236135 -22.692126
v -48.177028 37.236135 -22.692126
v -2.997208 37.236135 16.040129
v 1.448106 37.236135 6.618816
v 6.038713 37.236135 -3.325993
v 10.484039 37.236135 -12.747317
v -2.997208 37.236135 -22.692126
v -39.141048 37.236135 -42.058307
v -48.177028 37.236135 -42.058307
v -30.105103 37.236135 -42.058307
v -30.105103 37.236135 -61.424500
v -39.141048 37.236135 -61.424452
v -48.177028 37.236135 -61.424452
v -21.069122 37.236135 -42.058307
v -12.033141 37.236135 -42.058307
v -12.033141 37.236135 -61.424500
v -21.069086 37.236135 -61.424452
v -21.069122 37.236135 -80.790645
v -30.105103 37.236135 -80.790621
v -12.033141 37.236135 -80.790621
v -12.033141 37.236135 -100.156790
v -21.069122 37.236135 -100.156790
v -30.105103 37.236135 -100.156790
v -39.141048 37.236135 -80.790621
v -48.177028 37.236135 -80.790621
v -43.898285 37.236135 -109.016806
v -48.177028 37.236135 -100.156790
v -2.997208 37.236135 -42.058307
v 6.038713 37.236135 -42.058307
v 4.734086 37.236135 -75.810295
v -2.997208 37.236135 -61.424500
v 15.074646 37.236135 -22.692126
v 15.074646 37.236135 -42.058307
v 15.074646 37.236135 -60.344165
v -2.997208 37.236135 -80.790621
v 4.734039 37.236135 -80.790621
v 4.734039 37.236135 -85.770899
v -2.997208 37.236135 -100.156790
v -34.862352 37.236135 -128.382927
v -39.141048 37.236135 -119.522840
v -21.069122 37.236135 -119.522840
v -12.033141 37.236135 -119.522816
v -12.033141 37.236135 -138.888889
v -21.069086 37.236135 -138.888937
v -30.105103 37.236135 -138.888889
v -2.997208 37.236135 -119.522863
v 11.485337 37.236135 -126.994401
v 6.038760 37.236135 -138.888937
v -2.997208 37.236135 -138.888937
v 15.074646 37.236135 -101.237064
v 15.074646 37.236135 -119.522840
v -10.833252 -1.242152 42.599994
v -23.158062 -1.242152 42.599994
v -34.078658 -1.242152 42.600000
v -40.954269 -1.242152 33.895844
v -45.204926 -1.242152 27.229232
v -56.381167 -1.242152 27.229232
v -56.166638 -1.242152 0.822276
v -56.166638 -1.242152 -20.066625
v -56.166638 -1.242152 -40.955525
v -56.166638 -1.242152 -61.844426
v -56.166638 -1.242152 -82.733399
v -56.166638 -1.242152 -103.622299
v -50.800026 -1.242152 -113.158184
v -44.833291 -1.242152 -124.377781
v -39.912737 -1.242152 -134.067875
v -34.028686 -1.242152 -145.059258
v -22.852386 -1.242152 -145.059258
v -11.676145 -1.242152 -145.059258
v -0.499953 -1.242152 -145.059258
v 11.055683 -1.127762 -144.841915
v 19.567799 -1.242152 -132.139498
v 19.567811 -1.242152 -122.815615
v 22.215640 -1.242152 -102.351481
v 11.661207 -1.242152 -87.499910
v 11.661207 -1.242152 -82.181316
v 11.661255 -1.242152 -76.862770
v 22.697925 -1.242152 -62.333351
v 22.697436 -1.242152 -41.651279
v 23.166644 -1.242152 -20.066625
v 17.408859 -1.242152 -9.339815
v 11.833345 -1.242152 0.822276
v 6.075560 -1.242152 11.549109
v 0.500046 -1.242152 21.711165
v -5.257691 -1.242152 32.437986
v -0.583661 -74.212174 138.253826
v -8.256114 -74.212174 132.002193
v -15.053881 -74.212174 119.551081
v -15.053881 -74.212174 99.077028
v -15.053881 -74.212174 78.602964
v -15.053881 -74.212174 58.128923
v -15.103865 -74.212174 43.342096
v -23.158098 -74.212174 42.828852
v -34.078670 -74.212174 42.292601
v -40.954269 -74.212174 33.761221
v -45.204926 -74.212174 27.914733
v -56.381167 -74.212174 27.914733
v -56.595696 -74.212174 -1.399952
v -56.595696 -74.212174 -21.874028
v -56.595696 -74.212174 -42.348128
v -56.595696 -74.212174 -62.822252
v -56.595696 -74.212174 -83.296376
v -56.595696 -74.212174 -103.770453
v -51.377869 -74.212174 -113.158208
v -45.576537 -74.212174 -124.377781
v -39.912713 -74.212174 -133.611446
v -34.028698 -74.212174 -145.059210
v -22.852398 -74.212174 -145.059210
v -11.676193 -74.212174 -145.059210
v -0.500000 -74.212174 -145.059258
v 11.055648 -74.212169 -144.841915
v 19.567763 -74.212170 -132.139498
v 19.567811 -74.212172 -122.815567
v 22.215640 -74.212174 -102.351481
v 11.661207 -74.212174 -87.499863
v 11.661207 -74.212174 -82.181316
v 11.661255 -74.212174 -76.862746
v 22.697925 -74.212174 -62.333351
v 22.697436 -74.212174 -41.652363
v 22.229230 -74.212174 -25.337785
v 31.557345 -74.212174 -25.337797
v 42.576491 -74.212174 -25.337785
v 53.456610 -74.212174 -5.471212
v 53.595649 -74.212174 -1.399952
v 53.595649 -74.212174 19.074088
v 53.595649 -74.212174 39.548165
v 53.595649 -74.212174 60.022223
v 43.789577 -74.212174 72.849792
v 43.789553 -74.212174 80.496270
v 43.789565 -74.212174 88.142783
v 53.595649 -74.212174 100.970334
v 53.595649 -74.212174 121.444386
v 48.519134 -74.212174 133.546871
v 42.574190 -74.212161 143.300730
v 24.460208 -74.212161 143.300730
v 14.503371 -74.212161 143.300730
v 6.316649 -74.212161 143.300730
v -0.671221 -8.656519 138.367182
v -8.328260 -8.656519 132.071620
v -15.122987 -8.656519 119.566733
v -15.198076 -8.656519 99.077028
v -15.198076 -8.656519 78.602964
v -15.198076 -8.656519 58.129168
v -15.248073 -8.656519 43.342590
v -23.158098 -8.656519 42.828852
v -34.078670 -8.656519 42.292601
v -40.954269 -8.656519 33.761221
v -45.204926 -8.656519 27.914733
v -56.381167 -8.656519 27.914733
v -56.595696 -8.656519 -1.399952
v -56.595696 -8.656519 -21.874028
v -56.595696 -8.656519 -42.348116
v -56.595696 -8.656519 -62.822252
v -56.595696 -8.656519 -83.296376
v -56.595696 -8.656519 -103.770453
v -51.377869 -8.656519 -113.158208
v -45.576537 -8.656519 -124.377781
v -39.912713 -8.656519 -133.611446
v -34.028698 -8.656519 -145.059210
v -22.852398 -8.656519 -145.059210
v -11.676193 -8.656519 -145.059210
v -0.500000 -8.656519 -145.059258
v 11.055648 -8.380205 -144.841915
v 19.567763 -8.463784 -132.139498
v 19.567811 -8.656519 -122.815567
v 22.215640 -8.656519 -102.351481
v 11.661207 -8.656519 -87.499863
v 11.661207 -8.656519 -82.181316
v 11.661255 -8.656519 -76.862746
v 22.697925 -8.656519 -62.333351
v 22.697436 -8.656519 -41.652363
v 22.229230 -8.656519 -25.482029
v 31.527125 -8.656519 -25.482029
v 42.463886 -8.656519 -25.188464
v 53.541481 -8.656519 -5.464679
v 53.739487 -8.656519 -1.386386
v 53.739857 -8.656519 19.074088
v 53.739797 -8.656534 39.548165
v 53.614729 -8.656519 60.021091
v 43.789744 -8.656519 72.873449
v 43.932986 -8.656519 80.496270
v 43.789708 -8.656519 88.119102
v 53.612935 -8.656519 100.969094
v 53.689080 -8.656519 121.471042
v 48.651402 -8.656519 133.589047
v 42.506861 -9.182818 143.161053
v 24.442577 -9.183276 143.444926
v 14.518606 -9.183276 143.444926
v 6.309616 -9.183276 143.322140
v -10.833252 38.003814 42.599994
v -23.158062 38.003814 42.599994
v -34.078670 38.003814 42.600000
v -40.954269 38.003814 33.895844
v -45.204926 38.003814 27.229232
v -56.381167 38.003814 27.229232
v -56.166638 38.003814 0.822276
v -56.166638 38.003814 -20.066625
v -56.166638 38.003814 -40.955525
v -56.166638 38.003814 -61.844450
v -56.166638 38.003814 -82.733399
v -56.166638 38.003814 -103.622299
v -50.800026 38.003814 -113.158184
v -44.833291 38.003814 -124.377781
v -39.912737 38.003814 -134.067875
v -34.028686 38.003814 -145.059258
v -22.852386 38.003814 -145.059258
v -11.676145 38.003814 -145.059258
v -0.499953 38.003814 -145.059258
v 11.055683 38.003814 -144.841915
v 19.567799 38.003814 -132.139498
v 19.567811 38.003814 -122.815615
v 22.215640 38.003814 -102.351481
v 11.661207 38.003814 -87.499910
v 11.661207 38.003814 -82.181316
v 11.661255 38.003814 -76.862770
v 22.697925 38.003814 -62.333351
v 22.697436 38.003814 -41.651279
v 23.166644 38.003814 -20.066625
v 17.408859 38.003814 -9.339815
v 11.833297 38.003814 0.822276
v 6.075560 38.003814 11.549109
v 0.499999 38.003814 21.711165
v -5.257703 38.003814 32.437986
v -0.583661 -13.479413 138.253826
v -8.256114 -13.479403 132.002193
v -15.053881 -13.479403 119.551081
v -15.053881 -13.479403 99.077016
v -15.053881 -13.479403 78.602964
v -15.053881 -13.479403 58.128923
v -15.103865 -13.479403 43.342084
v -23.158098 -13.479403 42.828852
v -34.078670 -13.479403 42.292595
v -40.954269 -13.479403 33.761221
v -45.204926 -13.479403 27.914733
v -56.381167 -13.479403 27.914733
v -56.595696 -13.479403 -1.399952
v -56.595696 -13.479403 -21.874028
v -56.595696 -13.479403 -42.348128
v -56.595696 -13.479403 -62.822252
v -56.595696 -13.479403 -83.296376
v -56.595696 -13.479403 -103.770453
v -51.377869 -13.479403 -113.158208
v -45.576537 -13.479403 -124.377781
v -39.912713 -13.479403 -133.611446
v -34.028698 -13.479403 -145.059258
v -22.852398 -13.479403 -145.059258
v -11.676193 -13.479403 -145.059258
v -0.500000 -13.479403 -145.059258
v 11.055648 -13.178530 -144.841915
v 19.567763 -13.270602 -132.139498
v 19.567811 -13.464638 -122.815567
v 22.215640 -13.479403 -102.351481
v 11.661207 -13.479403 -87.499863
v 11.661207 -13.479403 -82.181316
v 11.661255 -13.479403 -76.862746
v 22.697925 -13.479403 -62.333351
v 22.697436 -13.479403 -41.652363
v 22.229230 -13.479403 -25.337797
v 31.557345 -13.479403 -25.337833
v 42.576491 -13.479403 -25.337797
v 53.456610 -13.479403 -5.471212
v 53.595649 -13.479403 -1.399952
v 53.595655 -13.479403 19.074088
v 53.595649 -13.479418 39.548165
v 53.595649 -13.479403 60.022223
v 43.789577 -13.479403 72.849786
v 43.789553 -13.479403 80.496270
v 43.789565 -13.479403 88.142783
v 53.595655 -13.479403 100.970334
v 53.595649 -13.479403 121.444386
v 48.519134 -13.479403 133.546871
v 42.574190 -13.868707 143.300730
v 24.460208 -13.868707 143.300730
v 14.503371 -13.868707 143.300730
v 6.316649 -13.868707 143.300730
v -2.126218 -13.479413 140.251261
v -10.161424 -13.479403 133.585674
v -17.424119 -13.479403 120.155972
v -17.578448 -13.479403 99.077016
v -17.578471 -13.479403 78.602964
v -17.578460 -13.479403 58.133179
v -17.274035 -10.775710 43.349427
v 22.229206 -10.775710 -27.508014
v 31.557345 -13.479403 -27.862412
v 43.683683 -13.479403 -27.206439
v 55.825298 -13.479403 -6.120640
v 56.119495 -13.479403 -1.443058
v 56.120246 -13.479403 19.074088
v 56.120240 -13.479418 39.548165
v 55.860775 -13.479403 60.788858
v 46.054720 -13.479403 73.616403
v 46.314143 -13.479403 80.496270
v 46.054720 -13.479403 87.376154
v 55.860793 -13.479403 100.203711
v 56.021976 -13.479403 121.932656
v 50.761037 -13.479403 134.692103
v 43.652033 -13.868707 145.219952
v 24.460208 -13.868707 145.825344
v 14.503371 -13.868707 145.825344
v 5.571424 -13.868707 145.581859
v -1.442505 -8.955972 139.365918
v -1.943041 -9.774080 140.014035
v -2.126218 -10.891668 140.251261
v -10.161424 -10.892706 133.585674
v -9.925473 -9.774615 133.392102
v -9.280909 -8.956111 132.863337
v -17.424119 -10.892706 120.155972
v -17.125107 -9.774615 120.079118
v -16.308106 -8.956111 119.869179
v -17.578448 -10.892691 99.077028
v -17.278851 -9.774610 99.077028
v -16.460372 -8.956111 99.077028
v -17.578471 -10.892706 78.602964
v -17.278887 -9.774615 78.602964
v -16.460384 -8.956111 78.602964
v -17.578460 -10.892706 58.133179
v -17.278887 -9.774615 58.132678
v -16.460372 -8.956111 58.131296
v 31.557345 -10.892706 -27.862412
v 31.549274 -9.774615 -27.562839
v 31.527149 -8.956111 -26.744324
v 43.683683 -10.892706 -27.206439
v 43.505167 -9.774615 -26.916081
v 43.017458 -8.956111 -26.122790
v 55.825298 -10.892706 -6.120640
v 55.530696 -9.774615 -6.031924
v 54.725831 -8.956111 -5.789417
v 56.119495 -10.892706 -1.443058
v 55.819904 -9.774615 -1.433629
v 55.001401 -8.956111 -1.407903
v 56.120246 -10.892706 19.074088
v 55.820655 -9.774615 19.074088
v 55.002152 -8.956111 19.074088
v 56.120240 -10.892783 39.548165
v 55.820631 -9.774656 39.548165
v 55.002087 -8.956121 39.548165
v 55.860775 -10.892706 60.788858
v 55.562424 -9.774615 60.685843
v 54.747295 -8.956111 60.404402
v 46.054720 -10.892706 73.616403
v 45.751285 -9.774615 73.520035
v 44.922315 -8.956111 73.256767
v 46.314143 -10.892706 80.496270
v 46.014392 -9.774615 80.496270
v 45.195269 -8.956111 80.496270
v 46.054720 -10.892706 87.376154
v 45.751261 -9.774615 87.472528
v 44.922292 -8.956111 87.735784
v 55.860793 -10.892706 100.203711
v 55.561947 -9.774615 100.306088
v 54.745495 -8.956111 100.585812
v 56.021976 -10.892706 121.932656
v 55.721944 -9.774615 121.874374
v 54.902237 -8.956111 121.715182
v 50.761037 -10.890840 134.692103
v 50.496125 -9.773679 134.549970
v 49.772357 -8.955859 134.161633
v 43.652033 -11.431529 145.219952
v 43.489634 -10.307212 144.925457
v 43.045842 -9.483999 144.120723
v 24.460208 -11.419463 145.825344
v 24.455463 -10.301367 145.525688
v 24.442577 -9.482863 144.707209
v 14.503371 -11.419463 145.825344
v 14.507448 -10.301367 145.525688
v 14.518606 -9.482863 144.707209
v 5.571424 -11.429853 145.581859
v 5.669402 -10.306559 145.281977
v 5.937027 -9.484256 144.462735
v -10.833252 32.929551 42.599994
v -23.158062 32.929551 42.599994
v -34.078670 32.929551 42.600000
v -40.954269 32.929551 33.895844
v -45.204926 32.929551 27.229232
v -56.381167 32.929551 27.229232
v -56.166638 32.929551 0.822276
v -56.166638 32.929551 -20.066625
v -56.166638 32.929551 -40.955525
v -56.166638 32.929551 -61.844450
v -56.166638 32.929551 -82.733399
v -56.166638 32.929551 -103.622299
v -50.800026 32.929551 -113.158184
v -44.833327 32.929551 -124.377781
v -39.912737 32.929551 -134.067875
v -34.028686 32.929551 -145.059258
v -22.852386 32.929551 -145.059258
v -11.676145 32.929551 -145.059258
v -0.499953 32.929551 -145.059258
v 11.055648 32.944337 -144.841915
v 19.567763 32.929551 -132.139498
v 19.567811 32.929551 -122.815615
v 22.215640 32.929551 -102.351504
v 11.661207 32.929551 -87.499910
v 11.661207 32.929551 -82.181316
v 11.661243 32.929551 -76.862770
v 22.697925 32.929551 -62.333351
v 22.697388 32.929551 -41.651279
v 23.166596 32.929551 -20.066625
v 17.408859 32.929551 -9.339815
v 11.833297 32.929551 0.822276
v 6.075560 32.929551 11.549109
v 0.499999 32.929551 21.711165
v -5.257703 32.929551 32.437986
v -8.922435 32.929551 45.827913
v -23.158062 32.929551 46.959049
v -35.789002 32.929551 46.130520
v -44.502319 32.929551 36.418563
v -47.042681 32.929551 30.580491
v -58.560646 32.929551 29.391045
v -60.525621 32.929551 0.804562
v -60.525692 32.929551 -20.066625
v -60.525692 32.929551 -40.955525
v -60.525692 32.929551 -61.844450
v -60.525692 32.929551 -82.733399
v -60.245550 32.929551 -104.691225
v -54.623760 32.929561 -115.250498
v -48.700989 32.929561 -126.387983
v -43.777574 32.929561 -136.083370
v -35.950197 32.929551 -148.267418
v -22.852386 32.929551 -149.418288
v -11.676145 32.929551 -149.418288
v -0.458968 32.929551 -149.417931
v 12.907230 32.944337 -148.234397
v 23.557889 32.929551 -133.352810
v 23.908841 32.929551 -123.095327
v 26.153743 32.929551 -101.368624
v 15.617310 32.929551 -86.237341
v 16.020250 32.929551 -82.181340
v 15.576338 32.929551 -78.181177
v 26.613032 32.929551 -63.651663
v 27.055942 32.929551 -41.698617
v 27.266001 32.929551 -19.083208
v 21.240031 32.929551 -7.260638
v 15.664458 32.929551 2.901441
v 9.906720 32.929551 13.628262
v 4.331159 32.929551 23.790306
v -1.426531 32.929551 34.517139
v -10.153795 38.003814 43.737918
v -9.538115 37.711614 44.782907
v -9.087420 36.913336 45.547909
v -8.922435 35.822858 45.827913
v -23.158062 35.822858 46.959049
v -23.160089 36.913336 46.666092
v -23.165620 37.711614 45.865721
v -23.173142 38.003814 44.772405
v -35.789002 35.822858 46.130520
v -35.651029 36.913336 45.846748
v -35.274125 37.711614 45.071465
v -34.759224 38.003814 44.012422
v -44.502319 35.822858 36.418563
v -44.253267 36.913336 36.258644
v -43.572796 37.711614 35.821670
v -42.643297 38.003814 35.224790
v -47.042681 35.822858 30.580491
v -46.842862 36.913336 30.307382
v -46.296967 37.711614 29.561228
v -45.551241 38.003814 28.541953
v -58.560646 35.822858 29.391045
v -58.286012 36.913336 29.125649
v -57.535685 37.711614 28.400594
v -56.510723 38.003814 27.410168
v -60.525621 35.822858 0.804562
v -60.233439 36.913336 0.794524
v -59.435142 37.711614 0.767118
v -58.344663 38.003814 0.729686
v -60.525692 35.822858 -20.066625
v -60.233486 36.913336 -20.066625
v -59.435213 37.711614 -20.066625
v -58.344734 38.003814 -20.066625
v -60.525692 35.822858 -40.955525
v -60.233486 36.913336 -40.955525
v -59.435213 37.711614 -40.955525
v -58.344734 38.003814 -40.955525
v -60.525692 35.822858 -61.844450
v -60.233486 36.913336 -61.844450
v -59.435213 37.711614 -61.844450
v -58.344734 38.003814 -61.844450
v -60.525692 35.822796 -82.733399
v -60.233486 36.913305 -82.733399
v -59.435166 37.711614 -82.733399
v -58.344615 38.003814 -82.733399
v -60.245550 35.822858 -104.691225
v -59.954298 36.913336 -104.616552
v -59.158552 37.711614 -104.412514
v -58.071531 38.003814 -104.133803
v -54.623760 35.822775 -115.250498
v -54.367436 36.913305 -115.110260
v -53.667105 37.711614 -114.727026
v -52.710427 38.003814 -114.203554
v -48.700977 35.822858 -126.387983
v -48.441697 36.913346 -126.253229
v -47.733320 37.711635 -125.885063
v -46.765686 38.003834 -125.382143
v -43.777574 35.822858 -136.083370
v -43.523741 36.913336 -135.937840
v -42.830277 37.711614 -135.540396
v -41.882969 38.003814 -134.997469
v -35.950197 35.822858 -148.267418
v -35.781849 36.913336 -147.988874
v -35.321868 37.711614 -147.227961
v -34.693528 38.003814 -146.188456
v -22.852386 35.822858 -149.418288
v -22.839571 36.913336 -149.126106
v -22.804583 37.711614 -148.327809
v -22.756756 38.003814 -147.237307
v -11.676145 35.822858 -149.418288
v -11.676145 36.913336 -149.126106
v -11.676145 37.711614 -148.327809
v -11.676145 38.003814 -147.237307
v -0.458968 35.822858 -149.417931
v -0.471891 36.913336 -149.125725
v -0.507189 37.711614 -148.327476
v -0.555373 38.003814 -147.236973
v 12.907230 35.822858 -148.234397
v 12.747740 36.913325 -147.955161
v 12.312030 37.711614 -147.192293
v 11.716830 38.003814 -146.150261
v 23.557889 35.822858 -133.352810
v 23.268878 36.913325 -133.254534
v 22.479319 37.711614 -132.986170
v 21.400737 38.003814 -132.619482
v 23.908841 35.822858 -123.095327
v 23.617160 36.913336 -123.075300
v 22.820269 37.711614 -123.020559
v 21.731698 38.003814 -122.945791
v 26.153743 35.822858 -101.368624
v 25.851928 36.913336 -101.446539
v 25.027394 37.711614 -101.659399
v 23.901057 38.003814 -101.950174
v 15.617310 35.822858 -86.237341
v 15.315902 36.913336 -86.315828
v 14.492380 37.711614 -86.530167
v 13.367450 38.003814 -86.822945
v 16.020250 35.822858 -82.181340
v 15.726434 36.913336 -82.183033
v 14.923763 37.711614 -82.187635
v 13.827299 38.003814 -82.193953
v 15.576338 35.822858 -78.181177
v 15.273070 36.913325 -78.097397
v 14.444470 37.711614 -77.868467
v 13.312589 38.003814 -77.555758
v 26.613032 35.822858 -63.651663
v 26.322817 36.913325 -63.550669
v 25.529932 37.711614 -63.274747
v 24.446820 38.003814 -62.897831
v 27.055942 35.822858 -41.698617
v 26.763784 36.913336 -41.695422
v 25.965535 37.711614 -41.686755
v 24.875104 38.003814 -41.674930
v 27.266001 35.822837 -19.083208
v 26.973163 36.913325 -19.152099
v 26.173090 37.711614 -19.340318
v 25.080179 38.003814 -19.597417
v 21.240031 35.822858 -7.260638
v 20.981716 36.913336 -7.397300
v 20.275997 37.711614 -7.770640
v 19.312000 38.003814 -8.280629
v 15.664458 35.822858 2.901441
v 15.407657 36.913336 2.762050
v 14.706027 37.711614 2.381283
v 13.747572 38.003814 1.861137
v 9.906720 35.822858 13.628262
v 9.649920 36.913336 13.488907
v 8.948290 37.711614 13.108117
v 7.989835 38.003814 12.587971
v 4.331159 35.822858 23.790306
v 4.074358 36.913336 23.650938
v 3.372728 37.711614 23.270172
v 2.414262 38.003814 22.750038
v -1.426531 35.822858 34.517139
v -1.677585 36.913336 34.367019
v -2.363444 37.711614 33.956880
v -3.300370 38.003814 33.396620
vt 0.576653 0.142357
vt 0.590024 0.146783
vt 0.853034 0.464881
vt 0.853199 0.443608
vt 0.557760 0.141389
vt 0.524066 0.158384
vt 0.601556 0.153175
vt 0.609815 0.167385
vt 0.895695 0.486120
vt 0.618005 0.182131
vt 0.895659 0.507206
vt 0.853182 0.507567
vt 0.853039 0.486213
vt 0.810471 0.486702
vt 0.810417 0.465317
vt 0.810820 0.508155
vt 0.768155 0.508352
vt 0.768010 0.487038
vt 0.767861 0.465698
vt 0.810463 0.443947
vt 0.489549 0.180127
vt 0.767868 0.444341
vt 0.454591 0.201844
vt 0.626346 0.197154
vt 0.625163 0.210077
vt 0.618954 0.226608
vt 0.597618 0.250343
vt 0.565942 0.257988
vt 0.556980 0.266586
vt 0.548012 0.275117
vt 0.848486 0.025682
vt 0.867718 0.026051
vt 0.876824 0.046275
vt 0.847716 0.066921
vt 0.829253 0.025316
vt 0.817082 0.042271
vt 0.846950 0.108166
vt 0.827704 0.107808
vt 0.866195 0.108523
vt 0.865428 0.149769
vt 0.846184 0.149412
vt 0.826940 0.149054
vt 0.790180 0.054970
vt 0.809427 0.055294
vt 0.808461 0.107450
vt 0.789218 0.107094
vt 0.807696 0.148695
vt 0.788452 0.148337
vt 0.725304 0.444593
vt 0.427146 0.220950
vt 0.725092 0.465887
vt 0.681863 0.465985
vt 0.259931 0.680615
vt 0.238677 0.715086
vt 0.725300 0.487108
vt 0.725554 0.508461
vt 0.683201 0.509159
vt 0.682735 0.487605
vt 0.640308 0.488706
vt 0.316722 0.627829
vt 0.640694 0.509925
vt 0.397309 0.391548
vt 0.386817 0.383813
vt 0.349491 0.609028
vt 0.886208 0.067633
vt 0.895302 0.087874
vt 0.285665 0.652426
vt 0.904684 0.109236
vt 0.913775 0.129478
vt 0.884671 0.150126
vt 0.726040 0.529823
vt 0.542937 0.306667
vt 0.515157 0.333419
vt 0.486625 0.360469
vt 0.683527 0.530605
vt 0.453476 0.390559
vt 0.458486 0.385561
vt 0.418289 0.400706
vt 0.806931 0.189939
vt 0.787687 0.189579
vt 0.826176 0.190299
vt 0.825410 0.231543
vt 0.806164 0.231180
vt 0.786918 0.230818
vt 0.845420 0.190659
vt 0.864663 0.191018
vt 0.863903 0.232268
vt 0.844657 0.231906
vt 0.843884 0.273151
vt 0.824636 0.272784
vt 0.863134 0.273518
vt 0.862334 0.314767
vt 0.843087 0.314394
vt 0.823841 0.314023
vt 0.805389 0.272418
vt 0.786142 0.272053
vt 0.794098 0.332325
vt 0.785353 0.313285
vt 0.883906 0.191374
vt 0.903147 0.191728
vt 0.899056 0.263583
vt 0.883150 0.232628
vt 0.923155 0.150839
vt 0.922394 0.192081
vt 0.921673 0.231020
vt 0.882386 0.273886
vt 0.898854 0.274200
vt 0.898655 0.284818
vt 0.881580 0.315143
vt 0.812531 0.373932
vt 0.803789 0.354891
vt 0.842276 0.355636
vt 0.861518 0.356014
vt 0.860698 0.397262
vt 0.841461 0.396879
vt 0.822227 0.396491
vt 0.880759 0.356396
vt 0.911282 0.372926
vt 0.899172 0.398016
vt 0.879937 0.397641
vt 0.920015 0.318229
vt 0.919240 0.357166
vt 0.662779 0.042546
vt 0.635885 0.027818
vt 0.594718 0.014174
vt 0.534812 0.009766
vt 0.702018 0.076969
vt 0.683528 0.059398
vt 0.721427 0.101091
vt 0.477945 0.016561
vt 0.424912 0.028492
vt 0.746565 0.150807
vt 0.753919 0.185220
vt 0.755013 0.225396
vt 0.742179 0.285332
vt 0.722439 0.327535
vt 0.711801 0.345948
vt 0.700583 0.363748
vt 0.388227 0.036956
vt 0.367808 0.041023
vt 0.339228 0.046875
vt 0.310289 0.053979
vt 0.291019 0.059364
vt 0.260951 0.069713
vt 0.191115 0.112757
vt 0.147313 0.149707
vt 0.437287 0.559066
vt 0.459523 0.552042
vt 0.675153 0.399825
vt 0.638328 0.442407
vt 0.596808 0.480031
vt 0.551233 0.511802
vt 0.541492 0.517222
vt 0.486583 0.542940
vt 0.107778 0.190955
vt 0.072325 0.236350
vt 0.042218 0.286669
vt 0.020868 0.342530
vt 0.013593 0.373015
vt 0.400241 0.572289
vt 0.352184 0.591028
vt 0.305976 0.605599
vt 0.292003 0.608840
vt 0.277737 0.611802
vt 0.009766 0.409853
vt 0.010766 0.441922
vt 0.031095 0.510714
vt 0.048464 0.539230
vt 0.018643 0.479744
vt 0.096231 0.588917
vt 0.138465 0.609549
vt 0.070509 0.564791
vt 0.227293 0.620697
vt 0.165793 0.617901
vt 0.401026 0.200437
vt 0.239044 0.754110
vt 0.234757 0.792432
vt 0.251413 0.720129
vt 0.380048 0.188927
vt 0.238825 0.825966
vt 0.359515 0.192521
vt 0.249882 0.857671
vt 0.323556 0.191149
vt 0.342765 0.196653
vt 0.261144 0.878461
vt 0.281253 0.904112
vt 0.286432 0.219881
vt 0.342041 0.944433
vt 0.257165 0.248940
vt 0.394819 0.962735
vt 0.271468 0.688120
vt 0.295738 0.661913
vt 0.325119 0.638857
vt 0.356006 0.621267
vt 0.229731 0.278967
vt 0.448777 0.972634
vt 0.202378 0.308996
vt 0.503313 0.976185
vt 0.175408 0.338776
vt 0.559032 0.973004
vt 0.147173 0.386473
vt 0.150203 0.367772
vt 0.615532 0.959486
vt 0.644249 0.946869
vt 0.390839 0.607673
vt 0.350751 0.418364
vt 0.455493 0.595696
vt 0.318532 0.446478
vt 0.517613 0.598113
vt 0.283299 0.450363
vt 0.570674 0.609602
vt 0.275493 0.458465
vt 0.585665 0.614234
vt 0.265952 0.464519
vt 0.600441 0.619422
vt 0.131826 0.421947
vt 0.138086 0.406255
vt 0.675175 0.926563
vt 0.698654 0.904598
vt 0.144603 0.467539
vt 0.135297 0.452662
vt 0.734465 0.843797
vt 0.742153 0.811012
vt 0.125098 0.439594
vt 0.720540 0.874392
vt 0.185367 0.503469
vt 0.163834 0.497257
vt 0.738407 0.741989
vt 0.718038 0.699637
vt 0.153933 0.482422
vt 0.743246 0.777044
vt 0.236751 0.492799
vt 0.649875 0.640400
vt 0.201481 0.499402
vt 0.700234 0.677077
vt 0.844336 0.010184
vt 0.821057 0.009767
vt 0.806030 0.028022
vt 0.796701 0.042039
vt 0.772880 0.041695
vt 0.772284 0.097942
vt 0.771462 0.142427
vt 0.770636 0.186911
vt 0.769807 0.231391
vt 0.768967 0.275868
vt 0.768125 0.320352
vt 0.779153 0.340890
vt 0.791386 0.365032
vt 0.801457 0.385876
vt 0.813565 0.409536
vt 0.837390 0.410049
vt 0.861194 0.410522
vt 0.885000 0.410992
vt 0.909639 0.410976
vt 0.928336 0.384276
vt 0.928788 0.364403
vt 0.935274 0.320888
vt 0.913455 0.288753
vt 0.913647 0.277438
vt 0.913863 0.266121
vt 0.937909 0.235570
vt 0.938730 0.191514
vt 0.940564 0.145553
vt 0.928736 0.122464
vt 0.917271 0.100594
vt 0.905443 0.077515
vt 0.893983 0.055645
vt 0.882155 0.032556
vt 0.401168 0.197317
vt 0.379606 0.187114
vt 0.358425 0.190304
vt 0.343152 0.193468
vt 0.323494 0.189195
vt 0.281098 0.221001
vt 0.252645 0.249663
vt 0.225686 0.279141
vt 0.198854 0.308669
vt 0.172490 0.338027
vt 0.148097 0.366929
vt 0.144452 0.385378
vt 0.135806 0.404875
vt 0.129926 0.421079
vt 0.123784 0.440022
vt 0.133568 0.454090
vt 0.142783 0.468968
vt 0.152174 0.483832
vt 0.162999 0.498102
vt 0.184979 0.504942
vt 0.201226 0.501553
vt 0.237107 0.494605
vt 0.266927 0.467275
vt 0.276237 0.461145
vt 0.284367 0.453698
vt 0.319255 0.448405
vt 0.352260 0.420851
vt 0.710403 0.667951
vt 0.729972 0.693240
vt 0.657745 0.629028
vt 0.606288 0.606665
vt 0.756779 0.777129
vt 0.755570 0.813466
vt 0.751631 0.738899
vt 0.708848 0.913831
vt 0.732220 0.881562
vt 0.747240 0.848692
vt 0.650746 0.959092
vt 0.683638 0.937480
vt 0.590545 0.601055
vt 0.574576 0.596079
vt 0.519446 0.584242
vt 0.454309 0.581841
vt 0.386700 0.594436
vt 0.561006 0.986842
vt 0.619836 0.972695
vt 0.503161 0.990234
vt 0.446873 0.986538
vt 0.391101 0.976203
vt 0.644462 0.474494
vt 0.667742 0.458767
vt 0.689438 0.449025
vt 0.623349 0.486538
vt 0.712278 0.436590
vt 0.335882 0.956852
vt 0.237653 0.863899
vt 0.250060 0.886684
vt 0.272519 0.914657
vt 0.225731 0.829694
vt 0.221187 0.793312
vt 0.225604 0.751987
vt 0.598105 0.510076
vt 0.598069 0.531247
vt 0.632252 0.552172
vt 0.640744 0.552361
vt 0.683613 0.551911
vt 0.726306 0.551198
vt 0.768527 0.550958
vt 0.795414 0.531964
vt 0.600849 0.498814
vt 0.767871 0.423000
vt 0.733872 0.424651
vt 0.811458 0.531788
vt 0.827425 0.531545
vt 0.854193 0.550254
vt 0.896535 0.549820
vt 0.921389 0.539759
vt 0.938573 0.528472
vt 0.938350 0.507337
vt 0.810557 0.422596
vt 0.853589 0.422330
vt 0.938397 0.486323
vt 0.938487 0.465246
vt 0.930092 0.451394
vt 0.896429 0.422652
vt 0.917244 0.436609
vt 0.643006 0.467489
vt 0.870606 0.010696
vt 0.602310 0.129235
vt 0.585476 0.122842
vt 0.558845 0.121013
vt 0.519621 0.132465
vt 0.481613 0.151067
vt 0.443695 0.170781
vt 0.400315 0.183306
vt 0.377884 0.178648
vt 0.355726 0.180117
vt 0.341452 0.181644
vt 0.319644 0.182734
vt 0.273000 0.213685
vt 0.243986 0.242111
vt 0.216339 0.271926
vt 0.189269 0.301979
vt 0.163024 0.332208
vt 0.139448 0.363695
vt 0.133501 0.382411
vt 0.125700 0.403207
vt 0.120726 0.421076
vt 0.118070 0.442665
vt 0.125483 0.459408
vt 0.134729 0.475171
vt 0.144738 0.490451
vt 0.159082 0.502462
vt 0.182962 0.511976
vt 0.200026 0.510844
vt 0.238423 0.502808
vt 0.270265 0.479697
vt 0.279371 0.473581
vt 0.288411 0.467906
vt 0.322579 0.457252
vt 0.357807 0.432620
vt 0.386238 0.418000
vt 0.405042 0.421140
vt 0.427375 0.421800
vt 0.470293 0.410256
vt 0.477384 0.406300
vt 0.509464 0.382042
vt 0.539136 0.354724
vt 0.565650 0.324432
vt 0.581217 0.297900
vt 0.589521 0.286815
vt 0.599040 0.276805
vt 0.622918 0.258692
vt 0.644885 0.229408
vt 0.649974 0.207652
vt 0.648124 0.188613
vt 0.636793 0.160299
vt 0.626676 0.146277
vt 0.616189 0.136120
vt 0.380407 0.398098
vt 0.600086 0.132183
vt 0.582543 0.129874
vt 0.583953 0.126064
vt 0.557925 0.129043
vt 0.558274 0.124799
vt 0.521154 0.142985
vt 0.520279 0.137674
vt 0.484592 0.162948
vt 0.483038 0.156946
vt 0.447785 0.183532
vt 0.445914 0.176960
vt 0.384939 0.407237
vt 0.403257 0.410289
vt 0.404352 0.415927
vt 0.424077 0.414668
vt 0.425711 0.418967
vt 0.465592 0.402411
vt 0.468339 0.406453
vt 0.471593 0.398017
vt 0.474678 0.402169
vt 0.501538 0.373862
vt 0.505603 0.377960
vt 0.530659 0.346784
vt 0.534976 0.350820
vt 0.557801 0.318056
vt 0.562119 0.321290
vt 0.569213 0.289369
vt 0.575685 0.294168
vt 0.578084 0.278695
vt 0.583947 0.282795
vt 0.587707 0.268630
vt 0.593940 0.273148
vt 0.614654 0.255096
vt 0.619072 0.257097
vt 0.636413 0.228124
vt 0.640926 0.228787
vt 0.641625 0.208722
vt 0.646047 0.208110
vt 0.641358 0.192036
vt 0.645221 0.190121
vt 0.628845 0.166087
vt 0.632769 0.163169
vt 0.620070 0.152560
vt 0.623412 0.149456
vt 0.610975 0.141901
vt 0.613677 0.138950
vt 0.597643 0.135644
vt 0.580662 0.135287
vt 0.594467 0.140626
vt 0.557650 0.134978
vt 0.522748 0.150313
vt 0.486844 0.171311
vt 0.450387 0.192739
vt 0.419477 0.207051
vt 0.402494 0.402556
vt 0.422846 0.408923
vt 0.461749 0.396802
vt 0.466903 0.392454
vt 0.495957 0.368021
vt 0.524922 0.340867
vt 0.551954 0.313520
vt 0.560166 0.282665
vt 0.569941 0.272465
vt 0.579277 0.261844
vt 0.609326 0.251490
vt 0.630293 0.226473
vt 0.635331 0.208863
vt 0.635633 0.194101
vt 0.622819 0.170073
vt 0.614611 0.156606
vt 0.606987 0.146234
vt 0.416157 0.184737
vt 0.419650 0.196342
vt 0.595580 0.138830
vt 0.596597 0.137229
vt 0.581926 0.131616
vt 0.581313 0.133377
vt 0.557784 0.130963
vt 0.557688 0.132911
vt 0.521609 0.145356
vt 0.522121 0.147705
vt 0.485294 0.165637
vt 0.486016 0.168316
vt 0.448599 0.186498
vt 0.449392 0.189483
vt 0.402865 0.407758
vt 0.402494 0.405225
vt 0.423527 0.412698
vt 0.423100 0.410678
vt 0.464444 0.400538
vt 0.463198 0.398699
vt 0.470160 0.396184
vt 0.468665 0.394392
vt 0.499762 0.371977
vt 0.497973 0.370105
vt 0.528802 0.344901
vt 0.526965 0.343002
vt 0.555923 0.316526
vt 0.553979 0.315027
vt 0.566243 0.287186
vt 0.563233 0.284924
vt 0.575505 0.276734
vt 0.572906 0.274743
vt 0.584925 0.266456
vt 0.582088 0.264202
vt 0.612836 0.254001
vt 0.611071 0.252798
vt 0.634445 0.227594
vt 0.632452 0.227059
vt 0.639603 0.208800
vt 0.637576 0.208846
vt 0.639413 0.192775
vt 0.637420 0.193489
vt 0.626900 0.167342
vt 0.624967 0.168622
vt 0.618361 0.153902
vt 0.616616 0.155205
vt 0.609675 0.143319
vt 0.608347 0.144754
vt 0.299017 0.763255
vt 0.293858 0.788458
vt 0.297563 0.811007
vt 0.307655 0.831051
vt 0.315665 0.843281
vt 0.330112 0.858785
vt 0.374840 0.883483
vt 0.416156 0.892482
vt 0.458588 0.898193
vt 0.501869 0.900627
vt 0.545034 0.901017
vt 0.588040 0.896554
vt 0.609433 0.888149
vt 0.632018 0.875459
vt 0.649424 0.862061
vt 0.665936 0.842541
vt 0.675238 0.821663
vt 0.680370 0.800178
vt 0.682951 0.778557
vt 0.678218 0.756226
vt 0.663954 0.729186
vt 0.649236 0.716371
vt 0.609757 0.695858
vt 0.570093 0.688170
vt 0.559137 0.686156
vt 0.548499 0.683242
vt 0.509807 0.670658
vt 0.462856 0.666574
vt 0.414812 0.671409
vt 0.389314 0.681442
vt 0.367071 0.693666
vt 0.345356 0.708237
vt 0.326564 0.723785
vt 0.310061 0.742318
vt 0.304302 0.764424
vt 0.305731 0.788491
vt 0.300574 0.788435
vt 0.307758 0.808476
vt 0.303250 0.809759
vt 0.320649 0.826315
vt 0.315522 0.828686
vt 0.328303 0.835092
vt 0.321962 0.838957
vt 0.334145 0.852029
vt 0.331190 0.855830
vt 0.380614 0.869426
vt 0.378497 0.875150
vt 0.419755 0.876263
vt 0.418355 0.882738
vt 0.460272 0.881485
vt 0.459622 0.888174
vt 0.501806 0.883787
vt 0.501810 0.890528
vt 0.543043 0.885141
vt 0.543713 0.891573
vt 0.584113 0.883749
vt 0.585850 0.888992
vt 0.603152 0.874945
vt 0.605759 0.880358
vt 0.623378 0.863341
vt 0.626759 0.868307
vt 0.639537 0.852471
vt 0.643409 0.856592
vt 0.657356 0.836935
vt 0.661510 0.839463
vt 0.661935 0.815822
vt 0.667478 0.818080
vt 0.665921 0.797408
vt 0.671856 0.798570
vt 0.668932 0.778977
vt 0.674647 0.779051
vt 0.668955 0.758744
vt 0.673334 0.757661
vt 0.654348 0.734614
vt 0.658296 0.731847
vt 0.639387 0.725559
vt 0.643317 0.721522
vt 0.603826 0.706725
vt 0.606174 0.701911
vt 0.563911 0.705982
vt 0.566702 0.698156
vt 0.553835 0.703671
vt 0.555900 0.696502
vt 0.543518 0.701621
vt 0.545762 0.693400
vt 0.508233 0.683955
vt 0.508943 0.678303
vt 0.463996 0.681901
vt 0.463566 0.675627
vt 0.418759 0.684265
vt 0.416981 0.679004
vt 0.395983 0.694937
vt 0.393200 0.689487
vt 0.375867 0.706377
vt 0.372336 0.701221
vt 0.355381 0.719950
vt 0.351448 0.715227
vt 0.336952 0.733317
vt 0.332916 0.729291
vt 0.321741 0.748736
vt 0.317125 0.745838
vt 0.309046 0.765581
vt 0.315834 0.788579
vt 0.314662 0.767447
vt 0.315570 0.806126
vt 0.311911 0.788560
vt 0.329743 0.819930
vt 0.313227 0.806885
vt 0.339451 0.829311
vt 0.326171 0.822504
vt 0.339067 0.847745
vt 0.336318 0.830151
vt 0.383625 0.858036
vt 0.338774 0.847889
vt 0.422220 0.863687
vt 0.382696 0.862544
vt 0.461432 0.868529
vt 0.421268 0.868624
vt 0.501878 0.870756
vt 0.460997 0.873612
vt 0.542317 0.872706
vt 0.501845 0.875863
vt 0.581097 0.873922
vt 0.542547 0.877576
vt 0.597557 0.864633
vt 0.582214 0.877496
vt 0.617131 0.853432
vt 0.599799 0.868666
vt 0.633009 0.843670
vt 0.619529 0.857339
vt 0.650651 0.832550
vt 0.635318 0.847298
vt 0.650523 0.812369
vt 0.652411 0.833674
vt 0.654253 0.795149
vt 0.655104 0.813522
vt 0.657927 0.777763
vt 0.658827 0.796040
vt 0.661385 0.760072
vt 0.662202 0.778494
vt 0.647698 0.740435
vt 0.663564 0.759832
vt 0.632666 0.734126
vt 0.649826 0.738222
vt 0.600244 0.715622
vt 0.635183 0.730717
vt 0.559891 0.720609
vt 0.601358 0.712657
vt 0.549413 0.718406
vt 0.560881 0.715615
vt 0.539081 0.716786
vt 0.551225 0.712427
vt 0.506201 0.694105
vt 0.540880 0.711825
vt 0.464869 0.694075
vt 0.506935 0.690585
vt 0.422063 0.694090
vt 0.464544 0.689307
vt 0.401993 0.705254
vt 0.420816 0.690529
vt 0.382758 0.716386
vt 0.399526 0.701260
vt 0.362773 0.729339
vt 0.380056 0.712460
vt 0.343972 0.741609
vt 0.359908 0.725617
vt 0.329687 0.755504
vt 0.341371 0.738281
vt 0.316676 0.768161
vt 0.326804 0.752622
vt 0.312765 0.766792
vt 0.310886 0.766162
vt 0.307792 0.788509
vt 0.309856 0.788531
vt 0.309555 0.807984
vt 0.311388 0.807451
vt 0.322556 0.825175
vt 0.324389 0.823904
vt 0.330877 0.833469
vt 0.333574 0.831816
vt 0.335477 0.850610
vt 0.337036 0.849227
vt 0.381343 0.867143
vt 0.382036 0.864848
vt 0.420271 0.873722
vt 0.420776 0.871175
vt 0.460519 0.878865
vt 0.460761 0.876240
vt 0.501815 0.881149
vt 0.501829 0.878508
vt 0.542848 0.882621
vt 0.542684 0.880099
vt 0.583495 0.881686
vt 0.582858 0.879599
vt 0.602062 0.872845
vt 0.600942 0.870752
vt 0.622077 0.861359
vt 0.620794 0.859358
vt 0.638090 0.850784
vt 0.636685 0.849057
vt 0.655753 0.835871
vt 0.654094 0.834777
vt 0.659689 0.815034
vt 0.657411 0.814271
vt 0.663565 0.796956
vt 0.661199 0.796500
vt 0.666690 0.778863
vt 0.664445 0.778700
vt 0.667203 0.759126
vt 0.665394 0.759492
vt 0.652804 0.735752
vt 0.651294 0.736960
vt 0.637949 0.727250
vt 0.636547 0.728971
vt 0.602955 0.708641
vt 0.602132 0.710622
vt 0.562961 0.709155
vt 0.561930 0.712380
vt 0.552967 0.706508
vt 0.552106 0.709409
vt 0.542591 0.704935
vt 0.541724 0.708360
vt 0.507855 0.686135
vt 0.507420 0.688346
vt 0.464180 0.684368
vt 0.464364 0.686838
vt 0.419415 0.686334
vt 0.420106 0.688426
vt 0.397139 0.697052
vt 0.398321 0.699161
vt 0.377260 0.708397
vt 0.378656 0.710427
vt 0.356902 0.721823
vt 0.358410 0.723709
vt 0.338468 0.734943
vt 0.339942 0.736597
vt 0.323472 0.749982
vt 0.325161 0.751280
vn 0.000000 1.000000 -0.000000
vn 0.000000 1.000000 -0.000000
vn 0.000000 1.000000 0.000000
vn 0.000000 1.000000 -0.000000
vn 0.000000 1.000000 -0.000000
vn 0.000000 1.000000 -0.000000
vn 0.000000 1.000000 -0.000000
vn 0.000000 1.000000 -0.000000
vn 0.000000 1.000000 -0.000000
vn 0.000000 1.000000 -0.000000
vn 0.000000 1.000000 -0.000000
vn 0.000000 1.000000 -0.000000
vn 0.000000 1.000000 -0.000000
vn 0.000000 1.000000 0.000000
vn 0.000000 1.000000 0.000000
vn 0.000000 1.000000 -0.000000
vn 0.000000 1.000000 -0.000000
vn 0.000000 1.000000 0.000000
vn 0.000000 1.000000 0.000000
vn 0.000000 1.000000 0.000000
vn 0.000000 1.000000 -0.000000
vn 0.000000 1.000000 -0.000000
vn 0.000000 1.000000 0.000000
vn 0.000000 1.000000 0.000000
vn 0.000000 1.000000 0.000000
vn 0.000000 1.000000 0.000000
vn 0.000000 1.000000 -0.000000
vn 0.000000 1.000000 0.000000
vn 0.000000 1.000000 0.000000
vn 0.000000 1.000000 0.000000
vn 0.000000 1.000000 -0.000000
vn 0.000000 1.000000 -0.000000
vn 0.000000 1.000000 -0.000000
vn 0.000000 1.000000 -0.000000
vn -0.000000 1.000000 0.000000
vn 0.000000 1.000000 0.000000
vn 0.000000 1.000000 0.000000
vn 0.000000 1.000000 -0.000000
vn 0.000000 1.000000 0.000000
vn 0.000000 1.000000 0.000000
vn 0.000000 1.000000 -0.000000
vn 0.000000 1.000000 -0.000000
vn 0.000000 1.000000 0.000000
vn 0.000000 1.000000 0.000000
vn 0.000000 1.000000 -0.000000
vn 0.000000 1.000000 0.000000
vn 0.000000 1.000000 0.000000
vn 0.000000 1.000000 0.000000
vn 0.000000 1.000000 0.000000
vn 0.000000 1.000000 0.000000
vn 0.000000 1.000000 0.000000
vn 0.000000 1.000000 0.000000
vn 0.000000 1.000000 0.000000
vn 0.000000 1.000000 0.000000
vn 0.000000 1.000000 0.000000
vn 0.000000 1.000000 0.000000
vn 0.000000 1.000000 0.000000
vn 0.000000 1.000000 0.000000
vn 0.000000 1.000000 0.000000
vn 0.000000 1.000000 0.000000
vn 0.000000 1.000000 0.000000
vn 0.000000 1.000000 -0.000000
vn 0.000000 1.000000 -0.000000
vn 0.000000 1.000000 0.000000
vn 0.000000 1.000000 0.000000
vn 0.000000 1.000000 0.000000
vn 0.000000 1.000000 0.000000
vn 0.000000 1.000000 0.000000
vn 0.000000 1.000000 0.000000
vn 0.000000 1.000000 0.000000
vn -0.000000 1.000000 -0.000000
vn 0.000000 1.000000 -0.000000
vn 0.000000 1.000000 -0.000000
vn -0.000000 1.000000 -0.000000
vn -0.000000 1.000000 -0.000000
vn -0.000000 1.000000 0.000000
vn 0.000000 1.000000 -0.000000
vn 0.000000 1.000000 0.000000
vn 0.000000 1.000000 -0.000000
vn 0.000000 1.000000 0.000000
vn 0.000000 1.000000 -0.000000
vn 0.000000 1.000000 -0.000000
vn 0.000000 1.000000 0.000000
vn 0.000000 1.000000 -0.000000
vn 0.000000 1.000000 -0.000000
vn 0.000000 1.000000 0.000000
vn 0.000000 1.000000 0.000000
vn 0.000000 1.000000 0.000000
vn 0.000000 1.000000 0.000000
vn 0.000000 1.000000 -0.000000
vn 0.000000 1.000000 -0.000000
vn 0.000000 1.000000 0.000000
vn 0.000000 1.000000 0.000000
vn 0.000000 1.000000 -0.000000
vn 0.000000 1.000000 0.000000
vn 0.000000 1.000000 -0.000000
vn 0.000000 1.000000 0.000000
vn 0.000000 1.000000 0.000000
vn 0.000000 1.000000 -0.000000
vn 0.000000 1.000000 -0.000000
vn 0.000000 1.000000 0.000000
vn 0.000000 1.000000 0.000000
vn 0.000000 1.000000 0.000000
vn 0.000000 1.000000 0.000000
vn 0.000000 1.000000 0.000000
vn 0.000000 1.000000 -0.000000
vn 0.000000 1.000000 0.000000
vn 0.000000 1.000000 0.000000
vn 0.000000 1.000000 0.000000
vn 0.000000 1.000000 0.000000
vn 0.000000 1.000000 -0.000000
vn 0.000000 1.000000 0.000000
vn 0.000000 1.000000 0.000000
vn 0.000000 1.000000 0.000000
vn 0.000000 1.000000 0.000000
vn 0.000000 1.000000 0.000000
vn 0.000000 1.000000 0.000000
vn 0.000000 1.000000 0.000000
vn 0.000000 1.000000 -0.000000
vn 0.000000 1.000000 0.000000
vn 0.000000 1.000000 0.000000
vn 0.000000 1.000000 0.000000
vn 0.000000 1.000000 -0.000000
vn 0.000000 1.000000 -0.000000
vn 0.000000 1.000000 -0.000000
vn 0.000000 1.000000 -0.000000
vn 0.000000 1.000000 0.000000
vn 0.000000 1.000000 -0.000000
vn 0.000000 1.000000 0.000000
vn 0.000000 1.000000 -0.000000
vn 0.000000 1.000000 -0.000000
vn 0.000000 1.000000 0.000000
vn 0.000000 1.000000 0.000000
vn 0.000000 1.000000 0.000000
vn 0.000000 1.000000 0.000000
vn 0.000000 1.000000 -0.000000
vn 0.000000 1.000000 0.000000
vn -0.000000 1.000000 0.000000
vn -0.000000 1.000000 0.000000
vn 0.000000 1.000000 0.000000
vn 0.000000 1.000000 0.000000
vn -0.000000 1.000000 0.000000
vn 0.000000 1.000000 -0.000000
vn 0.000000 1.000000 -0.000000
vn 0.000000 1.000000 -0.000000
vn 0.000000 1.000000 0.000000
vn 0.000000 1.000000 -0.000000
vn 0.000000 1.000000 0.000000
vn 0.000000 1.000000 0.000000
vn 0.000000 1.000000 -0.000000
vn 0.000000 1.000000 -0.000000
vn 0.000000 1.000000 0.000000
vn 0.000000 1.000000 -0.000000
vn 0.000000 1.000000 -0.000000
vn 0.000000 1.000000 -0.000000
vn 0.000000 1.000000 -0.000000
vn 0.000000 1.000000 -0.000000
vn 0.000000 1.000000 -0.000000
vn 0.000000 1.000000 -0.000000
vn 0.000000 1.000000 -0.000000
vn 0.000000 1.000000 0.000000
vn 0.000000 1.000000 -0.000000
vn 0.000000 1.000000 -0.000000
vn 0.000000 1.000000 0.000000
vn 0.000000 1.000000 -0.000000
vn 0.000000 1.000000 -0.000000
vn 0.000000 1.000000 -0.000000
vn 0.000000 1.000000 -0.000000
vn 0.000000 1.000000 -0.000000
vn 0.000000 1.000000 0.000000
vn 0.000000 1.000000 0.000000
vn 0.000000 1.000000 0.000000
vn 0.000000 1.000000 -0.000000
vn 0.000000 1.000000 -0.000000
vn 0.000000 1.000000 -0.000000
vn 0.000000 1.000000 -0.000000
vn 0.000000 1.000000 -0.000000
vn 0.000000 1.000000 -0.000000
vn 0.000000 1.000000 -0.000000
vn 0.000000 1.000000 0.000000
vn -0.000000 1.000000 0.000000
vn -0.000000 1.000000 -0.000000
vn -0.000000 1.000000 0.000000
vn -0.000000 1.000000 0.000000
vn -0.000000 1.000000 -0.000000
vn -0.000000 1.000000 -0.000000
vn 0.000000 1.000000 -0.000000
vn -0.000000 1.000000 0.000000
vn -0.000000 1.000000 0.000000
vn 0.000000 1.000000 -0.000000
vn 0.000000 1.000000 0.000000
vn 0.000000 1.000000 -0.000000
vn -0.000000 1.000000 0.000000
vn -0.000000 1.000000 0.000000
vn 0.000000 1.000000 -0.000000
vn 0.000000 1.000000 -0.000000
vn 0.000000 1.000000 -0.000000
vn 0.000000 1.000000 -0.000000
vn 0.000000 1.000000 -0.000000
vn 0.000000 1.000000 -0.000000
vn 0.000000 1.000000 -0.000000
vn 0.000000 1.000000 0.000000
vn 0.000000 1.000000 0.000001
vn 0.000000 1.000000 -0.000000
vn 0.000000 1.000000 -0.000000
vn 0.000000 1.000000 -0.000000
vn 0.000000 1.000000 0.000000
vn 0.000000 1.000000 -0.000000
vn 0.000000 1.000000 0.000000
vn 0.000000 1.000000 0.000000
vn 0.000000 1.000000 -0.000000
vn 0.000000 1.000000 0.000000
vn 0.000000 1.000000 0.000000
vn 0.000000 1.000000 -0.000000
vn 0.000000 1.000000 -0.000000
vn 0.000000 1.000000 -0.000000
vn 0.000000 1.000000 -0.000000
vn 0.000000 1.000000 -0.000000
vn 0.000000 1.000000 0.000000
vn 0.000000 1.000000 0.000000
vn 0.000000 1.000000 0.000000
vn 0.000000 1.000000 -0.000000
vn 0.000000 1.000000 0.000000
vn 0.000000 1.000000 0.000000
vn 0.000000 1.000000 -0.000000
vn 0.000000 1.000000 -0.000000
vn 0.000000 1.000000 0.000000
vn 0.000000 1.000000 -0.000000
vn 0.000000 1.000000 -0.000000
vn 0.000000 1.000000 0.000000
vn 0.000000 1.000000 0.000000
vn 0.000000 1.000000 0.000000
vn 0.000000 1.000000 0.000000
vn 0.000000 1.000000 0.000000
vn 0.000000 1.000000 -0.000000
vn 0.000000 1.000000 0.000000
vn 0.000000 1.000000 -0.000000
vn 0.000000 1.000000 0.000000
vn 0.000000 1.000000 0.000000
vn 0.000000 1.000000 0.000000
vn 0.000000 1.000000 0.000000
vn 0.000000 1.000000 0.000000
vn 0.000000 1.000000 -0.000000
vn 0.000000 1.000000 0.000000
vn 0.000000 1.000000 0.000000
vn 0.000000 1.000000 -0.000000
vn 0.000000 1.000000 -0.000000
vn 0.000000 1.000000 -0.000000
vn 0.000000 1.000000 -0.000000
vn 0.000000 1.000000 -0.000000
vn 0.000000 1.000000 0.000000
vn 0.000000 1.000000 0.000000
vn 0.000000 1.000000 0.000000
vn 0.000000 1.000000 -0.000000
vn 0.000000 1.000000 0.000000
vn 0.000000 1.000000 0.000000
vn 0.000000 1.000000 0.000000
vn 0.000000 1.000000 0.000000
vn 0.000000 1.000000 0.000000
vn 0.000000 1.000000 0.000000
vn 0.000000 1.000000 0.000000
vn 0.000000 1.000000 0.000000
vn 0.000000 1.000000 0.000000
vn 0.000000 1.000000 0.000000
vn 0.000000 1.000000 0.000000
vn 0.000000 1.000000 0.000000
vn 0.000000 1.000000 0.000000
vn 0.000000 1.000000 -0.000000
vn 0.000000 1.000000 0.000000
vn 0.000000 1.000000 0.000000
vn 0.000000 1.000000 -0.000000
vn 0.000000 1.000000 0.000000
vn 0.000000 1.000000 0.000000
vn 0.000000 1.000000 -0.000000
vn 0.000000 1.000000 -0.000000
vn 0.000000 1.000000 0.000000
vn 0.000000 1.000000 -0.000000
vn 0.000000 1.000000 -0.000000
vn 0.000000 1.000000 -0.000000
vn 0.000000 1.000000 -0.000000
vn 0.000000 1.000000 -0.000000
vn 0.000000 1.000000 -0.000000
vn 0.000000 1.000000 0.000000
vn 0.000000 1.000000 -0.000000
vn 0.000000 1.000000 0.000000
vn 0.000000 1.000000 -0.000000
vn 0.000000 1.000000 -0.000000
vn 0.000000 1.000000 -0.000000
vn 0.000000 1.000000 -0.000000
vn 0.000000 1.000000 0.000000
vn 0.000000 1.000000 0.000000
vn 0.000000 1.000000 -0.000000
vn 0.000000 1.000000 -0.000000
vn 0.000000 1.000000 0.000000
vn 0.000000 1.000000 0.000000
vn 0.000000 1.000000 0.000000
vn 0.000000 1.000000 -0.000000
vn 0.000000 1.000000 -0.000000
vn 0.000000 1.000000 -0.000000
vn 0.000000 1.000000 -0.000000
vn 0.000000 1.000000 -0.000000
vn 0.000000 1.000000 0.000000
vn 0.000000 1.000000 0.000000
vn 0.000000 1.000000 -0.000000
vn 0.000000 1.000000 -0.000000
vn 0.000000 1.000000 0.000000
vn 0.000000 1.000000 0.000000
vn 0.000000 1.000000 0.000000
vn 0.000000 1.000000 -0.000000
vn 0.000000 1.000000 -0.000000
vn 0.000000 1.000000 0.000000
vn 0.000000 1.000000 0.000000
vn 0.000000 1.000000 -0.000000
vn 0.000000 1.000000 0.000000
vn 0.000000 1.000000 -0.000000
vn 0.000000 1.000000 -0.000000
vn 0.000000 1.000000 0.000000
vn 0.000000 1.000000 0.000000
vn 0.000000 1.000000 -0.000000
vn 0.000000 1.000000 -0.000000
vn 0.000000 1.000000 0.000000
vn 0.000000 1.000000 0.000000
vn 0.000000 1.000000 0.000000
vn 0.000000 1.000000 -0.000000
vn 0.000000 1.000000 -0.000000
vn 0.000000 1.000000 0.000000
vn 0.000000 1.000000 0.000000
vn 0.000000 1.000000 -0.000000
vn 0.000000 1.000000 -0.000000
vn 0.000000 1.000000 -0.000000
vn 0.000000 1.000000 -0.000000
vn 0.000000 1.000000 -0.000000
vn 0.000000 1.000000 0.000000
vn 0.000000 1.000000 0.000000
vn 0.000000 1.000000 0.000000
vn 0.000000 1.000000 0.000000
vn 0.000000 1.000000 0.000000
vn 0.000000 1.000000 0.000000
vn 0.000000 1.000000 0.000000
vn 0.000000 1.000000 0.000000
vn 0.000000 1.000000 0.000000
vn 0.000000 1.000000 0.000000
vn 0.000000 1.000000 -0.000000
vn 0.000000 1.000000 -0.000000
vn 0.000000 1.000000 0.000000
vn 0.000000 1.000000 0.000000
vn 0.000000 1.000000 -0.000000
vn 0.000000 1.000000 0.000000
vn 0.000000 1.000000 0.000000
vn 0.000000 1.000000 -0.000000
vn 0.000000 1.000000 -0.000000
vn 0.000000 1.000000 0.000000
vn 0.000001 -0.000000 1.000000
vn 0.000001 -0.000000 1.000000
vn 0.000000 0.000000 1.000000
vn 0.000000 0.000000 1.000000
vn 0.876710 -0.000002 0.481019
vn 0.876710 -0.000002 0.481019
vn 0.876710 -0.000000 0.481019
vn 0.876710 -0.000000 0.481019
vn 0.000000 -0.000000 1.000000
vn 0.000000 -0.000000 1.000000
vn 0.000001 -0.000000 1.000000
vn 0.000001 -0.000000 1.000000
vn -0.784714 0.000002 0.619858
vn -0.784714 0.000002 0.619858
vn -0.784714 -0.000000 0.619858
vn -0.784714 0.000000 0.619858
vn 0.000000 0.000000 1.000000
vn 0.000000 0.000000 1.000000
vn 0.000000 0.000000 1.000000
vn 0.000000 0.000000 1.000000
vn -0.999967 0.000000 -0.008124
vn -0.999967 0.000000 -0.008124
vn -0.999967 0.000000 -0.008124
vn -0.999967 0.000000 -0.008124
vn -0.843187 0.000000 0.537620
vn -0.843187 0.000000 0.537620
vn -0.843188 0.000000 0.537620
vn -0.843188 0.000000 0.537620
vn -1.000000 -0.000000 0.000000
vn -1.000000 -0.000000 0.000000
vn -1.000000 0.000000 0.000000
vn -1.000000 -0.000000 0.000000
vn 0.881096 -0.000002 0.472938
vn 0.881096 -0.000002 0.472938
vn 0.881096 0.000000 0.472938
vn 0.881096 -0.000000 0.472938
vn 0.876711 -0.000002 0.481018
vn 0.876711 -0.000002 0.481018
vn 0.876711 -0.000000 0.481018
vn 0.876711 -0.000000 0.481018
vn 0.881095 0.000001 0.472939
vn 0.881095 0.000001 0.472939
vn 0.881095 0.000000 0.472939
vn 0.881095 0.000000 0.472939
vn 0.876711 -0.000002 0.481017
vn 0.876711 -0.000002 0.481017
vn 0.876711 0.000000 0.481017
vn 0.876711 -0.000000 0.481017
vn -1.000000 0.000000 0.000000
vn -1.000000 0.000000 0.000000
vn -1.000000 0.000000 0.000000
vn -1.000000 0.000000 0.000000
vn -1.000000 -0.000001 0.000000
vn -1.000000 -0.000001 0.000000
vn -1.000000 0.000000 0.000000
vn -1.000000 -0.000000 0.000000
vn -1.000000 -0.000002 0.000000
vn -1.000000 -0.000002 0.000000
vn -1.000000 0.000000 0.000000
vn -1.000000 0.000000 0.000000
vn -0.871472 0.000000 -0.490446
vn -0.871472 0.000000 -0.490446
vn -0.871471 0.000000 -0.490447
vn -0.871471 0.000000 -0.490447
vn -1.000000 0.000000 0.000000
vn -1.000000 0.000000 0.000000
vn -1.000000 0.000000 0.000000
vn -1.000000 0.000000 0.000000
vn 0.881094 -0.000002 0.472940
vn 0.881094 -0.000002 0.472940
vn 0.881095 -0.000000 0.472940
vn 0.881094 0.000000 0.472940
vn 0.999764 -0.000000 -0.021733
vn 0.999764 -0.000000 -0.021733
vn 0.999764 -0.000000 -0.021733
vn 0.999764 0.000000 -0.021733
vn 1.000000 0.000000 0.000024
vn 1.000000 0.000000 0.000024
vn 1.000000 0.000000 0.000024
vn 1.000000 0.000000 0.000024
vn 0.796312 0.000000 -0.604886
vn 0.796312 0.000000 -0.604886
vn 0.796312 0.000000 -0.604886
vn 0.796312 0.000000 -0.604886
vn 1.000000 0.000000 -0.000007
vn 1.000000 0.000000 -0.000007
vn 1.000000 0.000000 -0.000007
vn 1.000000 0.000000 -0.000007
vn 1.000000 0.000000 0.000002
vn 1.000000 0.000000 0.000002
vn 1.000000 0.000000 0.000002
vn 1.000000 0.000000 0.000002
vn -0.891630 0.000000 -0.452765
vn -0.891630 0.000000 -0.452765
vn -0.891630 0.000000 -0.452765
vn -0.891630 0.000000 -0.452765
vn -0.882910 0.000000 -0.469543
vn -0.882910 0.000000 -0.469543
vn -0.882910 0.000000 -0.469542
vn -0.882910 0.000000 -0.469542
vn -0.000002 0.000000 -1.000000
vn -0.000002 0.000000 -1.000000
vn -0.000002 0.000000 -1.000000
vn -0.000002 0.000000 -1.000000
vn 0.000002 0.000000 -1.000000
vn 0.000002 0.000000 -1.000000
vn 0.000002 0.000000 -1.000000
vn 0.000002 0.000000 -1.000000
vn -0.881620 0.000000 -0.471961
vn -0.881620 0.000000 -0.471961
vn -0.881620 0.000000 -0.471961
vn -0.881620 0.000000 -0.471961
vn 0.830724 0.000000 -0.556685
vn 0.830724 0.000000 -0.556685
vn 0.830724 0.000000 -0.556684
vn 0.830724 0.000000 -0.556684
vn 0.018806 0.000000 -0.999823
vn 0.018806 0.000000 -0.999823
vn 0.018804 0.000000 -0.999823
vn 0.018804 0.000000 -0.999823
vn 0.000002 0.000000 -1.000000
vn 0.000002 0.000000 -1.000000
vn 0.000002 0.000000 -1.000000
vn 0.000002 0.000000 -1.000000
vn 0.815129 0.000000 0.579279
vn 0.815129 0.000000 0.579279
vn 0.815130 0.000000 0.579278
vn 0.815130 0.000000 0.579278
vn 0.991733 0.000000 -0.128318
vn 0.991733 0.000000 -0.128318
vn 0.991733 0.000000 -0.128318
vn 0.991733 0.000000 -0.128318
vn 1.000000 0.000000 -0.000004
vn 1.000000 0.000000 -0.000004
vn 1.000000 0.000000 -0.000004
vn 1.000000 0.000000 -0.000004
vn 0.000000 0.000000 1.000000
vn 0.000000 0.000000 1.000000
vn 0.000000 0.000000 1.000000
vn 0.000000 0.000000 1.000000
vn 0.000001 -0.000000 1.000000
vn 0.000001 -0.000000 1.000000
vn 0.000001 0.000000 1.000000
vn 0.000001 0.000000 1.000000
vn -0.784714 0.000000 0.619858
vn -0.784714 -0.000000 0.619858
vn -0.784712 0.000000 0.619861
vn -0.784712 0.000000 0.619861
vn -0.843188 0.000000 0.537620
vn -0.843188 0.000000 0.537620
vn -0.843187 0.000000 0.537620
vn -0.843187 0.000000 0.537620
vn 0.000000 0.000000 1.000000
vn 0.000000 0.000000 1.000000
vn 0.000000 0.000000 1.000000
vn 0.000000 0.000000 1.000000
vn -0.999967 0.000000 -0.008124
vn -0.999967 0.000000 -0.008124
vn -0.999967 0.000000 -0.008124
vn -0.999967 0.000000 -0.008124
vn -1.000000 -0.000000 0.000000
vn -1.000000 0.000000 0.000000
vn -1.000000 0.000000 0.000000
vn -1.000000 0.000000 0.000000
vn -1.000000 0.000000 0.000000
vn -1.000000 0.000000 0.000000
vn -1.000000 0.000000 0.000000
vn -1.000000 0.000000 0.000000
vn -1.000000 -0.000000 0.000000
vn -1.000000 0.000000 0.000000
vn -1.000000 0.000000 0.000000
vn -1.000000 0.000000 0.000000
vn -1.000000 0.000000 0.000000
vn -1.000000 0.000000 0.000000
vn -1.000000 0.000000 0.000000
vn -1.000000 0.000000 0.000000
vn -1.000000 0.000000 0.000000
vn -1.000000 0.000000 0.000000
vn -1.000000 0.000000 0.000000
vn -1.000000 0.000000 0.000000
vn -0.871471 0.000000 -0.490447
vn -0.871471 0.000000 -0.490447
vn -0.871471 0.000000 -0.490447
vn -0.871471 0.000000 -0.490447
vn -0.882910 0.000000 -0.469542
vn -0.882910 0.000000 -0.469542
vn -0.882910 -0.000000 -0.469543
vn -0.882910 -0.000000 -0.469543
vn -0.891630 0.000000 -0.452765
vn -0.891630 0.000000 -0.452765
vn -0.891631 0.000000 -0.452764
vn -0.891631 0.000000 -0.452764
vn -0.881620 0.000000 -0.471961
vn -0.881620 0.000000 -0.471961
vn -0.881620 0.000000 -0.471960
vn -0.881620 0.000000 -0.471960
vn 0.000002 0.000000 -1.000000
vn 0.000002 0.000000 -1.000000
vn 0.000000 0.000000 -1.000000
vn 0.000000 0.000000 -1.000000
vn -0.000002 0.000000 -1.000000
vn -0.000002 0.000000 -1.000000
vn 0.000000 0.000000 -1.000000
vn 0.000000 0.000000 -1.000000
vn 0.000002 0.000000 -1.000000
vn 0.000002 0.000000 -1.000000
vn 0.000000 0.000000 -1.000000
vn 0.000000 0.000000 -1.000000
vn 0.018804 0.000000 -0.999823
vn 0.018804 0.000000 -0.999823
vn 0.018803 0.000000 -0.999823
vn 0.018803 0.000000 -0.999823
vn 0.830724 0.000000 -0.556684
vn 0.830724 0.000000 -0.556684
vn 0.830725 0.000001 -0.556684
vn 0.830725 0.000001 -0.556684
vn 1.000000 0.000000 -0.000004
vn 1.000000 0.000000 -0.000004
vn 1.000000 0.000001 -0.000003
vn 1.000000 0.000001 -0.000003
vn 0.991733 0.000000 -0.128318
vn 0.991733 0.000000 -0.128318
vn 0.991733 -0.000000 -0.128319
vn 0.991733 -0.000000 -0.128319
vn 0.815130 0.000000 0.579278
vn 0.815130 0.000000 0.579278
vn 0.815128 0.000000 0.579280
vn 0.815128 0.000000 0.579280
vn 1.000000 0.000000 0.000002
vn 1.000000 0.000000 0.000002
vn 1.000000 0.000000 0.000000
vn 1.000000 0.000000 0.000000
vn 1.000000 0.000000 -0.000007
vn 1.000000 0.000000 -0.000007
vn 1.000000 0.000000 -0.000008
vn 1.000000 0.000000 -0.000008
vn 0.796312 0.000000 -0.604886
vn 0.796312 0.000000 -0.604886
vn 0.796312 0.000000 -0.604886
vn 0.796312 0.000000 -0.604886
vn 1.000000 0.000000 0.000024
vn 1.000000 0.000000 0.000024
vn 1.000000 0.000001 0.000025
vn 1.000000 0.000001 0.000025
vn 0.999764 0.000000 -0.021733
vn 0.999764 -0.000000 -0.021733
vn 0.999764 0.000001 -0.021733
vn 0.999764 0.000001 -0.021733
vn 0.881094 0.000000 0.472940
vn 0.881095 -0.000000 0.472940
vn 0.881095 0.000001 0.472940
vn 0.881095 0.000001 0.472940
vn 0.876711 -0.000000 0.481017
vn 0.876711 0.000000 0.481017
vn 0.876711 0.000001 0.481017
vn 0.876711 0.000001 0.481017
vn 0.881095 0.000000 0.472939
vn 0.881095 0.000000 0.472939
vn 0.881095 0.000001 0.472939
vn 0.881095 0.000001 0.472939
vn 0.876711 -0.000000 0.481018
vn 0.876711 -0.000000 0.481018
vn 0.876711 0.000001 0.481018
vn 0.876711 0.000001 0.481018
vn 0.881096 -0.000000 0.472938
vn 0.881096 0.000000 0.472938
vn 0.881097 0.000001 0.472937
vn 0.881097 0.000001 0.472936
vn 0.876710 -0.000000 0.481019
vn 0.876710 -0.000000 0.481019
vn 0.876709 0.000000 0.481021
vn 0.876709 0.000000 0.481021
vn -0.631672 0.000000 0.775236
vn -0.631672 0.000000 0.775236
vn -0.631673 0.000000 0.775235
vn -0.631673 0.000000 0.775235
vn -0.877710 0.000000 0.479192
vn -0.877710 0.000000 0.479192
vn -0.877710 0.000000 0.479192
vn -0.877710 0.000000 0.479192
vn -1.000000 0.000000 -0.000000
vn -1.000000 0.000000 -0.000000
vn -1.000000 -0.000000 0.000000
vn -1.000000 -0.000000 0.000000
vn -1.000000 0.000000 0.000000
vn -1.000000 0.000000 0.000000
vn -1.000000 0.000000 0.000000
vn -1.000000 0.000000 0.000000
vn -1.000000 0.000000 0.000000
vn -1.000000 0.000000 0.000000
vn -1.000000 0.000000 0.000000
vn -1.000000 0.000000 0.000000
vn -0.999994 0.000000 0.003381
vn -0.999994 0.000000 0.003381
vn -0.999994 0.000000 0.003380
vn -0.999994 0.000000 0.003380
vn -0.063595 -0.000000 0.997976
vn -0.063595 -0.000000 0.997976
vn -0.063635 -0.000069 0.997973
vn -0.063638 -0.000074 0.997973
vn -0.049046 0.000000 0.998797
vn -0.049046 0.000000 0.998797
vn -0.049045 0.000000 0.998797
vn -0.049045 0.000000 0.998797
vn -0.778616 0.000000 0.627501
vn -0.778616 0.000000 0.627501
vn -0.778616 -0.000000 0.627501
vn -0.778616 -0.000000 0.627501
vn -0.808826 0.000000 0.588048
vn -0.808826 0.000000 0.588048
vn -0.808824 0.000000 0.588051
vn -0.808824 0.000000 0.588051
vn 0.000000 0.000000 1.000000
vn 0.000000 0.000000 1.000000
vn 0.000000 0.000000 1.000000
vn 0.000000 0.000000 1.000000
vn -0.999973 0.000000 0.007318
vn -0.999973 0.000000 0.007318
vn -0.999973 0.000000 0.007318
vn -0.999973 0.000000 0.007318
vn -1.000000 0.000000 0.000000
vn -1.000000 0.000000 0.000000
vn -1.000000 0.000000 0.000000
vn -1.000000 0.000000 0.000000
vn -1.000000 -0.000000 0.000000
vn -1.000000 -0.000000 0.000000
vn -1.000000 -0.000000 0.000000
vn -1.000000 -0.000000 0.000000
vn -1.000000 -0.000000 0.000000
vn -1.000000 -0.000000 0.000000
vn -1.000000 0.000000 0.000000
vn -1.000000 0.000000 0.000000
vn -1.000000 0.000000 0.000000
vn -1.000000 0.000000 0.000000
vn -1.000000 0.000000 0.000000
vn -1.000000 0.000000 0.000000
vn -1.000000 0.000000 0.000000
vn -1.000000 0.000000 0.000000
vn -1.000000 0.000000 0.000000
vn -1.000000 0.000000 0.000000
vn -0.874062 0.000000 -0.485814
vn -0.874062 0.000000 -0.485814
vn -0.874062 0.000000 -0.485814
vn -0.874062 0.000000 -0.485814
vn -0.888279 0.000000 -0.459304
vn -0.888279 0.000000 -0.459304
vn -0.888279 0.000000 -0.459304
vn -0.888279 0.000000 -0.459304
vn -0.852416 0.000000 -0.522864
vn -0.852416 0.000000 -0.522864
vn -0.852417 0.000000 -0.522863
vn -0.852417 0.000000 -0.522863
vn -0.889395 0.000000 -0.457139
vn -0.889395 0.000000 -0.457139
vn -0.889396 0.000000 -0.457138
vn -0.889396 -0.000000 -0.457138
vn 0.000000 0.000000 -1.000000
vn 0.000000 0.000000 -1.000000
vn 0.000000 -0.000000 -1.000000
vn 0.000000 -0.000000 -1.000000
vn 0.000000 0.000000 -1.000000
vn 0.000000 0.000000 -1.000000
vn 0.000000 0.000000 -1.000000
vn 0.000000 0.000000 -1.000000
vn -0.000003 0.000000 -1.000000
vn -0.000003 0.000000 -1.000000
vn -0.000002 0.000000 -1.000000
vn -0.000002 0.000000 -1.000000
vn 0.018806 0.000000 -0.999823
vn 0.018806 0.000000 -0.999823
vn 0.018806 0.000000 -0.999823
vn 0.018806 0.000000 -0.999823
vn 0.830724 0.000000 -0.556685
vn 0.830724 0.000000 -0.556685
vn 0.830724 0.000000 -0.556684
vn 0.830725 0.000000 -0.556684
vn 1.000000 0.000000 -0.000005
vn 1.000000 0.000000 -0.000005
vn 1.000000 0.000000 -0.000005
vn 1.000000 0.000000 -0.000005
vn 0.991733 0.000000 -0.128318
vn 0.991733 0.000000 -0.128318
vn 0.991733 0.000000 -0.128319
vn 0.991733 0.000000 -0.128319
vn 0.815130 0.000000 0.579278
vn 0.815130 0.000000 0.579278
vn 0.815129 0.000000 0.579279
vn 0.815129 0.000000 0.579279
vn 1.000000 0.000000 -0.000001
vn 1.000000 0.000000 -0.000001
vn 1.000000 0.000000 0.000000
vn 1.000000 0.000000 0.000000
vn 1.000000 0.000000 -0.000004
vn 1.000000 0.000000 -0.000004
vn 1.000000 0.000000 -0.000009
vn 1.000000 0.000000 -0.000009
vn 0.796311 0.000000 -0.604887
vn 0.796311 0.000000 -0.604887
vn 0.796312 0.000000 -0.604886
vn 0.796312 0.000000 -0.604886
vn 1.000000 0.000000 0.000024
vn 1.000000 0.000000 0.000024
vn 1.000000 0.000000 0.000024
vn 1.000000 0.000000 0.000024
vn 0.999588 0.000000 0.028686
vn 0.999588 -0.000000 0.028686
vn 0.999588 0.000032 0.028696
vn 0.999588 0.000030 0.028696
vn 0.000000 0.000000 -1.000000
vn 0.000000 0.000000 -1.000000
vn -0.000004 -0.000000 -1.000000
vn -0.000004 -0.000000 -1.000000
vn 0.000000 0.000000 -1.000000
vn 0.000000 0.000000 -1.000000
vn 0.000003 -0.000000 -1.000000
vn 0.000003 -0.000000 -1.000000
vn 0.877082 0.000000 -0.480340
vn 0.877082 0.000000 -0.480340
vn 0.877081 0.000000 -0.480342
vn 0.877081 0.000000 -0.480342
vn 0.999417 0.000000 -0.034132
vn 0.999417 0.000000 -0.034132
vn 0.999417 0.000000 -0.034132
vn 0.999417 0.000000 -0.034132
vn 1.000000 0.000000 -0.000000
vn 1.000000 0.000000 -0.000000
vn 1.000000 0.000000 -0.000000
vn 1.000000 0.000000 -0.000000
vn 1.000000 0.000000 0.000000
vn 1.000000 0.000000 0.000000
vn 1.000000 0.000000 0.000000
vn 1.000000 0.000000 0.000000
vn 1.000000 0.000000 0.000000
vn 1.000000 0.000000 0.000000
vn 1.000000 0.000000 0.000000
vn 1.000000 0.000000 0.000000
vn 0.794455 0.000000 0.607322
vn 0.794455 0.000000 0.607323
vn 0.794455 0.000000 0.607323
vn 0.794455 0.000000 0.607323
vn 1.000000 0.000000 0.000003
vn 1.000000 0.000000 0.000003
vn 1.000000 0.000000 0.000003
vn 1.000000 0.000000 0.000003
vn 1.000000 0.000000 -0.000002
vn 1.000000 0.000000 -0.000002
vn 1.000000 0.000000 -0.000002
vn 1.000000 0.000000 -0.000002
vn 0.794455 0.000000 -0.607323
vn 0.794455 0.000000 -0.607323
vn 0.794454 0.000000 -0.607324
vn 0.794454 0.000000 -0.607324
vn 1.000000 -0.000000 0.000000
vn 1.000000 -0.000000 0.000000
vn 1.000000 0.000000 0.000000
vn 1.000000 0.000000 0.000000
vn 0.922159 0.000000 0.386811
vn 0.922159 0.000000 0.386811
vn 0.922160 0.000000 0.386810
vn 0.922160 0.000000 0.386810
vn 0.853894 0.000000 0.520447
vn 0.853894 0.000000 0.520447
vn 0.853895 0.000000 0.520446
vn 0.853895 0.000000 0.520446
vn 0.000000 0.000000 1.000000
vn 0.000000 0.000000 1.000000
vn 0.000000 0.000000 1.000000
vn 0.000000 0.000000 1.000000
vn 0.000000 0.000000 1.000000
vn 0.000000 0.000000 1.000000
vn 0.000000 0.000000 1.000000
vn 0.000000 0.000000 1.000000
vn 0.000000 -0.000000 1.000000
vn 0.000000 0.000000 1.000000
vn 0.000000 0.000000 1.000000
vn 0.000000 0.000000 1.000000
vn -0.590350 -0.000000 0.807147
vn -0.590350 -0.000000 0.807147
vn -0.590350 0.000000 0.807148
vn -0.590350 0.000000 0.807148
vn -0.183035 0.971860 0.148277
vn -0.130515 0.970406 0.203171
vn -0.148191 0.973264 0.175492
vn -0.148191 0.973264 0.175492
vn -0.248143 0.967272 0.053004
vn -0.221957 0.966054 0.132196
vn -0.221957 0.966054 0.132196
vn -0.271303 0.962494 0.000377
vn -0.292897 0.956144 -0.000000
vn -0.292897 0.956144 -0.000000
vn -0.269400 0.963028 0.000000
vn -0.292897 0.956144 0.000000
vn -0.292896 0.956144 0.000000
vn -0.317303 0.948300 -0.006794
vn -0.292898 0.956144 0.000000
vn -0.292897 0.956144 0.000000
vn -0.363660 0.931435 -0.013436
vn -0.268257 0.963332 -0.005373
vn -0.268257 0.963332 -0.005373
vn -0.062752 0.010829 0.997970
vn -0.062098 0.019158 0.997886
vn -0.022560 0.443710 0.895886
vn -0.022560 0.443710 0.895886
vn -0.048639 -0.000599 0.998816
vn -0.048637 -0.000602 0.998816
vn -0.024528 -0.036043 0.999049
vn -0.024528 -0.036043 0.999049
vn -0.778657 -0.001743 0.627447
vn -0.778684 -0.002938 0.627409
vn -0.775506 -0.125574 0.618726
vn -0.775506 -0.125574 0.618726
vn -0.809323 0.003819 0.587351
vn -0.809222 0.003036 0.587495
vn -0.818926 0.140752 0.556372
vn -0.818926 0.140752 0.556372
vn 0.000000 0.010703 0.999943
vn 0.000000 0.010703 0.999943
vn 0.000000 0.532773 0.846258
vn 0.000000 0.532773 0.846258
vn -0.999973 0.000472 0.007300
vn -0.999973 0.000886 0.007285
vn -0.981137 0.193312 0.000000
vn -0.981137 0.193312 0.000000
vn -0.999999 0.001252 0.000000
vn -0.999924 0.012338 0.000000
vn -0.930375 0.366610 0.000000
vn -0.930375 0.366610 0.000000
vn -0.999999 0.001595 0.000000
vn -0.999926 0.012127 0.000000
vn -0.930374 0.366611 0.000000
vn -0.930374 0.366611 0.000000
vn -0.999998 0.002174 0.000000
vn -0.999930 0.011802 0.000000
vn -0.930377 0.366605 0.000000
vn -0.930377 0.366605 0.000000
vn -0.999995 0.003293 0.000000
vn -0.999937 0.011252 0.000000
vn -0.930374 0.366613 0.000000
vn -0.930374 0.366613 0.000000
vn -0.999984 0.005614 0.000000
vn -0.999948 0.010177 0.000000
vn -0.930377 0.366604 0.000000
vn -0.930377 0.366604 0.000000
vn -0.873994 0.009549 -0.485843
vn -0.874021 0.006821 -0.485839
vn -0.799803 0.400243 -0.447348
vn -0.799803 0.400243 -0.447348
vn -0.888161 0.011651 -0.459384
vn -0.888225 0.006772 -0.459358
vn -0.780142 0.473269 -0.409140
vn -0.780142 0.473269 -0.409140
vn -0.852936 0.004932 -0.521993
vn -0.852659 0.002276 -0.522463
vn -0.856533 0.191928 -0.479077
vn -0.856533 0.191928 -0.479077
vn -0.889331 -0.001630 -0.457261
vn -0.889365 -0.000785 -0.457198
vn -0.881434 -0.096898 -0.462261
vn -0.881434 -0.096898 -0.462261
vn 0.000000 -0.000001 -1.000000
vn 0.000000 -0.000001 -1.000000
vn 0.000003 -0.000033 -1.000000
vn 0.000003 -0.000033 -1.000000
vn -0.000000 -0.000001 -1.000000
vn -0.000000 -0.000001 -1.000000
vn -0.000003 -0.000033 -1.000000
vn -0.000003 -0.000033 -1.000000
vn -0.000003 -0.000000 -1.000000
vn -0.000003 -0.000000 -1.000000
vn 0.000000 -0.000022 -1.000000
vn 0.000000 -0.000022 -1.000000
vn 0.018806 -0.000000 -0.999823
vn 0.018806 -0.000000 -0.999823
vn 0.018807 -0.000000 -0.999823
vn 0.018807 -0.000000 -0.999823
vn 0.830724 -0.000000 -0.556685
vn 0.830724 -0.000000 -0.556685
vn 0.830724 -0.000010 -0.556685
vn 0.830724 -0.000010 -0.556685
vn 1.000000 0.000000 -0.000005
vn 1.000000 0.000000 -0.000005
vn 1.000000 0.000002 -0.000005
vn 1.000000 0.000002 -0.000005
vn 0.991733 0.000000 -0.128318
vn 0.991733 0.000000 -0.128318
vn 0.991733 0.000013 -0.128318
vn 0.991733 0.000013 -0.128318
vn 0.815130 0.000000 0.579278
vn 0.815130 0.000000 0.579278
vn 0.815130 0.000007 0.579278
vn 0.815130 0.000007 0.579278
vn 1.000000 0.000000 -0.000001
vn 1.000000 0.000000 -0.000001
vn 1.000000 0.000000 0.000000
vn 1.000000 0.000000 0.000000
vn 1.000000 0.000000 -0.000005
vn 1.000000 0.000000 -0.000005
vn 1.000000 0.000010 -0.000006
vn 1.000000 0.000010 -0.000006
vn 0.796311 -0.000000 -0.604887
vn 0.796311 -0.000000 -0.604887
vn 0.796311 -0.000008 -0.604888
vn 0.796311 -0.000008 -0.604888
vn 1.000000 0.000000 0.000024
vn 1.000000 0.000000 0.000024
vn 1.000000 0.000002 0.000024
vn 1.000000 0.000002 0.000024
vn 0.999497 -0.015531 0.027647
vn 0.999569 -0.008455 0.028121
vn 0.918527 -0.395357 -0.000026
vn 0.918527 -0.395357 -0.000026
vn -0.025524 0.927353 -0.373315
vn -0.034162 0.927282 -0.372803
vn -0.021343 0.971836 -0.234691
vn -0.021343 0.971836 -0.234691
vn 0.000000 0.028986 -0.999580
vn -0.000712 0.032406 -0.999475
vn 0.000000 0.963844 -0.266467
vn 0.000000 0.963844 -0.266467
vn 0.875884 0.049536 -0.479972
vn 0.000000 0.028986 -0.999580
vn 0.185100 0.976873 -0.107038
vn 0.185100 0.976873 -0.107038
vn 0.209294 0.977852 -0.001508
vn 0.224097 0.971805 -0.073321
vn 0.209116 0.977866 -0.006890
vn 0.209116 0.977867 -0.006890
vn 0.208859 0.977946 -0.000001
vn 0.208930 0.977931 -0.000000
vn 0.208930 0.977931 -0.000000
vn 0.210903 0.977507 0.000497
vn 0.208931 0.977930 0.000001
vn 0.208931 0.977930 0.000001
vn 0.204803 0.977136 0.057097
vn 0.208932 0.977930 -0.000001
vn 0.208932 0.977930 -0.000001
vn 0.205904 0.974182 0.092596
vn 0.182770 0.973868 0.134819
vn 0.182770 0.973868 0.134819
vn 0.246497 0.969143 0.000486
vn 0.251546 0.967845 0.000000
vn 0.251546 0.967845 0.000000
vn 0.292953 0.941348 -0.167458
vn 0.251546 0.967845 0.000000
vn 0.251546 0.967845 0.000000
vn 0.221194 0.974646 -0.033748
vn 0.330512 0.911770 -0.243800
vn 0.330512 0.911770 -0.243799
vn 0.200172 0.979087 0.036323
vn 0.208930 0.977931 0.000000
vn 0.208930 0.977931 0.000000
vn 0.183215 0.979048 0.088869
vn 0.176117 0.981785 0.071284
vn 0.176117 0.981785 0.071284
vn 0.856872 0.070565 0.510677
vn 0.919596 0.075531 0.385536
vn 0.036940 0.989471 -0.139937
vn 0.036940 0.989471 -0.139937
vn 0.001765 0.953042 0.302834
vn 0.043126 0.961019 0.273098
vn 0.000000 0.929138 -0.369734
vn 0.000000 0.929138 -0.369734
vn -0.001680 0.953357 0.301839
vn -0.000000 0.929138 -0.369734
vn -0.000000 0.929138 -0.369734
vn -0.059042 0.962084 0.266286
vn -0.000000 0.929138 -0.369734
vn -0.000000 0.929138 -0.369734
vn -0.111715 0.981518 -0.155375
vn -0.111715 0.981518 -0.155375
vn 0.000000 0.130977 0.991385
vn 0.000000 0.142848 0.989745
vn 0.000000 0.994354 -0.106111
vn 0.000000 0.994354 -0.106111
vn 0.000001 0.114339 0.993442
vn -0.000000 0.994354 -0.106111
vn -0.000000 0.994354 -0.106111
vn -0.766195 0.213659 0.606049
vn 0.078524 0.995211 -0.058210
vn 0.078524 0.995211 -0.058210
vn -0.821745 0.222558 0.524598
vn 0.080650 0.995561 -0.048512
vn 0.080650 0.995561 -0.048512
vn 0.000000 0.057114 0.998368
vn 0.000000 0.992106 -0.125404
vn 0.000000 0.992106 -0.125404
vn -0.966296 0.257311 -0.007946
vn 0.094638 0.995512 0.000399
vn 0.094638 0.995512 0.000399
vn -0.972109 0.234529 0.000000
vn 0.095644 0.995416 0.000000
vn 0.095644 0.995416 0.000000
vn -0.977105 0.212756 0.000000
vn 0.095644 0.995416 0.000000
vn 0.095644 0.995416 0.000000
vn -0.981858 0.189617 0.000000
vn 0.095644 0.995416 0.000000
vn 0.095644 0.995416 0.000000
vn -0.986005 0.166719 0.000000
vn 0.095644 0.995416 0.000000
vn 0.095644 0.995416 0.000000
vn -0.989351 0.145552 0.000000
vn 0.095644 0.995416 0.000000
vn 0.095644 0.995416 0.000000
vn -0.853904 0.198276 -0.481181
vn 0.080982 0.995811 0.042460
vn 0.080982 0.995811 0.042460
vn -0.871255 0.160360 -0.463896
vn 0.089679 0.994986 0.044267
vn 0.089679 0.994986 0.044267
vn -0.883652 0.132962 -0.448866
vn 0.095594 0.994291 0.047406
vn 0.095594 0.994291 0.047406
vn -0.876024 0.110551 -0.469426
vn 0.102761 0.993405 0.050867
vn 0.102761 0.993405 0.050867
vn 0.000002 0.168731 -0.985662
vn 0.000000 0.992349 0.123463
vn 0.000000 0.992349 0.123463
vn -0.000002 0.137981 -0.990435
vn 0.000000 0.992349 0.123463
vn 0.000000 0.992349 0.123463
vn 0.000002 0.108197 -0.994129
vn 0.000000 0.992349 0.123463
vn 0.000000 0.992349 0.123463
vn 0.018827 0.079087 -0.996690
vn -0.001317 0.992176 0.124838
vn -0.001317 0.992176 0.124838
vn 0.813914 0.195768 -0.547010
vn -0.078827 0.995884 0.044733
vn -0.078827 0.995884 0.044733
vn 0.972985 0.230810 0.005263
vn -0.106148 0.994091 0.022686
vn -0.106148 0.994092 0.022686
vn 0.980913 0.146320 -0.128067
vn -0.127584 0.991789 0.008717
vn -0.127584 0.991789 0.008717
vn 0.798258 0.200865 0.567835
vn -0.125323 0.988349 -0.086372
vn -0.125323 0.988349 -0.086372
vn 0.981211 0.192938 0.000003
vn -0.110148 0.993915 0.000002
vn -0.110148 0.993915 0.000002
vn 0.982197 0.187853 -0.000007
vn -0.110147 0.993915 0.000000
vn -0.110147 0.993915 0.000000
vn 0.789076 0.131942 -0.599958
vn -0.091259 0.993701 0.065039
vn -0.091259 0.993701 0.065039
vn 0.984187 0.177134 0.000024
vn -0.100199 0.994967 -0.000001
vn -0.100199 0.994967 -0.000001
vn 0.988523 0.149513 -0.021639
vn -0.097452 0.995240 0.001117
vn -0.097452 0.995240 0.001117
vn 0.863170 0.199259 0.463932
vn -0.084740 0.995500 -0.042421
vn -0.084740 0.995500 -0.042421
vn 0.864384 0.165492 0.474819
vn -0.092075 0.994637 -0.047115
vn -0.092075 0.994637 -0.047115
vn 0.873500 0.129291 0.469342
vn -0.101916 0.993484 -0.051019
vn -0.101916 0.993484 -0.051019
vn 0.872259 0.098666 0.478989
vn -0.112408 0.991996 -0.057519
vn -0.112408 0.991996 -0.057519
vn 0.878842 0.069302 0.472052
vn -0.127734 0.989745 -0.063944
vn -0.127734 0.989745 -0.063944
vn -0.144115 0.986809 -0.073744
vn -0.144115 0.986809 -0.073744
vn -0.062098 0.019158 0.997886
vn -0.062752 0.010829 0.997970
vn -0.048637 -0.000602 0.998816
vn -0.048639 -0.000599 0.998816
vn -0.778684 -0.002938 0.627409
vn -0.778657 -0.001743 0.627447
vn -0.809222 0.003036 0.587495
vn -0.809323 0.003819 0.587351
vn 0.000000 0.010703 0.999943
vn 0.000000 0.010703 0.999943
vn -0.999973 0.000886 0.007285
vn -0.999973 0.000472 0.007300
vn -0.999924 0.012338 0.000000
vn -0.999999 0.001252 0.000000
vn -0.999927 0.012127 0.000000
vn -0.999999 0.001595 0.000000
vn -0.999930 0.011802 0.000000
vn -0.999998 0.002174 0.000000
vn -0.999937 0.011252 0.000000
vn -0.999995 0.003293 0.000000
vn -0.999948 0.010177 0.000000
vn -0.999984 0.005614 0.000000
vn -0.874021 0.006821 -0.485840
vn -0.873994 0.009549 -0.485843
vn -0.888225 0.006772 -0.459358
vn -0.888161 0.011651 -0.459384
vn -0.852659 0.002276 -0.522463
vn -0.852936 0.004932 -0.521993
vn -0.889365 -0.000785 -0.457198
vn -0.889331 -0.001630 -0.457261
vn 0.000000 -0.000001 -1.000000
vn 0.000000 -0.000001 -1.000000
vn -0.000000 -0.000001 -1.000000
vn -0.000000 -0.000001 -1.000000
vn -0.000003 -0.000000 -1.000000
vn -0.000003 -0.000000 -1.000000
vn 0.018806 -0.000000 -0.999823
vn 0.018806 -0.000000 -0.999823
vn 0.830724 -0.000000 -0.556685
vn 0.830724 -0.000000 -0.556685
vn 1.000000 0.000000 -0.000005
vn 1.000000 0.000000 -0.000005
vn 0.991733 0.000000 -0.128318
vn 0.991733 0.000000 -0.128318
vn 0.815130 0.000000 0.579278
vn 0.815130 0.000000 0.579278
vn 1.000000 0.000000 -0.000001
vn 1.000000 0.000000 -0.000001
vn 1.000000 0.000000 -0.000005
vn 1.000000 0.000000 -0.000005
vn 0.796311 -0.000000 -0.604887
vn 0.796311 -0.000000 -0.604887
vn 1.000000 0.000000 0.000024
vn 1.000000 0.000000 0.000024
vn 0.999569 -0.008455 0.028121
vn 0.999497 -0.015531 0.027647
vn -0.000000 -1.000000 -0.000001
vn -0.017812 -0.999796 -0.009526
vn -0.017705 -0.999798 -0.009468
vn -0.000000 -1.000000 -0.000001
vn 0.000000 -1.000000 -0.000000
vn 0.000000 -1.000000 -0.000000
vn 0.000000 -1.000000 0.000000
vn 0.000000 -1.000000 0.000000
vn 0.000000 -1.000000 -0.000000
vn 0.000000 -1.000000 -0.000000
vn -0.225334 -0.973552 -0.037699
vn -0.223377 -0.974015 -0.037372
vn -0.497479 -0.863474 -0.083230
vn -0.497479 -0.863474 -0.083230
vn -0.069279 -0.964197 -0.255977
vn -0.133850 -0.858775 -0.494560
vn -0.133850 -0.858775 -0.494560
vn -0.069648 -0.963808 -0.257339
vn 0.000000 -1.000000 -0.000000
vn 0.000000 -1.000000 -0.000000
vn 0.000000 -1.000000 -0.000000
vn 0.000000 -1.000000 -0.000000
vn 0.000000 -1.000000 -0.000000
vn 0.000000 -1.000000 -0.000000
vn 0.000000 -1.000000 -0.000000
vn 0.000000 -1.000000 -0.000000
vn -0.000000 -1.000000 0.000000
vn -0.000000 -1.000000 0.000000
vn -0.000000 -1.000000 0.000001
vn -0.000000 -1.000000 0.000001
vn 0.000000 -1.000000 -0.000000
vn 0.000000 -1.000000 -0.000000
vn 0.000000 -1.000000 -0.000000
vn 0.000000 -1.000000 -0.000000
vn 0.000000 -1.000000 0.000000
vn 0.000000 -1.000000 0.000000
vn 0.000000 -1.000000 -0.000000
vn 0.000000 -1.000000 -0.000000
vn 0.000000 -1.000000 0.000000
vn 0.000000 -1.000000 0.000000
vn 0.009929 -0.999893 -0.010756
vn 0.009778 -0.999896 -0.010592
vn 0.008715 -0.999917 -0.009441
vn 0.008787 -0.999916 -0.009520
vn 0.000000 -1.000000 0.000000
vn 0.000000 -1.000000 0.000000
vn 0.000000 -1.000000 -0.000000
vn 0.000000 -1.000000 -0.000000
vn -0.019747 -0.999749 -0.010560
vn -0.019737 -0.999750 -0.010554
vn -0.603077 0.080783 0.793582
vn -0.579916 0.259594 0.772210
vn -0.767590 0.263160 0.584425
vn -0.793295 0.076960 0.603954
vn -0.411959 0.709332 0.571960
vn -0.276423 0.873086 0.401636
vn -0.403217 0.861834 0.307665
vn -0.557407 0.713378 0.424722
vn -0.054922 0.783376 -0.619117
vn 0.017378 0.495050 -0.868691
vn 0.028720 0.079368 -0.996432
vn -0.016739 0.824410 -0.565745
vn -0.795664 0.000000 0.605738
vn -0.606706 0.000000 0.794926
vn -0.977673 0.000001 0.210133
vn -0.974827 0.076478 0.209437
vn -0.999993 0.000004 0.003715
vn -0.996751 0.080460 0.003700
vn -1.000000 0.000003 0.000000
vn -0.996746 0.080602 0.000000
vn -0.999986 0.000000 -0.005327
vn -0.996745 0.080444 -0.005269
vn -0.998322 0.054288 -0.020128
vn 0.029502 0.000000 -0.999565
vn 0.054015 0.000000 -0.998540
vn 0.053895 0.066749 -0.996313
vn 0.900575 0.000000 -0.434702
vn 0.866599 0.000000 -0.499005
vn 0.864660 0.066867 -0.497888
vn 0.897971 0.075590 -0.433513
vn 0.999931 0.000000 -0.011706
vn 0.996746 0.079765 -0.011645
vn 1.000000 0.000000 -0.000018
vn 0.996747 0.080597 -0.000018
vn 0.999981 0.000000 0.006220
vn 0.996745 0.080385 0.006193
vn 0.999925 0.000000 0.012215
vn 0.997313 0.072233 0.012182
vn 0.794454 0.000000 0.607324
vn 0.794454 0.000000 0.607324
vn 0.792371 0.072379 0.605731
vn 0.791319 0.088759 0.604926
vn 1.000000 0.000000 0.000000
vn 0.999290 0.000000 -0.037681
vn 0.995311 0.089147 -0.037532
vn 0.996785 0.080127 0.000000
vn 0.999290 0.000000 0.037681
vn 0.995311 0.089147 0.037532
vn 0.794455 0.000000 -0.607324
vn 0.794455 0.000000 -0.607324
vn 0.791319 0.088759 -0.604926
vn 0.792375 0.072311 -0.605733
vn 0.989238 0.000000 0.146312
vn 0.999973 0.000000 -0.007418
vn 0.997370 0.072103 -0.007398
vn 0.986316 0.076836 0.145867
vn 0.883702 0.000000 0.468051
vn 0.880209 0.079285 0.467916
vn 0.828750 0.000000 0.559620
vn 0.825193 0.068159 0.560724
vn 0.020747 0.000000 0.999785
vn 0.031529 0.000000 0.999503
vn 0.031482 0.070560 0.997011
vn 0.020703 0.083199 0.996318
vn -0.012875 0.000000 0.999917
vn -0.012886 0.083443 0.996429
vn -0.027250 0.000000 0.999629
vn -0.027282 0.076269 0.996714
vn -0.569315 0.000000 0.822119
vn -0.564244 0.073671 0.822315
vn -0.003380 0.000004 -0.999994
vn -0.003380 0.000004 -0.999994
vn -0.003380 0.000004 -0.999994
vn -1.000000 0.000000 0.000011
vn -1.000000 0.000000 0.000011
vn -1.000000 0.000000 0.000011
vn -0.227929 0.972500 0.047879
vn -0.858440 0.478830 0.183857
vn -0.681345 0.717376 0.145400
vn -0.478021 0.878347 0.001652
vn -0.866512 0.499145 0.003211
vn -0.473328 0.880886 0.000000
vn -0.965928 0.258810 0.000001
vn -0.707110 0.707103 0.000000
vn -0.539887 0.841585 -0.016052
vn -0.965921 0.258795 -0.004707
vn -0.707058 0.707040 -0.012775
vn -0.593585 0.804118 -0.032417
vn 0.161346 0.970823 -0.177399
vn 0.358619 0.844033 -0.398748
vn 0.048724 0.431679 -0.900710
vn 0.483839 0.843442 -0.233463
vn 0.837072 0.258817 -0.482001
vn 0.868951 0.262271 -0.419688
vn 0.612779 0.707106 -0.352851
vn 0.631965 0.712066 -0.305912
vn 0.479696 0.877419 -0.005203
vn 0.965842 0.258888 -0.011231
vn 0.706959 0.707209 -0.008012
vn 0.473426 0.880833 -0.000007
vn 0.965926 0.258819 -0.000017
vn 0.707105 0.707109 -0.000012
vn 0.480889 0.876777 0.002781
vn 0.866749 0.498715 0.005375
vn 0.226458 0.971695 0.067273
vn 0.842423 0.477413 0.249800
vn 0.660143 0.724975 0.196527
vn 0.382120 0.906059 0.181772
vn 0.746132 0.560852 0.358791
vn 0.486213 0.873840 0.000001
vn 0.866805 0.498648 0.000001
vn 0.382129 0.906057 -0.181766
vn 0.965244 0.258802 0.036402
vn 0.695153 0.591614 -0.408356
vn 0.500773 0.853119 -0.146337
vn 0.844121 0.476998 -0.244810
vn 0.505195 0.859733 0.075081
vn 0.867537 0.480540 0.128301
vn 0.204743 0.970449 0.127705
vn 0.766343 0.488206 0.417581
vn 0.615064 0.710453 0.341985
vn 0.077556 0.970608 0.227825
vn 0.794360 0.258509 0.549696
vn 0.566971 0.708677 0.419905
vn 0.566971 0.708677 0.419905
vn 0.009599 0.868438 0.495705
vn 0.028503 0.435513 0.899731
vn 0.018067 0.496180 0.868032
vn 0.022448 0.706065 0.707791
vn -0.006005 0.876044 0.482194
vn -0.012612 0.259164 0.965751
vn -0.009386 0.707557 0.706594
vn -0.140442 0.854762 0.499658
vn -0.026695 0.259443 0.965389
vn -0.199476 0.720756 0.663868
vn -0.537302 0.259736 0.802399
vn 0.000000 -1.000000 0.000001
vn 0.000000 -1.000000 0.000001
vn 0.000000 -1.000000 0.000001
vn 0.000000 -1.000000 0.000001
vn 0.000000 -1.000000 -0.000000
vn 0.000000 -1.000000 -0.000000
vn 0.000000 -1.000000 -0.000000
vn 0.000000 -1.000000 -0.000000
vn 0.000000 -1.000000 0.000001
vn 0.000000 -1.000000 0.000001
vn 0.000000 -1.000000 0.000001
vn 0.000000 -1.000000 0.000001
vn 0.000000 -1.000000 -0.000000
vn 0.000000 -1.000000 -0.000000
vn 0.000000 -1.000000 -0.000000
vn 0.000000 -1.000000 -0.000000
vn 0.000000 -1.000000 0.000000
vn 0.000000 -1.000000 0.000000
vn 0.000000 -1.000000 0.000000
vn 0.000000 -1.000000 0.000000
vn 0.000000 -1.000000 0.000000
vn 0.000000 -1.000000 0.000000
vn -0.000000 -1.000000 0.000000
vn -0.000000 -1.000000 0.000000
vn -0.000002 -1.000000 -0.000000
vn -0.000002 -1.000000 -0.000000
vn -0.000002 -1.000000 -0.000001
vn -0.000002 -1.000000 -0.000001
vn -0.000002 -1.000000 -0.000001
vn -0.000002 -1.000000 -0.000001
vn -0.000001 -1.000000 0.000000
vn -0.000001 -1.000000 0.000000
vn 0.000000 -1.000000 0.000000
vn 0.000000 -1.000000 0.000000
vn 0.000000 -1.000000 -0.000000
vn 0.000000 -1.000000 -0.000000
vn 0.000586 -1.000000 0.000141
vn 0.000573 -1.000000 0.000138
vn 0.000209 -1.000000 -0.000264
vn 0.000223 -1.000000 -0.000255
vn -0.000330 -1.000000 -0.000418
vn -0.000323 -1.000000 -0.000410
vn 0.000000 -1.000000 -0.000000
vn 0.000000 -1.000000 -0.000000
vn 0.000000 -1.000000 -0.000001
vn 0.000000 -1.000000 -0.000001
vn 0.000000 -1.000000 -0.000001
vn 0.000000 -1.000000 -0.000001
vn 0.000000 -1.000000 0.000000
vn 0.000000 -1.000000 0.000000
vn 0.000000 -1.000000 0.000001
vn 0.000000 -1.000000 0.000001
vn 0.000000 -1.000000 0.000000
vn 0.000000 -1.000000 0.000000
vn 0.000000 -1.000000 0.000000
vn 0.000000 -1.000000 0.000000
vn 0.000000 -1.000000 0.000000
vn 0.000000 -1.000000 0.000000
vn 0.000000 -1.000000 0.000001
vn 0.000000 -1.000000 0.000001
vn 0.000000 -1.000000 0.000000
vn 0.000000 -1.000000 -0.000000
vn 0.000000 -1.000000 -0.000001
vn 0.000000 -1.000000 -0.000001
vn 0.000000 -1.000000 -0.000001
vn 0.000000 -1.000000 -0.000001
vn 0.000000 -1.000000 -0.000001
vn 0.000000 -1.000000 -0.000001
vn 0.079059 0.061492 0.994972
vn 0.076509 0.258821 0.962891
vn 0.010870 0.259454 0.965694
vn 0.011232 0.071371 0.997386
vn 0.056008 0.707120 0.704872
vn 0.262091 0.849544 0.457802
vn 0.005764 0.857896 0.513792
vn 0.007931 0.708040 0.706128
vn 0.065894 0.991165 0.115110
vn 0.001252 0.993719 0.111900
vn 0.011263 0.000000 0.999937
vn 0.079209 0.000000 0.996858
vn -0.065455 0.000000 0.997856
vn -0.065323 0.063343 0.995852
vn -0.810107 0.000000 0.586282
vn -0.744339 0.000000 0.667802
vn -0.742846 0.063302 0.666462
vn -0.808287 0.070127 0.584597
vn -0.916951 0.000000 0.398999
vn -0.913586 0.085601 0.397534
vn -0.102722 0.000000 0.994710
vn -0.102722 0.000000 0.994710
vn -0.102352 0.084864 0.991122
vn -0.102574 0.053775 0.993271
vn -0.999212 0.000000 0.039701
vn -0.997646 0.000000 0.068576
vn -0.996205 0.053716 0.068477
vn -0.996600 0.072259 0.039578
vn -1.000000 0.000000 0.000002
vn -0.997321 0.073146 0.000002
vn -1.000000 0.000000 0.000000
vn -0.997321 0.073153 0.000000
vn -1.000000 0.000000 0.000000
vn -0.997321 0.073152 -0.000000
vn -0.999979 0.000000 -0.006538
vn -0.997314 0.072956 -0.006514
vn -0.983925 0.000000 -0.178585
vn -0.981576 0.069148 -0.178119
vn -0.882809 0.000004 -0.469731
vn -0.880448 0.073086 -0.468475
vn -0.886989 0.000007 -0.461791
vn -0.884598 0.073363 -0.460548
vn -0.863989 0.000002 -0.503511
vn -0.861768 0.071904 -0.502181
vn -0.841342 0.000000 -0.540503
vn -0.839754 0.061423 -0.539482
vn -0.047358 0.000000 -0.998878
vn -0.087530 0.000000 -0.996162
vn -0.087366 0.061401 -0.994282
vn -0.047205 0.072028 -0.996285
vn 0.000016 0.000000 -1.000000
vn 0.000016 0.073117 -0.997323
vn 0.048043 0.000000 -0.998845
vn 0.047908 0.072110 -0.996246
vn 0.088203 0.000000 -0.996103
vn 0.088032 0.062266 -0.994170
vn 0.813192 0.000000 -0.581995
vn 0.813192 0.000000 -0.581995
vn 0.811616 0.062236 -0.580867
vn 0.811423 0.065918 -0.580729
vn 0.996723 0.000000 -0.080895
vn 0.999415 0.000000 -0.034194
vn 0.997243 0.065898 -0.034120
vn 0.994002 0.073823 -0.080680
vn 0.994704 0.000000 -0.102778
vn 0.992643 0.064350 -0.102564
vn 0.820642 0.000000 0.571442
vn 0.820642 0.000000 0.571442
vn 0.818936 0.064459 0.570254
vn 0.817942 0.081060 0.569562
vn 0.999987 0.000000 0.005086
vn 0.995102 0.000000 -0.098857
vn 0.991784 0.081593 -0.098526
vn 0.997418 0.071631 0.005090
vn 0.993899 0.000000 0.110296
vn 0.990531 0.082255 0.109922
vn 0.796314 0.000000 -0.604884
vn 0.796314 0.000000 -0.604884
vn 0.793652 0.081689 -0.602863
vn 0.794600 0.065567 -0.603583
vn 0.999893 0.000000 -0.014649
vn 0.999797 0.000000 -0.020171
vn 0.997654 0.065428 -0.020128
vn 0.997230 0.072924 -0.014607
vn 0.986038 0.000000 0.166522
vn 0.983682 0.069173 0.166088
vn 0.884409 0.000000 0.466712
vn 0.882064 0.072728 0.465481
vn 0.878966 0.000000 0.476885
vn 0.876605 0.073250 0.475603
vn 0.878966 0.000000 0.476885
vn 0.876618 0.073040 0.475611
vn 0.878967 0.000000 0.476883
vn 0.876606 0.073240 0.475603
vn 0.856960 0.000000 0.515383
vn 0.854753 0.071992 0.514017
vn 0.833564 0.000000 0.552422
vn 0.831987 0.061496 0.551377
vn -0.055858 0.991944 0.113699
vn -0.094689 0.993271 0.066677
vn -0.036346 0.997131 0.066394
vn -0.148162 0.986631 0.067872
vn -0.110655 0.993850 0.004306
vn -0.089004 0.996031 0.000000
vn -0.089041 0.996028 0.000000
vn -0.089042 0.996028 -0.000000
vn -0.091953 0.995763 -0.000598
vn -0.108867 0.993864 -0.019560
vn -0.080770 0.995806 -0.042977
vn -0.078236 0.996102 -0.040737
vn -0.088978 0.994692 -0.051686
vn -0.071700 0.991099 -0.112167
vn -0.004668 0.994838 -0.101373
vn 0.000001 0.996034 -0.088974
vn 0.004696 0.994966 -0.100105
vn 0.074585 0.990918 -0.111891
vn 0.116492 0.991909 -0.050465
vn 0.094644 0.995481 -0.007707
vn 0.119631 0.992437 0.027502
vn 0.065641 0.997272 0.033764
vn 0.098634 0.995124 0.000566
vn 0.061888 0.997491 -0.034380
vn 0.113464 0.992877 -0.036347
vn 0.095553 0.995423 -0.001400
vn 0.109099 0.993864 0.018238
vn 0.082312 0.995659 0.043460
vn 0.077952 0.996060 0.042291
vn 0.078569 0.995997 0.042628
vn 0.077914 0.996063 0.042273
vn 0.086803 0.994866 0.052037
vn -0.234140 0.848058 0.475369
vn -0.063224 0.258824 0.963853
vn -0.046283 0.707113 0.705584
vn -0.422945 0.854527 0.301500
vn -0.718980 0.258811 0.645046
vn -0.782547 0.261585 0.564972
vn -0.526320 0.707116 0.472202
vn -0.571706 0.711227 0.409033
vn -0.176165 0.926864 0.331496
vn -0.885710 0.258808 0.385403
vn -0.648374 0.707116 0.282131
vn -0.473774 0.853813 0.215735
vn -0.085089 0.560246 0.823944
vn -0.094008 0.403092 0.910318
vn -0.506394 0.862073 0.019886
vn -0.913216 0.402612 0.062772
vn -0.868288 0.494871 0.034341
vn -0.500091 0.865973 0.000001
vn -0.866052 0.499953 0.000001
vn -0.500003 0.866024 0.000000
vn -0.866024 0.500002 0.000000
vn -0.500000 0.866025 -0.000001
vn -0.866025 0.500001 -0.000001
vn -0.501583 0.865103 -0.003268
vn -0.866680 0.498833 -0.005654
vn -0.248637 0.967566 -0.044672
vn -0.863913 0.478716 -0.156477
vn -0.686728 0.716241 -0.124115
vn -0.228495 0.965924 -0.121578
vn -0.764813 0.499455 -0.406947
vn -0.624247 0.707099 -0.332154
vn -0.229563 0.965926 -0.119530
vn -0.767587 0.501098 -0.399639
vn -0.627177 0.707120 -0.326542
vn -0.223540 0.966007 -0.129851
vn -0.751917 0.492827 -0.437884
vn -0.610761 0.707546 -0.355457
vn -0.099929 0.884295 -0.456109
vn -0.756264 0.438199 -0.485845
vn -0.594930 0.707095 -0.382198
vn -0.023699 0.860991 -0.508067
vn -0.078690 0.437996 -0.895526
vn -0.040931 0.493496 -0.868784
vn 0.000007 0.865779 -0.500427
vn 0.000017 0.258814 -0.965927
vn 0.000010 0.707111 -0.707102
vn 0.024104 0.861068 -0.507919
vn 0.041598 0.493564 -0.868714
vn 0.131515 0.971483 -0.197295
vn 0.079130 0.441772 -0.893631
vn 0.062372 0.707107 -0.704350
vn 0.228683 0.968447 -0.099069
vn 0.729646 0.441500 -0.522202
vn 0.806325 0.475207 -0.352162
vn 0.575017 0.707102 -0.411536
vn 0.635058 0.721177 -0.276776
vn 0.495307 0.867784 -0.040277
vn 0.861366 0.503145 -0.069962
vn 0.513883 0.849853 0.116937
vn 0.839887 0.541320 0.039522
vn 0.384545 0.901243 0.199714
vn 0.792678 0.258822 0.551972
vn 0.792678 0.258822 0.551972
vn 0.614767 0.720408 0.321053
vn 0.506092 0.862475 0.002768
vn 0.961196 0.258815 -0.095484
vn 0.965556 0.260148 0.004972
vn 0.705149 0.709049 0.003791
vn 0.271081 0.957171 -0.101681
vn 0.960033 0.258820 0.106535
vn 0.702793 0.707106 0.077990
vn 0.235204 0.969021 -0.075342
vn 0.667832 0.544664 -0.507289
vn 0.837664 0.477849 -0.264536
vn 0.563078 0.707109 -0.427715
vn 0.657005 0.724540 -0.208296
vn 0.502171 0.864737 -0.007355
vn 0.866788 0.498516 -0.012695
vn 0.518353 0.850723 0.087064
vn 0.950692 0.265428 0.160411
vn 0.687805 0.716620 0.115672
vn 0.445149 0.864074 0.234987
vn 0.854256 0.258854 0.450823
vn 0.625299 0.707151 0.330059
vn 0.438938 0.866384 0.238144
vn 0.849017 0.258815 0.460635
vn 0.621515 0.707117 0.337201
vn 0.440062 0.865645 0.238757
vn 0.849019 0.258805 0.460638
vn 0.621514 0.707117 0.337203
vn 0.439062 0.866300 0.238218
vn 0.849017 0.258815 0.460635
vn 0.621518 0.707110 0.337211
vn 0.436209 0.860898 0.261871
vn 0.827760 0.259082 0.497684
vn 0.605848 0.707486 0.363885
vn 0.589415 0.707111 0.390620
vn 0.805159 0.258832 0.533597
s off
g Mound1
f 2/354/1 1/352/2 3/3/3 4/4/4
f 5/353/5 2/354/6 4/4/7 6/349/8
f 7/351/9 8/350/10 9/9/11 1/352/12
f 8/350/13 10/347/14 11/11/15 9/9/16
f 9/9/17 11/11/18 12/12/19 13/13/20
f 1/352/21 9/9/22 13/13/23 3/3/24
f 3/3/25 13/13/26 14/14/27 15/15/28
f 13/13/29 12/12/30 16/16/31 14/14/32
f 14/14/33 16/16/34 17/17/35 18/18/36
f 15/15/37 14/14/38 18/18/39 19/19/40
f 6/349/41 4/4/42 20/20/43 21/348/44
f 4/4/45 3/3/46 15/15/47 20/20/48
f 20/20/49 15/15/50 19/19/51 22/22/52
f 21/348/53 20/20/54 22/22/55 23/339/56
f 10/347/57 24/346/58 25/345/59 11/11/60
f 25/345/61 26/344/62 27/343/63 28/342/64
f 11/11/65 25/345/66 28/342/67 12/12/68
f 12/12/69 28/342/70 29/341/71 16/16/72
f 16/16/73 29/341/74 30/337/75 17/17/76
f 84/31/77 83/32/78 85/33/79 86/34/80
f 87/35/81 84/31/82 86/34/83 88/36/84
f 88/36/85 86/34/86 89/37/87 90/38/88
f 86/34/89 85/33/90 91/39/91 89/37/92
f 89/37/93 91/39/94 92/40/95 93/41/96
f 90/38/97 89/37/98 93/41/99 94/42/100
f 96/43/101 95/44/102 97/45/103 98/46/104
f 95/44/105 88/36/106 90/38/107 97/45/108
f 97/45/109 90/38/110 94/42/111 99/47/112
f 98/46/113 97/45/114 99/47/115 100/48/116
f 23/339/117 22/22/118 40/49/119 31/340/120
f 22/22/121 19/19/122 41/51/123 40/49/124
f 40/49/125 41/51/126 42/52/127 43/320/128
f 31/340/129 40/49/130 43/320/131 33/322/132
f 19/19/133 18/18/134 44/55/135 41/51/136
f 18/18/137 17/17/138 45/56/139 44/55/140
f 44/55/141 45/56/142 46/57/143 47/58/144
f 41/51/145 44/55/146 47/58/147 42/52/148
f 42/52/149 47/58/150 48/59/151 49/318/152
f 47/58/153 46/57/154 50/61/155 48/59/156
f 48/59/157 50/61/158 51/330/159 52/338/160
f 49/318/161 48/59/162 52/338/163 53/321/164
f 85/33/165 101/65/166 102/66/167 91/39/168
f 43/320/169 42/52/170 49/355/171 54/319/172
f 102/66/173 103/68/174 104/69/175 105/70/176
f 91/39/177 102/66/178 105/70/179 92/40/180
f 17/17/181 30/337/182 55/71/183 45/56/184
f 30/337/185 56/336/186 57/335/187 55/71/188
f 55/71/189 57/335/190 58/334/191 59/75/192
f 45/56/193 55/71/194 59/75/195 46/57/196
f 46/57/197 59/75/198 60/332/199 50/61/200
f 59/75/201 58/334/202 61/333/203 60/332/204
f 50/61/205 60/332/206 62/331/207 51/330/208
f 100/48/209 99/47/210 106/79/211 107/80/212
f 99/47/213 94/42/214 108/81/215 106/79/216
f 106/79/217 108/81/218 109/82/219 110/83/220
f 107/80/221 106/79/222 110/83/223 111/84/224
f 94/42/225 93/41/226 112/85/227 108/81/228
f 93/41/229 92/40/230 113/86/231 112/85/232
f 112/85/233 113/86/234 114/87/235 115/88/236
f 108/81/237 112/85/238 115/88/239 109/82/240
f 109/82/241 115/88/242 116/89/243 117/90/244
f 115/88/245 114/87/246 118/91/247 116/89/248
f 116/89/249 118/91/250 119/92/251 120/93/252
f 117/90/253 116/89/254 120/93/255 121/94/256
f 111/84/257 110/83/258 122/95/259 123/96/260
f 110/83/261 109/82/262 117/90/263 122/95/264
f 122/95/265 117/90/266 121/94/267 124/97/268
f 123/96/269 122/95/270 124/97/271 125/98/272
f 92/40/273 105/70/274 126/99/275 113/86/276
f 105/70/277 104/69/278 127/100/279 126/99/280
f 126/99/281 127/100/282 128/101/283 129/102/284
f 113/86/285 126/99/286 129/102/287 114/87/288
f 104/69/289 130/103/290 131/104/291 127/100/292
f 127/100/293 131/104/294 132/105/295 128/101/296
f 114/87/297 129/102/298 133/106/299 118/91/300
f 129/102/301 128/101/302 134/107/303 133/106/304
f 133/106/305 134/107/306 135/108/307 136/109/308
f 118/91/309 133/106/310 136/109/311 119/92/312
f 124/97/313 121/94/314 137/110/315 138/111/316
f 121/94/317 120/93/318 139/112/319 137/110/320
f 120/93/321 119/92/322 140/113/323 139/112/324
f 139/112/325 140/113/326 141/114/327 142/115/328
f 137/110/329 139/112/330 142/115/331 143/116/332
f 119/92/333 136/109/334 144/117/335 140/113/336
f 136/109/337 135/108/338 145/118/339 144/117/340
f 144/117/341 145/118/342 146/119/343 147/120/344
f 140/113/345 144/117/346 147/120/347 141/114/348
f 135/108/349 148/121/350 149/122/351 145/118/352
f 32/328/353 31/329/354 150/176/355 151/177/356
f 31/329/357 33/54/358 183/178/359 150/176/360
f 34/327/361 32/328/362 151/177/363 152/180/364
f 35/324/365 34/327/366 152/180/367 153/182/368
f 37/326/369 36/325/370 154/185/371 155/186/372
f 38/323/373 37/326/374 155/186/375 156/188/376
f 36/325/377 35/324/378 153/182/379 154/185/380
f 39/317/381 38/323/382 156/188/383 157/190/384
f 33/54/385 43/53/386 182/191/387 183/178/388
f 43/53/389 54/67/390 181/192/391 182/191/392
f 54/67/393 49/60/394 180/193/395 181/192/396
f 49/60/397 53/64/398 179/194/399 180/193/400
f 63/316/401 39/317/402 157/190/403 158/196/404
f 64/315/405 63/316/406 158/196/407 159/198/408
f 65/313/409 64/315/410 159/198/411 160/200/412
f 66/306/413 67/314/414 161/203/415 162/204/416
f 67/314/417 65/313/418 160/200/419 161/203/420
f 53/64/421 52/312/422 178/205/423 179/194/424
f 52/312/425 69/311/426 177/207/427 178/205/428
f 69/311/429 70/310/430 176/209/431 177/207/432
f 70/310/433 68/309/434 175/211/435 176/209/436
f 68/309/437 71/308/438 174/213/439 175/211/440
f 71/308/441 72/299/442 173/215/443 174/213/444
f 73/303/445 74/307/446 163/218/447 164/219/448
f 74/307/449 66/306/450 162/204/451 163/218/452
f 75/301/453 76/305/454 166/222/455 167/223/456
f 76/305/457 77/304/458 165/225/459 166/222/460
f 77/304/461 73/303/462 164/219/463 165/225/464
f 78/297/465 79/302/466 169/228/467 170/229/468
f 79/302/469 80/300/470 168/231/471 169/228/472
f 80/300/473 75/301/474 167/223/475 168/231/476
f 72/299/477 81/298/478 172/233/479 173/215/480
f 81/298/481 82/296/482 171/235/483 172/233/484
f 82/296/485 78/297/486 170/229/487 171/235/488
f 151/177/489 150/176/490 468/528/491 469/529/492
f 152/180/493 151/177/494 469/529/495 470/530/496
f 153/182/497 152/180/498 470/530/499 471/531/500
f 154/185/501 153/182/502 471/531/503 472/532/504
f 155/186/505 154/185/506 472/532/507 473/533/508
f 156/188/509 155/186/510 473/533/511 474/534/512
f 157/190/513 156/188/514 474/534/515 475/535/516
f 158/196/517 157/190/518 475/535/519 476/536/520
f 159/198/521 158/196/522 476/536/523 477/537/524
f 160/200/525 159/198/526 477/537/527 478/538/528
f 161/203/529 160/200/530 478/538/531 479/539/532
f 162/204/533 161/203/534 479/539/535 480/540/536
f 163/218/537 162/204/538 480/540/539 481/541/540
f 164/219/541 163/218/542 481/541/543 482/542/544
f 165/225/545 164/219/546 482/542/547 483/543/548
f 166/222/549 165/225/550 483/543/551 484/544/552
f 167/223/553 166/222/554 484/544/555 485/545/556
f 168/231/557 167/223/558 485/545/559 486/546/560
f 169/228/561 168/231/562 486/546/563 487/547/564
f 170/229/565 169/228/566 487/547/567 488/548/568
f 171/235/569 170/229/570 488/548/571 489/549/572
f 172/233/573 171/235/574 489/549/575 490/550/576
f 173/215/577 172/233/578 490/550/579 491/551/580
f 174/213/581 173/215/582 491/551/583 492/552/584
f 175/211/585 174/213/586 492/552/587 493/553/588
f 176/209/589 175/211/590 493/553/591 494/554/592
f 177/207/593 176/209/594 494/554/595 495/555/596
f 178/205/597 177/207/598 495/555/599 496/556/600
f 179/194/601 178/205/602 496/556/603 497/557/604
f 180/193/605 179/194/606 497/557/607 498/558/608
f 181/192/609 180/193/610 498/558/611 499/559/612
f 182/191/613 181/192/614 499/559/615 500/560/616
f 183/178/617 182/191/618 500/560/619 501/561/620
f 150/176/621 183/178/622 501/561/623 468/528/624
f 185/124/625 184/123/626 322/357/627 323/358/628
f 186/125/629 185/124/630 323/358/631 324/359/632
f 187/126/633 186/125/634 324/359/635 325/360/636
f 188/130/637 187/126/638 325/360/639 326/361/640
f 189/131/641 188/130/642 326/361/643 327/362/644
f 190/139/645 189/131/646 327/362/647 328/480/648
s 1
f 191/140/649 190/139/650 328/480/651 329/363/652
s 2
f 192/141/653 191/140/654 329/363/655 330/364/656
s 3
f 193/142/657 192/141/658 330/364/659 331/365/660
s 4
f 194/143/661 193/142/662 331/365/663 332/366/664
s 5
f 195/144/665 194/143/666 332/366/667 333/367/668
s 6
f 196/145/669 195/144/670 333/367/671 334/368/672
s 7
f 197/146/673 196/145/674 334/368/675 335/369/676
s 8
f 198/155/677 197/146/678 335/369/679 336/370/680
s 9
f 199/156/681 198/155/682 336/370/683 337/371/684
s 10
f 200/157/685 199/156/686 337/371/687 338/372/688
s 11
f 201/158/689 200/157/690 338/372/691 339/373/692
s 12
f 202/159/693 201/158/694 339/373/695 340/374/696
s 13
f 203/165/697 202/159/698 340/374/699 341/375/700
s 14
f 204/166/701 203/165/702 341/375/703 342/376/704
s 15
f 205/169/705 204/166/706 342/376/707 343/377/708
s 16
f 206/167/709 205/169/710 343/377/711 344/378/712
s 17
f 207/168/713 206/167/714 344/378/715 345/379/716
s 18
f 208/172/717 207/168/718 345/379/719 346/380/720
s 19
f 209/170/721 208/172/722 346/380/723 347/381/724
s 20
f 210/171/725 209/170/726 347/381/727 348/382/728
s 21
f 211/174/729 210/171/730 348/382/731 349/383/732
s 22
f 212/173/733 211/174/734 349/383/735 350/384/736
s 23
f 213/164/737 212/173/738 350/384/739 351/385/740
s 24
f 214/163/741 213/164/742 351/385/743 352/386/744
s 25
f 215/162/745 214/163/746 352/386/747 353/387/748
s 26
f 216/161/749 215/162/750 353/387/751 354/388/752
s 27
f 217/160/753 216/161/754 354/388/755 355/389/756
s 28
f 218/147/757 217/160/758 355/389/759 356/390/760
s off
f 219/148/761 218/147/762 356/390/763 357/391/764
f 220/154/765 219/148/766 357/391/767 358/392/768
f 221/153/769 220/154/770 358/392/771 359/393/772
f 222/152/773 221/153/774 359/393/775 360/394/776
f 223/151/777 222/152/778 360/394/779 361/395/780
f 224/150/781 223/151/782 361/395/783 362/396/784
f 225/149/785 224/150/786 362/396/787 363/397/788
f 226/138/789 225/149/790 363/397/791 364/398/792
f 227/137/793 226/138/794 364/398/795 365/399/796
f 228/136/797 227/137/798 365/399/799 366/400/800
f 229/135/801 228/136/802 366/400/803 367/401/804
f 230/134/805 229/135/806 367/401/807 368/402/808
f 231/133/809 230/134/810 368/402/811 369/403/812
f 232/132/813 231/133/814 369/403/815 370/404/816
f 233/129/817 232/132/818 370/404/819 371/405/820
f 234/127/821 233/129/822 371/405/823 372/406/824
f 235/128/825 234/127/826 372/406/827 373/407/828
f 184/123/829 235/128/830 373/407/831 322/357/832
s 29
f 237/456/833 236/457/834 1/2/835 2/1/836
f 238/458/837 237/456/833 2/1/838 5/5/839
f 239/459/840 238/458/837 5/5/841 6/6/842
f 240/460/843 239/459/840 6/6/844 21/21/845
f 241/461/846 240/460/843 21/21/847 23/23/848
f 242/462/849 241/461/846 23/23/850 31/50/851
s off
f 243/269/852 242/462/853 31/50/854 32/175/855
f 244/270/856 243/269/857 32/175/858 34/179/859
f 245/271/860 244/270/861 34/179/862 35/181/863
f 246/272/864 245/271/865 35/181/866 36/184/867
f 247/273/868 246/272/869 36/184/870 37/183/871
f 248/274/872 247/273/873 37/183/874 38/187/875
f 249/275/876 248/274/877 38/187/878 39/189/879
f 250/276/880 249/275/881 39/189/882 63/195/883
f 251/277/884 250/276/885 63/195/886 64/197/887
f 252/278/888 251/277/889 64/197/890 65/199/891
f 253/279/892 252/278/893 65/199/894 67/202/895
f 254/280/896 253/279/897 67/202/898 66/201/899
f 255/281/900 254/280/901 66/201/902 74/217/903
f 256/282/904 255/281/905 74/217/906 73/216/907
f 257/283/908 256/282/909 73/216/910 77/224/911
f 258/284/912 257/283/913 77/224/914 76/221/915
f 259/285/916 258/284/917 76/221/918 75/220/919
f 260/286/920 259/285/921 75/220/922 80/230/923
f 261/287/924 260/286/925 80/230/926 79/227/927
f 262/288/928 261/287/929 79/227/930 78/226/931
f 263/289/932 262/288/933 78/226/934 82/234/935
f 264/290/936 263/289/937 82/234/938 81/232/939
f 265/291/940 264/290/941 81/232/942 72/214/943
f 266/292/944 265/291/945 72/214/946 71/212/947
f 267/293/948 266/292/949 71/212/950 68/210/951
f 268/294/952 267/293/953 68/210/954 70/208/955
f 269/295/956 268/294/957 70/208/958 69/206/959
f 270/408/960 269/295/961 69/206/962 52/63/963
s 29
f 271/463/964 270/408/965 52/63/966 51/62/967
s off
f 272/464/968 271/463/969 51/62/970 62/78/971
f 273/465/972 272/464/973 62/78/974 60/76/975
s 29
f 274/466/976 273/465/977 60/76/978 61/77/979
f 275/467/980 274/466/976 61/77/981 58/74/982
f 276/468/983 275/467/980 58/74/984 57/73/985
f 277/469/986 276/468/983 57/73/987 56/72/988
f 278/470/989 277/469/986 56/72/990 30/30/991
f 279/471/992 278/470/989 30/30/993 29/29/994
f 280/472/995 279/471/992 29/29/996 28/28/997
f 281/473/998 280/472/995 28/28/999 27/27/1000
f 282/474/1001 281/473/998 27/27/1002 26/26/1003
f 283/475/1004 282/474/1001 26/26/1005 25/25/1006
s off
f 284/476/1007 283/475/1008 25/25/1009 24/24/1010
s 29
f 285/477/1011 284/476/1012 24/24/1013 10/10/1014
f 286/478/1015 285/477/1011 10/10/1016 8/8/1017
f 287/479/1018 286/478/1015 8/8/1019 7/7/1020
f 236/457/834 287/479/1018 7/7/1021 1/2/1022
s 50
f 289/236/1023 288/356/1024 83/32/1025 84/31/1026
f 290/237/1027 289/236/1023 84/31/1028 87/35/1029
f 291/238/1030 290/237/1027 87/35/1031 88/36/1032
f 292/239/1033 291/238/1030 88/36/1034 95/44/1035
f 293/240/1036 292/239/1033 95/44/1037 96/43/1038
f 294/241/1039 293/240/1036 96/43/1040 98/46/1041
f 295/242/1042 294/241/1039 98/46/1043 100/48/1044
f 296/243/1045 295/242/1042 100/48/1046 107/80/1047
f 297/244/1048 296/243/1045 107/80/1049 111/84/1050
f 298/245/1051 297/244/1048 111/84/1052 123/96/1053
f 299/246/1054 298/245/1051 123/96/1055 125/98/1056
f 300/247/1057 299/246/1054 125/98/1058 124/97/1059
f 301/248/1060 300/247/1057 124/97/1061 138/111/1062
f 302/249/1063 301/248/1060 138/111/1064 137/110/1065
f 303/250/1066 302/249/1063 137/110/1067 143/116/1068
f 304/251/1069 303/250/1066 143/116/1070 142/115/1071
f 305/252/1072 304/251/1069 142/115/1073 141/114/1074
f 306/253/1075 305/252/1072 141/114/1076 147/120/1077
f 307/254/1078 306/253/1075 147/120/1079 146/119/1080
f 308/255/1081 307/254/1078 146/119/1082 145/118/1083
f 309/256/1084 308/255/1081 145/118/1085 149/122/1086
f 310/257/1087 309/256/1084 149/122/1088 148/121/1089
f 311/258/1090 310/257/1087 148/121/1091 135/108/1092
f 312/259/1093 311/258/1090 135/108/1094 134/107/1095
f 313/260/1096 312/259/1093 134/107/1097 128/101/1098
f 314/261/1099 313/260/1096 128/101/1100 132/105/1101
f 315/262/1102 314/261/1099 132/105/1103 131/104/1104
f 316/263/1105 315/262/1102 131/104/1106 130/103/1107
f 317/264/1108 316/263/1105 130/103/1109 104/69/1110
f 318/265/1111 317/264/1108 104/69/1112 103/68/1113
f 319/266/1114 318/265/1111 103/68/1115 102/66/1116
f 320/267/1117 319/266/1114 102/66/1118 101/65/1119
f 321/268/1120 320/267/1117 101/65/1121 85/33/1122
f 288/356/1024 321/268/1120 85/33/1123 83/32/1124
s 1
f 329/363/652 328/480/651 242/462/1125 243/269/1126
s 2
f 330/364/656 329/363/655 243/269/1127 244/270/1128
s 3
f 331/365/660 330/364/659 244/270/1129 245/271/1130
s 4
f 332/366/664 331/365/663 245/271/1131 246/272/1132
s 5
f 333/367/668 332/366/667 246/272/1133 247/273/1134
s 6
f 334/368/672 333/367/671 247/273/1135 248/274/1136
s 7
f 335/369/676 334/368/675 248/274/1137 249/275/1138
s 8
f 336/370/680 335/369/679 249/275/1139 250/276/1140
s 9
f 337/371/684 336/370/683 250/276/1141 251/277/1142
s 10
f 338/372/688 337/371/687 251/277/1143 252/278/1144
s 11
f 339/373/692 338/372/691 252/278/1145 253/279/1146
s 12
f 340/374/696 339/373/695 253/279/1147 254/280/1148
s 13
f 341/375/700 340/374/699 254/280/1149 255/281/1150
s 14
f 342/376/704 341/375/703 255/281/1151 256/282/1152
s 15
f 343/377/708 342/376/707 256/282/1153 257/283/1154
s 16
f 344/378/712 343/377/711 257/283/1155 258/284/1156
s 17
f 345/379/716 344/378/715 258/284/1157 259/285/1158
s 18
f 346/380/720 345/379/719 259/285/1159 260/286/1160
s 19
f 347/381/724 346/380/723 260/286/1161 261/287/1162
s 20
f 348/382/728 347/381/727 261/287/1163 262/288/1164
s 21
f 349/383/732 348/382/731 262/288/1165 263/289/1166
s 22
f 350/384/736 349/383/735 263/289/1167 264/290/1168
s 23
f 351/385/740 350/384/739 264/290/1169 265/291/1170
s 24
f 352/386/744 351/385/743 265/291/1171 266/292/1172
s 25
f 353/387/748 352/386/747 266/292/1173 267/293/1174
s 26
f 354/388/752 353/387/751 267/293/1175 268/294/1176
s 27
f 355/389/756 354/388/755 268/294/1177 269/295/1178
s 28
f 356/390/760 355/389/759 269/295/1179 270/408/1180
s 84
f 323/358/1181 322/357/1182 374/409/1183 375/411/1184
f 324/359/1185 323/358/1181 375/411/1184 376/413/1186
f 325/360/1187 324/359/1185 376/413/1186 377/415/1188
f 326/361/1189 325/360/1187 377/415/1188 378/417/1190
f 327/362/1191 326/361/1189 378/417/1190 379/419/1192
f 328/480/1193 327/362/1191 379/419/1192 380/481/1194
f 357/391/1195 356/390/1196 381/420/1197 382/422/1198
f 358/392/1199 357/391/1195 382/422/1198 383/424/1200
f 359/393/1201 358/392/1199 383/424/1200 384/426/1202
f 360/394/1203 359/393/1201 384/426/1202 385/428/1204
f 361/395/1205 360/394/1203 385/428/1204 386/430/1206
f 362/396/1207 361/395/1205 386/430/1206 387/432/1208
f 363/397/1209 362/396/1207 387/432/1208 388/434/1210
f 364/398/1211 363/397/1209 388/434/1210 389/436/1212
f 365/399/1213 364/398/1211 389/436/1212 390/438/1214
f 366/400/1215 365/399/1213 390/438/1214 391/440/1216
f 367/401/1217 366/400/1215 391/440/1216 392/442/1218
f 368/402/1219 367/401/1217 392/442/1218 393/444/1220
f 369/403/1221 368/402/1219 393/444/1220 394/446/1222
f 370/404/1223 369/403/1221 394/446/1222 395/448/1224
f 371/405/1225 370/404/1223 395/448/1224 396/450/1226
f 372/406/1227 371/405/1225 396/450/1226 397/452/1228
f 373/407/1229 372/406/1227 397/452/1228 398/454/1230
f 322/357/1182 373/407/1229 398/454/1230 374/409/1183
s 29
f 401/455/1231 400/483/1232 403/484/1233 402/410/1234
f 400/483/1235 399/482/1236 404/485/1237 403/484/1238
f 399/482/1236 236/457/834 237/456/833 404/485/1237
f 381/420/1239 418/494/1240 417/421/1241
f 381/420/1239 419/495/1242 418/494/1240
f 381/420/1239 270/408/965 271/463/964 419/495/1242
f 375/411/1243 374/409/1244 401/455/1231 402/410/1234
f 376/413/1245 375/411/1243 402/410/1234 405/412/1246
f 377/415/1247 376/413/1245 405/412/1246 408/414/1248
f 378/417/1249 377/415/1247 408/414/1248 411/416/1250
f 379/419/1251 378/417/1249 411/416/1250 414/418/1252
f 380/481/1253 379/419/1251 414/418/1252
f 382/422/1254 381/420/1239 417/421/1241
f 383/424/1255 382/422/1254 417/421/1241 420/423/1256
f 384/426/1257 383/424/1258 420/423/1259 423/425/1260
f 385/428/1261 384/426/1257 423/425/1260 426/427/1262
f 386/430/1263 385/428/1261 426/427/1262 429/429/1264
f 387/432/1265 386/430/1263 429/429/1264 432/431/1266
f 388/434/1267 387/432/1265 432/431/1266 435/433/1268
f 389/436/1269 388/434/1270 435/433/1271 438/435/1272
f 390/438/1273 389/436/1274 438/435/1275 441/437/1276
f 391/440/1277 390/438/1273 441/437/1276 444/439/1278
f 392/442/1279 391/440/1280 444/439/1281 447/441/1282
f 393/444/1283 392/442/1284 447/441/1285 450/443/1286
f 394/446/1287 393/444/1283 450/443/1286 453/445/1288
f 395/448/1289 394/446/1287 453/445/1288 456/447/1290
f 396/450/1291 395/448/1292 456/447/1293 459/449/1294
f 397/452/1295 396/450/1291 459/449/1294 462/451/1296
f 398/454/1297 397/452/1295 462/451/1296 465/453/1298
f 374/409/1244 398/454/1299 465/453/1300 401/455/1231
s off
f 242/462/1301 328/480/1302 380/481/1303
f 381/420/1304 356/390/1305 270/408/1306
s 29
f 404/485/1237 237/456/833 238/458/837 407/487/1307
f 402/410/1234 403/484/1233 406/486/1308 405/412/1246
f 403/484/1238 404/485/1237 407/487/1309 406/486/1308
f 407/487/1307 238/458/837 239/459/840 410/489/1310
f 405/412/1246 406/486/1308 409/488/1311 408/414/1248
f 406/486/1308 407/487/1309 410/489/1310 409/488/1311
f 410/489/1310 239/459/840 240/460/843 413/491/1312
f 408/414/1248 409/488/1311 412/490/1313 411/416/1250
f 409/488/1311 410/489/1310 413/491/1312 412/490/1314
f 413/491/1312 240/460/843 241/461/846 416/493/1315
f 411/416/1250 412/490/1313 415/492/1316 414/418/1252
f 412/490/1314 413/491/1312 416/493/1315 415/492/1317
f 416/493/1315 241/461/846 242/462/849 380/481/1318
f 414/418/1252 415/492/1316 380/481/1253
f 415/492/1317 416/493/1315 380/481/1318
f 419/495/1242 271/463/964 272/464/1319 422/497/1320
f 417/421/1241 418/494/1240 421/496/1321 420/423/1256
f 418/494/1240 419/495/1242 422/497/1320 421/496/1321
f 422/497/1320 272/464/1319 273/465/977 425/499/1322
f 420/423/1259 421/496/1323 424/498/1324 423/425/1260
f 421/496/1325 422/497/1320 425/499/1322 424/498/1326
f 425/499/1322 273/465/977 274/466/976 428/501/1327
f 423/425/1260 424/498/1324 427/500/1328 426/427/1262
f 424/498/1326 425/499/1322 428/501/1327 427/500/1329
f 428/501/1327 274/466/976 275/467/980 431/503/1330
f 426/427/1262 427/500/1328 430/502/1331 429/429/1264
f 427/500/1329 428/501/1327 431/503/1330 430/502/1332
f 431/503/1330 275/467/980 276/468/983 434/505/1333
f 429/429/1264 430/502/1331 433/504/1334 432/431/1266
f 430/502/1332 431/503/1330 434/505/1333 433/504/1334
f 434/505/1333 276/468/983 277/469/986 437/507/1335
f 432/431/1266 433/504/1334 436/506/1336 435/433/1268
f 433/504/1334 434/505/1333 437/507/1337 436/506/1336
f 437/507/1335 277/469/986 278/470/989 440/509/1338
f 435/433/1271 436/506/1336 439/508/1339 438/435/1272
f 436/506/1336 437/507/1337 440/509/1338 439/508/1339
f 440/509/1338 278/470/989 279/471/992 443/511/1340
f 438/435/1275 439/508/1339 442/510/1341 441/437/1276
f 439/508/1339 440/509/1338 443/511/1340 442/510/1341
f 443/511/1340 279/471/992 280/472/995 446/513/1342
f 441/437/1276 442/510/1341 445/512/1343 444/439/1278
f 442/510/1341 443/511/1340 446/513/1342 445/512/1344
f 446/513/1342 280/472/995 281/473/998 449/515/1345
f 444/439/1281 445/512/1344 448/514/1346 447/441/1282
f 445/512/1344 446/513/1342 449/515/1345 448/514/1346
f 449/515/1345 281/473/998 282/474/1001 452/517/1347
f 447/441/1285 448/514/1346 451/516/1348 450/443/1286
f 448/514/1346 449/515/1345 452/517/1347 451/516/1348
f 452/517/1347 282/474/1001 283/475/1004 455/519/1349
f 450/443/1286 451/516/1348 454/518/1350 453/445/1288
f 451/516/1348 452/517/1347 455/519/1351 454/518/1350
f 455/519/1349 283/475/1004 284/476/1012 458/521/1352
f 453/445/1288 454/518/1350 457/520/1353 456/447/1290
f 454/518/1350 455/519/1351 458/521/1354 457/520/1355
f 458/521/1352 284/476/1012 285/477/1011 461/523/1356
f 456/447/1293 457/520/1357 460/522/1358 459/449/1294
f 457/520/1357 458/521/1359 461/523/1356 460/522/1358
f 461/523/1356 285/477/1011 286/478/1015 464/525/1360
f 459/449/1294 460/522/1358 463/524/1361 462/451/1296
f 460/522/1358 461/523/1356 464/525/1360 463/524/1362
f 464/525/1360 286/478/1015 287/479/1018 467/527/1363
f 462/451/1296 463/524/1361 466/526/1364 465/453/1298
f 463/524/1362 464/525/1360 467/527/1363 466/526/1365
f 236/457/834 399/482/1236 467/527/1363 287/479/1018
f 399/482/1236 400/483/1235 466/526/1365 467/527/1363
f 400/483/1232 401/455/1231 465/453/1300 466/526/1366
s 95
f 469/529/1367 468/528/1368 502/562/1369 503/564/1370
f 470/530/1371 469/529/1367 503/564/1370 504/566/1372
f 471/531/1373 470/530/1371 504/566/1372 505/568/1374
f 472/532/1375 471/531/1373 505/568/1374 506/570/1376
f 473/533/1377 472/532/1375 506/570/1376 507/572/1378
f 474/534/1379 473/533/1377 507/572/1378 508/574/1380
f 475/535/1381 474/534/1379 508/574/1380 509/576/1382
f 476/536/1383 475/535/1381 509/576/1382 510/578/1384
f 477/537/1385 476/536/1383 510/578/1384 511/580/1386
f 478/538/1387 477/537/1385 511/580/1386 512/582/1388
f 479/539/1389 478/538/1387 512/582/1388 513/584/1390
f 480/540/1391 479/539/1389 513/584/1390 514/586/1392
f 481/541/1393 480/540/1391 514/586/1392 515/588/1394
f 482/542/1395 481/541/1393 515/588/1394 516/590/1396
f 483/543/1397 482/542/1395 516/590/1396 517/592/1398
f 484/544/1399 483/543/1397 517/592/1398 518/594/1400
f 485/545/1401 484/544/1399 518/594/1400 519/596/1402
f 486/546/1403 485/545/1401 519/596/1402 520/598/1404
f 487/547/1405 486/546/1403 520/598/1404 521/600/1406
f 488/548/1407 487/547/1405 521/600/1406 522/602/1408
f 489/549/1409 488/548/1407 522/602/1408 523/604/1410
f 490/550/1411 489/549/1409 523/604/1410 524/606/1412
f 491/551/1413 490/550/1411 524/606/1412 525/608/1414
f 492/552/1415 491/551/1413 525/608/1414 526/610/1416
f 493/553/1417 492/552/1415 526/610/1416 527/612/1418
f 494/554/1419 493/553/1417 527/612/1418 528/614/1420
f 495/555/1421 494/554/1419 528/614/1420 529/616/1422
f 496/556/1423 495/555/1421 529/616/1422 530/618/1424
f 497/557/1425 496/556/1423 530/618/1424 531/620/1426
f 498/558/1427 497/557/1425 531/620/1426 532/622/1428
f 499/559/1429 498/558/1427 532/622/1428 533/624/1430
f 500/560/1431 499/559/1429 533/624/1430 534/626/1432
f 501/561/1433 500/560/1431 534/626/1432 535/628/1434
f 468/528/1368 501/561/1433 535/628/1434 502/562/1369
s 96
f 539/629/1435 538/699/1436 541/700/1437 540/563/1438
s 50
f 538/699/1439 537/698/1440 542/701/1441 541/700/1442
f 537/698/1440 536/631/1443 543/633/1444 542/701/1441
s 96
f 503/564/1445 502/562/1446 539/629/1435 540/563/1438
f 504/566/1447 503/564/1445 540/563/1438 544/565/1448
s 98
f 505/568/1449 504/566/1450 544/565/1451 548/567/1452
f 506/570/1453 505/568/1449 548/567/1452 552/569/1454
s 50
f 507/572/1455 506/570/1456 552/569/1457 556/571/1458
f 508/574/1459 507/572/1460 556/571/1461 560/573/1462
f 509/576/1463 508/574/1459 560/573/1462 564/575/1464
f 510/578/1465 509/576/1463 564/575/1464 568/577/1466
f 511/580/1467 510/578/1465 568/577/1466 572/579/1468
f 512/582/1469 511/580/1467 572/579/1468 576/581/1470
f 513/584/1471 512/582/1469 576/581/1470 580/583/1472
f 514/586/1473 513/584/1471 580/583/1472 584/585/1474
f 515/588/1475 514/586/1473 584/585/1474 588/587/1476
f 516/590/1477 515/588/1475 588/587/1476 592/589/1478
f 517/592/1479 516/590/1477 592/589/1478 596/591/1480
f 518/594/1481 517/592/1482 596/591/1483 600/593/1484
f 519/596/1485 518/594/1481 600/593/1484 604/595/1486
f 520/598/1487 519/596/1485 604/595/1486 608/597/1488
f 521/600/1489 520/598/1487 608/597/1488 612/599/1490
f 522/602/1491 521/600/1492 612/599/1493 616/601/1494
f 523/604/1495 522/602/1496 616/601/1497 620/603/1498
f 524/606/1499 523/604/1495 620/603/1498 624/605/1500
s 104
f 525/608/1501 524/606/1502 624/605/1503 628/607/1504
s 105
f 526/610/1505 525/608/1506 628/607/1507 632/609/1508
f 527/612/1509 526/610/1505 632/609/1508 636/611/1510
s 50
f 528/614/1511 527/612/1512 636/611/1513 640/613/1514
f 529/616/1515 528/614/1516 640/613/1517 644/615/1518
f 530/618/1519 529/616/1515 644/615/1518 648/617/1520
f 531/620/1521 530/618/1519 648/617/1520 652/619/1522
f 532/622/1523 531/620/1521 652/619/1522 656/621/1524
f 533/624/1525 532/622/1523 656/621/1524 660/623/1526
f 534/626/1527 533/624/1525 660/623/1526 664/625/1528
f 535/628/1529 534/626/1527 664/625/1528 668/627/1530
f 502/562/1531 535/628/1529 668/627/1530 539/629/1532
f 288/696/1024 289/630/1023 543/633/1444 536/631/1443
f 289/630/1023 290/632/1027 547/635/1533 543/633/1444
f 290/632/1027 291/634/1030 551/637/1534 547/635/1533
f 291/634/1030 292/636/1033 555/639/1535 551/637/1534
f 292/636/1033 293/638/1036 559/641/1536 555/639/1535
f 293/638/1036 294/640/1039 563/643/1537 559/641/1536
f 294/640/1039 295/642/1042 567/645/1538 563/643/1537
f 295/642/1042 296/644/1045 571/647/1539 567/645/1538
f 296/644/1045 297/646/1048 575/649/1540 571/647/1539
f 297/646/1048 298/648/1051 579/651/1541 575/649/1540
f 298/648/1051 299/650/1054 583/653/1542 579/651/1541
f 299/650/1054 300/652/1057 587/655/1543 583/653/1542
f 300/652/1057 301/654/1060 591/657/1544 587/655/1543
f 301/654/1060 302/656/1063 595/659/1545 591/657/1544
f 302/656/1063 303/658/1066 599/661/1546 595/659/1545
f 303/658/1066 304/660/1069 603/663/1547 599/661/1546
f 304/660/1069 305/662/1072 607/665/1548 603/663/1547
f 305/662/1072 306/664/1075 611/667/1549 607/665/1548
f 306/664/1075 307/666/1078 615/669/1550 611/667/1549
f 307/666/1078 308/668/1081 619/671/1551 615/669/1550
f 308/668/1081 309/670/1084 623/673/1552 619/671/1551
f 309/670/1084 310/672/1087 627/675/1553 623/673/1552
f 310/672/1087 311/674/1090 631/677/1554 627/675/1553
f 311/674/1090 312/676/1093 635/679/1555 631/677/1554
f 312/676/1093 313/678/1096 639/681/1556 635/679/1555
f 313/678/1096 314/680/1099 643/683/1557 639/681/1556
f 314/680/1099 315/682/1102 647/685/1558 643/683/1557
f 315/682/1102 316/684/1105 651/687/1559 647/685/1558
f 316/684/1105 317/686/1108 655/689/1560 651/687/1559
f 317/686/1108 318/688/1111 659/691/1561 655/689/1560
f 318/688/1111 319/690/1114 663/693/1562 659/691/1561
f 319/690/1114 320/692/1117 667/695/1563 663/693/1562
f 320/692/1117 321/694/1120 671/697/1564 667/695/1563
f 321/694/1120 288/696/1024 536/631/1443 671/697/1564
f 542/701/1441 543/633/1444 547/635/1533 546/703/1565
s 96
f 540/563/1438 541/700/1437 545/702/1566 544/565/1448
s 50
f 541/700/1442 542/701/1441 546/703/1565 545/702/1567
f 546/703/1565 547/635/1533 551/637/1534 550/705/1568
s 98
f 544/565/1451 545/702/1569 549/704/1570 548/567/1452
s 50
f 545/702/1571 546/703/1565 550/705/1568 549/704/1572
f 550/705/1568 551/637/1534 555/639/1535 554/707/1573
s 98
f 548/567/1452 549/704/1570 553/706/1574 552/569/1454
s 50
f 549/704/1572 550/705/1568 554/707/1573 553/706/1575
f 554/707/1573 555/639/1535 559/641/1536 558/709/1576
f 552/569/1457 553/706/1577 557/708/1578 556/571/1458
f 553/706/1577 554/707/1573 558/709/1576 557/708/1578
f 558/709/1576 559/641/1536 563/643/1537 562/711/1579
f 556/571/1461 557/708/1580 561/710/1581 560/573/1462
f 557/708/1580 558/709/1576 562/711/1579 561/710/1581
f 562/711/1579 563/643/1537 567/645/1538 566/713/1582
f 560/573/1462 561/710/1581 565/712/1583 564/575/1464
f 561/710/1581 562/711/1579 566/713/1582 565/712/1583
f 566/713/1582 567/645/1538 571/647/1539 570/715/1584
f 564/575/1464 565/712/1583 569/714/1585 568/577/1466
f 565/712/1583 566/713/1582 570/715/1584 569/714/1585
f 570/715/1584 571/647/1539 575/649/1540 574/717/1586
f 568/577/1466 569/714/1585 573/716/1587 572/579/1468
f 569/714/1585 570/715/1584 574/717/1586 573/716/1587
f 574/717/1586 575/649/1540 579/651/1541 578/719/1588
f 572/579/1468 573/716/1587 577/718/1589 576/581/1470
f 573/716/1587 574/717/1586 578/719/1588 577/718/1589
f 578/719/1588 579/651/1541 583/653/1542 582/721/1590
f 576/581/1470 577/718/1589 581/720/1591 580/583/1472
f 577/718/1589 578/719/1588 582/721/1592 581/720/1591
f 582/721/1590 583/653/1542 587/655/1543 586/723/1593
f 580/583/1472 581/720/1591 585/722/1594 584/585/1474
f 581/720/1591 582/721/1592 586/723/1595 585/722/1594
f 586/723/1593 587/655/1543 591/657/1544 590/725/1596
f 584/585/1474 585/722/1594 589/724/1597 588/587/1476
f 585/722/1594 586/723/1595 590/725/1598 589/724/1597
f 590/725/1596 591/657/1544 595/659/1545 594/727/1599
f 588/587/1476 589/724/1597 593/726/1600 592/589/1478
f 589/724/1597 590/725/1598 594/727/1601 593/726/1600
f 594/727/1599 595/659/1545 599/661/1546 598/729/1602
f 592/589/1478 593/726/1600 597/728/1603 596/591/1480
f 593/726/1600 594/727/1601 598/729/1604 597/728/1603
f 598/729/1602 599/661/1546 603/663/1547 602/731/1605
f 596/591/1483 597/728/1606 601/730/1607 600/593/1484
f 597/728/1606 598/729/1602 602/731/1605 601/730/1607
f 602/731/1605 603/663/1547 607/665/1548 606/733/1608
f 600/593/1484 601/730/1607 605/732/1609 604/595/1486
f 601/730/1607 602/731/1605 606/733/1608 605/732/1610
f 606/733/1608 607/665/1548 611/667/1549 610/735/1611
f 604/595/1486 605/732/1609 609/734/1612 608/597/1488
f 605/732/1610 606/733/1608 610/735/1611 609/734/1612
f 610/735/1611 611/667/1549 615/669/1550 614/737/1613
f 608/597/1488 609/734/1612 613/736/1614 612/599/1490
f 609/734/1612 610/735/1611 614/737/1615 613/736/1614
f 614/737/1613 615/669/1550 619/671/1551 618/739/1616
f 612/599/1493 613/736/1617 617/738/1618 616/601/1494
f 613/736/1617 614/737/1619 618/739/1620 617/738/1618
f 618/739/1616 619/671/1551 623/673/1552 622/741/1621
f 616/601/1497 617/738/1618 621/740/1622 620/603/1498
f 617/738/1618 618/739/1620 622/741/1621 621/740/1622
f 622/741/1621 623/673/1552 627/675/1553 626/743/1623
f 620/603/1498 621/740/1622 625/742/1624 624/605/1500
f 621/740/1622 622/741/1621 626/743/1623 625/742/1624
f 626/743/1623 627/675/1553 631/677/1554 630/745/1625
s 104
f 624/605/1503 625/742/1626 629/744/1627 628/607/1504
s 50
f 625/742/1624 626/743/1623 630/745/1625 629/744/1628
f 630/745/1625 631/677/1554 635/679/1555 634/747/1629
s 105
f 628/607/1507 629/744/1630 633/746/1631 632/609/1508
s 50
f 629/744/1628 630/745/1625 634/747/1629 633/746/1632
f 634/747/1629 635/679/1555 639/681/1556 638/749/1633
s 105
f 632/609/1508 633/746/1631 637/748/1634 636/611/1510
s 50
f 633/746/1632 634/747/1629 638/749/1633 637/748/1635
f 638/749/1633 639/681/1556 643/683/1557 642/751/1636
f 636/611/1513 637/748/1637 641/750/1638 640/613/1514
f 637/748/1637 638/749/1639 642/751/1640 641/750/1638
f 642/751/1636 643/683/1557 647/685/1558 646/753/1641
f 640/613/1517 641/750/1638 645/752/1642 644/615/1518
f 641/750/1638 642/751/1640 646/753/1641 645/752/1642
f 646/753/1641 647/685/1558 651/687/1559 650/755/1643
f 644/615/1518 645/752/1642 649/754/1644 648/617/1520
f 645/752/1642 646/753/1641 650/755/1643 649/754/1645
f 650/755/1643 651/687/1559 655/689/1560 654/757/1646
f 648/617/1520 649/754/1644 653/756/1647 652/619/1522
f 649/754/1645 650/755/1643 654/757/1646 653/756/1648
f 654/757/1646 655/689/1560 659/691/1561 658/759/1649
f 652/619/1522 653/756/1647 657/758/1650 656/621/1524
f 653/756/1648 654/757/1646 658/759/1649 657/758/1651
f 658/759/1649 659/691/1561 663/693/1562 662/761/1652
f 656/621/1524 657/758/1650 661/760/1653 660/623/1526
f 657/758/1651 658/759/1649 662/761/1652 661/760/1654
f 662/761/1652 663/693/1562 667/695/1563 666/763/1655
f 660/623/1526 661/760/1653 665/762/1656 664/625/1528
f 661/760/1654 662/761/1652 666/763/1655 665/762/1657
f 666/763/1655 667/695/1563 671/697/1564 670/765/1658
f 664/625/1528 665/762/1656 669/764/1659 668/627/1530
f 665/762/1657 666/763/1655 670/765/1658 669/764/1660
f 536/631/1443 537/698/1440 670/765/1658 671/697/1564
f 537/698/1440 538/699/1661 669/764/1660 670/765/1658
f 538/699/1662 539/629/1532 668/627/1530 669/764/1659
