# This file uses centimeters as units for non-parametric coordinates.

g default
v -215.440872 21.875000 -10.140625
v -214.534622 21.984375 -7.410156
v -212.347122 22.015625 -7.449219
v -211.472122 21.937500 -10.210938
v -212.347122 19.140625 -7.457031
v -212.347122 22.015625 -7.449219
v -214.534622 21.984375 -7.410156
v -214.534622 18.859375 -7.417969
v -210.565872 25.281250 -6.152344
v -208.268997 25.312500 -7.894531
v -210.565872 19.984375 -6.167969
v -210.565872 25.281250 -6.152344
v -212.347122 22.015625 -7.449219
v -212.347122 19.140625 -7.457031
v -209.878372 28.562500 -4.027344
v -207.034622 28.578125 -4.066406
v -210.565872 30.812500 -1.894531
v -208.237747 30.843750 -0.219727
v -217.003372 28.421875 -3.919922
v -219.847122 28.343750 -3.878906
v -218.628372 30.609375 -0.096130
v -216.315872 30.671875 -1.817383
v -216.315872 25.187500 -6.054688
v -218.628372 25.125000 -7.710938
v -216.315872 19.281250 -6.070313
v -216.315872 25.187500 -6.054688
v -211.222122 19.765625 -10.976563
v -215.753372 19.437500 -10.898438
v -207.815872 22.546875 -8.250000
v -222.315872 19.562500 -3.970703
v -220.628372 22.796875 -3.878906
v -219.534622 19.734375 -8.382813
v -221.097122 16.984375 -9.625000
v -219.222122 21.703125 -8.140625
v -206.425247 22.656250 0.936035
v -207.737747 25.375000 0.115845
v -211.222122 25.156250 2.787109
v -210.690872 22.343750 4.246094
v -206.393997 24.093750 -4.089844
v -204.768997 21.640625 -4.222656
v -212.315872 30.765625 -0.565918
v -210.565872 30.812500 -1.894531
v -210.534622 21.968750 -1.907227
v -212.315872 21.812500 -0.564941
v -216.065872 21.734375 4.339844
v -215.597122 24.781250 2.861328
v -219.159622 24.390625 0.304932
v -220.440872 21.125000 1.180664
v -210.690872 22.343750 4.246094
v -211.222122 25.156250 2.787109
v -214.534622 30.703125 -0.538574
v -214.503372 21.578125 -0.533691
v -207.550247 20.953125 -8.445313
v -206.097122 18.890625 -9.632813
v -220.347122 25.500000 -3.878906
v -218.972122 27.343750 0.157715
v -216.315872 30.671875 -1.817383
v -216.315872 21.281250 -1.822266
v -217.003372 28.421875 -3.919922
v -216.972122 20.187500 -3.935547
v -209.878372 21.062500 -4.042969
v -209.878372 28.562500 -4.027344
v -215.409622 30.703125 2.220703
v -214.534622 30.703125 -0.538574
v -212.315872 30.765625 -0.565918
v -211.440872 30.796875 2.177734
v -231.128372 -14.203125 -18.484375
v -231.128372 -3.333984 -20.968750
v -223.065872 -3.332031 -20.437500
v -223.034622 -13.960938 -18.015625
v -205.472122 -3.355469 -22.625000
v -205.393997 -14.843750 -20.000000
v -184.565872 -3.490234 -22.921875
v 185.667435 -3.613281 -21.062500
v 185.753372 -14.578125 -18.562500
v -184.448685 -15.054688 -20.281250
v -240.565872 -6.269531 -15.562500
v -240.565872 -7.050781 -20.765625
v -240.440872 -10.765625 -19.921875
v -240.440872 -9.210938 -14.890625
v -223.034622 -22.468750 -11.210938
v -231.128372 -22.921875 -11.539063
v -229.909622 -19.312500 -14.421875
v -223.034622 -18.250000 -14.625000
v -205.300247 -24.046875 -12.656250
v 185.870560 -23.359375 -11.554688
v -184.284622 -24.312500 -12.898438
v 234.597122 -16.203125 -6.152344
v 234.253372 -13.484375 -8.226563
v 219.909622 -16.109375 -6.101563
v -231.128372 -27.765625 -1.490234
v -223.003372 -27.187500 -1.391602
v -205.190872 -29.140625 -2.044922
v 185.987747 -28.234375 -1.425781
v -184.112747 -29.468750 -2.218750
v 205.847122 -25.625000 -0.903320
v 205.550247 -23.125000 -7.746094
v 234.034622 -20.312500 0.405518
v 219.909622 -19.296875 0.441406
v -240.628372 -25.093750 -8.507813
v -239.222122 -28.390625 -1.634766
v -239.222122 -23.140625 -0.435059
v -240.628372 -20.515625 -5.867188
v -231.128372 -27.765625 9.664063
v -223.003372 -27.171875 9.492188
v -205.097122 -29.125000 9.718750
v 186.097122 -28.234375 9.812500
v 168.671341 -29.453125 9.632813
v 205.862747 -25.625000 9.234375
v 219.909622 -27.875000 -1.514648
v 219.909622 -27.875000 9.687500
v 234.034622 -21.187500 7.957031
v 219.909622 -19.296875 7.730469
v -236.784622 -28.390625 2.177734
v -236.784622 -23.140625 2.578125
v -236.784622 -28.390625 5.992188
v -236.784622 -23.140625 5.593750
v -231.128372 -22.921875 19.703125
v -231.128372 -27.765625 9.664063
v -223.003372 -27.171875 9.492188
v -223.003372 -22.437500 19.281250
v -205.097122 -29.125000 9.718750
v -205.034622 -24.015625 20.312500
v 168.671341 -29.453125 9.632813
v 186.097122 -28.234375 9.812500
v 186.159622 -23.343750 19.937500
v 168.765091 -24.312500 20.312500
v 205.862747 -25.625000 9.234375
v 205.878372 -21.203125 18.359375
v 219.909622 -27.875000 9.687500
v 219.909622 -22.828125 19.640625
v 219.909622 -16.109375 14.273438
v 234.034622 -17.843750 15.656250
v -241.315872 -26.750000 13.242188
v -239.222122 -23.437500 20.109375
v -239.222122 -19.218750 16.750000
v -241.315872 -21.828125 11.320313
v -205.018997 -14.804688 27.656250
v -223.003372 -13.929688 26.062500
v 186.175247 -14.562500 26.953125
v -185.141068 -14.096299 27.913504
v 205.878372 -13.281250 24.687500
v 212.878372 -13.046875 25.375000
v 234.034622 -11.289063 20.609375
v 212.878372 -10.414063 18.796875
v -241.190872 -21.937500 21.296875
v -241.190872 -18.031250 17.687500
v -239.222122 -17.468750 24.875000
v -239.222122 -14.507813 20.515625
v -233.815872 -14.296875 26.859375
v -233.815872 -3.333984 29.359375
v -223.003372 -3.324219 28.484375
v -205.050247 -3.337891 30.265625
v 186.136185 -3.597656 29.453125
v -184.338730 -3.085473 30.070766
v 205.878372 -3.394531 26.937500
v -239.222122 -4.820313 29.453125
v -239.222122 -4.507813 24.125000
v -240.753372 -9.210938 23.062500
v -240.753372 -10.765625 28.093750
v -233.815872 7.632813 26.859375
v -223.003372 7.285156 26.078125
v -205.128372 8.132813 27.656250
v 186.050247 7.363281 26.953125
v -184.011581 8.111488 27.671265
v 205.862747 6.492188 24.687500
v 222.847122 -3.333984 29.796875
v 232.222122 7.972656 27.359375
v 210.378372 5.863281 24.484375
v 210.097122 -4.203125 26.968750
v 197.534622 -3.400391 20.515625
v 197.534622 3.691406 18.890625
v 230.878372 3.757813 20.734375
v 220.815872 -3.328125 23.187500
v -239.222122 -0.854492 29.234375
v -237.878372 4.101563 28.093750
v -237.878372 2.542969 23.062500
v -239.222122 -1.374023 23.953125
v -223.034622 15.804688 19.296875
v -205.237747 17.343750 20.343750
v 185.940872 16.156250 19.953125
v -184.183060 17.359375 20.328125
v 205.847122 14.429688 18.375000
v 234.409622 17.390625 20.921875
v 210.628372 14.148438 18.406250
v 197.518997 9.367188 14.343750
v 232.472122 10.695313 15.156250
v -237.815872 7.839844 20.515625
v -237.815872 10.804688 24.875000
v -234.409622 13.789063 22.484375
v -234.409622 10.195313 18.625000
v -205.347122 22.453125 9.742188
v -223.034622 20.531250 9.500000
v 185.815872 21.031250 9.828125
v -184.354935 22.500000 9.656250
v 205.831497 18.828125 9.250000
v 210.628372 18.750000 9.296875
v 233.909622 13.929688 7.773438
v 197.503372 12.515625 7.789063
v -239.222122 12.546875 16.750000
v -239.222122 16.765625 20.109375
v -241.315872 20.078125 13.242188
v -241.315872 15.164063 11.320313
v -240.097122 21.734375 6.019531
v -239.222122 21.734375 9.804688
v -231.128372 21.093750 9.664063
v -230.128372 21.093750 -1.490234
v 185.714310 21.031250 -1.412109
v -184.487869 22.497707 -2.198861
v 205.815872 18.843750 -0.897949
v 210.597122 18.765625 -0.865723
v 234.190872 13.953125 0.406982
v 197.503372 12.523438 0.530273
v -239.222122 21.734375 2.150391
v -239.222122 16.468750 2.556641
v -240.097122 16.468750 5.613281
v -240.097122 21.734375 6.019531
v 185.643997 16.140625 -11.546875
v -184.604935 17.343750 -12.882813
v 205.800247 14.437500 -10.046875
v 210.597122 14.156250 -9.984375
v 197.503372 12.523438 0.530273
v 197.487747 9.375000 -6.015625
v 234.159622 10.601563 -6.914063
v 234.190872 13.953125 0.406982
v -239.628372 20.093750 -5.046875
v -239.628372 18.406250 -8.531250
v -239.628372 13.851563 -5.886719
v -239.628372 15.179688 -3.130859
v -237.690872 14.976563 -13.367188
v -230.315872 16.250000 -11.539063
v -232.003372 7.570313 -18.546875
v -239.222122 7.820313 -19.078125
v 185.628372 7.351563 -18.546875
v -184.620560 8.070313 -20.281250
v 205.800247 6.500000 -16.375000
v 210.597122 5.878906 -16.093750
v 232.722122 5.175781 -12.992188
v 197.487747 3.689453 -10.546875
v -184.597122 2.291016 -21.593750
v 205.815872 -3.404297 -18.640625
v 232.722122 5.175781 -12.992188
v 227.690872 0.816895 -14.070313
v 227.784622 2.250000 -20.375000
v 232.253372 8.070313 -18.984375
v 233.940872 -6.855469 -11.367188
v 234.034622 -10.382813 -10.562500
v 234.034622 -13.570313 -17.156250
v 233.940872 -8.906250 -20.343750
v 197.503372 -10.484375 -10.546875
v 205.815872 -3.400391 -12.171875
v -184.433060 -3.486328 -12.320313
v -184.362747 -10.445313 -10.734375
v -184.265091 -16.031250 -6.285156
v 197.518997 -16.156250 -6.019531
v 197.518997 -19.296875 0.524902
v -184.159622 -19.125000 0.143311
v 197.534622 -19.312500 7.800781
v -184.069778 -19.125000 7.281250
v 197.534622 -16.171875 14.359375
v -184.015091 -16.015625 13.710938
v -183.999466 -10.437500 18.156250
v 197.550247 -10.492188 18.890625
v 197.534622 -3.400391 20.515625
v -184.034622 -3.474609 19.750000
v 197.534622 3.691406 18.890625
v -184.104935 3.486328 18.171875
v 197.518997 9.367188 14.343750
v -184.206497 9.062500 13.726563
v -184.308060 12.164063 7.292969
v 197.503372 12.515625 7.789063
v 197.503372 12.523438 0.530273
v -184.393997 12.156250 0.154907
v -184.393997 12.156250 0.154907
v -184.456497 9.054688 -6.277344
v 197.487747 9.375000 -6.015625
v 197.503372 12.523438 0.530273
v 197.487747 3.689453 -10.546875
v -184.464310 3.474609 -10.726563
v -184.448685 -0.005878 -11.523438
v 205.815872 -3.400391 -12.171875
v 209.534622 -2.408203 -18.906250
v 205.815872 -3.400391 -12.171875
v 210.190872 -2.521484 -12.554688
v 221.440872 -0.312500 -13.640625
v 219.003372 -0.839355 -13.289063
v 218.659622 -0.058899 -19.578125
v 221.284622 0.731934 -19.640625
v 234.034622 -10.382813 -10.562500
v 233.940872 -6.855469 -11.367188
v 225.565872 -5.871094 -11.984375
v 219.909622 -10.382813 -10.562500
v 225.565872 -7.250000 -19.828125
v 225.565872 -5.871094 -11.984375
v 216.378372 -7.195313 21.156250
v -205.518997 8.132813 -20.000000
v -205.503372 17.343750 -12.648438
v -205.503372 3.242188 -21.718750
v -205.425247 -3.353516 -15.406250
v -205.362747 -11.710938 -13.500000
v -205.284622 -18.406250 -8.148438
v -205.206497 -22.125000 -0.432617
v -205.143997 -22.140625 8.148438
v -205.097122 -18.421875 15.890625
v -205.081497 -11.718750 21.250000
v -205.112747 -3.347656 23.156250
v -205.159622 5.019531 21.234375
v -205.237747 11.718750 15.882813
v -205.315872 15.429688 8.140625
v -205.393997 15.429688 -0.425781
v -205.393997 15.429688 -0.425781
v -205.440872 11.710938 -8.148438
v -205.440872 5.007813 -13.500000
v -205.440872 1.749023 -14.976563
v -232.222122 1.343750 -20.312500
v -237.503372 2.226563 -20.656250
v -239.222122 -3.333984 -21.625000
v -223.065872 7.304688 -18.015625
v -232.315872 1.966797 -20.062500
v -223.065872 2.693359 -19.671875
v -211.347122 1.911133 -21.234375
v -217.190872 1.820313 -20.500000
v -211.347122 7.910156 -19.406250
v -211.347122 2.638672 -21.250000
v -217.190872 7.621094 -18.718750
v -217.190872 2.447266 -20.546875
v -239.222122 -3.333984 -16.234375
v -239.222122 -3.333984 -21.625000
v -237.503372 2.226563 -20.656250
v -237.503372 1.024414 -15.445313
v -239.222122 5.480469 -14.218750
v -239.222122 7.820313 -19.078125
v -237.659622 2.501953 -20.328125
v -237.659622 0.941895 -15.296875
v -205.487747 2.667969 -22.062500
v -184.448685 -0.005878 -11.523438
v -205.362747 -11.710938 -13.500000
v -205.425247 -3.353516 -15.406250
v -223.034622 -3.333984 -16.343750
v -223.034622 -12.187500 -14.320313
v -223.034622 -15.750000 -11.492188
v -205.284622 -18.406250 -8.148438
v -223.034622 -19.281250 -8.656250
v -205.206497 -22.125000 -0.432617
v -223.003372 -23.234375 -0.472656
v -205.143997 -22.140625 8.148438
v -223.003372 -23.218750 8.609375
v -205.097122 -18.421875 15.890625
v -223.003372 -19.281250 16.781250
v -205.081497 -11.718750 21.250000
v -223.003372 -12.187500 22.453125
v -223.003372 -3.332031 24.468750
v -205.112747 -3.347656 23.156250
v -223.003372 5.523438 22.453125
v -205.159622 5.019531 21.234375
v -205.237747 11.718750 15.882813
v -223.034622 12.625000 16.796875
v -205.315872 15.429688 8.140625
v -223.034622 16.562500 8.609375
v -205.393997 15.429688 -0.425781
v -223.034622 16.562500 -0.470947
v -223.034622 16.562500 -0.470947
v -223.065872 12.625000 -8.656250
v -205.440872 11.710938 -8.148438
v -205.393997 15.429688 -0.425781
v -223.065872 5.523438 -14.320313
v -205.440872 5.007813 -13.500000
v -231.128372 -3.333984 -16.234375
v -231.128372 -12.148438 -14.218750
v -229.909622 -16.265625 -10.929688
v -231.128372 -19.218750 -8.578125
v -231.128372 -23.140625 -0.435059
v -231.128372 -23.140625 8.601563
v -231.128372 -19.218750 16.750000
v -233.815872 -12.148438 22.390625
v -233.815872 -3.333984 24.406250
v -233.815872 5.480469 22.390625
v -231.128372 12.546875 16.750000
v -231.128372 16.468750 8.601563
v -230.128372 16.468750 -0.435059
v -230.128372 16.468750 -0.435059
v -230.315872 12.546875 -8.578125
v -230.315872 12.546875 -8.578125
v -232.003372 5.480469 -14.218750
v -232.315872 0.574707 -15.578125
v -223.065872 1.504883 -15.835938
v -217.159622 1.074219 -15.515625
v -211.284622 1.014648 -15.226563
v -217.190872 1.197266 -15.734375
v -211.315872 1.083008 -15.453125
v -205.425247 1.625977 -15.085938
v -232.222122 0.235352 -15.726563
v -223.034622 1.286133 -15.835938
v -205.487747 2.667969 -22.062500
v -205.425247 1.625977 -15.085938
v -184.448685 -0.005878 -11.523438
v -184.597122 2.291016 -21.593750
v -217.190872 1.820313 -20.500000
v -217.159622 1.074219 -15.515625
v -211.284622 1.014648 -15.226563
v -211.347122 1.911133 -21.234375
v -232.222122 1.343750 -20.312500
v -232.222122 0.235352 -15.726563
v -232.315872 1.966797 -20.062500
v -232.315872 0.574707 -15.578125
v -217.190872 2.447266 -20.546875
v -211.347122 2.638672 -21.250000
v -211.315872 1.083008 -15.453125
v -217.190872 1.197266 -15.734375
v -205.503372 3.242188 -21.718750
v -184.597122 2.291016 -21.593750
v -184.448685 -0.005878 -11.523438
v -205.440872 1.749023 -14.976563
v 210.628372 -23.703125 -22.234375
v 206.487747 -23.796875 -21.171875
v 204.362747 -24.781250 -26.734375
v 207.768997 -24.781250 -27.640625
v 213.722122 -21.359375 -24.015625
v 210.378372 -22.765625 -28.906250
v 214.565872 -17.609375 -25.843750
v 211.190872 -19.531250 -30.031250
v 209.940872 -16.296875 -30.578125
v 212.909622 -13.867188 -26.968750
v 209.347122 -11.531250 -26.921875
v 207.034622 -14.289063 -30.359375
v 203.628372 -14.289063 -29.453125
v 205.143997 -11.554688 -25.812500
v 206.190872 -9.203125 -23.312500
v 201.925247 -13.937500 -24.109375
v 202.034622 -12.304688 -22.843750
v 201.018997 -17.765625 -22.406250
v 200.565872 -16.484375 -21.750000
v 202.800247 -21.531250 -21.250000
v 202.081497 -20.640625 -18.578125
v 206.487747 -23.796875 -21.171875
v 206.206497 -22.968750 -15.468750
v 203.347122 -21.328125 -27.421875
v 202.643997 -19.531250 -27.734375
v 204.128372 -15.015625 -15.375000
v 204.940872 -17.109375 -13.570313
v 204.956497 -22.437500 -27.546875
v 209.628372 -18.406250 -12.992188
v 206.847122 -22.437500 -28.046875
v 207.034622 -18.375000 -12.570313
v 211.722122 -17.156250 -14.375000
v 208.300247 -21.328125 -28.750000
v 211.722122 -12.765625 -17.093750
v 208.050247 -17.734375 -29.671875
v 208.753372 -19.531250 -29.359375
v 212.534622 -15.039063 -16.062500
v 206.440872 -16.625000 -29.546875
v 209.628372 -11.242188 -17.218750
v 204.550247 -16.625000 -29.046875
v 207.034622 -11.226563 -16.984375
v 204.925247 -12.773438 -16.640625
v 203.097122 -17.734375 -28.343750
v 202.643997 -19.531250 -27.734375
v 204.128372 -15.015625 -15.375000
v 220.878372 -23.828125 -10.515625
v 213.722122 -22.781250 -10.359375
v 216.972122 -20.703125 -12.671875
v 222.128372 -20.625000 -13.546875
v 233.940872 -8.906250 -20.343750
v 234.034622 -14.515625 -19.140625
v 223.659622 -15.039063 -17.546875
v 225.565872 -9.046875 -19.484375
v 234.034622 -27.437500 -7.468750
v 234.034622 -24.593750 -12.867188
v 205.815872 -3.404297 -18.640625
v 205.815872 -3.400391 -12.171875
v 212.222122 -3.287109 -12.000000
v 212.222122 -3.759766 -19.031250
v 217.315872 -4.769531 -11.843750
v 217.315872 -5.601563 -19.312500
v 197.347122 -15.132813 -17.546875
v 199.503372 -20.937500 -11.640625
v 212.222122 -3.759766 -19.031250
v 217.315872 -5.601563 -19.312500
v 217.097122 -9.187500 -18.625000
v 211.784622 -4.796875 -19.062500
v 205.518997 -4.554688 -18.500000
v 199.425247 -9.312500 -18.437500
v 225.565872 -7.250000 -19.828125
v 204.362747 -24.781250 -26.734375
v 201.456497 -22.765625 -26.515625
v 202.112747 -22.546875 -28.046875
v 204.362747 -24.093750 -28.218750
v 207.018997 -24.093750 -28.921875
v 204.362747 -24.093750 -28.218750
v 209.034622 -22.546875 -29.906250
v 209.690872 -20.031250 -30.765625
v 208.690872 -17.500000 -31.203125
v 206.456497 -15.953125 -31.031250
v 203.800247 -15.953125 -30.328125
v 201.768997 -17.500000 -29.343750
v 201.018997 -16.296875 -28.187500
v 201.128372 -20.031250 -28.468750
v 200.190872 -19.531250 -27.062500
v 211.597122 -22.437500 -17.578125
v 206.206497 -22.968750 -15.468750
v 214.534622 -20.484375 -18.984375
v 215.909622 -16.484375 -21.437500
v 214.597122 -12.179688 -22.906250
v 210.784622 -9.273438 -23.531250
v 203.347122 -21.328125 -27.421875
v 204.956497 -22.437500 -27.546875
v 204.956497 -22.437500 -27.546875
v 206.847122 -22.437500 -28.046875
v 208.300247 -21.328125 -28.750000
v 208.753372 -19.531250 -29.359375
v 208.050247 -17.734375 -29.671875
v 206.440872 -16.625000 -29.546875
v 204.550247 -16.625000 -29.046875
v 203.097122 -17.734375 -28.343750
v 202.643997 -19.531250 -27.734375
v 199.425247 -9.312500 -18.437500
v 205.518997 -4.554688 -18.500000
v 197.347122 -15.132813 -17.546875
v 199.503372 -20.937500 -11.640625
v 205.550247 -23.125000 -7.746094
v 213.722122 -22.781250 -10.359375
v 205.550247 -23.125000 -7.746094
v 216.972122 -20.703125 -12.671875
v 218.815872 -15.289063 -16.812500
v 217.097122 -9.187500 -18.625000
v 211.784622 -4.796875 -19.062500
v 220.815872 -3.328125 23.187500
v 230.878372 3.757813 20.734375
v 232.003372 7.382813 25.718750
v 222.753372 -3.328125 28.046875
v 234.034622 -11.289063 20.609375
v 212.878372 -10.414063 18.796875
v 212.878372 -12.796875 23.734375
v 234.034622 -13.671875 25.546875
v 237.159622 -25.140625 -12.867188
v 239.815872 -26.562500 -10.164063
v 234.034622 -30.296875 4.085938
v 237.159622 -30.843750 -2.066406
v 236.347122 -30.843750 3.285156
v 234.034622 -30.296875 -2.066406
v 241.315872 -29.312500 15.632813
v 241.315872 -27.890625 18.328125
v 237.159622 -25.140625 21.031250
v 237.159622 -30.843750 10.234375
v 238.284622 -17.265625 26.093750
v 238.534622 -15.703125 27.078125
v 237.159622 -15.062500 27.312500
v 237.378372 -18.562500 25.125000
v 238.784622 -20.187500 21.406250
v 234.034622 -22.671875 19.500000
v 237.284622 -17.203125 23.343750
v 234.034622 -14.523438 27.312500
v 234.034622 -12.664063 27.953125
v 212.878372 -12.796875 23.734375
v 234.034622 -11.789063 26.187500
v 234.034622 -13.671875 25.546875
v 236.034622 -13.210938 27.953125
v 237.159622 -14.140625 25.390625
v 236.034622 -12.304688 26.093750
v 238.534622 -15.703125 27.078125
v 238.378372 -14.601563 25.187500
v 237.159622 -14.140625 25.390625
v 237.159622 -15.062500 27.312500
v 237.159622 -28.343750 -1.496094
v 236.347122 -28.343750 3.359375
v 236.347122 -30.843750 3.285156
v 237.159622 -30.843750 -2.066406
v 235.128372 -14.117188 -17.156250
v 235.128372 -15.062500 -19.140625
v 234.034622 -14.515625 -19.140625
v 234.034622 -13.570313 -17.156250
v 234.034622 -14.515625 -19.140625
v 236.034622 -12.304688 26.093750
v 236.034622 -13.210938 27.953125
v 234.034622 -12.664063 27.953125
v 234.034622 -11.789063 26.187500
v 241.315872 -25.812500 17.031250
v 241.315872 -27.890625 18.328125
v 241.315872 -29.312500 15.632813
v 241.315872 -27.093750 14.570313
v 237.159622 -23.187500 19.484375
v 237.159622 -25.140625 21.031250
v 216.222122 -8.109375 25.890625
v 216.222122 -7.242188 21.125000
v 216.378372 -7.195313 21.156250
v 230.222122 -4.707031 31.140625
v 233.190872 4.187500 28.546875
v 234.253372 6.750000 27.734375
v 215.347122 -10.640625 26.625000
v 232.003372 7.382813 25.718750
v 232.222122 7.972656 27.359375
v 234.253372 6.750000 27.734375
v 234.190872 5.945313 26.109375
v 232.003372 7.382813 25.718750
v 234.190872 5.945313 26.109375
v 222.753372 -3.328125 28.046875
v 224.378372 -7.195313 29.500000
v 216.222122 -8.109375 25.890625
v 224.378372 -6.960938 27.765625
v 218.159622 -8.125000 26.187500
v 224.378372 -7.195313 29.500000
v 224.378372 -6.960938 27.765625
v 230.222122 -4.707031 28.953125
v 230.222122 -4.707031 31.140625
v 218.159622 -8.429688 27.875000
v 218.159622 -8.125000 26.187500
v 233.284622 3.794922 26.718750
v 233.190872 4.187500 28.546875
v 233.440872 -2.580078 31.203125
v 233.847122 -1.537109 30.875000
v 233.472122 -2.580078 29.015625
v 233.440872 -2.580078 31.203125
v 230.222122 -4.707031 28.953125
v 233.284622 3.794922 26.718750
v 233.722122 -2.011719 28.843750
v 233.472122 -2.580078 29.015625
v 233.847122 -1.537109 30.875000
v 233.722122 -2.011719 28.843750
v 238.284622 -17.265625 26.093750
v 238.190872 -16.015625 24.250000
v 237.378372 -18.562500 25.125000
v 237.284622 -17.203125 23.343750
v 238.847122 -21.843750 23.078125
v 238.784622 -20.187500 21.406250
v -210.690872 22.343750 4.246094
v -216.065872 21.734375 4.339844
v -206.097122 18.890625 -9.632813
v -204.768997 21.640625 -4.222656
v -220.440872 21.125000 1.180664
v -206.425247 22.656250 0.936035
v -216.628372 15.828125 -13.351563
v -223.065872 15.828125 -11.210938
v -221.097122 16.984375 -9.625000
v -210.503372 16.562500 -13.515625
v 234.565872 23.578125 10.226563
v 234.190872 23.609375 -2.070313
v 234.190872 17.968750 -12.859375
v 232.253372 8.070313 -18.984375
v 227.784622 2.250000 -20.375000
v 221.284622 0.731934 -19.640625
v -237.690872 14.976563 -13.367188
v -237.690872 11.132813 -9.710938
v -230.315872 12.546875 -8.578125
v -230.315872 16.250000 -11.539063
v -237.628372 12.546875 -8.578125
v -237.628372 16.765625 -11.945313
v -230.315872 16.250000 -11.539063
v -230.315872 12.546875 -8.578125
v -240.065872 17.578125 -10.234375
v -240.065872 13.203125 -7.234375
v -237.253372 16.468750 -0.435059
v -237.253372 21.734375 -1.634766
v -239.222122 16.468750 8.601563
v -239.222122 21.734375 9.804688
v 234.003372 -18.296875 -14.117188
v 234.253372 -13.484375 -8.226563
v 234.597122 -16.203125 -6.152344
v 234.034622 -22.656250 -11.320313
v -215.940872 18.078125 -11.320313
v -216.628372 15.828125 -13.351563
v -210.503372 16.562500 -13.515625
v -211.097122 18.531250 -11.406250
v -207.925247 28.046875 -0.006275
v -211.284622 27.890625 2.564453
v -206.628372 26.421875 -4.082031
v -215.534622 27.609375 2.625000
v -211.284622 27.890625 2.564453
v -211.440872 30.796875 2.177734
v 197.503372 -10.484375 -10.546875
v 197.518997 -16.156250 -6.019531
v 197.518997 -19.296875 0.524902
v 234.034622 -30.296875 10.234375
v 197.534622 -19.312500 7.800781
v 234.034622 -30.296875 10.234375
v 234.034622 -24.593750 21.031250
v 197.534622 -16.171875 14.359375
v 197.550247 -10.492188 18.890625
v 217.315872 -4.769531 -11.843750
v 234.003372 -19.734375 -15.875000
v 218.815872 -15.289063 -16.812500
v 212.878372 -13.046875 25.375000
v 212.878372 -12.796875 23.734375
v -239.222122 -12.148438 -14.218750
v -239.222122 -14.492188 -19.078125
v -238.628372 -17.468750 -16.703125
v -238.628372 -14.507813 -12.335938
v -236.784622 -20.453125 -14.320313
v -239.222122 -23.437500 -11.945313
v -239.222122 -19.218750 -8.578125
v -236.784622 -16.859375 -10.460938
v -239.222122 -23.140625 8.601563
v -239.222122 -28.390625 9.804688
v -236.784622 -28.390625 5.992188
v -236.784622 -23.140625 5.593750
v -239.222122 -12.148438 22.390625
v -239.222122 -14.492188 27.250000
v -239.222122 5.480469 22.390625
v -239.222122 7.820313 27.250000
v -240.753372 -10.765625 28.093750
v -239.222122 -4.820313 29.453125
v -239.222122 7.820313 27.250000
v -237.878372 4.101563 28.093750
v -239.222122 -1.374023 23.953125
v -237.878372 2.542969 23.062500
v -239.222122 -12.148438 22.390625
v -240.753372 -9.210938 23.062500
v -233.815872 -3.333984 29.359375
v -233.815872 -3.333984 24.406250
v -233.815872 -3.333984 24.406250
v -233.815872 -3.333984 29.359375
v -230.940872 16.250000 19.703125
v -238.628372 -17.468750 -16.703125
v -239.222122 -14.492188 -19.078125
v -230.847122 -17.812500 -15.609375
v -230.847122 -15.093750 -11.867188
v -230.847122 -17.812500 -15.609375
v -230.847122 -15.093750 -11.867188
v -229.909622 -19.312500 -14.421875
v -223.034622 -18.250000 -14.625000
v -229.909622 -16.265625 -10.929688
v -223.034622 -15.750000 -11.492188
v -237.659622 2.501953 -20.328125
v -237.690872 11.132813 -9.710938
v -239.222122 5.480469 -14.218750
v -237.659622 0.941895 -15.296875
v -223.065872 2.693359 -19.671875
v -223.065872 1.504883 -15.835938
v -223.065872 15.828125 -11.210938
v -223.065872 12.625000 -8.656250
v -240.565872 -7.050781 -20.765625
v -236.784622 -20.453125 -14.320313
v -239.222122 -23.437500 -11.945313
v -239.222122 -28.390625 -1.634766
v -240.628372 -25.093750 -8.507813
v -239.222122 -28.390625 9.804688
v -236.784622 -28.390625 5.992188
v -241.315872 -26.750000 13.242188
v -239.222122 -23.437500 20.109375
v -239.222122 -14.492188 27.250000
v -239.222122 -17.468750 24.875000
v -223.065872 2.404297 -19.953125
v -239.222122 -3.333984 -16.234375
v -240.565872 -6.269531 -15.562500
v -236.784622 -16.859375 -10.460938
v -239.222122 -19.218750 -8.578125
v -240.628372 -20.515625 -5.867188
v -236.784622 -23.140625 5.593750
v -236.784622 -23.140625 2.578125
v -241.315872 -21.828125 11.320313
v -239.222122 -19.218750 16.750000
v -241.190872 -18.031250 17.687500
v -239.222122 -14.507813 20.515625
v -237.503372 1.024414 -15.445313
v -223.065872 2.404297 -19.953125
v -223.034622 1.286133 -15.835938
v -239.222122 -12.148438 -14.218750
v -238.628372 -14.507813 -12.335938
v -223.034622 -18.250000 -14.625000
v -223.034622 -15.750000 -11.492188
v -230.315872 16.250000 -11.539063
v -239.628372 18.406250 -8.531250
v -239.628372 20.093750 -5.046875
v -241.315872 15.164063 11.320313
v -239.222122 12.546875 16.750000
v -239.222122 16.468750 8.601563
v -240.097122 16.468750 5.613281
v -239.628372 15.179688 -3.130859
v -237.253372 16.468750 -0.435059
v -223.065872 15.828125 -11.210938
v -223.065872 12.625000 -8.656250
v -237.815872 7.839844 20.515625
v -234.409622 10.195313 18.625000
v -239.222122 5.480469 22.390625
v -241.315872 20.078125 13.242188
v -239.222122 16.765625 20.109375
v -234.409622 13.789063 22.484375
v 239.534622 -27.984375 -7.468750
v 239.534622 -25.765625 -6.410156
v 237.159622 -28.343750 -1.496094
v 237.159622 -30.843750 -2.066406
v 234.034622 -30.296875 -2.066406
v 234.034622 -27.796875 -1.496094
v 237.159622 -28.343750 -1.496094
v 237.159622 -30.843750 -2.066406
v 234.034622 -30.296875 -2.066406
v 237.159622 -30.843750 -2.066406
v 237.159622 -28.343750 -1.496094
v 234.034622 -27.796875 -1.496094
v 239.534622 -27.984375 -7.468750
v 237.159622 -30.843750 -2.066406
v 234.034622 -24.593750 -12.867188
v 234.034622 -22.656250 -11.320313
v 237.159622 -23.203125 -11.320313
v 237.159622 -25.140625 -12.867188
v 239.815872 -26.562500 -10.164063
v 237.159622 -25.140625 -12.867188
v 237.159622 -23.203125 -11.320313
v 239.815872 -24.484375 -8.867188
v 239.534622 -27.984375 -7.468750
v 239.534622 -25.765625 -6.410156
v 234.034622 -27.437500 -7.468750
v 239.534622 -27.984375 -7.468750
v 239.534622 -25.765625 -6.410156
v 234.034622 -25.218750 -6.410156
v 234.034622 -27.437500 -7.468750
v 234.034622 -25.218750 -6.410156
v 239.534622 -25.765625 -6.410156
v 239.534622 -27.984375 -7.468750
v 237.159622 -30.843750 10.234375
v 237.534622 -30.843750 4.085938
v 237.159622 -28.343750 9.664063
v 237.159622 -30.843750 10.234375
v 237.534622 -30.843750 4.085938
v 237.534622 -28.343750 4.085938
v 237.534622 -28.343750 4.085938
v 234.034622 -27.812500 4.089844
v 234.034622 -30.296875 4.085938
v 237.534622 -30.843750 4.085938
v 234.034622 -30.296875 4.085938
v 234.034622 -27.812500 4.089844
v 237.534622 -28.343750 4.085938
v 237.534622 -30.843750 4.085938
v 237.534622 -28.343750 4.085938
v 237.534622 -30.843750 4.085938
v 238.628372 -23.828125 -13.687500
v 238.628372 -22.015625 -12.085938
v 237.159622 -23.203125 -11.320313
v 237.159622 -25.140625 -12.867188
v 234.034622 -24.593750 -12.867188
v 237.159622 -25.140625 -12.867188
v 237.159622 -23.203125 -11.320313
v 234.034622 -22.656250 -11.320313
v 237.815872 -20.750000 -16.296875
v 237.815872 -19.265625 -14.546875
v 237.159622 -16.953125 -17.968750
v 237.159622 -15.812500 -16.062500
v 237.159622 -30.843750 10.234375
v 237.159622 -28.343750 9.664063
v 234.034622 -30.296875 10.234375
v 234.034622 -27.828125 9.671875
v 237.159622 -28.343750 9.664063
v 237.159622 -30.843750 10.234375
v 234.034622 -30.296875 10.234375
v 237.159622 -30.843750 10.234375
v 237.159622 -28.343750 9.664063
v 234.034622 -27.828125 9.671875
v -222.315872 19.562500 -3.970703
v -212.315872 30.765625 -0.565918
v -205.425247 1.625977 -15.085938
v -205.440872 1.749023 -14.976563
v -237.253372 21.734375 -1.634766
v -237.628372 16.765625 -11.945313
v -240.065872 17.578125 -10.234375
v -239.222122 21.734375 2.150391
v -237.253372 16.468750 -0.435059
v -239.222122 16.468750 2.556641
v -239.628372 13.851563 -5.886719
v -240.065872 13.203125 -7.234375
v -237.628372 12.546875 -8.578125
v -239.222122 -0.854492 29.234375
v -239.222122 -4.507813 24.125000
v -241.190872 -21.937500 21.296875
v -239.222122 -23.140625 8.601563
v -239.222122 -23.140625 -0.435059
v -236.784622 -28.390625 2.177734
v -236.784622 -28.390625 5.992188
v -240.440872 -9.210938 -14.890625
v -240.440872 -10.765625 -19.921875
v -237.815872 10.804688 24.875000
v 238.378372 -14.601563 25.187500
v 238.190872 -16.015625 24.250000
v 239.534622 -27.984375 -7.468750
v 237.534622 -30.843750 4.085938
v 238.847122 -21.843750 23.078125
v 212.878372 -12.796875 23.734375
v 212.878372 -10.414063 18.796875
v 214.378372 -8.742188 20.000000
v 214.378372 -10.367188 24.843750
v 215.347122 -10.359375 24.953125
v 215.347122 -10.640625 26.625000
v 214.378372 -10.367188 24.843750
v 212.878372 -12.796875 23.734375
v 215.347122 -10.359375 24.953125
v 221.440872 -0.312500 -13.640625
v 227.690872 0.816895 -14.070313
v 210.190872 -2.521484 -12.554688
v 205.815872 -3.400391 -12.171875
v 205.815872 -3.404297 -18.640625
v 209.534622 -2.408203 -18.906250
v 234.034622 -13.070313 21.484375
v 234.034622 -18.875000 16.468750
v 234.034622 -17.843750 15.656250
v 234.034622 -14.859375 24.468750
v 234.034622 -21.921875 18.953125
v 234.034622 -22.671875 19.500000
v 234.034622 -19.515625 19.578125
v 234.034622 -16.968750 21.531250
v 234.034622 -18.640625 18.343750
v 234.034622 -15.796875 20.140625
v 234.034622 -21.265625 18.468750
v 234.034622 -19.796875 17.265625
v 234.034622 -14.257813 21.218750
v 234.034622 -15.375000 22.984375
v 234.034622 -22.359375 8.179688
v 234.034622 -21.187500 7.957031
v 234.034622 -26.375000 9.304688
v 234.034622 -27.828125 9.671875
v 234.034622 -23.109375 14.414063
v 234.034622 -21.406250 13.781250
v 234.034622 -24.140625 11.664063
v 234.034622 -22.687500 11.242188
v 234.034622 -25.500000 9.117188
v 234.034622 -22.968750 8.351563
v 234.159622 10.601563 -6.914063
v 232.878372 6.648438 -13.187500
v 234.128372 11.046875 -7.468750
v 232.503372 9.015625 -17.796875
v 234.190872 17.968750 -12.859375
v 234.159622 16.187500 -11.617188
v 232.940872 7.324219 -13.109375
v 233.659622 10.820313 -10.898438
v 232.909622 9.273438 -14.968750
v 233.628372 12.656250 -12.554688
v 233.315872 10.000000 -12.617188
v 233.315872 10.289063 -12.992188
v 234.190872 13.953125 0.406982
v 234.190872 13.335938 -2.007813
v 234.190872 23.609375 -2.070313
v 234.190872 20.750000 -4.488281
v 234.190872 14.945313 -9.515625
v 234.190872 12.593750 -6.996094
v 234.190872 14.156250 -4.035156
v 234.190872 17.328125 -5.343750
v 234.190872 14.796875 -6.613281
v 232.472122 10.695313 15.156250
v 233.909622 13.929688 7.773438
v 233.940872 14.648438 8.023438
v 232.659622 11.382813 15.664063
v 233.815872 14.679688 3.525391
v 234.565872 23.578125 10.226563
v 234.409622 17.390625 20.921875
v 234.003372 16.031250 19.296875
v 234.409622 21.203125 9.835938
v 234.159622 21.250000 1.293945
v 233.847122 15.492188 13.781250
v 234.159622 17.515625 8.906250
v 234.034622 17.875000 3.837891
v 234.034622 -27.812500 4.089844
v 234.034622 -27.796875 -1.496094
v 234.034622 -26.390625 -1.174805
v 234.034622 -26.921875 4.085938
v 234.034622 -21.843750 0.122742
v 234.034622 -20.312500 0.405518
v 234.034622 -25.921875 3.962891
v 234.034622 -23.140625 4.406250
v 234.034622 -25.343750 -0.939453
v 234.034622 -22.500000 -0.027237
v 234.034622 -22.859375 -9.195313
v 234.034622 -25.218750 -6.410156
v 234.034622 -24.656250 -5.617188
v 234.034622 -18.046875 -5.707031
v 234.034622 -22.437500 -3.789063
v 234.034622 -23.750000 -4.539063
v 234.034622 -22.390625 -7.464844
v 234.034622 -19.781250 -5.281250
v 232.222122 7.972656 27.359375
v 232.347122 8.710938 26.078125
v 231.284622 5.265625 21.203125
v 232.784622 11.492188 18.484375
v 232.909622 11.703125 20.390625
v 232.409622 9.085938 24.968750
v 232.065872 8.195313 21.390625
v 232.503372 9.898438 21.671875
v 237.815872 -20.750000 -16.296875
v 238.628372 -23.828125 -13.687500
v 237.815872 -19.265625 -14.546875
v 237.815872 -20.750000 -16.296875
v 235.128372 -15.062500 -19.140625
v 237.159622 -16.953125 -17.968750
v 237.815872 -19.265625 -14.546875
v 237.815872 -20.750000 -16.296875
v 234.003372 -19.734375 -15.875000
v 234.003372 -18.296875 -14.117188
v 237.815872 -19.265625 -14.546875
v 234.003372 -18.296875 -14.117188
v 234.003372 -19.734375 -15.875000
v 237.815872 -20.750000 -16.296875
v 212.222122 -3.287109 -12.000000
v 205.815872 -3.400391 -12.171875
v 218.159622 -8.429688 27.875000
v 237.159622 -25.140625 -12.867188
v 237.815872 -20.750000 -16.296875
v 214.409622 -1.674805 -12.921875
v 213.909622 -1.230469 -19.203125
v 213.909622 -1.230469 -19.203125
v 218.659622 -0.058899 -19.578125
v 214.409622 -1.674805 -12.921875
v 219.003372 -0.839355 -13.289063
v 216.222122 -7.242188 21.125000
v 214.378372 -8.742188 20.000000
v -210.534622 21.968750 -1.907227
v -209.878372 21.062500 -4.042969
v -216.972122 20.187500 -3.935547
v -216.315872 21.281250 -1.822266
v -212.315872 21.812500 -0.564941
v -214.503372 21.578125 -0.533691
v -210.565872 19.984375 -6.167969
v -216.315872 19.281250 -6.070313
v -214.534622 18.859375 -7.417969
v -212.347122 19.140625 -7.457031
v 209.628372 -11.242188 -17.218750
v 211.722122 -12.765625 -17.093750
v 204.925247 -12.773438 -16.640625
v 207.034622 -11.226563 -16.984375
v 204.128372 -15.015625 -15.375000
v 212.534622 -15.039063 -16.062500
v 211.722122 -17.156250 -14.375000
v 204.940872 -17.109375 -13.570313
v 209.628372 -18.406250 -12.992188
v 207.034622 -18.375000 -12.570313
v -16.018417 -4.773295 -28.039368
v -17.019073 -9.740645 -25.353750
v -17.898773 -14.603782 -20.222498
v -18.777618 -18.864576 -16.325737
v -19.672211 -23.818020 -12.293771
v -20.211945 -26.054909 -7.802818
v -20.931259 -28.923761 -1.869446
v -21.180710 -28.925491 3.076290
v -21.270889 -29.461538 3.251822
v -21.568634 -29.286118 9.676554
v -23.037140 -29.084217 11.506804
v -23.060089 -28.151253 16.072617
v -22.266449 -26.526316 21.197346
v -21.378036 -22.946995 24.171680
v -18.666367 -14.777848 27.005362
v -20.332458 -19.387394 25.726896
v -17.219696 -9.614979 28.025673
v -16.205002 -4.092337 28.482485
v -15.315125 1.364062 27.871120
v -14.223770 6.522058 26.009537
v -13.223877 11.163174 23.035030
v -12.423492 15.122640 19.234589
v -11.779938 18.239702 14.695377
v -11.380234 20.373142 9.583017
v -11.306610 21.377726 4.093406
v -11.495453 21.136330 -1.577911
v -11.745041 19.608303 -7.226522
v -12.086639 17.209652 -12.860805
v -12.567444 14.173374 -18.145742
v -13.159927 10.456243 -22.790289
v -13.876801 5.939009 -25.954485
v -14.897629 0.427811 -27.801336
v -16.541443 -3.449357 -12.256453
v -17.048355 -6.553242 -11.543098
v -17.686371 -10.462362 -10.652534
v -18.765808 -16.085436 -6.170011
v -18.160355 -12.930824 -8.682383
v -19.114792 -17.443878 -3.339294
v -19.565247 -19.199120 0.307868
v -19.724472 -19.205776 3.442174
v -19.929565 -19.205650 7.504717
v -19.867035 -17.854282 10.326937
v -19.783173 -16.082880 13.990047
v -19.156601 -10.461128 18.473526
v -19.510330 -13.634298 15.944063
v -18.726135 -7.389158 19.178288
v -18.172974 -3.442348 20.082804
v -17.668106 -0.350183 19.375307
v -17.027527 3.576109 18.486534
v -16.548691 6.068386 16.491095
v -15.948151 9.196801 13.998610
v -15.146942 12.319822 7.512763
v -15.590988 10.587874 11.103748
v -14.983887 12.323438 4.293876
v -14.783981 12.319328 0.321616
v -14.930481 9.196859 -6.161180
v -14.849350 10.921453 -2.584634
v -14.783981 12.319327 0.321616
v -15.211365 6.677273 -8.169236
v -15.557739 3.569617 -10.647102
v -16.263824 -1.468747 -11.802883
v -15.986923 0.506787 -11.350480
v -16.263794 -1.468747 -11.802883
v -73.206787 -3.635592 -24.743578
v -87.704361 -27.464798 14.730760
v -82.551224 -17.569696 25.742832
v -78.421951 -5.428721 -11.828074
v -80.685745 -10.455918 -10.683468
v -83.552780 -16.064224 -6.215086
v -84.087509 -16.888128 -4.498242
v -85.566513 -19.169399 0.241881
v -85.768906 -19.173332 2.117205
v -86.335678 -19.173021 7.414309
v -86.172653 -18.367403 9.097078
v -85.699783 -16.055885 13.878023
v -83.791245 -10.451863 18.349123
v -83.038132 -8.575344 18.780586
v -80.982895 -3.454565 19.956776
v -80.112961 -1.522921 19.515945
v -77.832489 3.543435 18.372019
v -77.017517 5.136556 17.097666
v -74.966217 9.149694 13.903187
v -72.946609 12.266602 7.437663
v -72.718521 12.269095 5.316480
v -72.180023 12.264143 0.265202
v -72.815155 9.148315 -6.200845
v -73.378571 7.494358 -7.519019
v -74.726700 3.536335 -10.674938
v -76.525345 -0.944593 -11.702757
v -74.775467 -8.240894 -23.184097
v -76.866943 -13.499121 -20.335596
v -78.952805 -18.073431 -16.981215
v -81.434921 -22.729246 -12.988356
v -83.474319 -25.937946 -8.861794
v -85.722641 -29.002712 -3.793126
v -86.788681 -30.326775 -0.178480
v -87.360886 -30.573067 2.177449
v -87.523636 -29.836123 6.849324
v -86.984451 -26.152641 17.458784
v -85.743027 -23.918505 20.822819
v -84.055283 -20.796452 23.758251
v -81.118454 -14.137929 27.057106
v -79.526611 -10.100684 27.932449
v -77.463867 -4.974632 28.414312
v -75.062347 0.340743 27.866690
v -72.846634 5.567596 25.950691
v -70.979630 10.254511 23.003008
v -69.311508 14.311872 19.226215
v -67.823669 17.694887 14.775740
v -66.592590 20.345175 9.794921
v -65.730164 22.053541 4.492325
v -65.411209 22.356812 -1.006083
v -65.997070 20.521425 -6.323679
v -67.383759 17.215187 -11.547787
v -68.467667 13.605245 -15.615108
v -69.205368 9.066662 -20.063461
v -70.418854 4.855037 -23.025610
v -71.706772 0.797530 -24.595346
v -77.536194 -3.462788 -12.279654
v -81.467178 -11.984087 -9.463990
v -85.199020 -14.585190 15.052350
v -74.378433 10.056055 12.018187
v -72.367966 11.340363 -1.655235
v -72.180008 12.264142 0.265202
v -75.521713 1.555525 -11.130008
v -76.525330 -0.944593 -11.702757
v -133.348953 -3.507116 -22.664595
v -155.315689 -28.730547 11.010525
v -146.460373 -16.538839 26.937725
v -135.644394 -4.380260 -12.093774
v -140.018845 -10.449849 -10.712601
v -144.561966 -16.044249 -6.257532
v -144.891891 -16.368032 -5.582838
v -147.714890 -19.141411 0.179747
v -147.827133 -19.142849 0.872206
v -148.863693 -18.988440 7.232460
v -148.762253 -18.602749 7.779596
v -147.767746 -14.611753 12.880683
v -144.662827 -10.024370 17.968708
v -144.184128 -9.428125 18.229576
v -140.147903 -3.466073 19.838058
v -139.551956 -2.639207 19.649817
v -135.120407 3.512650 18.264126
v -134.520950 4.250422 17.674490
v -130.579208 9.105305 13.813271
v -127.415207 12.216448 7.366891
v -127.240036 12.217778 6.282173
v -126.268906 12.212137 0.212038
v -127.360275 9.102571 -6.238220
v -127.829330 8.259237 -6.910346
v -130.473190 3.504978 -10.701164
v -133.035385 -0.453070 -11.608864
v -134.419571 -4.995238 -22.330740
v -141.525528 -14.894933 -20.098284
v -142.490799 -16.104334 -19.206472
v -148.890305 -23.954630 -12.973373
v -149.753983 -24.853588 -11.504801
v -153.991898 -29.199627 -2.532595
v -154.316971 -29.393248 -1.306692
v -154.460983 -29.474468 -0.792695
v -156.078781 -29.192106 9.253897
v -153.224472 -26.138248 18.114952
v -151.706436 -23.993694 21.944138
v -148.303665 -18.944399 25.470039
v -145.183365 -14.499962 27.670895
v -143.053879 -11.508955 28.276974
v -137.860703 -5.426723 29.158537
v -134.239243 -0.393640 28.866474
v -130.918228 5.454774 27.085938
v -128.596329 10.130131 24.358940
v -126.537186 14.511787 20.384937
v -124.890152 17.997753 15.888917
v -123.548080 21.005453 10.569815
v -122.295395 23.107481 5.249951
v -121.245316 23.854078 -0.572245
v -120.891983 21.957401 -5.692419
v -120.770981 18.146235 -11.161518
v -122.144089 14.263279 -14.827475
v -125.767441 8.042452 -19.816776
v -129.080765 3.068415 -21.132166
v -130.159470 1.418286 -21.516714
v -134.991959 -3.475441 -12.301508
v -140.547440 -11.100559 -10.193416
v -147.465378 -14.016619 13.283003
v -130.124680 9.551748 12.885321
v -126.436325 11.734144 -0.781586
v -126.268906 12.212137 0.212038
v -131.101273 2.534590 -10.924181
v -133.035355 -0.453070 -11.608864
v -164.898911 -3.496770 -22.823105
v -184.271622 -24.703083 -12.089458
v -189.755814 -29.380903 -2.172212
v -190.301804 -29.367367 1.302056
v -191.459457 -29.136971 9.715614
v -180.127762 -15.178783 27.625742
v -166.855942 -3.808385 -12.238698
v -172.623398 -10.446514 -10.728610
v -177.986984 -16.033306 -6.280788
v -178.046616 -16.084440 -6.174234
v -181.592056 -19.126156 0.145878
v -181.599991 -19.126259 0.194662
v -182.736374 -19.125654 7.283065
v -182.730881 -19.114639 7.306084
v -181.180466 -16.016787 13.715755
v -177.251633 -10.438467 18.169237
v -177.150406 -10.311174 18.198605
v -171.710770 -3.472212 19.774727
v -171.508469 -3.239363 19.721788
v -165.659042 3.496240 18.206614
v -165.391586 3.774702 17.984158
v -160.297775 9.081583 13.765221
v -156.678543 12.189503 7.328869
v -156.593521 12.190149 6.802086
v -155.537033 12.183996 0.183270
v -157.089401 9.077641 -6.258592
v -157.373581 8.674251 -6.580088
v -161.027267 3.487792 -10.715538
v -163.948563 -0.184188 -11.557501
v -165.391708 -4.064337 -22.696157
v -174.923752 -15.042427 -20.237030
v -175.135910 -15.263535 -20.061794
v -183.816025 -24.311293 -12.896737
v -183.823105 -24.317389 -12.884138
v -191.459488 -29.136972 9.715614
v -188.990372 -24.258627 19.838612
v -188.857956 -24.015234 20.328077
v -182.350266 -16.117414 26.754648
v -179.925613 -14.952536 27.743294
v -179.034622 -14.056828 27.937654
v -168.642014 -5.693729 29.506542
v -164.635880 -1.025232 29.446146
v -160.063919 5.788408 27.657661
v -157.742355 9.805730 25.618013
v -155.542282 15.096865 21.120125
v -154.185379 18.148348 17.180456
v -153.354233 21.451925 10.930204
v -152.600327 23.139498 6.273808
v -151.956375 23.734850 -0.577544
v -151.894272 22.109674 -4.987236
v -152.004196 18.203878 -11.112049
v -153.079239 14.770507 -14.553287
v -155.735977 8.089807 -19.947758
v -160.008896 2.637641 -21.388695
v -160.599594 1.903105 -21.560522
v -166.572586 -3.482395 -12.313520
v -172.788467 -10.618403 -10.591475
v -181.150436 -15.974157 13.749825
v -160.065414 9.280891 13.351049
v -155.655319 11.946946 -0.309459
v -155.537033 12.183996 0.183270
v -161.361465 3.067640 -10.812119
v -163.948593 -0.184187 -11.557501
v -103.149887 -6.926311 -22.284883
v -106.985764 -13.718931 -20.010397
v -109.536240 -17.584822 -17.824383
v -114.100266 -23.218323 -13.519109
v -116.631821 -25.929842 -9.958069
v -119.483414 -28.838808 -4.274091
v -120.525558 -29.849983 -1.036907
v -121.044785 -30.013731 1.529846
v -121.588150 -29.670383 6.048720
v -119.858078 -25.787830 17.821012
v -118.370255 -23.452868 21.193615
v -116.265915 -20.065697 24.130915
v -112.842911 -14.002132 27.193140
v -110.714951 -10.237824 27.970968
v -107.564407 -5.183768 28.418474
v -104.565018 -0.017965 27.925756
v -101.903366 5.263070 26.186556
v -99.772110 9.995039 23.360716
v -97.915359 14.170339 19.581699
v -96.306534 17.637451 15.122269
v -94.937820 20.412922 10.086710
v -93.828079 22.231985 4.777612
v -93.051804 22.656672 -0.736165
v -92.960922 20.867044 -5.994944
v -93.059647 17.567322 -11.112223
v -93.594742 13.715608 -15.038016
v -94.631546 8.130734 -19.563112
v -97.023544 3.882360 -21.473185
v -98.800034 0.907884 -22.583336
v -99.994614 -3.467734 -12.288197
v -104.597183 -11.638185 -9.749561
v -108.668991 -14.924934 14.733749
v -95.205673 9.867641 12.342155
v -93.045914 11.490961 -1.321116
v -92.791885 12.244325 0.244943
v -97.225754 1.937853 -11.049631
v -98.603806 -0.752555 -11.666073
v -101.280991 -3.184013 -23.313272
v -120.934372 -27.348221 14.501698
v -114.490402 -17.054129 26.018744
v -100.855820 -5.017675 -11.932240
v -103.875229 -10.453547 -10.694854
v -107.289047 -16.056452 -6.231600
v -107.749130 -16.685736 -4.920306
v -109.555710 -19.158596 0.217898
v -109.691635 -19.161581 1.637272
v -110.235092 -19.161278 7.381772
v -110.030197 -18.552029 8.654560
v -109.182907 -16.046268 13.838114
v -106.617020 -10.448591 18.305189
v -105.873367 -8.996523 18.639376
v -103.037216 -3.458854 19.912521
v -102.192184 -1.937577 19.565674
v -99.155136 3.531976 18.331861
v -98.377701 4.807393 17.311934
v -95.742386 9.133111 13.869596
v -93.468246 12.247705 7.410998
v -93.303482 12.249720 5.681084
v -92.791885 12.244326 0.244943
v -93.842911 9.130681 -6.215254
v -94.457413 7.790456 -7.283391
v -96.413284 3.524137 -10.685141
v -98.603806 -0.752555 -11.666073
v -45.932449 -9.018353 -23.669819
v -47.321869 -13.888018 -20.245413
v -48.705750 -18.398899 -16.536108
v -49.983887 -22.742373 -12.471383
v -50.791489 -25.868570 -7.942569
v -50.757721 -28.567051 -2.520235
v -50.441422 -29.130379 1.714959
v -50.508606 -29.502848 2.869896
v -50.103897 -29.265966 9.624598
v -55.648895 -26.965195 16.543310
v -54.570801 -24.814564 20.592878
v -52.897079 -21.417624 23.715767
v -50.096924 -14.315037 26.930336
v -48.595856 -9.770890 27.836115
v -47.090210 -4.504521 28.208525
v -45.631622 0.847450 27.636345
v -43.965576 6.066050 25.860895
v -42.341492 10.754156 23.000504
v -40.888428 14.783072 19.238995
v -39.608063 18.082035 14.759219
v -38.641907 20.582424 9.721763
v -38.307480 21.986336 4.371381
v -38.614838 21.841858 -1.264492
v -39.242920 19.877651 -6.641497
v -40.018097 17.004414 -12.033992
v -40.716263 13.651484 -16.730686
v -41.424362 9.639359 -20.986364
v -42.337769 5.285214 -24.019812
v -43.423492 0.601321 -25.660952
v -42.067612 -3.454978 -12.266163
v -44.686081 -12.534138 -9.009878
v -46.137787 -14.019751 15.582600
v -39.299973 10.373392 11.472542
v -38.521561 11.093859 -2.202133
v -38.299362 12.296718 0.298503
v -40.908401 0.945793 -11.258190
v -41.486649 -1.249359 -11.760975
v -44.646072 -4.200283 -25.640543
v -56.278305 -28.390139 12.726769
v -51.556656 -18.137920 25.591654
v -42.810638 -6.081211 -11.662720
v -44.049026 -10.459665 -10.665479
v -45.773712 -16.076593 -6.188801
v -46.184586 -17.212334 -3.822150
v -46.898422 -19.186811 0.280541
v -47.011124 -19.192371 2.894755
v -47.205551 -19.192249 7.467582
v -46.997650 -18.064240 9.823709
v -46.628677 -16.071886 13.944424
v -45.285568 -10.457382 18.423235
v -44.603134 -7.866440 19.018267
v -43.439163 -3.447262 20.032108
v -42.696030 -0.820217 19.431675
v -41.456589 3.562982 18.440525
v -40.801773 5.694644 16.734381
v -39.732346 9.177817 13.960155
v -38.604477 12.298223 7.482284
v -38.485748 12.301317 4.710145
v -38.299362 12.296719 0.298503
v -38.876175 9.176778 -6.177589
v -39.392899 7.016955 -7.898925
v -40.220993 3.555744 -10.658705
v -41.486618 -1.249359 -11.760975
v 11.594162 -10.334002 -25.476458
v 10.536972 -14.840372 -19.891682
v 8.995987 -19.381245 -15.775087
v 7.679840 -23.755964 -12.147885
v 6.910431 -26.337320 -6.974483
v 6.484985 -28.833061 -1.810379
v 6.166473 -28.834309 3.965031
v 6.132660 -29.460325 4.172427
v 5.834869 -29.310173 9.670253
v 5.785782 -27.964655 15.115068
v 8.310379 -28.161264 22.599621
v 8.975876 -24.074358 25.209152
v 12.942505 -15.362662 27.199665
v 14.649704 -9.373476 28.388697
v 15.697861 -3.702057 29.029556
v 16.295441 1.911427 28.585506
v 16.800491 7.046466 26.674904
v 16.979492 11.716513 23.360592
v 17.029953 15.626671 19.431370
v 16.990234 18.648903 14.734657
v 16.737885 20.627066 9.508688
v 16.398331 21.483400 3.832931
v 16.258530 21.224161 -2.011300
v 16.320541 19.970085 -7.914876
v 16.125565 17.979300 -13.850940
v 15.724014 15.061072 -19.782486
v 15.206085 11.435143 -24.647005
v 14.532379 6.689876 -27.212378
v 13.162308 -0.315190 -29.315710
v 7.968048 -3.443959 -12.247129
v 7.401291 -13.313092 -8.366790
v 6.043350 -13.264390 16.290951
v 7.208939 10.794133 10.749096
v 7.963120 10.755310 -2.953243
v 7.837997 12.341078 0.343851
v 8.049591 0.083371 -11.439494
v 8.008820 -1.679869 -11.843213
v 12.187424 -5.328124 -29.601080
v 5.835083 -29.310152 9.670336
v 9.860764 -21.390881 26.003235
v 7.795441 -7.008443 -11.427742
v 7.628464 -10.464952 -10.640105
v 7.179764 -16.093929 -6.151959
v 6.942810 -17.666763 -2.874493
v 6.710693 -19.210951 0.334137
v 6.510025 -19.218662 3.968485
v 6.313034 -19.218544 7.540445
v 6.188705 -17.652643 10.810227
v 6.066681 -16.093466 14.033979
v 6.020401 -10.464737 18.521984
v 6.102051 -6.931221 19.331823
v 6.182831 -3.437610 20.131674
v 6.354019 0.100962 19.321205
v 6.522293 3.588763 18.530884
v 6.749115 6.427407 16.257391
v 6.971252 9.215096 14.035666
v 7.441071 12.340621 7.542112
v 7.642410 12.344734 3.893116
v 7.837982 12.341079 0.343851
v 8.084106 9.216160 -6.145411
v 8.107651 6.349707 -8.429905
v 8.130386 3.582941 -10.635959
v 8.008820 -1.679870 -11.843213
v 46.285294 -10.885135 -24.338623
v 46.050430 -14.876461 -19.319601
v 46.264297 -20.225939 -14.846908
v 46.749573 -23.717602 -12.059730
v 47.309616 -26.765514 -5.722636
v 47.663864 -28.695721 -1.722150
v 47.891144 -28.695189 5.321019
v 47.988480 -29.458471 5.578547
v 48.107239 -29.347284 9.660534
v 48.209488 -28.985353 13.906128
v 48.225891 -30.004669 22.666262
v 48.784264 -26.305660 24.805458
v 50.018883 -15.609693 27.218910
v 50.237907 -8.777337 28.995235
v 50.338448 -3.391680 30.358192
v 49.892433 2.756793 30.511433
v 49.397865 7.788620 28.490320
v 48.387077 12.655978 23.958342
v 47.582062 16.490715 19.932095
v 46.868332 19.452600 14.789392
v 45.878860 21.158201 9.392920
v 44.903473 21.830921 3.426780
v 44.975433 21.559006 -2.456447
v 45.805878 20.099031 -8.429657
v 46.259323 18.128679 -14.286447
v 46.606750 15.445847 -20.264757
v 46.709717 11.784242 -24.660847
v 46.605438 6.743277 -27.439070
v 46.308426 0.021866 -29.408449
v 44.378235 -3.435941 -12.233280
v 45.737274 -13.886396 -7.893480
v 46.394775 -12.680274 16.838715
v 43.403717 11.121568 10.186085
v 43.033890 10.499889 -3.519924
v 42.940994 12.374828 0.378354
v 44.063004 -0.551025 -11.572861
v 44.220779 -1.994840 -11.903380
v 46.071030 -5.415246 -29.212526
v 48.212570 -29.339539 9.751006
v 49.090591 -23.500229 25.620441
v 44.905807 -7.688399 -11.255428
v 45.250580 -10.468801 -10.621633
v 46.053345 -16.106657 -6.124913
v 46.402283 -18.004284 -2.170636
v 46.627274 -19.228926 0.374045
v 46.770477 -19.238440 4.776181
v 46.861450 -19.238468 7.595649
v 46.767868 -17.338614 11.562903
v 46.706573 -16.110109 14.103046
v 46.193863 -10.470495 18.599306
v 45.727310 -6.200363 19.576862
v 45.424606 -3.429978 20.210415
v 44.896805 0.824810 19.234400
v 44.551636 3.609199 18.602505
v 44.068054 7.002496 15.883039
v 43.748840 9.244451 14.095129
v 43.173859 12.373523 7.588540
v 43.033829 12.378046 3.266258
v 42.940994 12.374829 0.378354
v 43.096237 9.245522 -6.121419
v 43.404633 5.853884 -8.824470
v 43.609268 3.602898 -10.619267
v 44.220779 -1.994841 -11.903380
v 82.745628 -10.845206 -22.052887
v 84.892426 -15.389182 -18.518871
v 90.228516 -20.973017 -14.001474
v 92.211388 -23.622969 -11.782647
v 94.001038 -27.260063 -4.275931
v 94.504089 -28.539497 -1.621792
v 94.836586 -28.538662 6.846673
v 95.135025 -29.456383 7.162406
v 95.211655 -29.388638 9.649704
v 94.971939 -28.456919 11.789736
v 93.371918 -30.434088 24.456575
v 92.908409 -28.118702 25.601574
v 91.312103 -14.684288 27.149723
v 88.819519 -6.815874 30.004070
v 87.838638 -3.950086 32.834686
v 85.146912 4.576666 34.526600
v 83.859970 8.425729 32.598064
v 81.323174 13.943885 23.406712
v 80.254868 16.832684 20.128866
v 79.124908 19.822096 13.472711
v 77.236160 21.115501 8.748217
v 75.180092 21.560167 2.679619
v 75.002419 21.200127 -2.590749
v 75.622734 19.307241 -8.627088
v 76.600975 17.272894 -14.110672
v 78.192947 14.035113 -19.083748
v 79.185333 10.424328 -22.710073
v 79.913757 5.923398 -24.961420
v 80.794899 0.183289 -25.974680
v 86.260490 -3.426718 -12.217350
v 89.917870 -14.547106 -7.348011
v 90.112465 -12.047428 17.432175
v 82.472298 11.475000 9.578373
v 82.325790 10.213726 -4.154812
v 81.820175 12.412210 0.416568
v 85.611595 -1.282927 -11.726727
v 85.936920 -2.357686 -11.972692
v 81.583664 -5.261533 -25.127218
v 95.211662 -29.388636 9.649703
v 92.897469 -27.996527 25.667580
v 87.879852 -8.475794 -11.055888
v 88.520325 -10.473227 -10.600387
v 90.457787 -16.121197 -6.094018
v 91.350197 -18.388750 -1.368880
v 91.688660 -19.249218 0.419096
v 91.898972 -19.260609 5.681540
v 91.976608 -19.260635 7.657070
v 91.455795 -16.992786 12.391790
v 91.256584 -16.128353 14.178759
v 89.672058 -10.476727 18.682991
v 88.140778 -5.418078 19.839144
v 87.536484 -3.421786 20.294912
v 85.927399 1.595380 19.141989
v 85.274712 3.631082 18.679199
v 83.906975 7.616417 15.483409
v 83.337662 9.276051 14.159138
v 82.104874 12.409369 7.639124
v 81.904358 12.414632 2.577778
v 81.820175 12.412212 0.416568
v 82.541039 9.278602 -6.094390
v 83.659752 5.288414 -9.274459
v 84.125923 3.625688 -10.600205
v 85.936920 -2.357687 -11.972692
v 117.406353 -11.905762 -20.025383
v 118.087021 -14.960561 -18.579258
v 120.586987 -21.894993 -13.093369
v 121.363235 -23.525476 -11.788865
v 123.583252 -27.573395 -3.359345
v 124.058701 -28.440926 -1.558469
v 124.581917 -28.439484 7.813350
v 125.040443 -29.455059 8.167061
v 125.105576 -29.414879 9.642831
v 124.916382 -28.816483 10.883232
v 123.378220 -29.048510 26.508886
v 122.923748 -28.127438 27.645790
v 119.698605 -14.678530 27.129333
v 115.977341 -5.765798 29.124237
v 115.058212 -3.573270 29.627201
v 111.169746 5.170394 27.642578
v 110.128540 7.511538 27.110199
v 106.840385 14.428302 21.615639
v 106.197876 16.457397 19.886663
v 107.862534 19.588615 13.118060
v 107.127792 20.957060 8.565070
v 102.829971 21.356546 1.122831
v 102.990135 21.232328 -1.792834
v 106.217522 18.334040 -8.761419
v 108.147614 16.321655 -13.506573
v 110.784470 12.518333 -18.693714
v 112.153656 9.628269 -21.703430
v 113.308403 6.021041 -23.247791
v 115.583965 -0.227530 -23.882833
v 112.654053 -3.420906 -12.207312
v 117.932854 -14.966063 -7.002129
v 117.885056 -11.645400 17.809183
v 107.317551 11.699762 9.191905
v 107.269508 10.032061 -4.557858
v 106.510345 12.435949 0.440836
v 111.952240 -1.746932 -11.824273
v 112.304451 -2.587030 -12.016503
v 116.650345 -5.072834 -23.005861
v 125.105576 -29.414879 9.642830
v 122.909107 -28.087627 27.708874
v 115.125023 -8.974995 -10.929381
v 115.792648 -10.476017 -10.586996
v 118.487732 -16.130375 -6.074517
v 119.860229 -18.632614 -0.860333
v 120.205269 -19.262060 0.447606
v 120.535393 -19.274675 6.256038
v 120.615891 -19.274708 7.696061
v 119.827057 -16.773230 12.918030
v 119.626617 -16.139971 14.226973
v 117.433708 -10.480705 18.736423
v 115.102600 -4.920788 20.005873
v 114.471893 -3.416547 20.348959
v 112.024101 2.085486 19.083214
v 111.330452 3.645083 18.728271
v 109.250412 8.006962 15.229185
v 108.635880 9.296244 14.200040
v 106.916122 12.432214 7.671361
v 106.604507 12.437881 2.140286
v 106.510353 12.435951 0.440836
v 107.501053 9.299534 -6.077287
v 109.194283 4.929726 -9.559895
v 109.693970 3.640070 -10.588177
v 112.304451 -2.587031 -12.016503
v 159.734909 -13.799094 -18.868788
v 160.253784 -14.610950 -18.680889
v 165.973633 -22.913172 -12.023560
v 166.315704 -23.409727 -11.625677
v 170.045151 -28.065514 -1.919752
v 170.222412 -28.286957 -1.459559
v 171.163132 -28.284168 9.327168
v 171.781464 -29.235603 9.664884
v 171.781479 -29.235603 9.664884
v 171.454788 -28.480751 11.272917
v 169.633316 -24.264147 20.293781
v 169.450241 -23.928806 20.573830
v 164.232010 -14.590298 26.998528
v 158.166656 -4.462008 29.322010
v 157.643219 -3.587881 29.522907
v 151.298889 6.345582 27.273094
v 150.604660 7.432498 27.026459
v 145.212128 15.267792 20.808041
v 144.507889 16.290932 19.995104
v 141.071594 20.587208 11.097898
v 140.572906 21.210766 9.807117
v 139.710999 21.213829 -0.036201
v 139.581940 21.214272 -1.510190
v 141.472870 16.899513 -10.431383
v 141.742950 16.283281 -11.705279
v 146.072111 8.566873 -18.532616
v 146.621004 7.657620 -19.655132
v 146.984407 7.086296 -19.925194
v 152.911926 -3.090957 -21.109497
v 153.889664 -3.411826 -12.191627
v 161.948792 -15.624308 -6.458693
v 161.269333 -11.017382 18.398117
v 146.135376 12.050926 8.588093
v 146.357285 9.747384 -5.189447
v 145.165573 12.473116 0.478830
v 153.329086 -2.475807 -11.977503
v 153.610870 -2.946313 -12.085135
v 153.218384 -3.602497 -21.225464
v 157.945908 -9.759582 -10.730552
v 158.406387 -10.480375 -10.566072
v 162.307098 -16.144722 -6.044029
v 164.606354 -19.015354 -0.062176
v 164.819916 -19.282150 0.492210
v 165.411179 -19.296719 7.156327
v 165.463669 -19.296741 7.757118
v 164.212158 -16.429749 13.741300
v 164.093124 -16.158180 14.302542
v 160.977936 -10.486946 18.820234
v 157.179077 -4.144719 20.266071
v 156.737976 -3.408326 20.433765
v 152.738647 2.850121 18.991516
v 152.216797 3.667054 18.805275
v 148.806473 8.616524 14.832392
v 148.316544 9.327915 14.264196
v 145.801559 12.468019 7.721887
v 145.250229 12.474255 1.455788
v 145.165588 12.473117 0.478830
v 146.538971 9.332273 -6.050537
v 149.266296 4.366828 -10.007835
v 149.653107 3.662547 -10.569379
v 153.610870 -2.946313 -12.085135
v 178.626282 -14.364730 -18.646400
v 178.786194 -14.587093 -18.594847
v 185.298340 -23.346542 -11.568172
v 185.308960 -23.360821 -11.556726
v 185.888031 -24.086414 -10.044102
v 188.926651 -27.848227 -1.348464
v 189.365921 -27.802841 9.716890
v 188.986526 -27.840668 0.182644
v 189.365921 -27.802841 9.716890
v 188.998108 -27.203218 11.065928
v 186.603073 -23.295610 19.902010
v 186.160889 -22.636076 20.502884
v 182.217224 -16.779066 25.443443
v 180.714798 -14.569418 26.964424
v 186.514069 -23.162876 20.022882
v 173.317368 -3.993800 29.393032
v 173.037140 -3.593162 29.485207
v 165.591217 6.764135 27.141499
v 165.131119 7.404131 26.996407
v 159.063354 15.569942 20.517296
v 158.561523 16.245249 19.980865
v 154.988663 20.725321 10.702953
v 154.646072 21.154926 9.813652
v 154.206955 21.156296 -0.469759
v 154.163849 21.156422 -1.479187
v 156.973907 16.633196 -10.822845
v 157.222549 16.232981 -11.649426
v 162.805939 7.967514 -18.197723
v 163.192566 7.395117 -18.651972
v 163.435318 7.048210 -18.729519
v 170.727844 -3.375052 -21.083935
v 171.130386 -3.408029 -12.185069
v 180.242599 -15.897886 -6.232831
v 177.671570 -10.779947 18.620775
v 160.946136 12.184912 8.357711
v 162.168579 9.632230 -5.444930
v 160.396286 12.487761 0.493801
v 170.692230 -2.781669 -12.041803
v 170.912674 -3.096804 -12.113882
v 170.891083 -3.608370 -21.136707
v 175.934616 -10.089180 -10.647025
v 176.217194 -10.482197 -10.557327
v 180.430450 -16.150654 -6.031420
v 182.841095 -19.171326 0.263086
v 182.936020 -19.290308 0.510322
v 183.245193 -19.305481 7.514109
v 183.256592 -19.305485 7.781342
v 181.390152 -16.296812 14.059923
v 181.308411 -16.165230 14.331799
v 177.475281 -10.489311 18.851986
v 172.834854 -3.855960 20.362885
v 172.519562 -3.405257 20.465431
v 167.817749 3.133312 18.957554
v 167.428116 3.675228 18.833923
v 163.585098 8.844264 14.684146
v 163.216766 9.339808 14.288287
v 160.709351 12.481746 7.741256
v 160.425262 12.488538 1.187005
v 160.396286 12.487761 0.493801
v 162.346588 9.345530 -6.039705
v 165.866211 4.133646 -10.193397
v 166.178070 3.671842 -10.561604
v 170.912674 -3.096804 -12.113883
v 237.534622 -28.343750 4.085938
v 234.034622 -27.812500 4.089844
v 234.034622 -27.828125 9.671875
v 234.034622 -27.828125 9.671875
v 237.159622 -28.343750 9.664063
v 237.534622 -28.343750 4.085938
v 238.784622 -20.187500 21.406250
v 237.159622 -23.187500 19.484375
v 234.034622 -22.671875 19.500000
v 234.034622 -27.828125 9.671875
v 234.034622 -22.671875 19.500000
v 237.159622 -23.187500 19.484375
v 239.534622 -25.765625 -6.410156
v 234.034622 -25.218750 -6.410156
v 234.034622 -27.796875 -1.496094
v 234.034622 -27.796875 -1.496094
v 237.159622 -28.343750 -1.496094
v 239.534622 -25.765625 -6.410156
v 239.815872 -24.484375 -8.867188
v 234.034622 -22.656250 -11.320313
v 234.034622 -25.218750 -6.410156
v 234.034622 -25.218750 -6.410156
v 239.534622 -25.765625 -6.410156
v 239.815872 -24.484375 -8.867188
v 237.534622 -28.343750 4.085938
v 236.347122 -28.343750 3.359375
v 234.034622 -27.812500 4.089844
v 238.628372 -22.015625 -12.085938
v 234.003372 -18.296875 -14.117188
v 234.034622 -22.656250 -11.320313
v 234.034622 -22.656250 -11.320313
v 237.159622 -23.203125 -11.320313
v 238.628372 -22.015625 -12.085938
v 237.159622 -23.187500 19.484375
v 237.159622 -28.343750 9.664063
v 234.034622 -27.828125 9.671875
v 237.159622 -23.187500 19.484375
v 241.315872 -25.812500 17.031250
v 241.315872 -27.093750 14.570313
v 241.315872 -27.093750 14.570313
v 237.159622 -28.343750 9.664063
v 237.159622 -23.187500 19.484375
v 234.034622 -27.812500 4.089844
v 236.347122 -28.343750 3.359375
v 237.159622 -28.343750 -1.496094
v 237.159622 -28.343750 -1.496094
v 234.034622 -27.796875 -1.496094
v 234.034622 -27.812500 4.089844
v 239.815872 -24.484375 -8.867188
v 237.159622 -23.203125 -11.320313
v 234.034622 -22.656250 -11.320313
v 237.159622 -15.812500 -16.062500
v 234.034622 -13.570313 -17.156250
v 234.003372 -18.296875 -14.117188
v 234.003372 -18.296875 -14.117188
v 237.815872 -19.265625 -14.546875
v 237.159622 -15.812500 -16.062500
v 238.628372 -22.015625 -12.085938
v 237.815872 -19.265625 -14.546875
v 234.003372 -18.296875 -14.117188
v 237.159622 -15.812500 -16.062500
v 235.128372 -14.117188 -17.156250
v 234.034622 -13.570313 -17.156250
vt 0.372384 0.634299
vt 0.370894 0.640284
vt 0.366957 0.640637
vt 0.363846 0.635321
vt 0.251756 0.696483
vt 0.251844 0.690626
vt 0.256301 0.690756
vt 0.256205 0.697123
vt 0.362203 0.646691
vt 0.357418 0.643630
vt 0.292482 0.695352
vt 0.292603 0.684560
vt 0.297006 0.691272
vt 0.296939 0.697130
vt 0.359033 0.654605
vt 0.353810 0.652576
vt 0.357341 0.661710
vt 0.351979 0.660331
vt 0.381919 0.652095
vt 0.386237 0.648318
vt 0.390171 0.654938
vt 0.385852 0.658081
vt 0.376899 0.645295
vt 0.380567 0.640710
vt 0.260767 0.696325
vt 0.260950 0.684292
vt 0.362891 0.630519
vt 0.372423 0.628866
vt 0.355408 0.638368
vt 0.393259 0.631467
vt 0.390481 0.638230
vt 0.382196 0.629738
vt 0.383614 0.623056
vt 0.381585 0.633783
vt 0.338221 0.650276
vt 0.343206 0.654191
vt 0.338617 0.662215
vt 0.332420 0.659975
vt 0.348459 0.645485
vt 0.344877 0.640741
vt 0.279168 0.673189
vt 0.283646 0.673162
vt 0.283436 0.691181
vt 0.278887 0.691430
vt 0.409420 0.649461
vt 0.403764 0.653585
vt 0.397673 0.645842
vt 0.402047 0.640027
vt 0.413553 0.660193
vt 0.407323 0.662369
vt 0.274646 0.673247
vt 0.274422 0.691839
vt 0.354218 0.635282
vt 0.351735 0.630287
vt 0.388544 0.643149
vt 0.394156 0.650300
vt 0.270177 0.673243
vt 0.269883 0.692375
vt 0.265602 0.677760
vt 0.265341 0.694536
vt 0.287962 0.693092
vt 0.288147 0.677811
vt 0.393900 0.660441
vt 0.388666 0.662177
vt 0.389421 0.666832
vt 0.395839 0.667526
vt 0.968678 0.331770
vt 0.970030 0.354367
vt 0.953898 0.355237
vt 0.952073 0.332895
vt 0.918572 0.358979
vt 0.915996 0.335679
vt 0.876102 0.362691
vt 0.122888 0.379265
vt 0.122092 0.357183
vt 0.873505 0.338066
vt 0.960788 0.057307
vt 0.950292 0.055128
vt 0.952431 0.047662
vt 0.962490 0.051394
vt 0.950481 0.310598
vt 0.966853 0.310679
vt 0.964473 0.319883
vt 0.951222 0.321683
vt 0.914555 0.312227
vt 0.120796 0.334810
vt 0.871858 0.314010
vt 0.944699 0.617143
vt 0.951508 0.618398
vt 0.942131 0.646995
vt 0.966837 0.288250
vt 0.950118 0.288311
vt 0.913384 0.288755
vt 0.119650 0.312020
vt 0.870781 0.289851
vt 0.079173 0.315841
vt 0.080200 0.331316
vt 0.929074 0.617004
vt 0.927182 0.645908
vt 0.902117 0.252207
vt 0.886404 0.250613
vt 0.889855 0.240197
vt 0.902416 0.241442
vt 0.966798 0.265814
vt 0.950342 0.266143
vt 0.913626 0.264923
vt 0.117930 0.289370
vt 0.153362 0.285838
vt 0.078349 0.294819
vt 0.050304 0.316356
vt 0.050859 0.293253
vt 0.913897 0.615890
vt 0.912143 0.645014
vt 0.878351 0.246122
vt 0.882922 0.236416
vt 0.871592 0.242285
vt 0.877578 0.233382
vt 0.968434 0.579049
vt 0.968119 0.601862
vt 0.952051 0.601393
vt 0.951923 0.579076
vt 0.916409 0.604089
vt 0.915611 0.580406
vt 0.158618 0.607316
vt 0.123175 0.603799
vt 0.123789 0.581034
vt 0.159079 0.583234
vt 0.083957 0.599706
vt 0.083844 0.578606
vt 0.056367 0.602024
vt 0.055026 0.579376
vt 0.897104 0.644465
vt 0.897135 0.615348
vt 0.435362 0.691604
vt 0.420471 0.697754
vt 0.418539 0.686937
vt 0.430549 0.681973
vt 0.915224 0.556861
vt 0.951956 0.556280
vt 0.124024 0.558641
vt 0.872422 0.557262
vt 0.083247 0.557010
vt 0.068281 0.556139
vt 0.880661 0.615780
vt 0.881928 0.658559
vt 0.414878 0.697855
vt 0.413483 0.687109
vt 0.402544 0.697702
vt 0.403441 0.687002
vt 0.974126 0.556419
vt 0.974283 0.533650
vt 0.952090 0.533486
vt 0.915421 0.533358
vt 0.124216 0.536327
vt 0.872696 0.533404
vt 0.083326 0.535267
vt 0.375607 0.688614
vt 0.381740 0.679633
vt 0.391052 0.684053
vt 0.387201 0.694068
vt 0.974394 0.511021
vt 0.952282 0.510652
vt 0.915730 0.509855
vt 0.124348 0.513981
vt 0.873107 0.509466
vt 0.083274 0.513379
vt 0.047882 0.536564
vt 0.027946 0.514833
vt 0.073876 0.514230
vt 0.074510 0.536789
vt 0.865846 0.689399
vt 0.851036 0.689936
vt 0.849328 0.621929
vt 0.865576 0.641672
vt 0.541952 0.653325
vt 0.548293 0.644684
vt 0.556468 0.651636
vt 0.551385 0.658611
vt 0.952610 0.487833
vt 0.916245 0.486283
vt 0.124499 0.491610
vt 0.873714 0.485397
vt 0.083118 0.491517
vt 0.023072 0.492769
vt 0.073145 0.492127
vt 0.836247 0.690837
vt 0.831025 0.619748
vt 0.566327 0.642836
vt 0.560338 0.633918
vt 0.569324 0.628615
vt 0.574320 0.638128
vt 0.917012 0.462570
vt 0.953152 0.464951
vt 0.124672 0.469193
vt 0.874387 0.461284
vt 0.083064 0.469712
vt 0.072930 0.469897
vt 0.814417 0.618136
vt 0.821479 0.692028
vt 0.584331 0.632341
vt 0.580066 0.622214
vt 0.595905 0.619272
vt 0.597112 0.629955
vt 0.988284 0.458860
vt 0.986429 0.466258
vt 0.969888 0.465740
vt 0.968619 0.443071
vt 0.124745 0.446723
vt 0.875031 0.437011
vt 0.082958 0.447879
vt 0.072843 0.447773
vt 0.799419 0.618988
vt 0.806754 0.693432
vt 0.620197 0.621330
vt 0.616963 0.631594
vt 0.610657 0.630109
vt 0.612329 0.619478
vt 0.124365 0.424228
vt 0.876376 0.412468
vt 0.082964 0.426151
vt 0.072910 0.425745
vt 0.566685 0.698319
vt 0.566450 0.683521
vt 0.641219 0.681924
vt 0.641497 0.698328
vt 0.636083 0.628609
vt 0.642451 0.633266
vt 0.635485 0.641429
vt 0.630446 0.637759
vt 0.985183 0.417396
vt 0.970140 0.420467
vt 0.975412 0.398267
vt 0.990056 0.399517
vt 0.123921 0.401744
vt 0.877951 0.387660
vt 0.082774 0.404591
vt 0.073072 0.403854
vt 0.637873 0.665401
vt 0.565919 0.668716
vt 0.879029 0.375074
vt 0.081627 0.383011
vt 0.050265 0.649305
vt 0.045283 0.662111
vt 0.032995 0.657356
vt 0.038194 0.643054
vt 0.712416 0.669936
vt 0.716107 0.676319
vt 0.705190 0.686495
vt 0.696177 0.679332
vt 0.831140 0.186685
vt 0.847738 0.201879
vt 0.054526 0.185523
vt 0.053776 0.170748
vt 0.053410 0.155756
vt 0.831512 0.171901
vt 0.831853 0.157112
vt 0.053326 0.140660
vt 0.832226 0.142289
vt 0.053459 0.125543
vt 0.832561 0.127474
vt 0.053746 0.110398
vt 0.054201 0.095214
vt 0.832919 0.112671
vt 0.833201 0.097847
vt 0.054802 0.080013
vt 0.833503 0.083023
vt 0.055615 0.064909
vt 0.833759 0.068205
vt 0.056693 0.049970
vt 0.058145 0.035227
vt 0.834005 0.053388
vt 0.834274 0.038598
vt 0.060030 0.020784
vt 0.804812 0.217376
vt 0.805280 0.231956
vt 0.026916 0.226520
vt 0.026976 0.211719
vt 0.026826 0.241333
vt 0.805172 0.246563
vt 0.804848 0.253851
vt 0.009766 0.256050
vt 0.074853 0.385416
vt 0.581689 0.652625
vt 0.590766 0.653567
vt 0.042091 0.674683
vt 0.041227 0.679741
vt 0.028803 0.676154
vt 0.030309 0.670773
vt 0.959284 0.619465
vt 0.966598 0.620196
vt 0.967422 0.637294
vt 0.956995 0.648071
vt 0.689032 0.663437
vt 0.703140 0.655418
vt 0.874076 0.651104
vt 0.921134 0.392007
vt 0.919317 0.415710
vt 0.922464 0.381420
vt 0.012503 0.192135
vt 0.011009 0.175257
vt 0.010204 0.158616
vt 0.009837 0.142158
vt 0.009766 0.125786
vt 0.009943 0.109457
vt 0.010334 0.093140
vt 0.010953 0.076758
vt 0.011946 0.060271
vt 0.013417 0.043647
vt 0.015668 0.026809
vt 0.019064 0.009808
vt 0.847600 0.213221
vt 0.848620 0.230563
vt 0.848519 0.247950
vt 0.848233 0.255210
vt 0.972720 0.363935
vt 0.983215 0.365310
vt 0.986381 0.353978
vt 0.957216 0.396690
vt 0.977022 0.386559
vt 0.958316 0.386573
vt 0.931677 0.368366
vt 0.943243 0.366967
vt 0.933235 0.393425
vt 0.934737 0.382153
vt 0.945210 0.394981
vt 0.946696 0.383957
vt 0.958970 0.063776
vt 0.948010 0.063047
vt 0.949192 0.075011
vt 0.959970 0.073405
vt 0.187081 0.629525
vt 0.186282 0.618564
vt 0.197752 0.620141
vt 0.197018 0.630849
vt 0.920182 0.371153
vt 0.055167 0.192804
vt 0.861419 0.042705
vt 0.859949 0.025261
vt 0.895673 0.021479
vt 0.897369 0.039852
vt 0.898108 0.049070
vt 0.862495 0.060178
vt 0.898661 0.058247
vt 0.863157 0.077717
vt 0.899408 0.076613
vt 0.863549 0.095350
vt 0.899952 0.094897
vt 0.863691 0.113030
vt 0.900211 0.113125
vt 0.863606 0.130710
vt 0.900162 0.131370
vt 0.899836 0.149605
vt 0.863310 0.148395
vt 0.899111 0.167839
vt 0.862697 0.166055
vt 0.861786 0.183668
vt 0.898063 0.186070
vt 0.860517 0.201259
vt 0.896663 0.204336
vt 0.858855 0.218717
vt 0.894972 0.222654
vt 0.056892 0.698200
vt 0.075397 0.697852
vt 0.075823 0.733836
vt 0.058361 0.734196
vt 0.093893 0.698093
vt 0.093299 0.734030
vt 0.912079 0.019986
vt 0.913781 0.038366
vt 0.912333 0.050042
vt 0.915155 0.057662
vt 0.915919 0.076114
vt 0.916467 0.094583
vt 0.916727 0.113075
vt 0.922218 0.131606
vt 0.921892 0.150206
vt 0.921027 0.168823
vt 0.914485 0.187071
vt 0.913129 0.205514
vt 0.909596 0.223758
vt 0.056688 0.683745
vt 0.075096 0.683081
vt 0.075662 0.683053
vt 0.094158 0.679905
vt 0.104547 0.679426
vt 0.102628 0.698285
vt 0.882799 0.013727
vt 0.870880 0.015105
vt 0.102833 0.710289
vt 0.102518 0.722272
vt 0.013793 0.202118
vt 0.913620 0.012459
vt 0.894730 0.012081
vt 0.956168 0.140369
vt 0.970384 0.138243
vt 0.984664 0.179312
vt 0.963823 0.182259
vt 0.955785 0.116216
vt 0.965937 0.114671
vt 0.968406 0.126400
vt 0.956161 0.128213
vt 0.951870 0.085610
vt 0.961381 0.084209
vt 0.208593 0.621726
vt 0.207939 0.631271
vt 0.239537 0.622601
vt 0.251520 0.621968
vt 0.250713 0.634171
vt 0.238816 0.632707
vt 0.263522 0.621567
vt 0.306021 0.625068
vt 0.304929 0.646088
vt 0.262713 0.635615
vt 0.452267 0.634489
vt 0.447945 0.627184
vt 0.458264 0.619248
vt 0.461111 0.625768
vt 0.457896 0.640602
vt 0.465047 0.631050
vt 0.464716 0.645049
vt 0.469947 0.635221
vt 0.475679 0.638095
vt 0.472376 0.647867
vt 0.480710 0.649025
vt 0.481896 0.639103
vt 0.488097 0.638290
vt 0.489448 0.647788
vt 0.489306 0.655211
vt 0.498140 0.644153
vt 0.498688 0.648501
vt 0.505524 0.637942
vt 0.505941 0.641200
vt 0.510662 0.629756
vt 0.515300 0.633604
vt 0.513457 0.621199
vt 0.523718 0.625259
vt 0.957026 0.202726
vt 0.956502 0.198778
vt 0.982605 0.191946
vt 0.986084 0.196674
vt 0.957305 0.206708
vt 0.989517 0.206652
vt 0.957512 0.210687
vt 0.988753 0.201352
vt 0.988942 0.212335
vt 0.957743 0.214671
vt 0.986880 0.223244
vt 0.958333 0.222607
vt 0.958070 0.218633
vt 0.987680 0.217955
vt 0.958415 0.226597
vt 0.986518 0.228513
vt 0.958164 0.230574
vt 0.985385 0.233698
vt 0.983372 0.238682
vt 0.957539 0.234516
vt 0.956501 0.238353
vt 0.982852 0.244149
vt 0.048651 0.336799
vt 0.063467 0.337242
vt 0.056951 0.344025
vt 0.046423 0.345932
vt 0.023871 0.374946
vt 0.022812 0.363578
vt 0.043867 0.360017
vt 0.040698 0.373046
vt 0.021461 0.327577
vt 0.021397 0.339796
vt 0.672056 0.625761
vt 0.683671 0.619530
vt 0.690151 0.630869
vt 0.677505 0.637671
vt 0.695375 0.640338
vt 0.681988 0.647773
vt 0.099174 0.356533
vt 0.092818 0.340212
vt 0.068466 0.382311
vt 0.057731 0.379090
vt 0.057928 0.371658
vt 0.069346 0.380156
vt 0.082068 0.380402
vt 0.094007 0.369139
vt 0.040828 0.376769
vt 0.502089 0.618803
vt 0.500720 0.625553
vt 0.497751 0.624122
vt 0.498603 0.618773
vt 0.463917 0.624181
vt 0.461997 0.618953
vt 0.467213 0.628562
vt 0.471473 0.632039
vt 0.476387 0.634426
vt 0.481674 0.635384
vt 0.486979 0.634637
vt 0.491663 0.632376
vt 0.493659 0.635546
vt 0.495306 0.628737
vt 0.497971 0.631162
vt 0.444503 0.640539
vt 0.437021 0.631098
vt 0.449927 0.646803
vt 0.459166 0.652424
vt 0.468849 0.656417
vt 0.479421 0.657544
vt 0.494143 0.623309
vt 0.494716 0.619321
vt 0.466153 0.618779
vt 0.467400 0.622791
vt 0.470127 0.626340
vt 0.473644 0.629137
vt 0.477549 0.631227
vt 0.481704 0.632051
vt 0.485784 0.631574
vt 0.489394 0.629765
vt 0.492196 0.626882
vt 0.506056 0.658012
vt 0.493627 0.668263
vt 0.514396 0.648670
vt 0.529185 0.640259
vt 0.539104 0.628584
vt 0.431571 0.648971
vt 0.421574 0.634323
vt 0.438800 0.654968
vt 0.452489 0.661551
vt 0.465681 0.667692
vt 0.480455 0.670489
vt 0.126599 0.679527
vt 0.119109 0.655079
vt 0.129513 0.647684
vt 0.136665 0.676019
vt 0.777437 0.659468
vt 0.779832 0.616231
vt 0.790877 0.617903
vt 0.788482 0.661139
vt 0.014950 0.339247
vt 0.009766 0.333105
vt 0.021964 0.302926
vt 0.014906 0.314717
vt 0.017046 0.304311
vt 0.021246 0.315278
vt 0.011815 0.596056
vt 0.011408 0.589943
vt 0.019574 0.582084
vt 0.021276 0.606480
vt 0.017094 0.563107
vt 0.016568 0.559362
vt 0.019334 0.558013
vt 0.018972 0.566389
vt 0.764683 0.630522
vt 0.758991 0.640621
vt 0.758643 0.625481
vt 0.025629 0.557097
vt 0.025649 0.553110
vt 0.710265 0.640603
vt 0.746990 0.617393
vt 0.748868 0.620984
vt 0.021647 0.554091
vt 0.754977 0.618926
vt 0.751092 0.616434
vt 0.272019 0.656345
vt 0.272021 0.660815
vt 0.269350 0.661108
vt 0.268922 0.656786
vt 0.541582 0.009839
vt 0.551612 0.009814
vt 0.551476 0.014909
vt 0.540447 0.014939
vt 0.168768 0.014290
vt 0.168774 0.009811
vt 0.171218 0.010294
vt 0.171212 0.014773
vt 0.701896 0.689530
vt 0.264800 0.661886
vt 0.264408 0.657690
vt 0.260275 0.658566
vt 0.260643 0.662564
vt 0.305673 0.665080
vt 0.307741 0.660537
vt 0.313191 0.663513
vt 0.310620 0.667816
vt 0.294848 0.662230
vt 0.296604 0.657467
vt 0.132928 0.692673
vt 0.123077 0.692067
vt 0.123143 0.691735
vt 0.032987 0.540818
vt 0.026316 0.522774
vt 0.024024 0.517618
vt 0.063736 0.550703
vt 0.147202 0.676286
vt 0.145620 0.673074
vt 0.149820 0.670568
vt 0.151894 0.673628
vt 0.828020 0.009810
vt 0.829107 0.015092
vt 0.798940 0.012705
vt 0.045371 0.544694
vt 0.782110 0.009863
vt 0.795853 0.020226
vt 0.784869 0.012751
vt 0.189504 0.662144
vt 0.189724 0.665704
vt 0.176772 0.664716
vt 0.176267 0.660288
vt 0.202668 0.664282
vt 0.202848 0.667771
vt 0.156396 0.671657
vt 0.155146 0.668053
vt 0.026175 0.537167
vt 0.025287 0.535034
vt 0.168894 0.665486
vt 0.168442 0.661051
vt 0.807673 0.025614
vt 0.824615 0.017087
vt 0.816592 0.026842
vt 0.815391 0.027370
vt 0.166246 0.661959
vt 0.167674 0.665970
vt 0.275812 0.656510
vt 0.275491 0.661041
vt 0.279560 0.657004
vt 0.279016 0.661541
vt 0.287988 0.657142
vt 0.286880 0.661810
vt 0.928099 0.452150
vt 0.939261 0.452919
vt 0.920071 0.422552
vt 0.916332 0.434299
vt 0.948621 0.447133
vt 0.919545 0.445058
vt 0.942295 0.414941
vt 0.955609 0.419470
vt 0.951235 0.423253
vt 0.929645 0.414176
vt 0.022352 0.469089
vt 0.023312 0.445675
vt 0.024231 0.422330
vt 0.029971 0.400298
vt 0.039845 0.389704
vt 0.052750 0.388988
vt 0.168181 0.624054
vt 0.172669 0.633888
vt 0.158406 0.639887
vt 0.154199 0.631190
vt 0.642494 0.647069
vt 0.650534 0.639565
vt 0.659723 0.651370
vt 0.652661 0.657962
vt 0.645641 0.635613
vt 0.638047 0.643305
vt 0.624049 0.633335
vt 0.628655 0.623341
vt 0.604479 0.628662
vt 0.604626 0.617658
vt 0.713952 0.693870
vt 0.722536 0.680949
vt 0.728248 0.684993
vt 0.722009 0.700705
vt 0.372478 0.625872
vt 0.372576 0.619435
vt 0.360820 0.622068
vt 0.362392 0.627816
vt 0.347436 0.657498
vt 0.343632 0.664951
vt 0.351091 0.649224
vt 0.399187 0.657073
vt 0.402116 0.665285
vt 0.349604 0.667539
vt 0.953895 0.693451
vt 0.939227 0.692442
vt 0.924607 0.691553
vt 0.022643 0.290408
vt 0.909984 0.690794
vt 0.027681 0.605630
vt 0.025862 0.581108
vt 0.895350 0.690250
vt 0.880636 0.689706
vt 0.968474 0.654159
vt 0.022260 0.351236
vt 0.053836 0.358488
vt 0.217641 0.666860
vt 0.217880 0.670233
vt 0.964358 0.045040
vt 0.954690 0.039809
vt 0.959853 0.033891
vt 0.968475 0.040313
vt 0.919173 0.250304
vt 0.910362 0.253031
vt 0.909145 0.242100
vt 0.916721 0.239843
vt 0.437445 0.679060
vt 0.443534 0.688191
vt 0.450105 0.681723
vt 0.443120 0.673580
vt 0.397301 0.686948
vt 0.394785 0.697649
vt 0.560460 0.646227
vt 0.553145 0.638026
vt 0.988188 0.549152
vt 0.985370 0.536905
vt 0.985469 0.511372
vt 0.982597 0.518777
vt 0.932703 0.154897
vt 0.929581 0.163025
vt 0.933227 0.131624
vt 0.936280 0.137859
vt 0.366383 0.681871
vt 0.372190 0.673616
vt 0.545184 0.668596
vt 0.536201 0.663996
vt 0.968779 0.488309
vt 0.983474 0.323304
vt 0.985215 0.330916
vt 0.967346 0.322468
vt 0.913906 0.046081
vt 0.970550 0.021958
vt 0.978090 0.027614
vt 0.932603 0.245685
vt 0.946096 0.241324
vt 0.930412 0.236499
vt 0.944159 0.233390
vt 0.987728 0.388334
vt 0.079604 0.668085
vt 0.094385 0.665196
vt 0.103840 0.668523
vt 0.227447 0.623342
vt 0.226887 0.631505
vt 0.141375 0.638602
vt 0.145009 0.646118
vt 0.988667 0.346190
vt 0.978049 0.318612
vt 0.983212 0.311265
vt 0.983338 0.288323
vt 0.986089 0.303665
vt 0.984452 0.602445
vt 0.979179 0.609893
vt 0.988729 0.594875
vt 0.984940 0.579433
vt 0.985147 0.556684
vt 0.984990 0.564183
vt 0.954785 0.367019
vt 0.928505 0.018481
vt 0.931797 0.024346
vt 0.926449 0.051102
vt 0.931665 0.057087
vt 0.934777 0.063127
vt 0.927816 0.088180
vt 0.927618 0.081951
vt 0.937281 0.100470
vt 0.933199 0.112953
vt 0.937222 0.116051
vt 0.933226 0.125404
vt 0.924188 0.009808
vt 0.954813 0.104174
vt 0.963418 0.102942
vt 0.930200 0.036844
vt 0.929560 0.043084
vt 0.981049 0.009793
vt 0.987559 0.014725
vt 0.970169 0.420475
vt 0.988500 0.428458
vt 0.988187 0.436196
vt 0.934298 0.200768
vt 0.930885 0.188139
vt 0.929582 0.206645
vt 0.930904 0.212878
vt 0.062479 0.664297
vt 0.056466 0.669229
vt 0.669007 0.662912
vt 0.662904 0.668608
vt 0.928827 0.175399
vt 0.921519 0.181294
vt 0.932012 0.169351
vt 0.990234 0.473965
vt 0.985770 0.488886
vt 0.975966 0.495910
vt 0.579281 0.009883
vt 0.579457 0.014889
vt 0.567157 0.014890
vt 0.565919 0.009814
vt 0.842752 0.128629
vt 0.841874 0.123478
vt 0.848338 0.123478
vt 0.849216 0.128628
vt 0.984192 0.117498
vt 0.977728 0.117499
vt 0.978605 0.112348
vt 0.985069 0.112347
vt 0.010320 0.326990
vt 0.014836 0.314821
vt 0.842553 0.159884
vt 0.841874 0.154879
vt 0.848338 0.154879
vt 0.849018 0.159885
vt 0.521210 0.009814
vt 0.529457 0.009872
vt 0.528704 0.014867
vt 0.520888 0.014795
vt 0.514974 0.009863
vt 0.515213 0.014866
vt 0.751245 0.014805
vt 0.739983 0.014803
vt 0.740431 0.009814
vt 0.751693 0.009816
vt 0.838075 0.014804
vt 0.837628 0.009814
vt 0.848890 0.009816
vt 0.849337 0.014805
vt 0.016353 0.290040
vt 0.014742 0.302227
vt 0.677461 0.014909
vt 0.676301 0.009814
vt 0.688852 0.009815
vt 0.688852 0.014909
vt 0.216515 0.014850
vt 0.209302 0.014849
vt 0.210062 0.009844
vt 0.217280 0.009814
vt 0.984946 0.096727
vt 0.985707 0.101732
vt 0.978493 0.101733
vt 0.977728 0.096697
vt 0.554449 0.009845
vt 0.554394 0.014938
vt 0.621208 0.010017
vt 0.622001 0.014881
vt 0.617850 0.014768
vt 0.616865 0.009813
vt 0.842542 0.139258
vt 0.849006 0.139242
vt 0.848338 0.144250
vt 0.841874 0.144265
vt 0.629593 0.009844
vt 0.629692 0.014518
vt 0.162656 0.010302
vt 0.162958 0.014819
vt 0.324299 0.672404
vt 0.320879 0.676354
vt 0.848333 0.107749
vt 0.849005 0.112864
vt 0.842554 0.112682
vt 0.841874 0.107502
vt 0.982791 0.128176
vt 0.989254 0.128112
vt 0.988427 0.133271
vt 0.981973 0.133270
vt 0.953051 0.436159
vt 0.355992 0.666410
vt 0.858866 0.015142
vt 0.100589 0.734205
vt 0.983300 0.443570
vt 0.984748 0.420701
vt 0.989470 0.424677
vt 0.986900 0.451175
vt 0.924150 0.224782
vt 0.928636 0.218977
vt 0.068712 0.664201
vt 0.071745 0.663263
vt 0.074868 0.668183
vt 0.985179 0.529081
vt 0.932999 0.147750
vt 0.988930 0.575713
vt 0.932910 0.094320
vt 0.932367 0.075584
vt 0.978324 0.280773
vt 0.978352 0.273171
vt 0.932108 0.030497
vt 0.988003 0.338517
vt 0.982735 0.503755
vt 0.757653 0.618683
vt 0.758900 0.621930
vt 0.010288 0.326990
vt 0.014779 0.302479
vt 0.016074 0.574201
vt 0.129670 0.704796
vt 0.118919 0.701763
vt 0.121014 0.697012
vt 0.131276 0.698764
vt 0.210482 0.669045
vt 0.210277 0.665597
vt 0.775817 0.010344
vt 0.769701 0.011590
vt 0.777191 0.011778
vt 0.614119 0.655865
vt 0.627045 0.656942
vt 0.037073 0.697607
vt 0.035066 0.706509
vt 0.022502 0.702524
vt 0.024349 0.694881
vt 0.780211 0.662410
vt 0.773935 0.676726
vt 0.771733 0.675206
vt 0.787097 0.664099
vt 0.780603 0.681165
vt 0.782119 0.682296
vt 0.780374 0.676104
vt 0.782645 0.669972
vt 0.777444 0.675143
vt 0.779234 0.668526
vt 0.779266 0.680178
vt 0.776040 0.678042
vt 0.780408 0.664881
vt 0.784517 0.665995
vt 0.759891 0.688491
vt 0.758754 0.686343
vt 0.764494 0.695635
vt 0.766083 0.698243
vt 0.772480 0.686205
vt 0.770224 0.683269
vt 0.767745 0.689866
vt 0.766051 0.687290
vt 0.763603 0.694044
vt 0.760592 0.689575
vt 0.063213 0.638510
vt 0.049991 0.646273
vt 0.062111 0.637567
vt 0.040709 0.641184
vt 0.051602 0.623102
vt 0.054009 0.626814
vt 0.050201 0.644897
vt 0.055045 0.637846
vt 0.046542 0.640806
vt 0.051788 0.634001
vt 0.051438 0.639440
vt 0.050696 0.638824
vt 0.078346 0.632180
vt 0.073387 0.633273
vt 0.073952 0.612328
vt 0.068835 0.617994
vt 0.058206 0.629485
vt 0.063178 0.634445
vt 0.069313 0.631464
vt 0.066862 0.624910
vt 0.064106 0.629983
vt 0.108215 0.640223
vt 0.093346 0.632719
vt 0.093923 0.631273
vt 0.109292 0.638802
vt 0.084770 0.630842
vt 0.099017 0.613192
vt 0.120416 0.626426
vt 0.117001 0.629191
vt 0.098065 0.618012
vt 0.080650 0.617355
vt 0.105720 0.629972
vt 0.095924 0.625471
vt 0.085620 0.624385
vt 0.755202 0.701569
vt 0.744303 0.704900
vt 0.744088 0.701968
vt 0.754660 0.699838
vt 0.743901 0.692324
vt 0.743530 0.689166
vt 0.753820 0.697964
vt 0.753016 0.692280
vt 0.743921 0.699787
vt 0.744003 0.693694
vt 0.726280 0.699848
vt 0.733145 0.702816
vt 0.734364 0.701251
vt 0.730319 0.688477
vt 0.736629 0.695845
vt 0.735938 0.698845
vt 0.729405 0.697927
vt 0.732157 0.691580
vt 0.132897 0.646515
vt 0.130334 0.644914
vt 0.120166 0.651929
vt 0.115044 0.638708
vt 0.118942 0.638354
vt 0.128098 0.644070
vt 0.120747 0.645766
vt 0.121434 0.642204
vt 0.014220 0.350481
vt 0.012342 0.342538
vt 0.155172 0.014375
vt 0.154111 0.009822
vt 0.020468 0.362849
vt 0.016307 0.358624
vt 0.846119 0.088834
vt 0.850657 0.087706
vt 0.850613 0.095791
vt 0.846120 0.096897
vt 0.981545 0.086084
vt 0.973483 0.086082
vt 0.974590 0.081589
vt 0.982675 0.081546
vt 0.970834 0.664681
vt 0.969781 0.677651
vt 0.057958 0.546282
vt 0.015087 0.339310
vt 0.014267 0.350503
vt 0.039022 0.689026
vt 0.026539 0.685892
vt 0.066874 0.387190
vt 0.057782 0.388083
vt 0.599518 0.654474
vt 0.609038 0.655147
vt 0.874177 0.651428
vt 0.877847 0.655333
vt 0.663369 0.023202
vt 0.658597 0.024373
vt 0.658584 0.009808
vt 0.663375 0.011338
vt 0.666055 0.019523
vt 0.666058 0.015039
vt 0.653801 0.022783
vt 0.653814 0.010978
vt 0.650828 0.014519
vt 0.650832 0.019013
vt 0.977126 0.069671
vt 0.973747 0.065611
vt 0.987240 0.068863
vt 0.982280 0.070935
vt 0.990203 0.064239
vt 0.973483 0.060268
vt 0.976604 0.055428
vt 0.990204 0.058369
vt 0.981782 0.053016
vt 0.987044 0.054008
vt 0.532403 0.369239
vt 0.533732 0.358734
vt 0.535385 0.345335
vt 0.536497 0.334934
vt 0.537911 0.321401
vt 0.538529 0.311083
vt 0.539337 0.297402
vt 0.539305 0.287166
vt 0.539446 0.285995
vt 0.539437 0.272696
vt 0.546220 0.607377
vt 0.545653 0.594988
vt 0.545263 0.582992
vt 0.543954 0.570742
vt 0.542687 0.558920
vt 0.543925 0.570110
vt 0.541160 0.548674
vt 0.539217 0.535166
vt 0.537500 0.524831
vt 0.535328 0.511468
vt 0.533713 0.501035
vt 0.531703 0.487815
vt 0.530479 0.477292
vt 0.528951 0.464203
vt 0.528289 0.453618
vt 0.527495 0.440598
vt 0.527694 0.429949
vt 0.527842 0.416879
vt 0.528686 0.406232
vt 0.529692 0.393097
vt 0.530464 0.386483
vt 0.531678 0.375890
vt 0.394715 0.191453
vt 0.393830 0.184940
vt 0.392715 0.176743
vt 0.390850 0.162045
vt 0.391896 0.170287
vt 0.390286 0.155633
vt 0.389558 0.147369
vt 0.389380 0.140979
vt 0.389153 0.132697
vt 0.389425 0.126329
vt 0.389785 0.118047
vt 0.391387 0.103434
vt 0.390482 0.111681
vt 0.392402 0.097034
vt 0.393707 0.088812
vt 0.394869 0.082373
vt 0.396343 0.074200
vt 0.397447 0.067716
vt 0.398832 0.059592
vt 0.400743 0.044957
vt 0.399684 0.053063
vt 0.401196 0.038405
vt 0.401752 0.030319
vt 0.459733 0.229622
vt 0.459618 0.221531
vt 0.459525 0.214959
vt 0.460265 0.236190
vt 0.460922 0.244293
vt 0.462296 0.254835
vt 0.461757 0.250702
vt 0.395188 0.195605
vt 0.655139 0.366679
vt 0.686619 0.606175
vt 0.679010 0.564635
vt 0.268745 0.184303
vt 0.264354 0.173693
vt 0.258822 0.158962
vt 0.257815 0.155063
vt 0.255032 0.144297
vt 0.254703 0.140476
vt 0.253787 0.129688
vt 0.254204 0.125907
vt 0.255419 0.115146
vt 0.259652 0.100673
vt 0.261278 0.096795
vt 0.265716 0.086208
vt 0.267581 0.082217
vt 0.272467 0.071749
vt 0.274218 0.067632
vt 0.278623 0.057275
vt 0.283040 0.042737
vt 0.283591 0.038426
vt 0.284890 0.028154
vt 0.577677 0.230468
vt 0.578799 0.234784
vt 0.581483 0.245115
vt 0.585090 0.254505
vt 0.657808 0.359964
vt 0.664781 0.342481
vt 0.667011 0.336081
vt 0.673316 0.318273
vt 0.674733 0.312153
vt 0.679091 0.294046
vt 0.679493 0.288128
vt 0.679768 0.287456
vt 0.681044 0.269403
vt 0.684642 0.589506
vt 0.683769 0.582031
vt 0.679149 0.565484
vt 0.677012 0.558028
vt 0.674545 0.551889
vt 0.667552 0.534082
vt 0.664700 0.527656
vt 0.657077 0.510206
vt 0.654357 0.503470
vt 0.647550 0.486379
vt 0.645526 0.479375
vt 0.640744 0.462599
vt 0.639852 0.455416
vt 0.637834 0.438798
vt 0.638538 0.431535
vt 0.640108 0.414865
vt 0.641971 0.407680
vt 0.646323 0.390842
vt 0.649498 0.382260
vt 0.652027 0.375316
vt 0.270462 0.188456
vt 0.262847 0.169676
vt 0.256528 0.111347
vt 0.279909 0.053040
vt 0.576829 0.220179
vt 0.576473 0.215835
vt 0.583077 0.249267
vt 0.272409 0.193769
vt 0.771231 0.364769
vt 0.818001 0.605307
vt 0.804235 0.559801
vt 0.152362 0.183575
vt 0.143583 0.170723
vt 0.134427 0.155995
vt 0.133764 0.154460
vt 0.128097 0.141332
vt 0.127881 0.139918
vt 0.125917 0.126721
vt 0.126146 0.125355
vt 0.128458 0.112212
vt 0.135226 0.097855
vt 0.136253 0.096339
vt 0.144949 0.083584
vt 0.146226 0.081898
vt 0.155729 0.069350
vt 0.157019 0.067467
vt 0.165486 0.055072
vt 0.172397 0.040668
vt 0.172824 0.038469
vt 0.175176 0.026151
vt 0.688816 0.231262
vt 0.689759 0.233465
vt 0.695072 0.245886
vt 0.700243 0.254190
vt 0.773245 0.361609
vt 0.786917 0.340371
vt 0.788381 0.337708
vt 0.800874 0.315849
vt 0.801701 0.313653
vt 0.810604 0.291352
vt 0.810785 0.289492
vt 0.810923 0.289282
vt 0.814026 0.266807
vt 0.814293 0.584597
vt 0.813691 0.581330
vt 0.804506 0.560848
vt 0.803106 0.557472
vt 0.801705 0.555278
vt 0.788027 0.533392
vt 0.786152 0.530715
vt 0.771384 0.509346
vt 0.769364 0.506143
vt 0.756381 0.485331
vt 0.754765 0.481670
vt 0.745908 0.461367
vt 0.745226 0.457404
vt 0.741874 0.437382
vt 0.742563 0.433309
vt 0.745959 0.413269
vt 0.747684 0.409327
vt 0.756553 0.389086
vt 0.762976 0.378678
vt 0.765052 0.375223
vt 0.153670 0.185491
vt 0.142518 0.169010
vt 0.129110 0.110811
vt 0.166483 0.053003
vt 0.687010 0.218907
vt 0.686682 0.216658
vt 0.696340 0.247922
vt 0.157578 0.191888
vt 0.835966 0.363892
vt 0.871757 0.312182
vt 0.882260 0.289521
vt 0.883390 0.282421
vt 0.888967 0.604696
vt 0.869987 0.557349
vt 0.089420 0.184003
vt 0.077507 0.170098
vt 0.066238 0.155400
vt 0.066113 0.155155
vt 0.058600 0.140542
vt 0.058583 0.140440
vt 0.056213 0.125545
vt 0.056224 0.125492
vt 0.059600 0.110567
vt 0.068145 0.095856
vt 0.068363 0.095590
vt 0.080212 0.081453
vt 0.080650 0.080977
vt 0.093403 0.067312
vt 0.093989 0.066607
vt 0.105166 0.053253
vt 0.113338 0.039052
vt 0.113572 0.037991
vt 0.116461 0.024605
vt 0.749391 0.231673
vt 0.749966 0.232725
vt 0.757342 0.246254
vt 0.763237 0.253954
vt 0.836802 0.362670
vt 0.854373 0.338981
vt 0.854729 0.338383
vt 0.870916 0.314058
vt 0.870928 0.314029
vt 0.885834 0.265231
vt 0.883440 0.581894
vt 0.883190 0.580860
vt 0.870390 0.558490
vt 0.869936 0.557266
vt 0.869874 0.557187
vt 0.851502 0.533269
vt 0.850948 0.532600
vt 0.831484 0.509205
vt 0.830529 0.507889
vt 0.813816 0.485082
vt 0.812907 0.483205
vt 0.801965 0.460975
vt 0.801626 0.458733
vt 0.798142 0.436854
vt 0.798683 0.434503
vt 0.804070 0.412621
vt 0.805267 0.410441
vt 0.817950 0.388316
vt 0.826759 0.376864
vt 0.827836 0.375343
vt 0.089998 0.184684
vt 0.077165 0.169648
vt 0.059664 0.110454
vt 0.105691 0.052340
vt 0.746528 0.218201
vt 0.746292 0.217086
vt 0.758017 0.247135
vt 0.095313 0.191586
vt 0.703767 0.360504
vt 0.713200 0.341536
vt 0.715251 0.336625
vt 0.723536 0.317250
vt 0.724745 0.312675
vt 0.730228 0.292952
vt 0.730491 0.288614
vt 0.730741 0.288121
vt 0.732028 0.268372
vt 0.733799 0.587653
vt 0.732764 0.581778
vt 0.726075 0.563763
vt 0.723865 0.557834
vt 0.721489 0.553153
vt 0.711885 0.533849
vt 0.709130 0.528790
vt 0.699009 0.509910
vt 0.696399 0.504460
vt 0.687688 0.486006
vt 0.685818 0.480226
vt 0.680062 0.462135
vt 0.679393 0.456147
vt 0.677473 0.438217
vt 0.678408 0.432154
vt 0.681190 0.414151
vt 0.683282 0.408225
vt 0.689702 0.390033
vt 0.694166 0.380729
vt 0.696788 0.375164
vt 0.224762 0.187280
vt 0.215713 0.169379
vt 0.208586 0.111187
vt 0.237512 0.053064
vt 0.618967 0.219693
vt 0.618471 0.216149
vt 0.627306 0.248743
vt 0.227489 0.193026
vt 0.701151 0.365803
vt 0.736942 0.605842
vt 0.725859 0.562840
vt 0.223068 0.183998
vt 0.217129 0.172497
vt 0.210440 0.157763
vt 0.209554 0.154786
vt 0.206087 0.143118
vt 0.205865 0.140231
vt 0.204989 0.128551
vt 0.205468 0.125700
vt 0.207468 0.114071
vt 0.213065 0.099677
vt 0.214660 0.096691
vt 0.220742 0.085295
vt 0.222547 0.082167
vt 0.229027 0.070910
vt 0.230694 0.067625
vt 0.236336 0.056490
vt 0.241308 0.041985
vt 0.241724 0.038469
vt 0.243015 0.027414
vt 0.620522 0.230775
vt 0.621753 0.234274
vt 0.625671 0.245417
vt 0.630079 0.254385
vt 0.586503 0.359118
vt 0.590108 0.343966
vt 0.591806 0.335256
vt 0.594801 0.319908
vt 0.595729 0.311357
vt 0.597472 0.295831
vt 0.597463 0.287399
vt 0.597695 0.286436
vt 0.597699 0.271182
vt 0.602517 0.592888
vt 0.601485 0.582743
vt 0.598683 0.568720
vt 0.596602 0.558657
vt 0.594296 0.550043
vt 0.590309 0.534821
vt 0.587827 0.526028
vt 0.583670 0.511043
vt 0.581470 0.502066
vt 0.577903 0.487300
vt 0.576404 0.478169
vt 0.574035 0.463585
vt 0.573501 0.454354
vt 0.572648 0.439833
vt 0.573402 0.430539
vt 0.574561 0.415951
vt 0.576203 0.406747
vt 0.578804 0.392040
vt 0.580561 0.384592
vt 0.582667 0.375526
vt 0.342711 0.190223
vt 0.337825 0.170055
vt 0.336197 0.111554
vt 0.351372 0.053044
vt 0.507857 0.220974
vt 0.507439 0.215318
vt 0.512542 0.250101
vt 0.343792 0.194861
vt 0.584371 0.368024
vt 0.604014 0.606988
vt 0.598586 0.568001
vt 0.341320 0.184697
vt 0.339001 0.175491
vt 0.335817 0.160782
vt 0.335101 0.155418
vt 0.333857 0.146116
vt 0.333749 0.140790
vt 0.333566 0.131476
vt 0.334111 0.126171
vt 0.335076 0.116875
vt 0.338143 0.102321
vt 0.339652 0.096941
vt 0.342226 0.087763
vt 0.343856 0.082308
vt 0.346574 0.073210
vt 0.348020 0.067676
vt 0.350382 0.058649
vt 0.352964 0.044046
vt 0.353312 0.038403
vt 0.353860 0.029422
vt 0.508524 0.229972
vt 0.509542 0.235606
vt 0.511175 0.244636
vt 0.513692 0.254697
vt 0.482775 0.358495
vt 0.482939 0.346824
vt 0.483221 0.334846
vt 0.483445 0.323103
vt 0.483639 0.311130
vt 0.483755 0.299263
vt 0.483639 0.287290
vt 0.483631 0.285918
vt 0.483609 0.274473
vt 0.490865 0.597229
vt 0.491093 0.583395
vt 0.490891 0.572766
vt 0.490687 0.559157
vt 0.490258 0.547309
vt 0.489870 0.535415
vt 0.489213 0.523581
vt 0.488585 0.511758
vt 0.487787 0.499915
vt 0.487032 0.488168
vt 0.486278 0.476305
vt 0.485397 0.464670
vt 0.484628 0.452772
vt 0.483913 0.441165
vt 0.483400 0.429206
vt 0.482856 0.417653
vt 0.482736 0.405689
vt 0.482529 0.394110
vt 0.482548 0.388314
vt 0.482574 0.376305
vt 0.444650 0.192616
vt 0.444000 0.170492
vt 0.442572 0.111799
vt 0.446149 0.053089
vt 0.413130 0.222067
vt 0.413431 0.214613
vt 0.412775 0.251281
vt 0.444650 0.196305
vt 0.482553 0.370490
vt 0.490696 0.607834
vt 0.490900 0.572217
vt 0.444468 0.185156
vt 0.444293 0.177926
vt 0.443715 0.163239
vt 0.443403 0.155823
vt 0.443098 0.148559
vt 0.442859 0.141146
vt 0.442625 0.133861
vt 0.442539 0.126471
vt 0.442456 0.119171
vt 0.442686 0.104506
vt 0.443010 0.097125
vt 0.443331 0.089828
vt 0.443831 0.082440
vt 0.444323 0.075162
vt 0.444930 0.067762
vt 0.445525 0.060508
vt 0.446759 0.045844
vt 0.447305 0.038416
vt 0.447835 0.031192
vt 0.412839 0.229286
vt 0.412746 0.236754
vt 0.412655 0.243964
vt 0.412835 0.254968
vt 0.408094 0.357610
vt 0.406672 0.348392
vt 0.404558 0.334087
vt 0.403154 0.324946
vt 0.401339 0.310538
vt 0.400121 0.301418
vt 0.398800 0.286942
vt 0.398522 0.285277
vt 0.397803 0.276813
vt 0.404800 0.600804
vt 0.405011 0.584249
vt 0.405452 0.576360
vt 0.406502 0.560001
vt 0.407847 0.545601
vt 0.408712 0.536365
vt 0.410283 0.522061
vt 0.411314 0.512755
vt 0.412788 0.498547
vt 0.413774 0.489168
vt 0.414855 0.475030
vt 0.415476 0.465620
vt 0.415853 0.451547
vt 0.416147 0.442120
vt 0.415641 0.428071
vt 0.415290 0.418668
vt 0.414081 0.404611
vt 0.413244 0.395257
vt 0.412644 0.390603
vt 0.410840 0.376474
vt 0.518832 0.194327
vt 0.522141 0.170782
vt 0.524821 0.111983
vt 0.519918 0.053141
vt 0.341663 0.222891
vt 0.341907 0.214078
vt 0.339387 0.252150
vt 0.518443 0.197332
vt 0.410217 0.371833
vt 0.404703 0.608647
vt 0.405460 0.575953
vt 0.520109 0.185462
vt 0.520944 0.179668
vt 0.522918 0.165014
vt 0.523835 0.156095
vt 0.524426 0.150352
vt 0.524924 0.141391
vt 0.525241 0.135651
vt 0.525254 0.126686
vt 0.525259 0.120935
vt 0.524538 0.106218
vt 0.523777 0.097273
vt 0.523284 0.091470
vt 0.522389 0.082555
vt 0.521805 0.076724
vt 0.520992 0.067845
vt 0.520456 0.061990
vt 0.519560 0.047257
vt 0.519436 0.038445
vt 0.519354 0.032558
vt 0.341500 0.228775
vt 0.340817 0.237608
vt 0.340365 0.243471
vt 0.339047 0.255166
vt 0.319446 0.356989
vt 0.317223 0.350666
vt 0.312021 0.333657
vt 0.310095 0.327532
vt 0.306374 0.310317
vt 0.305012 0.304295
vt 0.303349 0.286938
vt 0.302649 0.284936
vt 0.302118 0.279811
vt 0.309127 0.604259
vt 0.311173 0.584676
vt 0.312207 0.579780
vt 0.316564 0.560448
vt 0.321422 0.543421
vt 0.323229 0.537003
vt 0.328313 0.520194
vt 0.330301 0.513555
vt 0.334623 0.496953
vt 0.336387 0.490116
vt 0.339115 0.473674
vt 0.340254 0.466718
vt 0.340884 0.450352
vt 0.341177 0.443356
vt 0.339179 0.427015
vt 0.338304 0.420104
vt 0.334348 0.403693
vt 0.332677 0.396937
vt 0.331594 0.393604
vt 0.326298 0.377056
vt 0.604161 0.196288
vt 0.612193 0.171109
vt 0.613930 0.112182
vt 0.599547 0.053202
vt 0.261594 0.223814
vt 0.262688 0.213484
vt 0.254719 0.253152
vt 0.603451 0.198508
vt 0.325225 0.373796
vt 0.308624 0.609047
vt 0.312239 0.579527
vt 0.607701 0.185808
vt 0.609101 0.181664
vt 0.613387 0.167035
vt 0.615452 0.156399
vt 0.616235 0.152372
vt 0.616910 0.141661
vt 0.617160 0.137640
vt 0.616341 0.126920
vt 0.616027 0.122867
vt 0.613123 0.108072
vt 0.610227 0.097433
vt 0.609085 0.093235
vt 0.606020 0.082680
vt 0.604776 0.078400
vt 0.602192 0.067937
vt 0.601116 0.063589
vt 0.598881 0.048802
vt 0.598660 0.038482
vt 0.598569 0.034076
vt 0.261128 0.228199
vt 0.258785 0.238581
vt 0.257809 0.242908
vt 0.254042 0.255394
vt 0.263273 0.356648
vt 0.261113 0.352154
vt 0.253390 0.333504
vt 0.251597 0.329287
vt 0.246200 0.310367
vt 0.244994 0.306308
vt 0.242840 0.287189
vt 0.241808 0.284988
vt 0.241453 0.281962
vt 0.247910 0.605985
vt 0.251320 0.584589
vt 0.252203 0.581634
vt 0.258954 0.560507
vt 0.266447 0.541878
vt 0.268280 0.537268
vt 0.276102 0.518919
vt 0.278175 0.513993
vt 0.284797 0.495898
vt 0.286679 0.490690
vt 0.290866 0.472786
vt 0.292112 0.467397
vt 0.293113 0.449579
vt 0.293415 0.444129
vt 0.290516 0.426327
vt 0.289608 0.420991
vt 0.283731 0.403096
vt 0.282010 0.397981
vt 0.280889 0.395471
vt 0.272990 0.377432
vt 0.657934 0.197523
vt 0.669295 0.171316
vt 0.670538 0.112309
vt 0.650187 0.053242
vt 0.210763 0.224400
vt 0.212380 0.213108
vt 0.201042 0.253787
vt 0.657183 0.199250
vt 0.271913 0.375040
vt 0.247465 0.608812
vt 0.252230 0.581481
vt 0.663233 0.186027
vt 0.664665 0.182921
vt 0.670495 0.168309
vt 0.673563 0.156591
vt 0.674334 0.153650
vt 0.675279 0.141831
vt 0.675510 0.138901
vt 0.674170 0.127068
vt 0.673829 0.124096
vt 0.669686 0.109255
vt 0.665183 0.097535
vt 0.663964 0.094364
vt 0.659211 0.082760
vt 0.657864 0.079473
vt 0.653848 0.067997
vt 0.652661 0.064611
vt 0.649433 0.049788
vt 0.649004 0.038507
vt 0.648875 0.035040
vt 0.210270 0.227834
vt 0.206751 0.239199
vt 0.205712 0.242553
vt 0.200313 0.255538
vt 0.174904 0.356806
vt 0.173758 0.355153
vt 0.161288 0.334111
vt 0.160519 0.332847
vt 0.151946 0.311380
vt 0.151539 0.310344
vt 0.148407 0.288408
vt 0.147050 0.286388
vt 0.152258 0.606704
vt 0.152998 0.603094
vt 0.157309 0.583120
vt 0.157697 0.582247
vt 0.168617 0.559589
vt 0.180986 0.538651
vt 0.182040 0.536830
vt 0.194899 0.516269
vt 0.196286 0.514002
vt 0.207160 0.493750
vt 0.208557 0.491087
vt 0.215456 0.471063
vt 0.216441 0.468144
vt 0.218196 0.448244
vt 0.218461 0.445257
vt 0.214095 0.425369
vt 0.213425 0.422521
vt 0.204145 0.402474
vt 0.202922 0.399934
vt 0.202136 0.398699
vt 0.189516 0.378529
vt 0.741946 0.199451
vt 0.759011 0.171639
vt 0.758968 0.112506
vt 0.729306 0.053305
vt 0.131110 0.225318
vt 0.133618 0.212518
vt 0.116724 0.254784
vt 0.741356 0.200412
vt 0.188839 0.377484
vt 0.750513 0.186369
vt 0.751485 0.184884
vt 0.759772 0.170300
vt 0.764768 0.156891
vt 0.765232 0.155648
vt 0.766749 0.142098
vt 0.766884 0.140877
vt 0.764640 0.127300
vt 0.764426 0.126024
vt 0.758405 0.111112
vt 0.750946 0.097694
vt 0.750080 0.096136
vt 0.742197 0.082885
vt 0.741169 0.081157
vt 0.734472 0.068090
vt 0.733510 0.066215
vt 0.728662 0.051333
vt 0.727771 0.038545
vt 0.727635 0.036552
vt 0.130728 0.227264
vt 0.125092 0.240168
vt 0.124293 0.241998
vt 0.116143 0.255764
vt 0.136574 0.356983
vt 0.136228 0.356535
vt 0.121963 0.334752
vt 0.121938 0.334716
vt 0.120609 0.331366
vt 0.113707 0.312543
vt 0.111237 0.290184
vt 0.113294 0.309457
vt 0.116563 0.603081
vt 0.117391 0.600126
vt 0.122890 0.580980
vt 0.123782 0.579216
vt 0.132082 0.564213
vt 0.135145 0.558879
vt 0.123066 0.580623
vt 0.150312 0.537415
vt 0.150861 0.536588
vt 0.165951 0.515348
vt 0.166850 0.514021
vt 0.179113 0.493031
vt 0.180087 0.491280
vt 0.187273 0.470473
vt 0.187920 0.468467
vt 0.188786 0.447731
vt 0.188835 0.445685
vt 0.182545 0.424921
vt 0.181979 0.423075
vt 0.170140 0.402131
vt 0.169317 0.400671
vt 0.168793 0.399963
vt 0.153321 0.378940
vt 0.777071 0.200258
vt 0.796298 0.171774
vt 0.792400 0.112581
vt 0.759493 0.053329
vt 0.098890 0.225690
vt 0.102584 0.212285
vt 0.081341 0.255203
vt 0.776613 0.200898
vt 0.152970 0.378466
vt 0.787178 0.186513
vt 0.787772 0.185705
vt 0.796696 0.171124
vt 0.801935 0.157013
vt 0.802142 0.156459
vt 0.803100 0.142204
vt 0.803135 0.141660
vt 0.799654 0.127389
vt 0.799501 0.126770
vt 0.792017 0.111815
vt 0.782856 0.097754
vt 0.782234 0.096798
vt 0.772932 0.082932
vt 0.772161 0.081783
vt 0.764594 0.068125
vt 0.763869 0.066818
vt 0.759037 0.051926
vt 0.758701 0.038561
vt 0.758668 0.037147
vt 0.098519 0.227033
vt 0.091265 0.240569
vt 0.090622 0.241769
vt 0.080888 0.255859
vt 0.294211 0.015895
vt 0.298057 0.009793
vt 0.307683 0.015852
vt 0.319683 0.015374
vt 0.322929 0.009796
vt 0.333145 0.014835
vt 0.943764 0.014065
vt 0.950511 0.009806
vt 0.955357 0.014068
vt 0.248826 0.014464
vt 0.226284 0.016262
vt 0.226287 0.009808
vt 0.483815 0.009766
vt 0.483815 0.021028
vt 0.472520 0.020508
vt 0.183829 0.014832
vt 0.187901 0.009812
vt 0.199403 0.014169
vt 0.430656 0.019816
vt 0.417329 0.019815
vt 0.422541 0.009805
vt 0.591392 0.014322
vt 0.601712 0.009812
vt 0.604267 0.014880
vt 0.086184 0.011331
vt 0.088574 0.009805
vt 0.093397 0.011332
vt 0.389490 0.009802
vt 0.398164 0.019189
vt 0.387611 0.019195
vt 0.848341 0.058501
vt 0.846119 0.052431
vt 0.848341 0.048923
vt 0.260247 0.016118
vt 0.281947 0.009802
vt 0.283263 0.016120
vt 0.111656 0.013013
vt 0.122383 0.009810
vt 0.126997 0.013077
vt 0.366211 0.009809
vt 0.376247 0.018607
vt 0.353647 0.018611
vt 0.761210 0.025784
vt 0.764887 0.022310
vt 0.774297 0.025785
vt 0.442801 0.015421
vt 0.445991 0.009798
vt 0.455888 0.015419
vt 0.848670 0.038597
vt 0.846119 0.031209
vt 0.848671 0.025270
vt 0.493747 0.017937
vt 0.493747 0.009789
vt 0.502773 0.016834
vt 0.702561 0.009777
vt 0.705328 0.017351
vt 0.697528 0.017351
vt 0.714510 0.014402
vt 0.720677 0.009791
vt 0.727291 0.014402
vt 0.137129 0.010588
vt 0.142910 0.009809
vt 0.145277 0.010588
vn -0.066200 0.659704 -0.748604
vn 0.517895 0.634193 0.574094
vn -0.569662 0.555463 0.605760
vn -0.569662 0.555463 0.605760
vn 0.006100 0.630204 -0.776405
vn -0.066200 0.659704 -0.748604
vn -0.333803 0.762007 0.554905
vn -0.569595 0.555495 0.605794
vn 0.517895 0.634193 0.574094
vn 0.517895 0.634193 0.574094
vn 0.212303 0.805811 0.552808
vn -0.333803 0.762007 0.554905
vn 0.006100 0.630204 -0.776405
vn -0.569662 0.555463 0.605760
vn -0.896388 0.421795 -0.136298
vn -0.896388 0.421795 -0.136298
vn 0.325183 0.555271 -0.765460
vn 0.006100 0.630204 -0.776405
vn -0.715613 0.655012 0.242604
vn -0.896388 0.421795 -0.136298
vn -0.569595 0.555495 0.605794
vn -0.569595 0.555495 0.605794
vn -0.333892 0.761982 0.554887
vn -0.715613 0.655012 0.242604
vn 0.325183 0.555271 -0.765460
vn -0.896388 0.421795 -0.136298
vn -0.628227 0.495521 -0.599825
vn -0.628227 0.495521 -0.599825
vn 0.712592 0.598793 -0.365596
vn 0.325183 0.555271 -0.765460
vn 0.712592 0.598793 -0.365596
vn -0.628227 0.495521 -0.599825
vn -0.311103 0.768807 -0.558705
vn -0.311103 0.768807 -0.558705
vn 0.633505 0.727306 0.264002
vn 0.712592 0.598793 -0.365596
vn 0.537307 0.533007 -0.653609
vn -0.688285 0.618386 -0.379292
vn -0.654607 0.719907 0.230702
vn -0.654607 0.719907 0.230702
vn 0.198890 0.753562 -0.626568
vn 0.537307 0.533007 -0.653609
vn -0.688285 0.618386 -0.379292
vn 0.537307 0.533007 -0.653609
vn 0.852081 0.471289 -0.227695
vn 0.852081 0.471289 -0.227695
vn -0.298501 0.592402 -0.748303
vn -0.688285 0.618386 -0.379292
vn 0.517895 0.634193 0.574094
vn -0.066200 0.659704 -0.748604
vn -0.298501 0.592402 -0.748303
vn -0.298501 0.592402 -0.748303
vn 0.852081 0.471289 -0.227695
vn 0.517895 0.634193 0.574094
vn 0.625675 0.745870 0.228491
vn 0.212303 0.805811 0.552808
vn 0.517895 0.634193 0.574094
vn 0.517895 0.634193 0.574094
vn 0.852121 0.471211 -0.227706
vn 0.625675 0.745870 0.228491
vn -0.066200 0.659704 -0.748604
vn 0.006100 0.630204 -0.776405
vn 0.212296 0.333094 -0.918683
vn 0.212296 0.333094 -0.918683
vn -0.275190 0.311089 -0.909667
vn -0.066200 0.659704 -0.748604
vn 0.719188 0.208197 -0.662889
vn 0.212296 0.333094 -0.918683
vn 0.006100 0.630204 -0.776405
vn 0.006100 0.630204 -0.776405
vn 0.325183 0.555271 -0.765460
vn 0.719188 0.208197 -0.662889
vn -0.394601 0.841503 -0.369001
vn -0.955109 0.282603 -0.088901
vn -0.649704 0.417003 -0.635604
vn -0.649704 0.417003 -0.635604
vn -0.304807 0.791918 -0.529112
vn -0.394601 0.841503 -0.369001
vn -0.066200 0.659704 -0.748604
vn -0.275190 0.311089 -0.909667
vn -0.739597 0.207399 -0.640298
vn -0.739597 0.207399 -0.640298
vn -0.298501 0.592402 -0.748303
vn -0.066200 0.659704 -0.748604
vn -0.739597 0.207399 -0.640298
vn -0.649704 0.417003 -0.635604
vn -0.955109 0.282603 -0.088901
vn -0.649704 0.417003 -0.635604
vn -0.739597 0.207399 -0.640298
vn -0.275190 0.311089 -0.909667
vn 0.362311 0.911728 0.193606
vn 0.800687 0.287495 0.525592
vn 0.293108 0.300208 0.907724
vn 0.293108 0.300208 0.907724
vn 0.058602 0.889728 0.452714
vn 0.362311 0.911728 0.193606
vn 0.939236 0.321612 -0.120005
vn 0.800687 0.287495 0.525592
vn 0.362311 0.911728 0.193606
vn 0.362311 0.911728 0.193606
vn 0.373404 0.863508 -0.339003
vn 0.939236 0.321612 -0.120005
vn -0.220990 0.780365 -0.584974
vn -0.311103 0.768807 -0.558705
vn -0.667629 0.478421 -0.570425
vn -0.667629 0.478421 -0.570425
vn -0.301213 0.609626 -0.733231
vn -0.220990 0.780365 -0.584974
vn -0.239005 0.866617 0.438009
vn -0.311414 0.287813 0.905641
vn -0.805703 0.259801 0.532302
vn -0.430009 0.883519 0.185704
vn -0.805703 0.259801 0.532302
vn -0.955109 0.282603 -0.088901
vn -0.955109 0.282603 -0.088901
vn -0.394601 0.841503 -0.369001
vn -0.430009 0.883519 0.185704
vn -0.805703 0.259801 0.532302
vn -0.430009 0.883519 0.185704
vn -0.239005 0.866617 0.438009
vn -0.311414 0.287813 0.905641
vn -0.239005 0.866617 0.438009
vn 0.058602 0.889728 0.452714
vn 0.058602 0.889728 0.452714
vn 0.293108 0.300208 0.907724
vn -0.311414 0.287813 0.905641
vn 0.166301 0.784507 -0.597405
vn -0.220990 0.780365 -0.584974
vn -0.301213 0.609626 -0.733231
vn -0.301213 0.609626 -0.733231
vn 0.175109 0.625233 -0.760540
vn 0.166301 0.784507 -0.597405
vn 0.939236 0.321612 -0.120005
vn 0.570194 0.461995 -0.679293
vn 0.719188 0.208197 -0.662889
vn 0.570194 0.461995 -0.679293
vn 0.939236 0.321612 -0.120005
vn 0.373404 0.863508 -0.339003
vn 0.212296 0.333094 -0.918683
vn 0.719188 0.208197 -0.662889
vn 0.570194 0.461995 -0.679293
vn 0.373404 0.863508 -0.339003
vn 0.140002 0.819709 -0.555406
vn 0.570194 0.461995 -0.679293
vn -0.298501 0.592402 -0.748303
vn -0.739597 0.207399 -0.640298
vn -0.988063 0.142095 -0.059498
vn -0.988063 0.142095 -0.059498
vn -0.688285 0.618386 -0.379292
vn -0.298501 0.592402 -0.748303
vn -0.988063 0.142095 -0.059498
vn -0.955109 0.282603 -0.088901
vn -0.805703 0.259801 0.532302
vn -0.955109 0.282603 -0.088901
vn -0.988063 0.142095 -0.059498
vn -0.739597 0.207399 -0.640298
vn -0.688285 0.618386 -0.379292
vn -0.988063 0.142095 -0.059498
vn -0.817026 0.113004 0.565418
vn -0.805703 0.259801 0.532302
vn -0.817026 0.113004 0.565418
vn -0.988063 0.142095 -0.059498
vn -0.817026 0.113004 0.565418
vn -0.805703 0.259801 0.532302
vn -0.311414 0.287813 0.905641
vn -0.817026 0.113004 0.565418
vn -0.654607 0.719907 0.230702
vn -0.688285 0.618386 -0.379292
vn 0.198905 0.753518 -0.626615
vn 0.166301 0.784507 -0.597405
vn 0.175109 0.625233 -0.760540
vn 0.175109 0.625233 -0.760540
vn 0.575497 0.542798 -0.611697
vn 0.198905 0.753518 -0.626615
vn 0.537336 0.532936 -0.653644
vn 0.198905 0.753518 -0.626615
vn 0.575497 0.542798 -0.611697
vn 0.729721 0.642818 -0.233007
vn 0.625675 0.745870 0.228491
vn 0.852121 0.471211 -0.227706
vn 0.575497 0.542798 -0.611697
vn 0.729721 0.642818 -0.233007
vn 0.537336 0.532936 -0.653644
vn 0.852121 0.471211 -0.227706
vn 0.537336 0.532936 -0.653644
vn 0.729721 0.642818 -0.233007
vn -0.896388 0.421795 -0.136298
vn -0.715613 0.655012 0.242604
vn -0.806826 0.557818 -0.194606
vn -0.667629 0.478421 -0.570425
vn -0.311103 0.768807 -0.558705
vn -0.628189 0.495491 -0.599889
vn -0.628189 0.495491 -0.599889
vn -0.806826 0.557818 -0.194606
vn -0.667629 0.478421 -0.570425
vn -0.806826 0.557818 -0.194606
vn -0.628189 0.495491 -0.599889
vn -0.896388 0.421795 -0.136298
vn 0.198890 0.753562 -0.626568
vn -0.654607 0.719907 0.230702
vn -0.230801 0.692302 0.683702
vn -0.230801 0.692302 0.683702
vn 0.166301 0.784507 -0.597405
vn 0.198890 0.753562 -0.626568
vn -0.221007 0.780326 -0.585019
vn 0.166301 0.784507 -0.597405
vn -0.230801 0.692302 0.683702
vn -0.230801 0.692302 0.683702
vn 0.220803 0.697410 0.681810
vn -0.221007 0.780326 -0.585019
vn 0.071999 -0.428892 -0.900482
vn 0.071300 -0.036300 -0.996794
vn -0.030399 -0.059398 -0.997771
vn -0.030399 -0.059398 -0.997771
vn -0.028000 -0.432500 -0.901199
vn 0.071999 -0.428892 -0.900482
vn -0.028000 -0.432500 -0.901199
vn -0.030399 -0.059398 -0.997771
vn -0.064498 -0.055698 -0.996362
vn -0.064498 -0.055698 -0.996362
vn -0.068997 -0.433383 -0.898565
vn -0.028000 -0.432500 -0.901199
vn -0.068997 -0.433383 -0.898565
vn -0.064498 -0.055698 -0.996362
vn 0.045099 0.000500 -0.998982
vn 0.045099 0.000500 -0.998982
vn 0.004825 -0.222224 -0.974984
vn 0.004824 -0.222233 -0.974982
vn 0.083599 -0.425294 -0.901186
vn 0.004813 -0.222562 -0.974907
vn 0.004813 -0.222561 -0.974907
vn 0.045099 0.000500 -0.998982
vn 0.041200 -0.432295 -0.900790
vn -0.068997 -0.433383 -0.898565
vn -0.737102 0.277001 0.616402
vn -0.723402 -0.021200 -0.690102
vn -0.706787 -0.296294 -0.642388
vn -0.706787 -0.296294 -0.642388
vn -0.718513 0.000100 0.695513
vn -0.737102 0.277001 0.616402
vn -0.024701 -0.785137 -0.618829
vn 0.076700 -0.788296 -0.610497
vn -0.033199 0.078398 -0.996369
vn -0.033199 0.078398 -0.996369
vn -0.087300 -0.620797 -0.779096
vn -0.024701 -0.785137 -0.618829
vn -0.067604 -0.780544 -0.621435
vn -0.087300 -0.620797 -0.779096
vn -0.028000 -0.432500 -0.901199
vn -0.024701 -0.785137 -0.618829
vn -0.087300 -0.620797 -0.779096
vn -0.067604 -0.780544 -0.621435
vn -0.028000 -0.432500 -0.901199
vn -0.068997 -0.433383 -0.898565
vn -0.067604 -0.780544 -0.621435
vn -0.067604 -0.780544 -0.621435
vn -0.068997 -0.433383 -0.898565
vn 0.041200 -0.432295 -0.900790
vn 0.041200 -0.432295 -0.900790
vn 0.005699 -0.601345 -0.798970
vn 0.005603 -0.603057 -0.797679
vn 0.094196 -0.785869 -0.611176
vn 0.004444 -0.623433 -0.781864
vn 0.004444 -0.623433 -0.781864
vn 0.041200 -0.432295 -0.900790
vn 0.036300 -0.779700 -0.625100
vn -0.067604 -0.780544 -0.621435
vn 0.795585 0.411992 0.444192
vn 0.718404 0.462503 0.519603
vn 0.012200 0.770870 0.636875
vn 0.080703 -0.970730 -0.226207
vn 0.076700 -0.788296 -0.610497
vn -0.024701 -0.785137 -0.618829
vn -0.021599 -0.975059 -0.220891
vn -0.024701 -0.785137 -0.618829
vn -0.067604 -0.780544 -0.621435
vn -0.024701 -0.785137 -0.618829
vn -0.021599 -0.975059 -0.220891
vn 0.080703 -0.970730 -0.226207
vn -0.067604 -0.780544 -0.621435
vn -0.065002 -0.973127 -0.220906
vn -0.021599 -0.975059 -0.220891
vn -0.065002 -0.973127 -0.220906
vn -0.067604 -0.780544 -0.621435
vn 0.036300 -0.779700 -0.625100
vn 0.036300 -0.779700 -0.625100
vn 0.007558 -0.855259 -0.518146
vn 0.007557 -0.855266 -0.518135
vn 0.036300 -0.779700 -0.625100
vn -0.017601 -0.900505 -0.434488
vn -0.017601 -0.900505 -0.434488
vn -0.065002 -0.973127 -0.220906
vn 0.104997 -0.969970 -0.219393
vn 0.003935 -0.900502 -0.434835
vn 0.003935 -0.900502 -0.434834
vn -0.025999 -0.983361 -0.179793
vn 0.128679 -0.892993 -0.431283
vn 0.128679 -0.892993 -0.431283
vn 0.094196 -0.785869 -0.611176
vn 0.094196 -0.785869 -0.611176
vn -0.058699 -0.960081 -0.273495
vn -0.025999 -0.983361 -0.179793
vn 0.775647 0.598336 0.200912
vn 0.795585 0.411992 0.444192
vn 0.012200 0.770870 0.636875
vn 0.012200 0.770870 0.636875
vn 0.045900 0.971007 0.234602
vn 0.775647 0.598336 0.200912
vn -0.747008 -0.559806 -0.358604
vn -0.635883 -0.770279 0.048199
vn -0.713081 0.507887 0.483287
vn -0.713081 0.507887 0.483287
vn -0.763399 0.608099 0.217800
vn -0.747008 -0.559806 -0.358604
vn 0.079802 -0.970030 0.229507
vn 0.080703 -0.970730 -0.226207
vn -0.021599 -0.975059 -0.220891
vn -0.021599 -0.975059 -0.220891
vn -0.016800 -0.974377 0.224295
vn 0.079802 -0.970030 0.229507
vn -0.016800 -0.974377 0.224295
vn -0.021599 -0.975059 -0.220891
vn -0.065002 -0.973127 -0.220906
vn -0.061002 -0.972837 0.223309
vn -0.065002 -0.973127 -0.220906
vn -0.015553 -0.999878 0.001452
vn -0.015553 -0.999878 0.001452
vn -0.065002 -0.973127 -0.220906
vn -0.061002 -0.972837 0.223309
vn -0.016800 -0.974377 0.224295
vn 0.030699 -0.973876 -0.224994
vn -0.005004 -0.968886 -0.247458
vn -0.003549 -0.971637 -0.236450
vn 0.099800 -0.969697 0.222999
vn 0.031870 -0.315878 -0.948265
vn 0.031870 -0.315877 -0.948265
vn 0.030699 -0.973876 -0.224994
vn -0.006865 -0.999430 0.033044
vn -0.005611 -0.999480 0.031763
vn -0.001245 -0.999625 0.027356
vn -0.001286 -0.999625 0.027367
vn -0.013899 -0.974561 0.223691
vn 0.130844 -0.991402 -0.001273
vn 0.130844 -0.991402 -0.001273
vn 0.104997 -0.969970 -0.219393
vn 0.130278 -0.991478 -0.000200
vn 0.130278 -0.991478 -0.000200
vn -0.155904 -0.965125 -0.210305
vn -0.025999 -0.983361 -0.179793
vn -0.058699 -0.960081 -0.273495
vn -0.013899 -0.974561 0.223691
vn -0.025999 -0.983361 -0.179793
vn -0.155904 -0.965125 -0.210305
vn -0.155904 -0.965125 -0.210305
vn -0.165306 -0.959737 0.227109
vn -0.013899 -0.974561 0.223691
vn 0.803680 0.587185 -0.096498
vn 0.775647 0.598336 0.200912
vn 0.045900 0.971007 0.234602
vn 0.045900 0.971007 0.234602
vn 0.071203 0.972646 -0.221110
vn 0.803680 0.587185 -0.096498
vn -0.531591 -0.826686 0.184397
vn -0.589977 0.782869 0.197592
vn -0.713081 0.507887 0.483287
vn -0.713081 0.507887 0.483287
vn -0.635883 -0.770279 0.048199
vn -0.531591 -0.826686 0.184397
vn -0.589977 0.782869 0.197592
vn -0.531591 -0.826686 0.184397
vn -0.531581 -0.826670 -0.184493
vn -0.531581 -0.826670 -0.184493
vn -0.589965 0.782854 -0.197688
vn -0.589977 0.782869 0.197592
vn 0.076800 -0.780598 0.620298
vn 0.079802 -0.970030 0.229507
vn -0.016800 -0.974377 0.224295
vn -0.016800 -0.974377 0.224295
vn -0.012700 -0.780913 0.624510
vn 0.076800 -0.780598 0.620298
vn -0.012700 -0.780913 0.624510
vn -0.016800 -0.974377 0.224295
vn -0.061002 -0.972837 0.223309
vn -0.061002 -0.972837 0.223309
vn -0.056800 -0.779998 0.623199
vn -0.012700 -0.780913 0.624510
vn -0.056800 -0.779998 0.623199
vn -0.061002 -0.972837 0.223309
vn -0.010025 -0.909816 0.414892
vn -0.011853 -0.911546 0.411027
vn 0.025899 -0.975067 0.220393
vn 0.058406 -0.899062 0.433909
vn 0.058406 -0.899062 0.433909
vn 0.025899 -0.975067 0.220393
vn 0.022701 -0.782741 0.621933
vn 0.041563 -0.996963 0.065855
vn 0.045086 -0.995112 0.087861
vn 0.094701 -0.777905 0.621204
vn 0.059429 -0.899661 0.432527
vn 0.059429 -0.899661 0.432526
vn 0.099800 -0.969697 0.222999
vn 0.130439 -0.892305 0.432178
vn 0.130439 -0.892305 0.432178
vn -0.008300 -0.779562 0.626270
vn 0.131393 -0.892969 0.430515
vn 0.131393 -0.892969 0.430515
vn -0.008300 -0.779562 0.626270
vn -0.013901 -0.974556 0.223713
vn -0.165306 -0.959737 0.227109
vn -0.165306 -0.959737 0.227109
vn -0.150398 -0.751389 0.642491
vn -0.008300 -0.779562 0.626270
vn 0.071203 0.972646 -0.221110
vn 0.077502 0.791821 -0.605816
vn 0.812676 0.455687 -0.363189
vn 0.812676 0.455687 -0.363189
vn 0.803680 0.587185 -0.096498
vn 0.071203 0.972646 -0.221110
vn -0.764898 -0.619299 0.177200
vn -0.438875 -0.775257 0.454275
vn -0.544287 0.523287 -0.655684
vn -0.544287 0.523287 -0.655684
vn -0.779125 0.519717 -0.350511
vn -0.764898 -0.619299 0.177200
vn -0.053400 -0.432803 0.899906
vn -0.056800 -0.779998 0.623199
vn -0.012541 -0.614769 0.788608
vn -0.020643 -0.604493 0.796343
vn 0.076800 -0.780598 0.620298
vn -0.012700 -0.780913 0.624510
vn -0.010100 -0.433619 0.901040
vn -0.056800 -0.779998 0.623199
vn -0.053400 -0.432803 0.899906
vn -0.010100 -0.433619 0.901040
vn -0.010100 -0.433619 0.901040
vn -0.012700 -0.780913 0.624510
vn -0.056800 -0.779998 0.623199
vn 0.022701 -0.782741 0.621933
vn 0.051539 -0.623413 0.780193
vn 0.051539 -0.623413 0.780193
vn 0.090697 -0.432485 0.897068
vn 0.002423 -0.565876 0.824487
vn 0.002423 -0.565876 0.824487
vn 0.022701 -0.782741 0.621933
vn 0.007378 -0.692429 0.721448
vn 0.033418 -0.717726 0.695523
vn 0.010100 -0.428009 0.903718
vn -0.008300 -0.779562 0.626270
vn -0.150398 -0.751389 0.642491
vn 0.094701 -0.777905 0.621204
vn 0.129193 -0.618901 0.774772
vn 0.129193 -0.618901 0.774772
vn 0.010100 -0.428009 0.903718
vn 0.090697 -0.432485 0.897068
vn 0.129328 -0.619085 0.774602
vn 0.129328 -0.619085 0.774602
vn -0.150398 -0.751389 0.642491
vn 0.137201 -0.406904 0.903109
vn 0.010100 -0.428009 0.903718
vn 0.617319 0.772723 -0.147704
vn 0.812676 0.455687 -0.363189
vn 0.077502 0.791821 -0.605816
vn 0.077502 0.791821 -0.605816
vn 0.210908 0.685326 -0.697027
vn 0.617319 0.772723 -0.147704
vn -0.780000 -0.549400 0.299600
vn -0.773079 0.246193 -0.584584
vn -0.544287 0.523287 -0.655684
vn -0.544287 0.523287 -0.655684
vn -0.438875 -0.775257 0.454275
vn -0.780000 -0.549400 0.299600
vn -0.773079 0.246193 -0.584584
vn -0.780000 -0.549400 0.299600
vn -0.621181 -0.387288 0.681279
vn -0.621181 -0.387288 0.681279
vn -0.632101 0.584701 -0.508501
vn -0.773079 0.246193 -0.584584
vn -0.010100 -0.433619 0.901040
vn 0.077496 -0.430080 0.899458
vn 0.076800 -0.780598 0.620298
vn -0.107996 0.013399 0.994061
vn 0.077496 -0.430080 0.899458
vn -0.010100 -0.433619 0.901040
vn -0.010100 -0.433619 0.901040
vn -0.009400 -0.000400 0.999956
vn -0.107996 0.013399 0.994061
vn -0.009400 -0.000400 0.999956
vn -0.010100 -0.433619 0.901040
vn -0.053400 -0.432803 0.899906
vn -0.053400 -0.432803 0.899906
vn -0.051199 0.000100 0.998688
vn -0.009400 -0.000400 0.999956
vn -0.051199 0.000100 0.998688
vn -0.053400 -0.432803 0.899906
vn 0.021900 -0.434704 0.900307
vn 0.021900 -0.434704 0.900307
vn 0.004257 -0.205879 0.978568
vn 0.004923 -0.205506 0.978644
vn 0.088696 -0.000800 0.996058
vn 0.002311 -0.222673 0.974891
vn 0.002311 -0.222674 0.974890
vn 0.021900 -0.434704 0.900307
vn 0.023800 0.000200 0.999717
vn -0.051199 0.000100 0.998688
vn 0.063898 0.013699 0.997863
vn 0.088696 -0.000800 0.996058
vn 0.090697 -0.432485 0.897068
vn 0.090697 -0.432485 0.897068
vn 0.010100 -0.428009 0.903718
vn 0.063898 0.013699 0.997863
vn -0.527986 0.452788 0.718481
vn -0.534801 0.662801 -0.524101
vn -0.767440 0.080604 -0.636033
vn -0.767440 0.080604 -0.636033
vn -0.751698 -0.221500 0.621199
vn -0.527986 0.452788 0.718481
vn 0.088595 0.424575 0.901048
vn -0.107996 0.013399 0.994061
vn -0.009400 -0.000400 0.999956
vn -0.009400 -0.000400 0.999956
vn -0.010800 0.432810 0.901421
vn 0.088595 0.424575 0.901048
vn -0.010800 0.432810 0.901421
vn -0.009400 -0.000400 0.999956
vn -0.051199 0.000100 0.998688
vn -0.051199 0.000100 0.998688
vn -0.050499 0.432790 0.900079
vn -0.010800 0.432810 0.901421
vn -0.050499 0.432790 0.900079
vn -0.051199 0.000100 0.998688
vn 0.023800 0.000200 0.999717
vn 0.023800 0.000200 0.999717
vn 0.022480 0.007959 0.999716
vn 0.016388 0.021218 0.999641
vn 0.023800 0.000200 0.999717
vn 0.027901 0.434717 0.900135
vn -0.050499 0.432790 0.900079
vn 0.088900 0.430501 0.898202
vn 0.002452 0.222774 0.974867
vn 0.002452 0.222774 0.974867
vn 0.102397 0.433386 0.895372
vn 0.088900 0.430501 0.898202
vn 0.088696 -0.000800 0.996058
vn 0.088696 -0.000800 0.996058
vn 0.063898 0.013699 0.997863
vn 0.102397 0.433386 0.895372
vn -0.183796 0.090598 0.978780
vn 0.378903 0.590204 0.712805
vn -0.043401 0.426113 0.903628
vn 0.102397 0.433386 0.895372
vn 0.063898 0.013699 0.997863
vn -0.116499 -0.001200 0.993190
vn -0.116499 -0.001200 0.993190
vn -0.043401 0.426113 0.903628
vn 0.102397 0.433386 0.895372
vn -0.043401 0.426113 0.903628
vn -0.116499 -0.001200 0.993190
vn -0.183796 0.090598 0.978780
vn 0.010100 -0.428009 0.903718
vn -0.116499 -0.001200 0.993190
vn 0.063898 0.013699 0.997863
vn 0.050201 -0.004400 -0.998729
vn 0.037501 -0.436107 -0.899113
vn 0.641788 -0.708787 -0.292795
vn 0.641788 -0.708787 -0.292795
vn 0.489894 -0.616893 -0.615993
vn 0.050201 -0.004400 -0.998729
vn -0.713084 -0.261494 0.650486
vn -0.573009 0.142802 0.807012
vn -0.611519 -0.204206 -0.764424
vn -0.611519 -0.204206 -0.764424
vn -0.740423 -0.433913 -0.513316
vn -0.713084 -0.261494 0.650486
vn -0.014400 0.780583 0.624886
vn -0.010800 0.432810 0.901421
vn -0.050499 0.432790 0.900079
vn -0.051503 0.780340 0.623232
vn -0.050499 0.432790 0.900079
vn 0.027901 0.434717 0.900135
vn -0.050499 0.432790 0.900079
vn -0.051503 0.780340 0.623232
vn -0.014400 0.780583 0.624886
vn 0.027901 0.434717 0.900135
vn 0.033865 0.454209 0.890251
vn 0.030144 0.463400 0.885636
vn 0.091297 0.777373 0.622379
vn 0.002818 0.623276 0.781997
vn 0.002818 0.623277 0.781996
vn 0.027901 0.434717 0.900135
vn 0.033400 0.782701 0.621501
vn -0.051503 0.780340 0.623232
vn 0.076897 0.779171 0.622077
vn 0.091297 0.777373 0.622379
vn 0.088900 0.430501 0.898202
vn 0.088900 0.430501 0.898202
vn 0.102397 0.433386 0.895372
vn 0.076897 0.779171 0.622077
vn -0.043401 0.426113 0.903628
vn 0.378903 0.590204 0.712805
vn 0.685697 0.491598 0.536798
vn -0.065398 0.761479 0.644882
vn 0.076897 0.779171 0.622077
vn 0.102397 0.433386 0.895372
vn 0.685697 0.491598 0.536798
vn -0.065398 0.761479 0.644882
vn -0.043401 0.426113 0.903628
vn 0.102397 0.433386 0.895372
vn -0.043401 0.426113 0.903628
vn -0.065398 0.761479 0.644882
vn 0.037501 -0.436107 -0.899113
vn 0.030902 -0.782541 -0.621832
vn 0.682908 -0.651107 -0.331204
vn 0.682908 -0.651107 -0.331204
vn 0.641788 -0.708787 -0.292795
vn 0.037501 -0.436107 -0.899113
vn -0.612993 -0.069899 -0.786991
vn -0.598324 0.729729 0.330913
vn -0.262300 0.568701 0.779601
vn -0.262300 0.568701 0.779601
vn -0.354410 -0.595417 -0.721021
vn -0.612993 -0.069899 -0.786991
vn -0.046302 0.969143 0.242111
vn -0.051503 0.780340 0.623232
vn 0.033400 0.782701 0.621501
vn -0.051503 0.780340 0.623232
vn -0.046302 0.969143 0.242111
vn -0.026900 0.969503 0.243601
vn -0.026900 0.969503 0.243601
vn -0.014400 0.780583 0.624886
vn -0.051503 0.780340 0.623232
vn 0.033400 0.782701 0.621501
vn 0.036578 0.783710 0.620049
vn 0.034501 0.784065 0.619719
vn 0.095604 0.970140 0.222909
vn 0.003373 0.900941 0.433929
vn 0.003373 0.900941 0.433929
vn 0.033400 0.782701 0.621501
vn 0.040600 0.974405 0.221101
vn -0.046302 0.969143 0.242111
vn 0.063501 0.973113 0.221403
vn 0.095604 0.970140 0.222909
vn 0.091297 0.777373 0.622379
vn 0.091297 0.777373 0.622379
vn 0.076897 0.779171 0.622077
vn 0.063501 0.973113 0.221403
vn 0.076897 0.779171 0.622077
vn -0.065398 0.761479 0.644882
vn -0.093596 0.968563 0.230491
vn -0.093596 0.968563 0.230491
vn 0.063501 0.973113 0.221403
vn 0.076897 0.779171 0.622077
vn 0.757997 -0.647697 -0.077000
vn 0.682908 -0.651107 -0.331204
vn 0.030902 -0.782541 -0.621832
vn 0.030902 -0.782541 -0.621832
vn 0.026899 -0.974266 -0.223792
vn 0.757997 -0.647697 -0.077000
vn -0.632491 -0.773189 0.046199
vn -0.354410 -0.595417 -0.721021
vn -0.262300 0.568701 0.779601
vn -0.262300 0.568701 0.779601
vn -0.596488 0.353493 0.720586
vn -0.632491 -0.773189 0.046199
vn -0.632491 -0.773189 0.046199
vn -0.596488 0.353493 0.720586
vn -0.765390 0.618892 0.176498
vn -0.765390 0.618892 0.176498
vn -0.779204 -0.519403 -0.350802
vn -0.632491 -0.773189 0.046199
vn -0.734931 0.677829 0.020601
vn -0.510983 0.848972 0.134696
vn 0.070702 0.971533 0.226108
vn 0.058799 0.973682 -0.220196
vn 0.070702 0.971533 0.226108
vn -0.026900 0.969503 0.243601
vn 0.070702 0.971533 0.226108
vn 0.058799 0.973682 -0.220196
vn -0.734931 0.677829 0.020601
vn 0.040600 0.974405 0.221101
vn 0.016391 0.935667 0.352505
vn 0.016197 0.935130 0.353935
vn 0.100802 0.970118 -0.220704
vn 0.003967 0.999992 -0.000047
vn 0.003967 0.999992 -0.000047
vn 0.065001 0.972922 -0.221805
vn 0.100802 0.970118 -0.220704
vn 0.095604 0.970140 0.222909
vn 0.095604 0.970140 0.222909
vn 0.063501 0.973113 0.221403
vn 0.065001 0.972922 -0.221805
vn 0.065001 0.972922 -0.221805
vn 0.063501 0.973113 0.221403
vn -0.093596 0.968563 0.230491
vn -0.093596 0.968563 0.230491
vn -0.092798 0.969277 -0.227795
vn 0.065001 0.972922 -0.221805
vn 0.776747 -0.606236 0.170710
vn 0.757997 -0.647697 -0.077000
vn 0.026899 -0.974266 -0.223792
vn 0.026899 -0.974266 -0.223792
vn 0.024999 -0.975047 0.220588
vn 0.776747 -0.606236 0.170710
vn -0.691286 0.664987 -0.282694
vn -0.661925 -0.686825 -0.300211
vn -0.757007 -0.653406 0.001100
vn -0.757007 -0.653406 0.001100
vn -0.734931 0.677829 0.020601
vn -0.691286 0.664987 -0.282694
vn 0.047299 0.973188 -0.225097
vn -0.008278 0.938004 -0.346526
vn -0.008070 0.938002 -0.346537
vn 0.105798 0.777286 -0.620189
vn 0.004495 0.900570 -0.434687
vn 0.004495 0.900571 -0.434687
vn 0.080400 0.778399 -0.622600
vn 0.105798 0.777286 -0.620189
vn 0.100802 0.970118 -0.220704
vn 0.080400 0.778399 -0.622600
vn 0.065001 0.972922 -0.221805
vn -0.092798 0.969277 -0.227795
vn 0.100802 0.970118 -0.220704
vn 0.065001 0.972922 -0.221805
vn 0.080400 0.778399 -0.622600
vn -0.092798 0.969277 -0.227795
vn -0.063600 0.762296 -0.644096
vn 0.080400 0.778399 -0.622600
vn 0.024999 -0.975068 0.220493
vn 0.031099 -0.785973 0.617479
vn 0.772818 -0.561313 0.296107
vn 0.772818 -0.561313 0.296107
vn 0.776700 -0.606300 0.170700
vn 0.024999 -0.975068 0.220493
vn -0.713690 0.694591 -0.090499
vn -0.640901 0.723501 -0.256500
vn -0.669192 -0.624192 0.403195
vn -0.669192 -0.624192 0.403195
vn -0.720985 -0.496990 0.482890
vn -0.713690 0.694591 -0.090499
vn -0.560178 0.819968 -0.117695
vn -0.049802 0.998250 0.031902
vn 0.074197 0.444781 -0.892561
vn 0.074197 0.444781 -0.892561
vn -0.682325 0.288710 -0.671624
vn -0.560178 0.819968 -0.117695
vn 0.048200 0.778496 -0.625796
vn 0.007157 0.698553 -0.715522
vn 0.009150 0.699516 -0.714558
vn 0.109800 0.431099 -0.895599
vn 0.027388 0.690162 -0.723136
vn 0.038457 0.720982 -0.691885
vn 0.093899 0.445798 -0.890195
vn 0.109800 0.431099 -0.895599
vn 0.105798 0.777286 -0.620189
vn 0.093899 0.445798 -0.890195
vn 0.080400 0.778399 -0.622600
vn -0.063600 0.762296 -0.644096
vn 0.105798 0.777286 -0.620189
vn 0.080400 0.778399 -0.622600
vn 0.093899 0.445798 -0.890195
vn -0.063600 0.762296 -0.644096
vn -0.031200 0.458995 -0.887891
vn 0.093899 0.445798 -0.890195
vn 0.742997 -0.616898 0.259599
vn 0.772818 -0.561313 0.296107
vn 0.031099 -0.785973 0.617479
vn 0.031099 -0.785973 0.617479
vn 0.031102 -0.427127 0.903657
vn 0.742997 -0.616898 0.259599
vn 0.053000 0.436396 -0.898192
vn 0.005582 0.247622 -0.968841
vn 0.007093 0.240385 -0.970652
vn 0.046800 0.218598 -0.974692
vn 0.046800 0.218598 -0.974692
vn 0.045099 0.000500 -0.998982
vn -0.064498 -0.055698 -0.996362
vn 0.046800 0.218598 -0.974692
vn 0.004967 0.223917 -0.974596
vn 0.004968 0.223938 -0.974591
vn 0.107105 0.003000 -0.994243
vn 0.004969 0.223916 -0.974596
vn 0.004969 0.223917 -0.974596
vn 0.068297 0.056697 -0.996053
vn 0.107105 0.003000 -0.994243
vn 0.109800 0.431099 -0.895599
vn 0.109800 0.431099 -0.895599
vn 0.093899 0.445798 -0.890195
vn 0.068297 0.056697 -0.996053
vn 0.742997 -0.616898 0.259599
vn 0.377813 -0.836728 0.396413
vn 0.303593 -0.447490 -0.841180
vn 0.303593 -0.447490 -0.841180
vn 0.588111 0.096402 -0.803015
vn 0.742997 -0.616898 0.259599
vn 0.593914 0.651515 0.472011
vn 0.754896 0.307298 0.579397
vn 0.939890 0.335596 0.063099
vn 0.939890 0.335596 0.063099
vn 0.581720 0.368112 -0.725325
vn 0.593914 0.651515 0.472011
vn -0.002100 0.435897 0.899994
vn 0.081303 0.071303 0.994136
vn -0.000420 0.224052 0.974577
vn -0.000420 0.224052 0.974577
vn -0.084302 0.005900 0.996423
vn -0.075400 0.431402 0.899004
vn -0.000456 0.222196 0.975002
vn -0.000456 0.222196 0.975002
vn -0.075400 0.431402 0.899004
vn -0.073401 0.778606 0.623205
vn -0.000340 0.623022 0.782204
vn -0.000340 0.623023 0.782204
vn -0.000400 0.782874 0.622180
vn -0.002100 0.435897 0.899994
vn -0.000320 0.623841 0.781551
vn -0.000320 0.623841 0.781551
vn 0.001800 0.975043 0.222010
vn -0.000400 0.782874 0.622180
vn -0.000006 0.901561 0.432652
vn -0.000006 0.901561 0.432652
vn -0.073401 0.778606 0.623205
vn -0.071203 0.971937 0.224208
vn -0.000028 0.901081 0.433652
vn -0.000028 0.901080 0.433652
vn 0.004000 0.974950 -0.222389
vn 0.001800 0.975043 0.222010
vn 0.000448 0.999998 0.002146
vn 0.000448 0.999998 0.002146
vn -0.071203 0.971937 0.224208
vn -0.069001 0.973011 -0.220202
vn -0.001523 0.999939 -0.010978
vn -0.001569 0.999936 -0.011225
vn 0.006000 0.781576 -0.623781
vn 0.004000 0.974950 -0.222389
vn 0.001031 0.901925 -0.431892
vn 0.001031 0.901925 -0.431892
vn -0.069001 0.973011 -0.220202
vn -0.067700 0.781200 -0.620600
vn -0.025750 0.856228 -0.515956
vn -0.024803 0.857921 -0.513182
vn -0.067700 0.781200 -0.620600
vn -0.067101 0.434004 -0.898409
vn -0.029772 0.696689 -0.716756
vn -0.024108 0.683918 -0.729160
vn 0.026700 0.445694 -0.894787
vn 0.006000 0.781576 -0.623781
vn 0.001584 0.623642 -0.781708
vn 0.001584 0.623642 -0.781708
vn 0.050201 -0.004400 -0.998729
vn 0.026700 0.445694 -0.894787
vn 0.001908 0.223353 -0.974736
vn 0.001908 0.223353 -0.974736
vn -0.067101 0.434004 -0.898409
vn -0.067601 0.000300 -0.997712
vn -0.001482 0.240491 -0.970650
vn -0.000202 0.233951 -0.972248
vn 0.037501 -0.436107 -0.899113
vn 0.050201 -0.004400 -0.998729
vn 0.001999 -0.223349 -0.974737
vn 0.001999 -0.223349 -0.974737
vn -0.067601 0.000300 -0.997712
vn -0.068997 -0.433182 -0.898662
vn 0.001955 -0.221082 -0.975253
vn 0.001955 -0.221082 -0.975253
vn 0.030902 -0.782541 -0.621832
vn 0.037501 -0.436107 -0.899113
vn 0.001806 -0.625215 -0.780451
vn 0.001806 -0.625215 -0.780451
vn -0.068997 -0.433182 -0.898662
vn -0.070897 -0.781172 -0.620278
vn 0.001762 -0.623337 -0.781951
vn 0.001762 -0.623338 -0.781951
vn -0.070897 -0.781172 -0.620278
vn -0.072801 -0.972914 -0.219403
vn 0.001394 -0.900778 -0.434277
vn 0.001394 -0.900778 -0.434277
vn 0.026899 -0.974266 -0.223792
vn 0.030902 -0.782541 -0.621832
vn 0.001420 -0.901403 -0.432978
vn 0.001420 -0.901403 -0.432978
vn 0.024999 -0.975047 0.220588
vn 0.026899 -0.974266 -0.223792
vn 0.000922 -0.999999 -0.001076
vn 0.000922 -0.999999 -0.001076
vn -0.072801 -0.972914 -0.219403
vn -0.074500 -0.971599 0.224600
vn 0.000960 -0.999999 0.001083
vn 0.000960 -0.999999 0.001083
vn -0.074500 -0.971599 0.224600
vn -0.076099 -0.778195 0.623396
vn 0.000458 -0.900754 0.434329
vn 0.000458 -0.900754 0.434329
vn 0.031099 -0.785973 0.617479
vn 0.024999 -0.975068 0.220493
vn 0.000440 -0.901179 0.433447
vn 0.000440 -0.901179 0.433447
vn 0.031102 -0.427127 0.903657
vn 0.031099 -0.785973 0.617479
vn -0.000013 -0.623253 0.782021
vn -0.000013 -0.623253 0.782021
vn -0.076099 -0.778195 0.623396
vn -0.084403 -0.436715 0.895632
vn -0.000017 -0.623426 0.781882
vn -0.000017 -0.623426 0.781882
vn -0.084403 -0.436715 0.895632
vn -0.096304 -0.222609 0.970140
vn -0.000322 -0.223182 0.974777
vn -0.000322 -0.223182 0.974777
vn 0.081303 0.071303 0.994136
vn 0.031102 -0.427127 0.903657
vn -0.000333 -0.223779 0.974640
vn -0.000333 -0.223779 0.974640
vn 0.093899 0.445798 -0.890195
vn -0.031200 0.458995 -0.887891
vn 0.114302 -0.558909 -0.821313
vn 0.114302 -0.558909 -0.821313
vn 0.068297 0.056697 -0.996053
vn 0.093899 0.445798 -0.890195
vn 0.031102 -0.427127 0.903657
vn 0.081303 0.071303 0.994136
vn 0.210407 -0.729225 0.651122
vn 0.186305 -0.823524 0.535816
vn 0.194095 -0.263694 0.944877
vn 0.022100 -0.306805 -0.951516
vn 0.045998 -0.497981 -0.865967
vn 0.303593 -0.447490 -0.841180
vn 0.377813 -0.836728 0.396413
vn 0.377813 -0.836728 0.396413
vn 0.186305 -0.823524 0.535816
vn 0.045998 -0.497981 -0.865967
vn 0.022100 -0.306805 -0.951516
vn 0.045998 -0.497981 -0.865967
vn 0.186305 -0.823524 0.535816
vn 0.012200 0.770870 0.636875
vn 0.718404 0.462503 0.519603
vn 0.754896 0.307298 0.579397
vn 0.754896 0.307298 0.579397
vn 0.593914 0.651515 0.472011
vn 0.095396 0.845068 0.526080
vn 0.095396 0.845068 0.526080
vn -0.000900 0.465322 0.885141
vn 0.754896 0.307298 0.579397
vn 0.754896 0.307298 0.579397
vn -0.000900 0.465322 0.885141
vn 0.012200 0.770870 0.636875
vn 0.593914 0.651515 0.472011
vn 0.581720 0.368112 -0.725325
vn 0.049899 0.558386 -0.828079
vn 0.049899 0.558386 -0.828079
vn 0.095297 0.845076 0.526085
vn 0.593914 0.651515 0.472011
vn 0.050201 -0.004400 -0.998729
vn 0.489894 -0.616893 -0.615993
vn 0.463104 -0.421603 -0.779606
vn 0.048200 0.778496 -0.625796
vn 0.053000 0.436396 -0.898192
vn -0.048798 0.473279 -0.879560
vn -0.048798 0.473279 -0.879560
vn -0.010099 0.783456 -0.621365
vn 0.048200 0.778496 -0.625796
vn 0.053000 0.436396 -0.898192
vn 0.046800 0.218598 -0.974692
vn -0.032001 -0.454808 -0.890015
vn -0.032001 -0.454808 -0.890015
vn -0.048798 0.473279 -0.879560
vn 0.053000 0.436396 -0.898192
vn -0.075400 0.431402 0.899004
vn -0.084302 0.005900 0.996423
vn -0.092597 0.073797 0.992965
vn -0.073401 0.778606 0.623205
vn -0.075400 0.431402 0.899004
vn -0.097794 0.430975 0.897049
vn -0.092597 0.073797 0.992965
vn -0.097794 0.430975 0.897049
vn -0.075400 0.431402 0.899004
vn -0.071203 0.971937 0.224208
vn -0.073401 0.778606 0.623205
vn -0.098998 0.776984 0.621687
vn -0.097794 0.430975 0.897049
vn -0.098998 0.776984 0.621687
vn -0.073401 0.778606 0.623205
vn -0.069001 0.973011 -0.220202
vn -0.071203 0.971937 0.224208
vn -0.101897 0.969272 0.223894
vn -0.098998 0.776984 0.621687
vn -0.101897 0.969272 0.223894
vn -0.071203 0.971937 0.224208
vn -0.101897 0.969272 0.223894
vn -0.105803 0.969925 -0.219206
vn -0.069001 0.973011 -0.220202
vn -0.067700 0.781200 -0.620600
vn -0.069001 0.973011 -0.220202
vn -0.105803 0.969925 -0.219206
vn -0.067101 0.434004 -0.898409
vn -0.067700 0.781200 -0.620600
vn -0.109904 0.777726 -0.618921
vn -0.105803 0.969925 -0.219206
vn -0.109904 0.777726 -0.618921
vn -0.067700 0.781200 -0.620600
vn -0.067601 0.000300 -0.997712
vn -0.067101 0.434004 -0.898409
vn -0.113400 0.430999 -0.895198
vn -0.109904 0.777726 -0.618921
vn -0.113400 0.430999 -0.895198
vn -0.067101 0.434004 -0.898409
vn -0.113400 0.430999 -0.895198
vn -0.115698 -0.001100 -0.993284
vn -0.067601 0.000300 -0.997712
vn -0.068997 -0.433182 -0.898662
vn -0.067601 0.000300 -0.997712
vn -0.115698 -0.001100 -0.993284
vn -0.070897 -0.781172 -0.620278
vn -0.068997 -0.433182 -0.898662
vn -0.116306 -0.432822 -0.893945
vn -0.115698 -0.001100 -0.993284
vn -0.116306 -0.432822 -0.893945
vn -0.068997 -0.433182 -0.898662
vn -0.116306 -0.432822 -0.893945
vn -0.115098 -0.778588 -0.616890
vn -0.070897 -0.781172 -0.620278
vn -0.072801 -0.972914 -0.219403
vn -0.070897 -0.781172 -0.620278
vn -0.115098 -0.778588 -0.616890
vn -0.115098 -0.778588 -0.616890
vn -0.112501 -0.969307 -0.218602
vn -0.072801 -0.972914 -0.219403
vn -0.074500 -0.971599 0.224600
vn -0.072801 -0.972914 -0.219403
vn -0.112501 -0.969307 -0.218602
vn -0.112501 -0.969307 -0.218602
vn -0.109001 -0.968911 0.222103
vn -0.074500 -0.971599 0.224600
vn -0.076099 -0.778195 0.623396
vn -0.074500 -0.971599 0.224600
vn -0.109001 -0.968911 0.222103
vn -0.109001 -0.968911 0.222103
vn -0.104994 -0.777654 0.619863
vn -0.076099 -0.778195 0.623396
vn -0.084403 -0.436715 0.895632
vn -0.076099 -0.778195 0.623396
vn -0.104994 -0.777654 0.619863
vn -0.104994 -0.777654 0.619863
vn -0.097495 -0.516273 0.850856
vn -0.084403 -0.436715 0.895632
vn -0.084403 -0.436715 0.895632
vn -0.097495 -0.516273 0.850856
vn -0.041100 -0.893191 0.447795
vn -0.041100 -0.893191 0.447795
vn -0.096304 -0.222609 0.970140
vn -0.084403 -0.436715 0.895632
vn -0.030399 -0.059398 -0.997771
vn 0.071300 -0.036300 -0.996794
vn 0.070502 0.807225 -0.586018
vn -0.393702 0.787303 -0.474502
vn 0.070502 0.807225 -0.586018
vn 0.071300 -0.036300 -0.996794
vn 0.071300 -0.036300 -0.996794
vn -0.602698 0.151800 -0.783398
vn -0.393702 0.787303 -0.474502
vn -0.052697 0.467072 -0.882648
vn 0.074197 0.444781 -0.892561
vn -0.049802 0.998250 0.031902
vn 0.042099 -0.508086 -0.860277
vn 0.074197 0.444781 -0.892561
vn -0.052697 0.467072 -0.882648
vn -0.052697 0.467072 -0.882648
vn -0.032600 -0.448096 -0.893391
vn 0.042099 -0.508086 -0.860277
vn -0.133997 0.782481 -0.608086
vn -0.064498 -0.055698 -0.996362
vn -0.030399 -0.059398 -0.997771
vn -0.030399 -0.059398 -0.997771
vn -0.044700 0.789902 -0.611602
vn -0.133997 0.782481 -0.608086
vn -0.113500 0.448399 -0.886598
vn -0.048798 0.473279 -0.879560
vn -0.032001 -0.454808 -0.890015
vn -0.032001 -0.454808 -0.890015
vn -0.044202 -0.483121 -0.874437
vn -0.113500 0.448399 -0.886598
vn -0.128299 0.442597 -0.887495
vn -0.113500 0.448399 -0.886598
vn -0.044202 -0.483121 -0.874437
vn -0.052697 0.467072 -0.882648
vn -0.128299 0.442597 -0.887495
vn -0.120194 -0.478978 -0.869559
vn -0.120194 -0.478978 -0.869559
vn -0.032600 -0.448096 -0.893391
vn -0.052697 0.467072 -0.882648
vn -0.044202 -0.483121 -0.874437
vn -0.120194 -0.478978 -0.869559
vn -0.128299 0.442597 -0.887495
vn -0.687195 0.309398 0.657295
vn -0.602698 0.151800 -0.783398
vn -0.723402 -0.021200 -0.690102
vn -0.723402 -0.021200 -0.690102
vn -0.737102 0.277001 0.616402
vn -0.687195 0.309398 0.657295
vn -0.393586 0.787373 -0.474483
vn -0.602698 0.151800 -0.783398
vn -0.687195 0.309398 0.657295
vn -0.687195 0.309398 0.657295
vn -0.404182 0.566075 0.718468
vn -0.393586 0.787373 -0.474483
vn -0.794612 -0.314005 0.519608
vn -0.682378 0.288691 -0.671579
vn -0.474515 -0.429013 -0.768624
vn -0.474515 -0.429013 -0.768624
vn -0.485996 -0.767193 0.418596
vn -0.794612 -0.314005 0.519608
vn -0.133997 0.782481 -0.608086
vn -0.067402 0.783425 -0.617820
vn -0.064498 -0.055698 -0.996362
vn -0.064498 -0.055698 -0.996362
vn -0.067402 0.783425 -0.617820
vn 0.046800 0.218598 -0.974692
vn -0.096403 -0.222607 0.970130
vn -0.084302 0.005900 0.996423
vn -0.000322 -0.223184 0.974776
vn -0.000322 -0.223184 0.974776
vn -0.097799 0.430894 0.897087
vn -0.092597 0.073797 0.992965
vn -0.018300 0.054901 0.998324
vn -0.018300 0.054901 0.998324
vn -0.019800 0.432991 0.901181
vn -0.097799 0.430894 0.897087
vn -0.073596 0.621866 0.779658
vn -0.098998 0.776984 0.621687
vn -0.097799 0.430894 0.897087
vn -0.097799 0.430894 0.897087
vn -0.019800 0.432991 0.901181
vn -0.073596 0.621866 0.779658
vn -0.098998 0.776984 0.621687
vn -0.073596 0.621866 0.779658
vn -0.021099 0.782273 0.622579
vn -0.101798 0.969282 0.223896
vn -0.098998 0.776984 0.621687
vn -0.021099 0.782273 0.622579
vn -0.021099 0.782273 0.622579
vn -0.024000 0.974819 0.221704
vn -0.101798 0.969282 0.223896
vn -0.105803 0.969925 -0.219206
vn -0.101798 0.969282 0.223896
vn -0.024000 0.974819 0.221704
vn -0.024000 0.974819 0.221704
vn -0.026900 0.974401 -0.223200
vn -0.105803 0.969925 -0.219206
vn -0.109904 0.777726 -0.618921
vn -0.105803 0.969925 -0.219206
vn -0.026900 0.974401 -0.223200
vn -0.026900 0.974401 -0.223200
vn -0.029999 0.781580 -0.623084
vn -0.109904 0.777726 -0.618921
vn -0.113400 0.430999 -0.895198
vn -0.109904 0.777726 -0.618921
vn -0.029999 0.781580 -0.623084
vn -0.029999 0.781580 -0.623084
vn -0.032500 0.433003 -0.900806
vn -0.113400 0.430999 -0.895198
vn -0.032500 0.433003 -0.900806
vn -0.033302 -0.000100 -0.999445
vn -0.115698 -0.001100 -0.993284
vn -0.115698 -0.001100 -0.993284
vn -0.113400 0.430999 -0.895198
vn -0.032500 0.433003 -0.900806
vn -0.033302 -0.000100 -0.999445
vn -0.033100 -0.433599 -0.900498
vn -0.116295 -0.432783 -0.893965
vn -0.116295 -0.432783 -0.893965
vn -0.115698 -0.001100 -0.993284
vn -0.033302 -0.000100 -0.999445
vn -0.115098 -0.778588 -0.616890
vn -0.116295 -0.432783 -0.893965
vn -0.033100 -0.433599 -0.900498
vn -0.033100 -0.433599 -0.900498
vn -0.030900 -0.781295 -0.623396
vn -0.115098 -0.778588 -0.616890
vn -0.112501 -0.969307 -0.218602
vn -0.115098 -0.778588 -0.616890
vn -0.030900 -0.781295 -0.623396
vn -0.030900 -0.781295 -0.623396
vn -0.028399 -0.974383 -0.223096
vn -0.112501 -0.969307 -0.218602
vn -0.109001 -0.968911 0.222103
vn -0.112501 -0.969307 -0.218602
vn -0.028399 -0.974383 -0.223096
vn -0.028399 -0.974383 -0.223096
vn -0.024700 -0.974802 0.221700
vn -0.109001 -0.968911 0.222103
vn -0.024700 -0.974802 0.221700
vn -0.022001 -0.782044 0.622835
vn -0.104895 -0.777662 0.619870
vn -0.104895 -0.777662 0.619870
vn -0.109001 -0.968911 0.222103
vn -0.024700 -0.974802 0.221700
vn -0.022001 -0.782044 0.622835
vn -0.009600 -0.490614 0.871324
vn -0.097495 -0.516273 0.850856
vn -0.097495 -0.516273 0.850856
vn -0.104895 -0.777662 0.619870
vn -0.022001 -0.782044 0.622835
vn -0.018300 0.054901 0.998324
vn 0.011000 0.040401 0.999123
vn 0.006500 0.434600 0.900600
vn 0.006500 0.434600 0.900600
vn -0.019800 0.432991 0.901181
vn -0.018300 0.054901 0.998324
vn -0.021099 0.782273 0.622579
vn -0.073596 0.621866 0.779658
vn -0.078097 0.991868 0.100497
vn -0.078097 0.991868 0.100497
vn 0.005800 0.781577 0.623782
vn -0.021099 0.782273 0.622579
vn -0.021099 0.782273 0.622579
vn 0.005800 0.781577 0.623782
vn 0.005800 0.974963 0.222292
vn 0.005800 0.974963 0.222292
vn -0.024000 0.974819 0.221704
vn -0.021099 0.782273 0.622579
vn 0.005400 0.974873 -0.222694
vn -0.026900 0.974401 -0.223200
vn -0.024000 0.974819 0.221704
vn -0.024000 0.974819 0.221704
vn 0.005800 0.974963 0.222292
vn 0.005400 0.974873 -0.222694
vn -0.026900 0.974401 -0.223200
vn 0.005400 0.974873 -0.222694
vn 0.005000 0.782252 -0.622942
vn 0.005000 0.782252 -0.622942
vn -0.029999 0.781580 -0.623084
vn -0.026900 0.974401 -0.223200
vn -0.029999 0.781580 -0.623084
vn 0.005000 0.782252 -0.622942
vn 0.003000 0.434286 -0.900770
vn 0.003000 0.434286 -0.900770
vn -0.032500 0.433003 -0.900806
vn -0.029999 0.781580 -0.623084
vn -0.033302 -0.000100 -0.999445
vn -0.032500 0.433003 -0.900806
vn 0.003000 0.434286 -0.900770
vn -0.033100 -0.433599 -0.900498
vn -0.033302 -0.000100 -0.999445
vn -0.172107 0.016601 -0.984939
vn 0.003000 0.434286 -0.900770
vn -0.172107 0.016601 -0.984939
vn -0.033302 -0.000100 -0.999445
vn -0.172107 0.016601 -0.984939
vn 0.003000 -0.434406 -0.900712
vn -0.033100 -0.433599 -0.900498
vn 0.005500 -0.782026 -0.623221
vn -0.030900 -0.781295 -0.623396
vn -0.033100 -0.433599 -0.900498
vn -0.033100 -0.433599 -0.900498
vn 0.003000 -0.434406 -0.900712
vn 0.005500 -0.782026 -0.623221
vn 0.005400 -0.974917 -0.222504
vn -0.028399 -0.974383 -0.223096
vn -0.030900 -0.781295 -0.623396
vn -0.030900 -0.781295 -0.623396
vn 0.005500 -0.782026 -0.623221
vn 0.005400 -0.974917 -0.222504
vn 0.006900 -0.974908 0.222502
vn -0.024700 -0.974802 0.221700
vn -0.028399 -0.974383 -0.223096
vn -0.028399 -0.974383 -0.223096
vn 0.005400 -0.974917 -0.222504
vn 0.006900 -0.974908 0.222502
vn -0.022001 -0.782044 0.622835
vn -0.024700 -0.974802 0.221700
vn 0.006900 -0.974908 0.222502
vn 0.006900 -0.974908 0.222502
vn 0.003800 -0.975450 -0.220189
vn -0.022001 -0.782044 0.622835
vn -0.009600 -0.490614 0.871324
vn -0.022001 -0.782044 0.622835
vn -0.074397 0.030499 0.996762
vn -0.074397 0.030499 0.996762
vn 0.010201 -0.451825 0.892049
vn -0.009600 -0.490614 0.871324
vn -0.009600 -0.490614 0.871324
vn 0.010201 -0.451825 0.892049
vn 0.021299 -0.890961 0.453580
vn 0.021299 -0.890961 0.453580
vn 0.024501 -0.895137 0.445118
vn -0.009600 -0.490614 0.871324
vn -0.011300 0.595312 0.803416
vn -0.018300 0.054901 0.998324
vn -0.092597 0.073797 0.992965
vn -0.092597 0.073797 0.992965
vn -0.065299 0.593893 0.801890
vn -0.011300 0.595312 0.803416
vn -0.097495 -0.516273 0.850856
vn -0.009600 -0.490614 0.871324
vn -0.056802 -0.897124 0.438112
vn -0.009600 -0.490614 0.871324
vn 0.024501 -0.895137 0.445118
vn -0.056802 -0.897124 0.438112
vn -0.056802 -0.897124 0.438112
vn 0.013900 -0.905469 0.424185
vn -0.097495 -0.516273 0.850856
vn -0.084302 0.005900 0.996423
vn -0.096403 -0.222607 0.970130
vn -0.069999 0.662387 0.745885
vn -0.069999 0.662387 0.745885
vn -0.092597 0.073797 0.992965
vn -0.084302 0.005900 0.996423
vn 0.032299 0.528086 0.848577
vn 0.011000 0.040401 0.999123
vn -0.018300 0.054901 0.998324
vn -0.018300 0.054901 0.998324
vn -0.040700 0.589698 0.806598
vn 0.032299 0.528086 0.848577
vn -0.011300 0.595312 0.803416
vn -0.040700 0.589698 0.806598
vn -0.018300 0.054901 0.998324
vn -0.067398 0.783377 -0.617882
vn -0.069999 0.662387 0.745885
vn -0.096304 -0.222609 0.970140
vn -0.096304 -0.222609 0.970140
vn 0.046898 0.218692 -0.974666
vn -0.067398 0.783377 -0.617882
vn -0.044700 0.789902 -0.611602
vn -0.011300 0.595312 0.803416
vn -0.065299 0.593893 0.801890
vn -0.069999 0.662387 0.745885
vn -0.067398 0.783377 -0.617882
vn -0.134095 0.782471 -0.608077
vn -0.134095 0.782471 -0.608077
vn -0.065299 0.593893 0.801890
vn -0.069999 0.662387 0.745885
vn -0.065299 0.593893 0.801890
vn -0.134095 0.782471 -0.608077
vn -0.044700 0.789902 -0.611602
vn 0.070602 0.807219 -0.586014
vn -0.393586 0.787373 -0.474483
vn -0.404182 0.566075 0.718468
vn -0.404182 0.566075 0.718468
vn 0.032299 0.528086 0.848577
vn 0.070602 0.807219 -0.586014
vn -0.485996 -0.767193 0.418596
vn -0.474515 -0.429013 -0.768624
vn 0.042199 -0.508084 -0.860273
vn 0.042199 -0.508084 -0.860273
vn 0.021199 -0.890963 0.453581
vn -0.485996 -0.767193 0.418596
vn -0.120096 -0.478983 -0.869570
vn -0.044200 -0.483197 -0.874395
vn 0.013900 -0.905469 0.424185
vn 0.013900 -0.905469 0.424185
vn -0.056802 -0.897124 0.438112
vn -0.120096 -0.478983 -0.869570
vn -0.032100 -0.454806 -0.890012
vn 0.046800 0.218598 -0.974692
vn -0.096304 -0.222609 0.970140
vn -0.096304 -0.222609 0.970140
vn -0.041100 -0.893191 0.447795
vn -0.032100 -0.454806 -0.890012
vn -0.044200 -0.483197 -0.874395
vn -0.032100 -0.454806 -0.890012
vn -0.041100 -0.893191 0.447795
vn -0.041100 -0.893191 0.447795
vn 0.013900 -0.905469 0.424185
vn -0.044200 -0.483197 -0.874395
vn 0.360779 -0.929145 0.080795
vn -0.186906 -0.961131 0.203207
vn -0.320900 -0.946000 -0.045900
vn -0.320900 -0.946000 -0.045900
vn 0.210997 -0.950285 -0.228996
vn 0.360779 -0.929145 0.080795
vn 0.783322 -0.593417 -0.185105
vn 0.360779 -0.929145 0.080795
vn 0.210997 -0.950285 -0.228996
vn 0.210997 -0.950285 -0.228996
vn 0.590025 -0.637828 -0.495021
vn 0.783322 -0.593417 -0.185105
vn 0.891322 -0.081902 -0.445911
vn 0.783322 -0.593417 -0.185105
vn 0.590025 -0.637828 -0.495021
vn 0.590025 -0.637828 -0.495021
vn 0.667578 -0.154295 -0.728376
vn 0.891322 -0.081902 -0.445911
vn 0.667578 -0.154295 -0.728376
vn 0.447102 0.307401 -0.840003
vn 0.655010 0.426407 -0.623810
vn 0.655010 0.426407 -0.623810
vn 0.891322 -0.081902 -0.445911
vn 0.667578 -0.154295 -0.728376
vn 0.160008 0.744439 -0.648234
vn 0.655010 0.426407 -0.623810
vn 0.447102 0.307401 -0.840003
vn 0.447102 0.307401 -0.840003
vn 0.027801 0.603713 -0.796717
vn 0.160008 0.744439 -0.648234
vn 0.160008 0.744439 -0.648234
vn 0.027801 0.603713 -0.796717
vn -0.460983 0.636477 -0.618378
vn -0.460983 0.636477 -0.618378
vn -0.434612 0.768122 -0.470213
vn 0.160008 0.744439 -0.648234
vn -0.281888 0.712669 -0.642372
vn -0.434612 0.768122 -0.470213
vn -0.866840 0.447321 -0.220210
vn 0.160008 0.744439 -0.648234
vn -0.434612 0.768122 -0.470213
vn -0.281888 0.712669 -0.642372
vn -0.866840 0.447321 -0.220210
vn -0.676806 0.404904 -0.614806
vn -0.281888 0.712669 -0.642372
vn -0.676806 0.404904 -0.614806
vn -0.866840 0.447321 -0.220210
vn -0.986249 -0.153992 0.059997
vn -0.986249 -0.153992 0.059997
vn -0.843491 -0.135799 -0.519694
vn -0.676806 0.404904 -0.614806
vn -0.843491 -0.135799 -0.519694
vn -0.986249 -0.153992 0.059997
vn -0.727623 -0.660221 0.186206
vn -0.727623 -0.660221 0.186206
vn -0.682387 -0.717186 -0.141397
vn -0.843491 -0.135799 -0.519694
vn -0.682387 -0.717186 -0.141397
vn -0.727623 -0.660221 0.186206
vn -0.186906 -0.961131 0.203207
vn -0.186906 -0.961131 0.203207
vn -0.169306 -0.985535 -0.007500
vn -0.682387 -0.717186 -0.141397
vn 0.574023 0.410816 -0.708328
vn 0.806485 -0.099698 -0.582789
vn 0.728902 -0.357601 -0.583801
vn 0.728902 -0.357601 -0.583801
vn 0.605395 -0.007200 -0.795893
vn 0.574023 0.410816 -0.708328
vn 0.092899 0.707192 -0.700892
vn 0.574023 0.410816 -0.708328
vn 0.605395 -0.007200 -0.795893
vn -0.379214 0.327712 -0.865333
vn -0.444025 0.689238 -0.572532
vn 0.092899 0.707192 -0.700892
vn 0.092899 0.707192 -0.700892
vn 0.156794 0.269090 -0.950266
vn -0.379214 0.327712 -0.865333
vn 0.605395 -0.007200 -0.795893
vn 0.156794 0.269090 -0.950266
vn 0.092899 0.707192 -0.700892
vn -0.444025 0.689238 -0.572532
vn -0.379214 0.327712 -0.865333
vn -0.746105 0.106201 -0.657304
vn -0.746105 0.106201 -0.657304
vn -0.846879 0.384091 -0.367791
vn -0.444025 0.689238 -0.572532
vn -0.707178 -0.645680 -0.288091
vn -0.780657 -0.624865 -0.010899
vn -0.982359 -0.109495 -0.151594
vn -0.982359 -0.109495 -0.151594
vn -0.876693 -0.230198 -0.422396
vn -0.707178 -0.645680 -0.288091
vn -0.876693 -0.230198 -0.422396
vn -0.982359 -0.109495 -0.151594
vn -0.846879 0.384091 -0.367791
vn -0.846879 0.384091 -0.367791
vn -0.746105 0.106201 -0.657304
vn -0.876693 -0.230198 -0.422396
vn -0.307507 -0.951522 -0.006800
vn -0.780657 -0.624865 -0.010899
vn -0.707178 -0.645680 -0.288091
vn -0.707178 -0.645680 -0.288091
vn -0.300095 -0.879986 -0.368194
vn -0.307507 -0.951522 -0.006800
vn 0.258401 -0.956303 -0.136800
vn -0.307507 -0.951522 -0.006800
vn -0.300095 -0.879986 -0.368194
vn -0.300095 -0.879986 -0.368194
vn 0.186297 -0.857487 -0.479593
vn 0.258401 -0.956303 -0.136800
vn 0.258401 -0.956303 -0.136800
vn 0.186297 -0.857487 -0.479593
vn 0.582123 -0.681227 -0.443918
vn 0.582123 -0.681227 -0.443918
vn 0.692011 -0.624210 -0.362606
vn 0.258401 -0.956303 -0.136800
vn 0.806485 -0.099698 -0.582789
vn 0.692011 -0.624210 -0.362606
vn 0.582123 -0.681227 -0.443918
vn 0.582123 -0.681227 -0.443918
vn 0.728902 -0.357601 -0.583801
vn 0.806485 -0.099698 -0.582789
vn -0.058699 -0.960081 -0.273495
vn -0.128999 -0.790596 -0.598597
vn -0.155904 -0.965125 -0.210305
vn -0.128999 -0.790596 -0.598597
vn -0.058699 -0.960081 -0.273495
vn 0.026999 -0.918763 -0.393884
vn -0.128999 -0.790596 -0.598597
vn 0.026999 -0.918763 -0.393884
vn 0.211493 -0.767875 -0.604680
vn 0.211493 -0.767875 -0.604680
vn -0.110595 -0.614575 -0.781068
vn -0.128999 -0.790596 -0.598597
vn 0.581720 0.368112 -0.725325
vn 0.313811 -0.074803 -0.946534
vn -0.117798 -0.412993 -0.903084
vn -0.117798 -0.412993 -0.903084
vn -0.097997 -0.234492 -0.967166
vn 0.581720 0.368112 -0.725325
vn -0.117996 -0.880470 -0.459184
vn -0.155904 -0.965125 -0.210305
vn -0.128999 -0.790596 -0.598597
vn -0.128999 -0.790596 -0.598597
vn -0.132597 -0.720286 -0.680887
vn -0.117996 -0.880470 -0.459184
vn 0.068197 0.056698 -0.996060
vn 0.081303 0.071303 0.994136
vn 0.095698 0.750781 0.653583
vn 0.095698 0.750781 0.653583
vn 0.127798 0.696392 -0.706191
vn 0.068197 0.056698 -0.996060
vn 0.127798 0.696392 -0.706191
vn 0.095698 0.750781 0.653583
vn 0.165207 0.743832 0.647627
vn 0.095297 0.845076 0.526085
vn 0.049899 0.558386 -0.828079
vn 0.089303 0.553822 -0.827832
vn 0.165207 0.743832 0.647627
vn 0.089303 0.553822 -0.827832
vn 0.127798 0.696392 -0.706191
vn 0.089303 0.553822 -0.827832
vn 0.165207 0.743832 0.647627
vn 0.095297 0.845076 0.526085
vn 0.094196 -0.785869 -0.611176
vn 0.083599 -0.425294 -0.901186
vn -0.374179 -0.409077 -0.832254
vn -0.058699 -0.960081 -0.273495
vn 0.094196 -0.785869 -0.611176
vn -0.140098 -0.849891 -0.507994
vn -0.374179 -0.409077 -0.832254
vn -0.140098 -0.849891 -0.507994
vn 0.094196 -0.785869 -0.611176
vn 0.127798 0.696392 -0.706191
vn 0.089303 0.553822 -0.827832
vn 0.281592 0.017600 -0.959373
vn 0.068297 0.056697 -0.996053
vn 0.127798 0.696392 -0.706191
vn 0.110305 0.309614 -0.944443
vn 0.281592 0.017600 -0.959373
vn 0.110305 0.309614 -0.944443
vn 0.127798 0.696392 -0.706191
vn 0.110305 0.309614 -0.944443
vn -0.089003 0.218208 -0.971835
vn 0.068297 0.056697 -0.996053
vn -0.248708 0.078003 -0.965433
vn 0.107105 0.003000 -0.994243
vn 0.068297 0.056697 -0.996053
vn -0.248708 0.078003 -0.965433
vn -0.374179 -0.409077 -0.832254
vn 0.083599 -0.425294 -0.901186
vn 0.083599 -0.425294 -0.901186
vn 0.107105 0.003000 -0.994243
vn -0.248708 0.078003 -0.965433
vn 0.068297 0.056697 -0.996053
vn -0.089003 0.218208 -0.971835
vn -0.248708 0.078003 -0.965433
vn 0.049899 0.558386 -0.828079
vn -0.097997 -0.234492 -0.967166
vn 0.281592 0.017600 -0.959373
vn 0.281592 0.017600 -0.959373
vn 0.089303 0.553822 -0.827832
vn 0.049899 0.558386 -0.828079
vn 0.581720 0.368112 -0.725325
vn -0.097997 -0.234492 -0.967166
vn 0.049899 0.558386 -0.828079
vn -0.320900 -0.946000 -0.045900
vn -0.186906 -0.961131 0.203207
vn -0.727623 -0.660221 0.186206
vn -0.727623 -0.660221 0.186206
vn -0.784707 -0.619706 -0.014100
vn -0.320900 -0.946000 -0.045900
vn -0.784707 -0.619706 -0.014100
vn -0.727623 -0.660221 0.186206
vn -0.986249 -0.153992 0.059997
vn -0.320900 -0.946000 -0.045900
vn -0.784707 -0.619706 -0.014100
vn -0.373412 -0.361511 -0.854326
vn -0.373412 -0.361511 -0.854326
vn -0.289497 -0.440895 -0.849590
vn -0.320900 -0.946000 -0.045900
vn -0.174094 -0.440784 -0.880568
vn 0.210997 -0.950285 -0.228996
vn -0.320900 -0.946000 -0.045900
vn -0.320900 -0.946000 -0.045900
vn -0.289497 -0.440895 -0.849590
vn -0.174094 -0.440784 -0.880568
vn 0.210997 -0.950285 -0.228996
vn -0.174094 -0.440784 -0.880568
vn -0.103801 -0.361405 -0.926613
vn -0.103801 -0.361405 -0.926613
vn 0.590025 -0.637828 -0.495021
vn 0.210997 -0.950285 -0.228996
vn -0.115100 -0.263399 -0.957796
vn 0.667578 -0.154295 -0.728376
vn 0.590025 -0.637828 -0.495021
vn 0.447102 0.307401 -0.840003
vn 0.667578 -0.154295 -0.728376
vn -0.115100 -0.263399 -0.957796
vn 0.590025 -0.637828 -0.495021
vn -0.103801 -0.361405 -0.926613
vn -0.115100 -0.263399 -0.957796
vn -0.115100 -0.263399 -0.957796
vn -0.176105 -0.207606 -0.962230
vn 0.447102 0.307401 -0.840003
vn 0.027801 0.603713 -0.796717
vn 0.447102 0.307401 -0.840003
vn -0.176105 -0.207606 -0.962230
vn -0.176105 -0.207606 -0.962230
vn -0.232297 -0.196498 -0.952589
vn 0.027801 0.603713 -0.796717
vn -0.275198 -0.196498 -0.941092
vn -0.460983 0.636477 -0.618378
vn 0.027801 0.603713 -0.796717
vn 0.027801 0.603713 -0.796717
vn -0.232297 -0.196498 -0.952589
vn -0.275198 -0.196498 -0.941092
vn -0.460983 0.636477 -0.618378
vn -0.275198 -0.196498 -0.941092
vn -0.328800 -0.207600 -0.921300
vn -0.434612 0.768122 -0.470213
vn -0.460983 0.636477 -0.618378
vn -0.851300 0.369200 -0.372800
vn -0.328800 -0.207600 -0.921300
vn -0.851300 0.369200 -0.372800
vn -0.460983 0.636477 -0.618378
vn -0.851300 0.369200 -0.372800
vn -0.866840 0.447321 -0.220210
vn -0.434612 0.768122 -0.470213
vn -0.851300 0.369200 -0.372800
vn -0.328800 -0.207600 -0.921300
vn -0.379287 -0.263491 -0.886969
vn -0.379287 -0.263491 -0.886969
vn -0.373412 -0.361511 -0.854326
vn -0.784707 -0.619706 -0.014100
vn -0.379287 -0.263491 -0.886969
vn -0.983599 -0.111600 -0.141700
vn -0.851300 0.369200 -0.372800
vn -0.784707 -0.619706 -0.014100
vn -0.983599 -0.111600 -0.141700
vn -0.379287 -0.263491 -0.886969
vn -0.866840 0.447321 -0.220210
vn -0.851300 0.369200 -0.372800
vn -0.983599 -0.111600 -0.141700
vn -0.983599 -0.111600 -0.141700
vn -0.986249 -0.153992 0.059997
vn -0.866840 0.447321 -0.220210
vn -0.986249 -0.153992 0.059997
vn -0.983599 -0.111600 -0.141700
vn -0.784707 -0.619706 -0.014100
vn -0.186906 -0.961131 0.203207
vn 0.360779 -0.929145 0.080795
vn 0.321407 -0.946920 0.006400
vn 0.321407 -0.946920 0.006400
vn -0.169306 -0.985534 -0.007600
vn -0.186906 -0.961131 0.203207
vn 0.360779 -0.929145 0.080795
vn 0.783322 -0.593417 -0.185105
vn 0.725325 -0.670123 -0.157605
vn 0.725325 -0.670123 -0.157605
vn 0.321407 -0.946920 0.006400
vn 0.360779 -0.929145 0.080795
vn 0.918747 -0.156708 -0.362418
vn 0.725325 -0.670123 -0.157605
vn 0.783322 -0.593417 -0.185105
vn 0.783322 -0.593417 -0.185105
vn 0.891322 -0.081902 -0.445911
vn 0.918747 -0.156708 -0.362418
vn 0.891322 -0.081902 -0.445911
vn 0.655010 0.426407 -0.623810
vn 0.744600 0.373700 -0.553100
vn 0.744600 0.373700 -0.553100
vn 0.918747 -0.156708 -0.362418
vn 0.891322 -0.081902 -0.445911
vn 0.278001 0.704303 -0.653202
vn 0.744600 0.373700 -0.553100
vn 0.655010 0.426407 -0.623810
vn 0.655010 0.426407 -0.623810
vn 0.160008 0.744439 -0.648234
vn 0.278001 0.704303 -0.653202
vn -0.281888 0.712669 -0.642372
vn 0.278001 0.704303 -0.653202
vn 0.160008 0.744439 -0.648234
vn -0.289497 -0.440895 -0.849590
vn -0.373412 -0.361511 -0.854326
vn 0.574023 0.410816 -0.708328
vn 0.574023 0.410816 -0.708328
vn 0.092899 0.707192 -0.700892
vn -0.289497 -0.440895 -0.849590
vn -0.174094 -0.440784 -0.880568
vn -0.289497 -0.440895 -0.849590
vn 0.092899 0.707192 -0.700892
vn 0.092899 0.707192 -0.700892
vn -0.443994 0.689291 -0.572492
vn -0.174094 -0.440784 -0.880568
vn -0.846879 0.384091 -0.367791
vn -0.103801 -0.361405 -0.926613
vn -0.174094 -0.440784 -0.880568
vn -0.174094 -0.440784 -0.880568
vn -0.443994 0.689291 -0.572492
vn -0.846879 0.384091 -0.367791
vn -0.103801 -0.361405 -0.926613
vn -0.846879 0.384091 -0.367791
vn -0.982359 -0.109495 -0.151594
vn -0.176105 -0.207606 -0.962230
vn -0.115100 -0.263399 -0.957796
vn -0.982359 -0.109495 -0.151594
vn -0.982359 -0.109495 -0.151594
vn -0.115100 -0.263399 -0.957796
vn -0.103801 -0.361405 -0.926613
vn -0.982359 -0.109495 -0.151594
vn -0.780705 -0.624804 -0.010900
vn -0.176105 -0.207606 -0.962230
vn -0.232297 -0.196498 -0.952589
vn -0.176105 -0.207606 -0.962230
vn -0.780705 -0.624804 -0.010900
vn -0.780705 -0.624804 -0.010900
vn -0.307507 -0.951522 -0.006800
vn -0.232297 -0.196498 -0.952589
vn -0.275198 -0.196498 -0.941092
vn -0.232297 -0.196498 -0.952589
vn -0.307507 -0.951522 -0.006800
vn -0.307507 -0.951522 -0.006800
vn 0.258401 -0.956303 -0.136800
vn -0.275198 -0.196498 -0.941092
vn -0.275198 -0.196498 -0.941092
vn 0.258401 -0.956303 -0.136800
vn 0.692011 -0.624210 -0.362606
vn 0.692011 -0.624210 -0.362606
vn -0.328800 -0.207600 -0.921300
vn -0.275198 -0.196498 -0.941092
vn 0.806485 -0.099698 -0.582789
vn 0.574023 0.410816 -0.708328
vn -0.373412 -0.361511 -0.854326
vn -0.328800 -0.207600 -0.921300
vn 0.692011 -0.624210 -0.362606
vn 0.806485 -0.099698 -0.582789
vn 0.806485 -0.099698 -0.582789
vn -0.379287 -0.263491 -0.886969
vn -0.328800 -0.207600 -0.921300
vn -0.373412 -0.361511 -0.854326
vn -0.379287 -0.263491 -0.886969
vn 0.806485 -0.099698 -0.582789
vn -0.281888 0.712669 -0.642372
vn -0.676806 0.404904 -0.614806
vn -0.248710 0.077903 -0.965440
vn -0.248710 0.077903 -0.965440
vn -0.676806 0.404904 -0.614806
vn -0.843491 -0.135799 -0.519694
vn -0.248710 0.077903 -0.965440
vn -0.089003 0.218208 -0.971835
vn -0.281888 0.712669 -0.642372
vn -0.843491 -0.135799 -0.519694
vn -0.374108 -0.409009 -0.832319
vn -0.248710 0.077903 -0.965440
vn -0.374108 -0.409009 -0.832319
vn -0.843491 -0.135799 -0.519694
vn -0.682387 -0.717186 -0.141397
vn -0.682387 -0.717186 -0.141397
vn -0.140098 -0.849891 -0.507994
vn -0.374108 -0.409009 -0.832319
vn -0.140098 -0.849891 -0.507994
vn -0.682387 -0.717186 -0.141397
vn -0.169306 -0.985535 -0.007500
vn -0.169306 -0.985535 -0.007500
vn -0.058798 -0.960075 -0.273493
vn -0.140098 -0.849891 -0.507994
vn -0.169306 -0.985534 -0.007600
vn 0.321407 -0.946920 0.006400
vn 0.027001 -0.918748 -0.393921
vn 0.027001 -0.918748 -0.393921
vn -0.058699 -0.960081 -0.273495
vn -0.169306 -0.985534 -0.007600
vn 0.321407 -0.946920 0.006400
vn 0.725325 -0.670123 -0.157605
vn 0.211509 -0.767834 -0.604727
vn 0.211509 -0.767834 -0.604727
vn 0.027001 -0.918748 -0.393921
vn 0.321407 -0.946920 0.006400
vn 0.382909 -0.427110 -0.819120
vn 0.211509 -0.767834 -0.604727
vn 0.725325 -0.670123 -0.157605
vn 0.725325 -0.670123 -0.157605
vn 0.918747 -0.156708 -0.362418
vn 0.382909 -0.427110 -0.819120
vn 0.918747 -0.156708 -0.362418
vn 0.744600 0.373700 -0.553100
vn 0.281592 0.017600 -0.959373
vn 0.281592 0.017600 -0.959373
vn 0.382909 -0.427110 -0.819120
vn 0.918747 -0.156708 -0.362418
vn 0.110305 0.309614 -0.944443
vn 0.278001 0.704303 -0.653202
vn -0.281888 0.712669 -0.642372
vn -0.281888 0.712669 -0.642372
vn -0.089003 0.218208 -0.971835
vn 0.110305 0.309614 -0.944443
vn 0.110305 0.309614 -0.944443
vn 0.281592 0.017600 -0.959373
vn 0.744600 0.373700 -0.553100
vn 0.744600 0.373700 -0.553100
vn 0.278001 0.704303 -0.653202
vn 0.110305 0.309614 -0.944443
vn 0.489894 -0.616893 -0.615993
vn 0.641834 -0.708737 -0.292815
vn 0.907888 -0.171798 -0.382395
vn 0.907888 -0.171798 -0.382395
vn 0.457890 -0.360392 -0.812683
vn 0.489894 -0.616893 -0.615993
vn 0.617371 0.772664 -0.147793
vn 0.211004 0.685312 -0.697012
vn 0.847016 0.525110 0.082602
vn 0.847016 0.525110 0.082602
vn 0.319992 0.621385 -0.715183
vn 0.617371 0.772664 -0.147793
vn 0.295817 -0.248514 -0.922352
vn 0.714110 -0.444006 -0.541207
vn -0.132597 -0.720286 -0.680887
vn -0.117996 -0.880470 -0.459184
vn -0.132597 -0.720286 -0.680887
vn 0.714110 -0.444006 -0.541207
vn -0.175203 -0.984516 0.005700
vn -0.165306 -0.959737 0.227109
vn -0.155904 -0.965125 -0.210305
vn 0.565009 -0.571809 -0.594810
vn 0.369707 -0.918616 -0.139502
vn -0.175203 -0.984516 0.005700
vn -0.117996 -0.880470 -0.459184
vn -0.161901 -0.955005 -0.248501
vn -0.155904 -0.965125 -0.210305
vn -0.155904 -0.965125 -0.210305
vn -0.161901 -0.955005 -0.248501
vn -0.175203 -0.984516 0.005700
vn -0.175203 -0.984516 0.005700
vn -0.161901 -0.955005 -0.248501
vn 0.565009 -0.571809 -0.594810
vn 0.626278 -0.772873 0.102196
vn 0.611082 -0.453786 0.648581
vn 0.357610 -0.588116 0.725420
vn 0.357610 -0.588116 0.725420
vn 0.253987 -0.853355 -0.455276
vn 0.626278 -0.772873 0.102196
vn 0.681440 -0.579334 0.447226
vn 0.685712 0.019500 0.727612
vn 0.369782 0.032398 0.928554
vn 0.369782 0.032398 0.928554
vn 0.553403 -0.479703 0.680904
vn 0.681440 -0.579334 0.447226
vn 0.634106 0.525105 -0.567605
vn 0.766412 0.642310 -0.007100
vn 0.712630 0.680829 -0.169207
vn 0.712630 0.680829 -0.169207
vn 0.616494 0.586694 0.525095
vn 0.634106 0.525105 -0.567605
vn 0.787192 0.361296 -0.499795
vn 0.623601 0.626101 -0.468101
vn 0.693001 0.521101 -0.498201
vn 0.712630 0.680829 -0.169207
vn 0.693001 0.521101 -0.498201
vn 0.623601 0.626101 -0.468101
vn 0.693001 0.521101 -0.498201
vn 0.570503 0.415902 -0.708203
vn 0.787192 0.361296 -0.499795
vn 0.553403 -0.479703 0.680904
vn 0.369782 0.032398 0.928554
vn -0.096001 -0.427905 0.898711
vn -0.096001 -0.427905 0.898711
vn 0.005700 0.419800 0.907599
vn 0.137201 -0.406904 0.903109
vn 0.847016 0.525110 0.082602
vn 0.104401 0.939412 -0.326504
vn 0.319992 0.621385 -0.715183
vn -0.096001 -0.427905 0.898711
vn 0.369782 0.032398 0.928554
vn 0.434900 0.322100 0.840900
vn 0.434900 0.322100 0.840900
vn 0.005700 0.419800 0.907599
vn -0.096001 -0.427905 0.898711
vn 0.693001 0.521101 -0.498201
vn 0.319992 0.621385 -0.715183
vn 0.443494 0.777490 -0.445894
vn 0.443494 0.777490 -0.445894
vn 0.319992 0.621385 -0.715183
vn 0.104401 0.939412 -0.326504
vn 0.443494 0.777490 -0.445894
vn 0.570503 0.415902 -0.708203
vn 0.693001 0.521101 -0.498201
vn 0.104401 0.939412 -0.326504
vn 0.496517 0.814128 -0.301110
vn 0.443494 0.777490 -0.445894
vn 0.685710 0.019600 0.727611
vn 0.697061 0.658463 -0.283784
vn 0.443414 0.777525 -0.445914
vn 0.443414 0.777525 -0.445914
vn 0.369782 0.032398 0.928554
vn 0.685710 0.019600 0.727611
vn 0.686899 0.563299 -0.459199
vn 0.583788 0.761584 -0.281394
vn 0.369620 -0.918650 -0.139508
vn 0.369620 -0.918650 -0.139508
vn 0.564977 -0.571877 -0.594776
vn 0.686899 0.563299 -0.459199
vn 0.545083 0.838174 0.018699
vn 0.267397 0.027700 -0.963188
vn 0.313811 -0.074803 -0.946534
vn 0.313811 -0.074803 -0.946534
vn 0.939884 0.335594 0.063199
vn 0.545083 0.838174 0.018699
vn 0.581720 0.368112 -0.725325
vn 0.939890 0.335596 0.063099
vn 0.313809 -0.074902 -0.946527
vn 0.496476 0.814161 -0.301086
vn 0.434819 0.322114 0.840937
vn 0.369782 0.032398 0.928554
vn 0.369782 0.032398 0.928554
vn 0.443414 0.777525 -0.445914
vn 0.496476 0.814161 -0.301086
vn 0.005700 0.419800 0.907599
vn 0.434819 0.322114 0.840937
vn 0.496476 0.814161 -0.301086
vn 0.496476 0.814161 -0.301086
vn 0.104398 0.939382 -0.326594
vn 0.005700 0.419800 0.907599
vn 0.789804 0.612503 0.032400
vn 0.611082 -0.453786 0.648581
vn 0.626271 -0.772865 0.102295
vn 0.626271 -0.772865 0.102295
vn 0.809271 0.369487 -0.456684
vn 0.789804 0.612503 0.032400
vn 0.611082 -0.453786 0.648581
vn 0.789804 0.612503 0.032400
vn 0.623601 0.626101 -0.468101
vn 0.623601 0.626101 -0.468101
vn 0.357589 -0.588182 0.725378
vn 0.611082 -0.453786 0.648581
vn 0.616913 -0.285006 -0.733615
vn 0.489894 -0.616893 -0.615993
vn 0.457890 -0.360392 -0.812683
vn 0.616913 -0.285006 -0.733615
vn 0.453487 -0.282292 -0.845376
vn 0.463104 -0.421603 -0.779606
vn 0.616913 -0.285006 -0.733615
vn 0.463104 -0.421603 -0.779606
vn 0.489894 -0.616893 -0.615993
vn -0.183796 0.090598 0.978780
vn 0.262605 -0.539310 0.800115
vn 0.571112 0.212404 0.792916
vn 0.763025 0.443815 0.469916
vn 0.378903 0.590204 0.712805
vn -0.183796 0.090598 0.978780
vn 0.571112 0.212404 0.792916
vn 0.763025 0.443815 0.469916
vn -0.183796 0.090598 0.978780
vn 0.010100 -0.428009 0.903718
vn 0.137201 -0.406904 0.903109
vn 0.356806 -0.697612 0.621311
vn -0.116499 -0.001200 0.993190
vn 0.010100 -0.428009 0.903718
vn 0.356806 -0.697612 0.621311
vn 0.907853 -0.171791 -0.382480
vn 0.378903 0.590204 0.712805
vn 0.763025 0.443815 0.469916
vn 0.763025 0.443815 0.469916
vn 0.779997 0.010300 -0.625698
vn 0.907853 -0.171791 -0.382480
vn 0.907888 -0.171798 -0.382395
vn 0.779997 0.010300 -0.625698
vn 0.457890 -0.360392 -0.812683
vn -0.183796 0.090598 0.978780
vn 0.084398 -0.803579 0.589184
vn 0.262605 -0.539310 0.800115
vn 0.616913 -0.285006 -0.733615
vn 0.457890 -0.360392 -0.812683
vn 0.326594 -0.581790 -0.744887
vn 0.326594 -0.581790 -0.744887
vn 0.454727 -0.251615 -0.854350
vn 0.616913 -0.285006 -0.733615
vn 0.084403 -0.803626 0.589119
vn 0.326505 -0.581809 -0.744911
vn 0.384306 -0.721312 -0.576210
vn 0.384306 -0.721312 -0.576210
vn 0.262512 -0.539324 0.800136
vn 0.084403 -0.803626 0.589119
vn 0.326505 -0.581809 -0.744911
vn 0.084403 -0.803626 0.589119
vn 0.110506 -0.751740 0.650135
vn 0.110506 -0.751740 0.650135
vn 0.454806 -0.251603 -0.854311
vn 0.326505 -0.581809 -0.744911
vn 0.680441 -0.311419 -0.663339
vn 0.779997 0.010300 -0.625698
vn 0.763025 0.443815 0.469916
vn 0.763025 0.443815 0.469916
vn 0.571112 0.212404 0.792916
vn 0.680441 -0.311419 -0.663339
vn 0.571112 0.212404 0.792916
vn 0.262605 -0.539310 0.800115
vn 0.513814 -0.320909 0.795621
vn 0.513814 -0.320909 0.795621
vn 0.715970 0.120395 0.687671
vn 0.571112 0.212404 0.792916
vn 0.262512 -0.539324 0.800136
vn 0.384306 -0.721312 -0.576210
vn 0.663468 -0.616070 -0.424580
vn 0.663468 -0.616070 -0.424580
vn 0.513814 -0.320909 0.795621
vn 0.262512 -0.539324 0.800136
vn 0.457890 -0.360392 -0.812683
vn 0.384306 -0.721312 -0.576210
vn 0.326594 -0.581790 -0.744887
vn 0.457890 -0.360392 -0.812683
vn 0.779997 0.010300 -0.625698
vn 0.680441 -0.311419 -0.663339
vn 0.680441 -0.311419 -0.663339
vn 0.384306 -0.721312 -0.576210
vn 0.457890 -0.360392 -0.812683
vn 0.384306 -0.721312 -0.576210
vn 0.680441 -0.311419 -0.663339
vn 0.785807 -0.304703 -0.538205
vn 0.785807 -0.304703 -0.538205
vn 0.663468 -0.616070 -0.424580
vn 0.384306 -0.721312 -0.576210
vn 0.680441 -0.311419 -0.663339
vn 0.571112 0.212404 0.792916
vn 0.715970 0.120395 0.687671
vn 0.715970 0.120395 0.687671
vn 0.513814 -0.320909 0.795621
vn 0.663468 -0.616070 -0.424580
vn 0.663468 -0.616070 -0.424580
vn 0.785783 -0.304793 -0.538188
vn 0.715970 0.120395 0.687671
vn 0.715970 0.120395 0.687671
vn 0.785783 -0.304793 -0.538188
vn 0.680441 -0.311419 -0.663339
vn 0.697061 0.658463 -0.283784
vn 0.685710 0.019600 0.727611
vn 0.681440 -0.579334 0.447226
vn 0.681440 -0.579334 0.447226
vn 0.727367 0.167992 -0.665369
vn 0.697061 0.658463 -0.283784
vn 0.727367 0.167992 -0.665369
vn 0.681440 -0.579334 0.447226
vn 0.553403 -0.479703 0.680904
vn 0.553403 -0.479703 0.680904
vn 0.570503 0.415902 -0.708203
vn 0.727367 0.167992 -0.665369
vn 0.774635 -0.385117 0.501623
vn 0.357589 -0.588182 0.725378
vn 0.623601 0.626101 -0.468101
vn 0.570503 0.415902 -0.708203
vn 0.553403 -0.479703 0.680904
vn 0.774635 -0.385117 0.501623
vn 0.623601 0.626101 -0.468101
vn 0.787163 0.361383 -0.499777
vn 0.774635 -0.385117 0.501623
vn 0.774635 -0.385117 0.501623
vn 0.787163 0.361383 -0.499777
vn 0.570503 0.415902 -0.708203
vn -0.046302 0.969143 0.242111
vn 0.058602 0.889728 0.452714
vn -0.239005 0.866617 0.438009
vn -0.239005 0.866617 0.438009
vn -0.026900 0.969503 0.243601
vn -0.046302 0.969143 0.242111
vn -0.010099 0.783456 -0.621365
vn 0.140002 0.819709 -0.555406
vn 0.373416 0.863538 -0.338915
vn 0.047299 0.973188 -0.225097
vn 0.048200 0.778496 -0.625796
vn 0.373416 0.863538 -0.338915
vn 0.048200 0.778496 -0.625796
vn -0.010099 0.783456 -0.621365
vn 0.373416 0.863538 -0.338915
vn -0.026900 0.969503 0.243601
vn -0.239005 0.866617 0.438009
vn -0.430009 0.883519 0.185704
vn -0.026900 0.969503 0.243601
vn -0.430009 0.883519 0.185704
vn 0.058799 0.973682 -0.220196
vn 0.362398 0.911695 0.193599
vn 0.040600 0.974405 0.221101
vn 0.047299 0.973188 -0.225097
vn 0.047299 0.973188 -0.225097
vn 0.373416 0.863538 -0.338915
vn 0.362398 0.911695 0.193599
vn 0.362398 0.911695 0.193599
vn 0.058602 0.889728 0.452714
vn -0.046302 0.969143 0.242111
vn 0.040600 0.974405 0.221101
vn 0.362398 0.911695 0.193599
vn -0.046302 0.969143 0.242111
vn -0.113500 0.448399 -0.886598
vn -0.128299 0.442597 -0.887495
vn -0.184904 0.646215 -0.740417
vn -0.184904 0.646215 -0.740417
vn -0.128299 0.442597 -0.887495
vn -0.052697 0.467072 -0.882648
vn -0.052697 0.467072 -0.882648
vn -0.063401 0.782109 -0.619907
vn -0.184904 0.646215 -0.740417
vn -0.049802 0.998250 0.031902
vn -0.063401 0.782109 -0.619907
vn -0.052697 0.467072 -0.882648
vn -0.063401 0.782109 -0.619907
vn -0.304807 0.791918 -0.529112
vn -0.184904 0.646215 -0.740417
vn 0.140002 0.819709 -0.555406
vn -0.010099 0.783456 -0.621365
vn -0.018299 0.678071 -0.734769
vn -0.018299 0.678071 -0.734769
vn -0.010099 0.783456 -0.621365
vn -0.048798 0.473279 -0.879560
vn -0.048798 0.473279 -0.879560
vn -0.113500 0.448399 -0.886598
vn -0.018299 0.678071 -0.734769
vn -0.184904 0.646215 -0.740417
vn -0.018299 0.678071 -0.734769
vn -0.113500 0.448399 -0.886598
vn 0.611176 0.765470 0.201292
vn -0.093596 0.968563 0.230491
vn -0.065398 0.761479 0.644882
vn -0.065398 0.761479 0.644882
vn 0.685697 0.491598 0.536798
vn 0.611176 0.765470 0.201292
vn -0.093596 0.968563 0.230491
vn 0.611176 0.765470 0.201292
vn 0.577212 0.793116 -0.194404
vn 0.577212 0.793116 -0.194404
vn -0.092798 0.969277 -0.227795
vn -0.093596 0.968563 0.230491
vn 0.598319 0.563617 -0.569518
vn -0.063600 0.762296 -0.644096
vn -0.092798 0.969277 -0.227795
vn -0.092798 0.969277 -0.227795
vn 0.577212 0.793116 -0.194404
vn 0.598319 0.563617 -0.569518
vn -0.063600 0.762296 -0.644096
vn 0.598319 0.563617 -0.569518
vn 0.588111 0.096402 -0.803015
vn 0.588111 0.096402 -0.803015
vn -0.031200 0.458995 -0.887891
vn -0.063600 0.762296 -0.644096
vn -0.031200 0.458995 -0.887891
vn 0.588111 0.096402 -0.803015
vn 0.303593 -0.447490 -0.841180
vn 0.303593 -0.447490 -0.841180
vn 0.045998 -0.497981 -0.865967
vn -0.031200 0.458995 -0.887891
vn -0.560178 0.819968 -0.117695
vn -0.682378 0.288691 -0.671579
vn -0.794612 -0.314005 0.519608
vn -0.794612 -0.314005 0.519608
vn -0.577480 -0.007300 0.816372
vn -0.560178 0.819968 -0.117695
vn -0.577480 -0.007300 0.816372
vn -0.074397 0.030499 0.996762
vn -0.049802 0.998250 0.031902
vn -0.049802 0.998250 0.031902
vn -0.560178 0.819968 -0.117695
vn -0.577480 -0.007300 0.816372
vn -0.208899 -0.936095 -0.282998
vn -0.218305 0.222305 -0.950223
vn 0.049299 0.217694 -0.974771
vn 0.049299 0.217694 -0.974771
vn 0.003700 -0.975450 -0.220189
vn -0.208899 -0.936095 -0.282998
vn -0.737578 0.392488 -0.549483
vn -0.218305 0.222305 -0.950223
vn -0.208899 -0.936095 -0.282998
vn -0.640901 0.723501 -0.256500
vn -0.737578 0.392488 -0.549483
vn -0.750325 -0.659522 0.045202
vn -0.750325 -0.659522 0.045202
vn -0.669192 -0.624192 0.403195
vn -0.640901 0.723501 -0.256500
vn -0.208899 -0.936095 -0.282998
vn -0.750325 -0.659522 0.045202
vn -0.737578 0.392488 -0.549483
vn -0.562811 -0.795316 0.225204
vn -0.661925 -0.686825 -0.300211
vn -0.691286 0.664987 -0.282694
vn -0.691286 0.664987 -0.282694
vn -0.442689 0.877678 -0.183595
vn -0.562811 -0.795316 0.225204
vn -0.720985 -0.496990 0.482890
vn -0.562811 -0.795316 0.225204
vn -0.442689 0.877678 -0.183595
vn -0.442689 0.877678 -0.183595
vn -0.713690 0.694591 -0.090499
vn -0.720985 -0.496990 0.482890
vn -0.734931 0.677829 0.020601
vn -0.757007 -0.653406 0.001100
vn -0.638409 -0.718510 -0.276004
vn -0.638409 -0.718510 -0.276004
vn -0.779204 -0.519403 -0.350802
vn -0.765390 0.618892 0.176498
vn -0.765390 0.618892 0.176498
vn -0.510983 0.848972 0.134696
vn -0.638409 -0.718510 -0.276004
vn -0.638409 -0.718510 -0.276004
vn -0.510983 0.848972 0.134696
vn -0.734931 0.677829 0.020601
vn 0.774797 0.357099 0.521698
vn 0.939890 0.335596 0.063099
vn 0.754896 0.307298 0.579397
vn 0.754896 0.307298 0.579397
vn 0.718367 0.462479 0.519676
vn 0.774797 0.357099 0.521698
vn 0.774797 0.357099 0.521698
vn 0.718367 0.462479 0.519676
vn 0.795585 0.411992 0.444192
vn 0.795585 0.411992 0.444192
vn 0.703716 0.517211 0.487111
vn 0.774797 0.357099 0.521698
vn -0.253203 0.547307 -0.797711
vn -0.184891 0.646167 -0.740462
vn -0.304807 0.791918 -0.529112
vn -0.275190 0.311089 -0.909667
vn -0.253203 0.547307 -0.797711
vn -0.649704 0.417003 -0.635604
vn -0.018299 0.678071 -0.734769
vn -0.184891 0.646167 -0.740462
vn -0.253203 0.547307 -0.797711
vn -0.304807 0.791918 -0.529112
vn -0.649704 0.417003 -0.635604
vn -0.253203 0.547307 -0.797711
vn -0.275190 0.311089 -0.909667
vn 0.212296 0.333094 -0.918683
vn 0.107002 0.587509 -0.802112
vn 0.570194 0.461995 -0.679293
vn 0.107002 0.587509 -0.802112
vn 0.212296 0.333094 -0.918683
vn -0.253203 0.547307 -0.797711
vn 0.107002 0.587509 -0.802112
vn -0.018299 0.678071 -0.734769
vn 0.107002 0.587509 -0.802112
vn 0.570194 0.461995 -0.679293
vn 0.140002 0.819709 -0.555406
vn 0.140002 0.819709 -0.555406
vn -0.018299 0.678071 -0.734769
vn 0.107002 0.587509 -0.802112
vn 0.107002 0.587509 -0.802112
vn -0.253203 0.547307 -0.797711
vn -0.275190 0.311089 -0.909667
vn 0.712592 0.598793 -0.365596
vn 0.633505 0.727306 0.264002
vn 0.826012 0.115902 0.551608
vn 0.319392 0.111197 0.941076
vn 0.293108 0.300208 0.907724
vn 0.800687 0.287495 0.525592
vn 0.800687 0.287495 0.525592
vn 0.826012 0.115902 0.551608
vn 0.319392 0.111197 0.941076
vn 0.985806 0.147601 -0.080001
vn 0.719188 0.208197 -0.662889
vn 0.325183 0.555271 -0.765460
vn 0.719188 0.208197 -0.662889
vn 0.985806 0.147601 -0.080001
vn 0.939236 0.321612 -0.120005
vn 0.985806 0.147601 -0.080001
vn 0.826012 0.115902 0.551608
vn 0.800687 0.287495 0.525592
vn 0.826012 0.115902 0.551608
vn 0.985806 0.147601 -0.080001
vn 0.712592 0.598793 -0.365596
vn 0.325183 0.555271 -0.765460
vn 0.712592 0.598793 -0.365596
vn 0.985806 0.147601 -0.080001
vn 0.800687 0.287495 0.525592
vn 0.939236 0.321612 -0.120005
vn 0.985806 0.147601 -0.080001
vn -0.311414 0.287813 0.905641
vn -0.303684 0.109594 0.946449
vn -0.817026 0.113004 0.565418
vn -0.654607 0.719907 0.230702
vn -0.817026 0.113004 0.565418
vn -0.303684 0.109594 0.946449
vn -0.303684 0.109594 0.946449
vn -0.311414 0.287813 0.905641
vn 0.293108 0.300208 0.907724
vn -0.303684 0.109594 0.946449
vn -0.230801 0.692302 0.683702
vn -0.654607 0.719907 0.230702
vn 0.293108 0.300208 0.907724
vn 0.319392 0.111197 0.941076
vn -0.303684 0.109594 0.946449
vn -0.230801 0.692302 0.683702
vn -0.303684 0.109594 0.946449
vn 0.319392 0.111197 0.941076
vn 0.319392 0.111197 0.941076
vn 0.220803 0.697410 0.681810
vn -0.230801 0.692302 0.683702
vn 0.826012 0.115902 0.551608
vn 0.633505 0.727306 0.264002
vn 0.220708 0.697426 0.681825
vn 0.220708 0.697426 0.681825
vn 0.633505 0.727306 0.264002
vn -0.311103 0.768807 -0.558705
vn 0.220708 0.697426 0.681825
vn 0.319392 0.111197 0.941076
vn 0.826012 0.115902 0.551608
vn 0.012200 0.770870 0.636875
vn -0.000900 0.465322 0.885141
vn -0.002100 0.435816 0.900033
vn -0.002100 0.435816 0.900033
vn -0.000900 0.465322 0.885141
vn 0.095396 0.845068 0.526080
vn -0.002100 0.435816 0.900033
vn -0.000400 0.782874 0.622180
vn 0.012200 0.770870 0.636875
vn 0.045900 0.971007 0.234602
vn 0.012200 0.770870 0.636875
vn -0.000400 0.782874 0.622180
vn -0.000400 0.782874 0.622180
vn 0.001700 0.975043 0.222010
vn 0.045900 0.971007 0.234602
vn 0.071203 0.972646 -0.221110
vn 0.045900 0.971007 0.234602
vn 0.001700 0.975043 0.222010
vn -0.165306 -0.959737 0.227109
vn -0.175203 -0.984516 0.005700
vn -0.168506 -0.956435 0.238409
vn 0.077502 0.791821 -0.605816
vn 0.071203 0.972646 -0.221110
vn 0.003900 0.974950 -0.222389
vn 0.001700 0.975043 0.222010
vn 0.003900 0.974950 -0.222389
vn 0.071203 0.972646 -0.221110
vn -0.150398 -0.751389 0.642491
vn -0.165306 -0.959737 0.227109
vn -0.168506 -0.956435 0.238409
vn -0.168506 -0.956435 0.238409
vn 0.253987 -0.853355 -0.455276
vn 0.357610 -0.588116 0.725420
vn 0.357610 -0.588116 0.725420
vn -0.129997 -0.720384 0.681284
vn -0.168506 -0.956435 0.238409
vn -0.096001 -0.427905 0.898711
vn -0.129997 -0.720384 0.681284
vn 0.553403 -0.479703 0.680904
vn -0.168506 -0.956435 0.238409
vn -0.129997 -0.720384 0.681284
vn -0.150398 -0.751389 0.642491
vn 0.137201 -0.406904 0.903109
vn -0.150398 -0.751389 0.642491
vn -0.129997 -0.720384 0.681284
vn -0.129997 -0.720384 0.681284
vn -0.096001 -0.427905 0.898711
vn 0.137201 -0.406904 0.903109
vn 0.210908 0.685326 -0.697027
vn 0.077502 0.791821 -0.605816
vn 0.005900 0.781577 -0.623781
vn 0.003900 0.974950 -0.222389
vn 0.005900 0.781577 -0.623781
vn 0.077502 0.791821 -0.605816
vn 0.005900 0.781577 -0.623781
vn 0.026700 0.445694 -0.894787
vn 0.210908 0.685326 -0.697027
vn 0.095396 0.845068 0.526080
vn 0.165207 0.743832 0.647627
vn -0.002100 0.435816 0.900033
vn -0.145000 -0.532999 -0.833599
vn -0.132597 -0.720286 -0.680887
vn -0.128999 -0.790596 -0.598597
vn -0.128999 -0.790596 -0.598597
vn -0.110595 -0.614575 -0.781068
vn -0.145000 -0.532999 -0.833599
vn -0.145000 -0.532999 -0.833599
vn -0.110595 -0.614575 -0.781068
vn -0.117798 -0.412993 -0.903084
vn -0.117798 -0.412993 -0.903084
vn 0.313811 -0.074803 -0.946534
vn -0.145000 -0.532999 -0.833599
vn 0.382893 -0.427192 -0.819085
vn -0.117798 -0.412993 -0.903084
vn -0.110595 -0.614575 -0.781068
vn 0.382893 -0.427192 -0.819085
vn 0.281592 0.017600 -0.959373
vn -0.097997 -0.234492 -0.967166
vn -0.097997 -0.234492 -0.967166
vn -0.117798 -0.412993 -0.903084
vn 0.382893 -0.427192 -0.819085
vn -0.110595 -0.614575 -0.781068
vn 0.211493 -0.767875 -0.604680
vn 0.382893 -0.427192 -0.819085
vn 0.137201 -0.406904 0.903109
vn 0.005700 0.419800 0.907599
vn 0.104398 0.939382 -0.326594
vn 0.104398 0.939382 -0.326594
vn 0.847016 0.525110 0.082602
vn 0.137201 -0.406904 0.903109
vn -0.711185 0.091798 0.696985
vn -0.718513 0.000100 0.695513
vn -0.706787 -0.296294 -0.642388
vn -0.706787 -0.296294 -0.642388
vn -0.595012 -0.450909 -0.665313
vn -0.711185 0.091798 0.696985
vn -0.711185 0.091798 0.696985
vn -0.595012 -0.450909 -0.665313
vn -0.530016 -0.833326 -0.157005
vn -0.530016 -0.833326 -0.157005
vn -0.543192 -0.120698 0.830888
vn -0.711185 0.091798 0.696985
vn -0.364913 0.059602 -0.929132
vn -0.596772 -0.437779 -0.672468
vn -0.658011 0.751313 0.050501
vn -0.658011 0.751313 0.050501
vn -0.596772 -0.437779 -0.672468
vn -0.747008 -0.559806 -0.358604
vn -0.747008 -0.559806 -0.358604
vn -0.763399 0.608099 0.217800
vn -0.658011 0.751313 0.050501
vn -0.658011 0.751313 0.050501
vn -0.380386 0.923967 0.039899
vn -0.364913 0.059602 -0.929132
vn -0.764898 -0.619299 0.177200
vn -0.779125 0.519717 -0.350511
vn -0.608626 0.511922 -0.606226
vn -0.608626 0.511922 -0.606226
vn -0.559209 -0.822913 -0.100502
vn -0.764898 -0.619299 0.177200
vn -0.531591 -0.826686 -0.184397
vn -0.559209 -0.822913 -0.100502
vn -0.608626 0.511922 -0.606226
vn -0.608626 0.511922 -0.606226
vn -0.589900 0.782900 -0.197700
vn -0.531591 -0.826686 -0.184397
vn -0.689599 0.146600 -0.709198
vn -0.632101 0.584701 -0.508501
vn -0.621181 -0.387288 0.681279
vn -0.621181 -0.387288 0.681279
vn -0.565537 -0.438728 0.698345
vn -0.689599 0.146600 -0.709198
vn -0.689599 0.146600 -0.709198
vn -0.565537 -0.438728 0.698345
vn -0.751698 -0.221500 0.621199
vn -0.751698 -0.221500 0.621199
vn -0.767440 0.080604 -0.636033
vn -0.689599 0.146600 -0.709198
vn -0.811191 -0.245197 -0.530894
vn -0.611519 -0.204206 -0.764424
vn -0.573009 0.142802 0.807012
vn -0.573009 0.142802 0.807012
vn -0.706725 0.312111 0.634922
vn -0.811191 -0.245197 -0.530894
vn -0.598324 0.729729 0.330913
vn -0.612993 -0.069899 -0.786991
vn -0.811191 -0.245197 -0.530894
vn -0.811191 -0.245197 -0.530894
vn -0.706725 0.312111 0.634922
vn -0.598324 0.729729 0.330913
vn -0.751608 -0.221502 0.621307
vn 0.077496 -0.430080 0.899458
vn -0.107996 0.013399 0.994061
vn -0.107996 0.013399 0.994061
vn -0.527986 0.452788 0.718481
vn -0.751608 -0.221502 0.621307
vn 0.088595 0.424575 0.901048
vn -0.706725 0.312111 0.634922
vn -0.573000 0.142900 0.807001
vn -0.107996 0.013399 0.994061
vn 0.088595 0.424575 0.901048
vn -0.573000 0.142900 0.807001
vn 0.003000 -0.434406 -0.900712
vn -0.172107 0.016601 -0.984939
vn -0.740423 -0.433913 -0.513316
vn -0.740423 -0.433913 -0.513316
vn -0.611519 -0.204206 -0.764424
vn 0.003000 -0.434406 -0.900712
vn -0.689588 0.146698 -0.709188
vn 0.003000 0.434286 -0.900770
vn 0.005000 0.782252 -0.622942
vn -0.172107 0.016601 -0.984939
vn 0.003000 0.434286 -0.900770
vn -0.767481 0.080598 -0.635985
vn 0.003000 0.434286 -0.900770
vn -0.689588 0.146698 -0.709188
vn -0.767481 0.080598 -0.635985
vn -0.534801 0.662801 -0.524101
vn -0.527986 0.452788 0.718481
vn -0.107996 0.013399 0.994061
vn -0.107996 0.013399 0.994061
vn -0.172107 0.016601 -0.984939
vn -0.534801 0.662801 -0.524101
vn -0.713084 -0.261494 0.650486
vn -0.740423 -0.433913 -0.513316
vn -0.172107 0.016601 -0.984939
vn -0.172107 0.016601 -0.984939
vn -0.107996 0.013399 0.994061
vn -0.713084 -0.261494 0.650486
vn 0.087198 0.786281 0.611685
vn 0.088595 0.424575 0.901048
vn -0.010800 0.432810 0.901421
vn -0.010800 0.432810 0.901421
vn -0.014400 0.780583 0.624886
vn 0.087198 0.786281 0.611685
vn -0.026900 0.969503 0.243601
vn 0.070702 0.971533 0.226108
vn 0.087198 0.786281 0.611685
vn 0.087198 0.786281 0.611685
vn -0.014400 0.780583 0.624886
vn -0.026900 0.969503 0.243601
vn -0.530008 -0.833313 -0.157102
vn -0.595012 -0.450909 -0.665313
vn 0.071999 -0.428892 -0.900482
vn 0.071999 -0.428892 -0.900482
vn -0.026799 -0.990070 -0.137996
vn -0.530008 -0.833313 -0.157102
vn -0.026799 -0.990070 -0.137996
vn 0.071999 -0.428892 -0.900482
vn -0.028000 -0.432500 -0.901199
vn -0.028000 -0.432500 -0.901199
vn -0.087300 -0.620797 -0.779096
vn -0.026799 -0.990070 -0.137996
vn -0.069298 -0.124696 0.989772
vn -0.073596 0.621866 0.779658
vn -0.019800 0.432991 0.901181
vn -0.019800 0.432991 0.901181
vn 0.006500 0.434600 0.900600
vn -0.069298 -0.124696 0.989772
vn -0.543192 -0.120698 0.830888
vn -0.530016 -0.833326 -0.157005
vn -0.026899 -0.990068 -0.137995
vn -0.026899 -0.990068 -0.137995
vn -0.069297 -0.124795 0.989760
vn -0.543192 -0.120698 0.830888
vn -0.033099 0.078398 -0.996373
vn -0.364913 0.059602 -0.929132
vn -0.380386 0.923967 0.039899
vn -0.087300 -0.620797 -0.779096
vn -0.033099 0.078398 -0.996373
vn -0.078097 0.991868 0.100497
vn -0.380386 0.923967 0.039899
vn -0.078097 0.991868 0.100497
vn -0.033099 0.078398 -0.996373
vn -0.078097 0.991868 0.100497
vn -0.073701 0.621910 0.779613
vn -0.087300 -0.620797 -0.779096
vn 0.074197 0.444781 -0.892561
vn 0.042099 -0.508086 -0.860277
vn -0.474401 -0.429001 -0.768702
vn -0.474401 -0.429001 -0.768702
vn -0.682325 0.288710 -0.671624
vn 0.074197 0.444781 -0.892561
vn 0.010201 -0.451825 0.892049
vn -0.074397 0.030499 0.996762
vn -0.577481 -0.007200 0.816373
vn -0.577481 -0.007200 0.816373
vn -0.794612 -0.314005 0.519608
vn 0.010201 -0.451825 0.892049
vn -0.485902 -0.767304 0.418502
vn 0.021299 -0.890961 0.453580
vn 0.010201 -0.451825 0.892049
vn 0.010201 -0.451825 0.892049
vn -0.794612 -0.314005 0.519608
vn -0.485902 -0.767304 0.418502
vn -0.032600 -0.448096 -0.893391
vn -0.120096 -0.478983 -0.869570
vn -0.056802 -0.897124 0.438112
vn 0.021199 -0.890963 0.453581
vn 0.042199 -0.508084 -0.860273
vn -0.032600 -0.448096 -0.893391
vn -0.032600 -0.448096 -0.893391
vn 0.024501 -0.895137 0.445118
vn 0.021199 -0.890963 0.453581
vn -0.056802 -0.897124 0.438112
vn 0.024501 -0.895137 0.445118
vn -0.032600 -0.448096 -0.893391
vn -0.063401 0.782109 -0.619907
vn -0.049802 0.998250 0.031902
vn -0.074397 0.030499 0.996762
vn -0.074397 0.030499 0.996762
vn -0.021901 -0.782046 0.622836
vn -0.063401 0.782109 -0.619907
vn -0.723304 -0.021200 -0.690204
vn -0.602698 0.151800 -0.783398
vn 0.071300 -0.036300 -0.996794
vn -0.364913 0.059602 -0.929132
vn -0.033199 0.078398 -0.996369
vn 0.076700 -0.788296 -0.610497
vn 0.076700 -0.788296 -0.610497
vn -0.596812 -0.437809 -0.672413
vn -0.364913 0.059602 -0.929132
vn 0.076700 -0.788296 -0.610497
vn 0.080703 -0.970730 -0.226207
vn -0.635932 -0.770239 0.048202
vn -0.746966 -0.559875 -0.358584
vn -0.596812 -0.437809 -0.672413
vn 0.076700 -0.788296 -0.610497
vn -0.635932 -0.770239 0.048202
vn -0.746966 -0.559875 -0.358584
vn 0.076700 -0.788296 -0.610497
vn 0.079802 -0.970030 0.229507
vn -0.559203 -0.822904 -0.100601
vn -0.531581 -0.826670 -0.184493
vn -0.764898 -0.619299 0.177200
vn 0.079802 -0.970030 0.229507
vn 0.076800 -0.780598 0.620298
vn -0.764898 -0.619299 0.177200
vn -0.559203 -0.822904 -0.100601
vn 0.079802 -0.970030 0.229507
vn 0.076800 -0.780598 0.620298
vn -0.438910 -0.775217 0.454310
vn -0.764898 -0.619299 0.177200
vn -0.751608 -0.221502 0.621307
vn -0.565512 -0.438809 0.698314
vn 0.077496 -0.430080 0.899458
vn -0.438910 -0.775217 0.454310
vn 0.076800 -0.780598 0.620298
vn -0.621181 -0.387288 0.681279
vn -0.621181 -0.387288 0.681279
vn 0.076800 -0.780598 0.620298
vn 0.077496 -0.430080 0.899458
vn 0.077496 -0.430080 0.899458
vn -0.565512 -0.438809 0.698314
vn -0.621181 -0.387288 0.681279
vn 0.070502 0.807225 -0.586018
vn -0.039000 0.841207 -0.539305
vn -0.030399 -0.059398 -0.997771
vn -0.030399 -0.059398 -0.997771
vn -0.039000 0.841207 -0.539305
vn -0.044700 0.789902 -0.611602
vn 0.011000 0.040401 0.999123
vn -0.687195 0.309398 0.657295
vn -0.737077 0.276891 0.616481
vn 0.005800 0.781577 0.623782
vn -0.078097 0.991868 0.100497
vn -0.380421 0.923952 0.039902
vn -0.380421 0.923952 0.039902
vn -0.658011 0.751313 0.050501
vn 0.005800 0.781577 0.623782
vn 0.005800 0.781577 0.623782
vn -0.658011 0.751313 0.050501
vn -0.763399 0.608099 0.217800
vn 0.005800 0.974963 0.222292
vn 0.005800 0.781577 0.623782
vn -0.763399 0.608099 0.217800
vn -0.589900 0.782900 -0.197700
vn 0.005400 0.974873 -0.222694
vn 0.005800 0.974963 0.222292
vn 0.005800 0.974963 0.222292
vn -0.589900 0.782900 0.197700
vn -0.589900 0.782900 -0.197700
vn 0.005400 0.974873 -0.222694
vn -0.779125 0.519717 -0.350511
vn -0.544287 0.523287 -0.655684
vn -0.544287 0.523287 -0.655684
vn 0.005000 0.782252 -0.622942
vn 0.005400 0.974873 -0.222694
vn 0.005000 0.782252 -0.622942
vn -0.544287 0.523287 -0.655684
vn -0.773105 0.246302 -0.584504
vn -0.773105 0.246302 -0.584504
vn -0.632101 0.584701 -0.508501
vn 0.005000 0.782252 -0.622942
vn 0.005000 0.782252 -0.622942
vn -0.632101 0.584701 -0.508501
vn -0.689588 0.146698 -0.709188
vn -0.404182 0.566075 0.718468
vn -0.687195 0.309398 0.657295
vn 0.011000 0.040401 0.999123
vn 0.011000 0.040401 0.999123
vn 0.032299 0.528086 0.848577
vn -0.404182 0.566075 0.718468
vn -0.039000 0.841207 -0.539305
vn -0.040800 0.589696 0.806594
vn -0.011300 0.595312 0.803416
vn 0.032299 0.528086 0.848577
vn -0.040800 0.589696 0.806594
vn -0.039000 0.841207 -0.539305
vn -0.039000 0.841207 -0.539305
vn 0.070602 0.807219 -0.586014
vn 0.032299 0.528086 0.848577
vn -0.011300 0.595312 0.803416
vn -0.044700 0.789902 -0.611602
vn -0.039000 0.841207 -0.539305
vn 0.006500 0.434600 0.900600
vn -0.711185 0.091798 0.696985
vn -0.543192 -0.120698 0.830888
vn -0.543192 -0.120698 0.830888
vn -0.069298 -0.124696 0.989772
vn 0.006500 0.434600 0.900600
vn -0.069297 -0.124795 0.989760
vn -0.026899 -0.990068 -0.137995
vn -0.087399 -0.620791 -0.779089
vn -0.087399 -0.620791 -0.779089
vn -0.073596 0.621866 0.779658
vn -0.069297 -0.124795 0.989760
vn 0.049299 0.217694 -0.974771
vn -0.640901 0.723501 -0.256500
vn -0.713690 0.694591 -0.090499
vn -0.713690 0.694591 -0.090499
vn 0.058799 0.973682 -0.220196
vn 0.049299 0.217694 -0.974771
vn 0.005400 -0.974917 -0.222504
vn 0.005500 -0.782026 -0.623221
vn -0.779284 -0.519289 -0.350793
vn 0.005500 -0.782026 -0.623221
vn -0.632540 -0.773149 0.046203
vn -0.779284 -0.519289 -0.350793
vn -0.779284 -0.519289 -0.350793
vn -0.638409 -0.718510 -0.276004
vn 0.005400 -0.974917 -0.222504
vn -0.757007 -0.653406 0.001000
vn 0.006900 -0.974908 0.222502
vn 0.005400 -0.974917 -0.222504
vn 0.005400 -0.974917 -0.222504
vn -0.638409 -0.718510 -0.276004
vn -0.757007 -0.653406 0.001000
vn 0.003800 -0.975450 -0.220189
vn 0.006900 -0.974908 0.222502
vn -0.720985 -0.496990 0.482890
vn 0.006900 -0.974908 0.222502
vn -0.562811 -0.795316 0.225204
vn -0.720985 -0.496990 0.482890
vn 0.003700 -0.975450 -0.220189
vn 0.049299 0.217694 -0.974771
vn -0.063401 0.782109 -0.619907
vn -0.063401 0.782109 -0.619907
vn -0.021900 -0.782084 0.622788
vn 0.003700 -0.975450 -0.220189
vn -0.613103 -0.069900 -0.786904
vn -0.354389 -0.595482 -0.720978
vn 0.003000 -0.434406 -0.900712
vn -0.354389 -0.595482 -0.720978
vn -0.632540 -0.773149 0.046203
vn 0.005500 -0.782026 -0.623221
vn -0.354389 -0.595482 -0.720978
vn 0.005500 -0.782026 -0.623221
vn 0.003000 -0.434406 -0.900712
vn 0.003000 -0.434406 -0.900712
vn -0.811210 -0.245103 -0.530907
vn -0.613103 -0.069900 -0.786904
vn -0.611519 -0.204206 -0.764424
vn -0.811210 -0.245103 -0.530907
vn 0.003000 -0.434406 -0.900712
vn -0.765424 0.618819 0.176605
vn 0.087198 0.786281 0.611685
vn 0.070702 0.971533 0.226108
vn 0.070702 0.971533 0.226108
vn -0.510983 0.848972 0.134696
vn -0.765424 0.618819 0.176605
vn 0.087198 0.786281 0.611685
vn -0.765424 0.618819 0.176605
vn -0.596488 0.353493 0.720586
vn 0.087198 0.786281 0.611685
vn -0.596488 0.353493 0.720586
vn -0.262295 0.568589 0.779685
vn 0.087198 0.786281 0.611685
vn -0.262295 0.568589 0.779685
vn 0.088595 0.424575 0.901048
vn 0.720795 0.673395 -0.164299
vn 0.737288 0.598490 0.313395
vn 0.712792 0.676592 0.184798
vn 0.712792 0.676592 0.184798
vn 0.476295 0.259597 0.840091
vn 0.720795 0.673395 -0.164299
vn 0.680826 -0.331713 -0.653025
vn 0.720807 0.673406 -0.164201
vn 0.476218 0.259610 0.840131
vn 0.476218 0.259610 0.840131
vn 0.380504 -0.843008 0.380204
vn 0.680826 -0.331713 -0.653025
vn -0.161901 -0.955005 -0.248501
vn 0.712805 0.676605 0.184701
vn 0.686899 0.563299 -0.459199
vn 0.686899 0.563299 -0.459199
vn 0.564977 -0.571877 -0.594776
vn -0.161901 -0.955005 -0.248501
vn -0.161901 -0.955005 -0.248501
vn 0.380504 -0.843008 0.380204
vn 0.476218 0.259610 0.840131
vn 0.476218 0.259610 0.840131
vn 0.712792 0.676592 0.184798
vn -0.161901 -0.955005 -0.248501
vn -0.161901 -0.955005 -0.248501
vn -0.117996 -0.880470 -0.459184
vn 0.680880 -0.331690 -0.652981
vn 0.680880 -0.331690 -0.652981
vn 0.380504 -0.843008 0.380204
vn -0.161901 -0.955005 -0.248501
vn -0.132706 -0.720131 -0.681029
vn 0.703681 0.517186 0.487187
vn 0.398208 0.858318 -0.323607
vn 0.398208 0.858318 -0.323607
vn 0.295782 -0.248585 -0.922344
vn -0.132706 -0.720131 -0.681029
vn 0.714110 -0.444006 -0.541207
vn 0.295817 -0.248514 -0.922352
vn 0.398124 0.858352 -0.323620
vn 0.398124 0.858352 -0.323620
vn 0.759105 0.647705 0.065100
vn 0.714110 -0.444006 -0.541207
vn 0.759105 0.647705 0.065100
vn 0.703716 0.517211 0.487111
vn 0.737288 0.598490 0.313395
vn 0.737288 0.598490 0.313395
vn 0.559803 0.215901 0.800004
vn 0.759105 0.647705 0.065100
vn 0.510989 -0.816282 0.269394
vn 0.714110 -0.444006 -0.541207
vn 0.759105 0.647705 0.065100
vn 0.759105 0.647705 0.065100
vn 0.559734 0.215913 0.800049
vn 0.510989 -0.816282 0.269394
vn -0.118105 -0.880540 -0.459021
vn 0.510915 -0.816324 0.269408
vn 0.559690 0.215896 0.800085
vn 0.559690 0.215896 0.800085
vn 0.737288 0.598490 0.313395
vn -0.118105 -0.880540 -0.459021
vn -0.118105 -0.880540 -0.459021
vn 0.737242 0.598534 0.313418
vn 0.720758 0.673461 -0.164190
vn 0.720758 0.673461 -0.164190
vn 0.680903 -0.331601 -0.653003
vn -0.118105 -0.880540 -0.459021
vn 0.505475 -0.572371 0.645668
vn -0.168506 -0.956435 0.238409
vn -0.175203 -0.984516 0.005700
vn -0.175203 -0.984516 0.005700
vn 0.555318 -0.620320 -0.553918
vn 0.505475 -0.572371 0.645668
vn 0.616494 0.586694 0.525095
vn 0.505507 -0.572408 0.645609
vn 0.555387 -0.620286 -0.553887
vn 0.555387 -0.620286 -0.553887
vn 0.634106 0.525105 -0.567605
vn 0.616494 0.586694 0.525095
vn 0.832789 0.503093 0.230997
vn 0.583788 0.761584 -0.281394
vn 0.766411 0.642310 -0.007200
vn 0.832789 0.503093 0.230997
vn 0.766412 0.642310 -0.007100
vn -0.175203 -0.984516 0.005600
vn -0.175203 -0.984516 0.005600
vn 0.781283 -0.573787 0.245695
vn 0.832789 0.503093 0.230997
vn -0.175203 -0.984516 0.005600
vn 0.766412 0.642310 -0.007100
vn 0.634106 0.525105 -0.567605
vn 0.634106 0.525105 -0.567605
vn 0.555387 -0.620286 -0.553887
vn -0.175203 -0.984516 0.005600
vn 0.583788 0.761584 -0.281394
vn 0.832789 0.503093 0.230997
vn 0.781308 -0.573706 0.245803
vn 0.781308 -0.573706 0.245803
vn 0.369620 -0.918650 -0.139508
vn 0.583788 0.761584 -0.281394
vn 0.768858 0.209089 0.604267
vn 0.774797 0.357099 0.521698
vn 0.703681 0.517186 0.487187
vn 0.703681 0.517186 0.487187
vn 0.272209 -0.189307 0.943433
vn 0.768858 0.209089 0.604267
vn 0.753665 -0.571973 -0.323785
vn 0.768905 0.209101 0.604204
vn 0.272204 -0.189403 0.943415
vn 0.272204 -0.189403 0.943415
vn 0.243400 -0.969901 -0.006900
vn 0.753665 -0.571973 -0.323785
vn -0.132696 -0.720179 -0.680980
vn 0.243306 -0.969925 -0.006900
vn 0.272302 -0.189301 0.943407
vn 0.272302 -0.189301 0.943407
vn 0.703681 0.517186 0.487187
vn -0.132696 -0.720179 -0.680980
vn 0.768905 0.209101 0.604204
vn 0.753665 -0.571973 -0.323785
vn 0.456786 -0.002900 -0.889572
vn 0.456786 -0.002900 -0.889572
vn 0.611907 0.790609 -0.022500
vn 0.768905 0.209101 0.604204
vn 0.644229 -0.027601 -0.764334
vn 0.267397 0.027700 -0.963188
vn 0.545083 0.838174 0.018699
vn 0.545083 0.838174 0.018699
vn 0.714128 0.602723 0.356014
vn 0.644229 -0.027601 -0.764334
vn 0.623601 0.626101 -0.468101
vn 0.371408 0.313007 -0.874118
vn 0.712630 0.680829 -0.169207
vn 0.809271 0.369487 -0.456684
vn 0.626271 -0.772865 0.102295
vn 0.253987 -0.853355 -0.455276
vn 0.253987 -0.853355 -0.455276
vn 0.371408 0.313007 -0.874118
vn 0.809271 0.369487 -0.456684
vn -0.168506 -0.956435 0.238409
vn 0.712581 0.680882 -0.169196
vn 0.371408 0.313007 -0.874118
vn 0.371408 0.313007 -0.874118
vn 0.253987 -0.853355 -0.455276
vn -0.168506 -0.956435 0.238409
vn -0.168506 -0.956435 0.238409
vn 0.505507 -0.572408 0.645609
vn 0.616494 0.586694 0.525095
vn 0.616494 0.586694 0.525095
vn 0.712581 0.680882 -0.169196
vn -0.168506 -0.956435 0.238409
vn -0.394601 0.841503 -0.369001
vn 0.049299 0.217694 -0.974771
vn 0.058799 0.973682 -0.220196
vn -0.063401 0.782109 -0.619907
vn 0.049299 0.217694 -0.974771
vn -0.394601 0.841503 -0.369001
vn 0.058799 0.973682 -0.220196
vn -0.430009 0.883519 0.185704
vn -0.394601 0.841503 -0.369001
vn -0.394601 0.841503 -0.369001
vn -0.304807 0.791918 -0.529112
vn -0.063401 0.782109 -0.619907
vn -0.311103 0.768807 -0.558705
vn -0.221007 0.780326 -0.585019
vn 0.220708 0.697426 0.681825
vn -0.092597 0.073797 0.992965
vn -0.069899 0.662391 0.745890
vn -0.065299 0.593893 0.801890
vn 0.013900 -0.905469 0.424185
vn -0.041100 -0.893191 0.447795
vn -0.097495 -0.516273 0.850856
vn -0.734931 0.677829 0.020601
vn 0.058799 0.973682 -0.220196
vn -0.442728 0.877655 -0.183612
vn -0.713690 0.694591 -0.090499
vn -0.442728 0.877655 -0.183612
vn 0.058799 0.973682 -0.220196
vn 0.049299 0.217694 -0.974771
vn -0.218305 0.222305 -0.950223
vn -0.737578 0.392488 -0.549483
vn -0.737578 0.392488 -0.549483
vn -0.640901 0.723501 -0.256500
vn 0.049299 0.217694 -0.974771
vn -0.442728 0.877655 -0.183612
vn -0.691352 0.664950 -0.282621
vn -0.734931 0.677829 0.020601
vn -0.562811 -0.795316 0.225204
vn 0.006900 -0.974908 0.222502
vn -0.757007 -0.653406 0.001000
vn -0.757007 -0.653406 0.001000
vn -0.661925 -0.686825 -0.300211
vn -0.562811 -0.795316 0.225204
vn -0.720985 -0.496990 0.482890
vn -0.669137 -0.624234 0.403222
vn 0.003800 -0.975450 -0.220189
vn -0.669137 -0.624234 0.403222
vn -0.750369 -0.659472 0.045198
vn -0.208899 -0.936095 -0.282998
vn -0.208899 -0.936095 -0.282998
vn 0.003800 -0.975450 -0.220189
vn -0.669137 -0.624234 0.403222
vn -0.573000 0.142900 0.807001
vn -0.713084 -0.261494 0.650486
vn -0.107996 0.013399 0.994061
vn -0.767481 0.080598 -0.635985
vn -0.534873 0.662766 -0.524073
vn -0.172107 0.016601 -0.984939
vn -0.621181 -0.387288 0.681279
vn -0.779957 -0.549470 0.299583
vn -0.438910 -0.775217 0.454310
vn -0.589900 0.782900 -0.197700
vn -0.608626 0.511922 -0.606226
vn 0.005400 0.974873 -0.222694
vn 0.005400 0.974873 -0.222694
vn -0.608626 0.511922 -0.606226
vn -0.779125 0.519717 -0.350511
vn -0.763399 0.608099 0.217800
vn -0.713081 0.507887 0.483287
vn 0.005800 0.974963 0.222292
vn 0.005800 0.974963 0.222292
vn -0.713081 0.507887 0.483287
vn -0.589900 0.782900 0.197700
vn -0.531591 -0.826686 0.184397
vn -0.635932 -0.770239 0.048202
vn 0.080703 -0.970730 -0.226207
vn -0.531591 -0.826686 0.184397
vn 0.080703 -0.970730 -0.226207
vn 0.079802 -0.970030 0.229507
vn 0.079802 -0.970030 0.229507
vn -0.531591 -0.826686 -0.184397
vn -0.531591 -0.826686 0.184397
vn -0.718513 0.000100 0.695513
vn -0.711185 0.091798 0.696985
vn 0.006500 0.434600 0.900600
vn 0.011000 0.040401 0.999123
vn -0.737077 0.276891 0.616481
vn -0.718513 0.000100 0.695513
vn -0.718513 0.000100 0.695513
vn 0.006500 0.434600 0.900600
vn 0.011000 0.040401 0.999123
vn 0.071999 -0.428892 -0.900482
vn -0.595012 -0.450909 -0.665313
vn -0.706903 -0.296201 -0.642303
vn -0.706903 -0.296201 -0.642303
vn -0.723304 -0.021200 -0.690204
vn 0.071300 -0.036300 -0.996794
vn 0.071300 -0.036300 -0.996794
vn 0.071999 -0.428892 -0.900482
vn -0.706903 -0.296201 -0.642303
vn 0.088595 0.424575 0.901048
vn -0.262295 0.568589 0.779685
vn -0.598324 0.729729 0.330913
vn -0.598324 0.729729 0.330913
vn -0.706725 0.312111 0.634922
vn 0.088595 0.424575 0.901048
vn 0.443494 0.777490 -0.445894
vn 0.697106 0.658406 -0.283803
vn 0.727403 0.168101 -0.665303
vn 0.727403 0.168101 -0.665303
vn 0.570503 0.415902 -0.708203
vn 0.443494 0.777490 -0.445894
vn 0.623601 0.626101 -0.468101
vn 0.789804 0.612503 0.032400
vn 0.809308 0.369504 -0.456605
vn 0.809308 0.369504 -0.456605
vn 0.371408 0.313007 -0.874118
vn 0.623601 0.626101 -0.468101
vn 0.766411 0.642310 -0.007200
vn 0.583788 0.761584 -0.281394
vn 0.686899 0.563299 -0.459199
vn 0.686899 0.563299 -0.459199
vn 0.712792 0.676592 0.184798
vn 0.766411 0.642310 -0.007200
vn 0.759105 0.647705 0.065100
vn 0.398111 0.858324 -0.323709
vn 0.703716 0.517211 0.487111
vn 0.714110 -0.444006 -0.541207
vn 0.510989 -0.816282 0.269394
vn -0.117996 -0.880470 -0.459184
vn 0.369707 -0.918616 -0.139502
vn 0.781263 -0.573773 0.245788
vn -0.175203 -0.984516 0.005700
vn -0.129997 -0.720384 0.681284
vn 0.357610 -0.588116 0.725420
vn 0.774605 -0.385202 0.501603
vn 0.774605 -0.385202 0.501603
vn 0.553403 -0.479703 0.680904
vn -0.129997 -0.720384 0.681284
vn 0.847016 0.525110 0.082602
vn 0.210893 0.685278 -0.697078
vn 0.582294 0.030900 -0.812391
vn 0.453487 -0.282292 -0.845376
vn 0.616913 -0.285006 -0.733615
vn 0.654804 -0.149801 -0.740805
vn 0.654804 -0.149801 -0.740805
vn 0.582294 0.030900 -0.812391
vn 0.453487 -0.282292 -0.845376
vn 0.582294 0.030900 -0.812391
vn 0.654804 -0.149801 -0.740805
vn 0.847016 0.525110 0.082602
vn 0.137201 -0.406904 0.903109
vn 0.847016 0.525110 0.082602
vn 0.581730 -0.240413 -0.777040
vn 0.581730 -0.240413 -0.777040
vn 0.356806 -0.697612 0.621311
vn 0.137201 -0.406904 0.903109
vn 0.454806 -0.251603 -0.854311
vn 0.110506 -0.751740 0.650135
vn 0.356806 -0.697612 0.621311
vn 0.356806 -0.697612 0.621311
vn 0.581730 -0.240413 -0.777040
vn 0.454806 -0.251603 -0.854311
vn 0.654861 -0.149791 -0.740756
vn 0.616913 -0.285006 -0.733615
vn 0.454727 -0.251615 -0.854350
vn 0.847089 0.524993 0.082599
vn 0.654861 -0.149791 -0.740756
vn 0.581730 -0.240413 -0.777040
vn 0.454727 -0.251615 -0.854350
vn 0.581730 -0.240413 -0.777040
vn 0.654861 -0.149791 -0.740756
vn 0.742997 -0.616898 0.259599
vn 0.031102 -0.427127 0.903657
vn 0.186402 -0.823509 0.535806
vn 0.186402 -0.823509 0.535806
vn 0.377898 -0.836697 0.396398
vn 0.742997 -0.616898 0.259599
vn 0.210407 -0.729225 0.651122
vn 0.081303 0.071303 0.994136
vn 0.068297 0.056697 -0.996053
vn 0.068297 0.056697 -0.996053
vn 0.114302 -0.558909 -0.821313
vn 0.210407 -0.729225 0.651122
vn 0.617371 0.772664 -0.147793
vn 1.000000 0.000300 0.000100
vn 1.000000 0.000000 0.000000
vn 1.000000 0.000000 0.000000
vn 0.812706 0.455703 -0.363103
vn 0.617371 0.772664 -0.147793
vn 0.617371 0.772664 -0.147793
vn 0.319992 0.621385 -0.715183
vn 0.999993 -0.002300 0.003000
vn 0.999993 -0.002300 0.003000
vn 1.000000 0.000300 0.000100
vn 0.617371 0.772664 -0.147793
vn 1.000000 -0.000300 -0.000100
vn 0.999993 -0.002300 0.003000
vn 0.319992 0.621385 -0.715183
vn 0.319992 0.621385 -0.715183
vn 0.693001 0.521101 -0.498201
vn 1.000000 -0.000300 -0.000100
vn 0.999999 -0.000300 0.001100
vn 1.000000 0.000400 -0.000300
vn 1.000000 -0.000300 -0.000100
vn 1.000000 0.000400 -0.000300
vn 0.999999 -0.000300 0.001100
vn 1.000000 0.000600 -0.000400
vn 1.000000 0.000600 -0.000400
vn 1.000000 -0.000200 0.000300
vn 1.000000 0.000400 -0.000300
vn 1.000000 0.000000 0.000000
vn 1.000000 -0.000200 0.000300
vn 1.000000 0.000600 -0.000400
vn 1.000000 -0.000300 -0.000100
vn 0.999999 0.000100 -0.001200
vn 0.999999 -0.000300 0.001100
vn 0.999999 -0.000300 0.001100
vn 0.999999 0.000100 -0.001200
vn 1.000000 -0.000300 -0.000300
vn 1.000000 0.000600 -0.000400
vn 1.000000 -0.000300 -0.000300
vn 1.000000 0.000000 0.000000
vn 1.000000 -0.000300 -0.000300
vn 1.000000 0.000600 -0.000400
vn 0.999999 -0.000300 0.001100
vn 1.000000 0.000400 -0.000300
vn 1.000000 -0.000200 0.000300
vn 0.999999 -0.001100 0.000500
vn 0.999999 -0.001100 0.000500
vn 1.000000 -0.000200 0.000300
vn 1.000000 0.000000 0.000000
vn 1.000000 0.000000 0.000000
vn 1.000000 0.000300 0.000100
vn 0.999999 -0.001100 0.000500
vn 1.000000 0.000300 0.000100
vn 0.999993 -0.002300 0.003000
vn 1.000000 0.000000 -0.000800
vn 1.000000 0.000000 -0.000800
vn 0.999999 -0.001100 0.000500
vn 1.000000 0.000300 0.000100
vn 1.000000 0.000000 -0.000800
vn 0.999993 -0.002300 0.003000
vn 1.000000 -0.000300 -0.000100
vn 0.999999 -0.001100 0.000500
vn 1.000000 0.000000 -0.000800
vn 1.000000 0.000400 -0.000300
vn 1.000000 -0.000300 -0.000100
vn 1.000000 0.000400 -0.000300
vn 1.000000 0.000000 -0.000800
vn 0.812706 0.455703 -0.363103
vn 1.000000 0.000000 0.000000
vn 1.000000 -0.000300 0.000000
vn 1.000000 -0.000300 0.000000
vn 0.803680 0.587185 -0.096498
vn 0.812706 0.455703 -0.363103
vn 1.000000 0.000000 0.000000
vn 1.000000 -0.000300 -0.000100
vn 0.693001 0.521101 -0.498201
vn 0.693001 0.521101 -0.498201
vn 0.712581 0.680882 -0.169196
vn 1.000000 0.000000 0.000000
vn 1.000000 0.000700 -0.000300
vn 0.999999 0.000100 -0.001200
vn 1.000000 -0.000300 -0.000100
vn 1.000000 -0.000300 -0.000100
vn 1.000000 0.000000 0.000000
vn 1.000000 0.000700 -0.000300
vn 1.000000 -0.000300 -0.000300
vn 0.999999 0.000100 -0.001200
vn 1.000000 0.000700 -0.000300
vn 1.000000 0.000000 0.000000
vn 1.000000 -0.000300 -0.000300
vn 1.000000 0.000000 0.000000
vn 1.000000 0.000700 -0.000300
vn 1.000000 0.000000 0.000000
vn 1.000000 -0.000300 -0.000300
vn 1.000000 0.000000 0.000000
vn 1.000000 -0.000300 0.000000
vn 1.000000 0.000000 0.000000
vn 1.000000 0.000000 0.000000
vn 1.000000 0.000700 -0.000300
vn 1.000000 0.000000 0.000000
vn 1.000000 -0.000300 0.000000
vn 1.000000 0.000000 0.000000
vn 1.000000 0.000000 0.000000
vn 1.000000 0.000000 0.000000
vn 1.000000 0.000000 0.000000
vn 1.000000 0.000700 -0.000300
vn 1.000000 0.000700 -0.000300
vn 1.000000 0.000000 0.000000
vn 1.000000 0.000000 0.000000
vn 1.000000 0.000000 0.000000
vn 1.000000 0.000000 0.000000
vn 1.000000 0.000700 -0.000200
vn 1.000000 0.000000 0.000000
vn 1.000000 0.000700 -0.000200
vn 1.000000 0.000000 0.000000
vn 1.000000 0.000700 -0.000200
vn 1.000000 -0.000600 0.000000
vn 1.000000 0.000000 0.000000
vn 1.000000 0.000000 0.000000
vn 1.000000 -0.000600 0.000000
vn 1.000000 -0.000300 0.000000
vn 0.772841 -0.561330 0.296016
vn 0.742997 -0.616898 0.259599
vn 0.984721 -0.112402 -0.133003
vn 0.984721 -0.112402 -0.133003
vn 0.994947 -0.064903 -0.076604
vn 0.772841 -0.561330 0.296016
vn 0.984669 -0.111196 -0.134396
vn 0.984721 -0.112402 -0.133003
vn 0.742997 -0.616898 0.259599
vn 0.742997 -0.616898 0.259599
vn 0.588111 0.096402 -0.803015
vn 0.984669 -0.111196 -0.134396
vn 0.984669 -0.111196 -0.134396
vn 0.588111 0.096402 -0.803015
vn 0.598319 0.563617 -0.569518
vn 0.598319 0.563617 -0.569518
vn 0.995627 -0.061402 -0.070402
vn 0.984669 -0.111196 -0.134396
vn 0.994947 -0.064903 -0.076604
vn 0.984721 -0.112402 -0.133003
vn 0.984813 -0.111601 -0.133002
vn 0.995627 -0.061402 -0.070402
vn 0.994947 -0.064903 -0.076604
vn 0.984813 -0.111601 -0.133002
vn 0.984813 -0.111601 -0.133002
vn 0.984813 -0.111601 -0.133002
vn 0.994947 -0.064903 -0.076604
vn 0.984721 -0.112402 -0.133003
vn 0.984669 -0.111196 -0.134396
vn 0.984802 -0.111700 -0.133000
vn 0.984802 -0.111700 -0.133000
vn 0.984813 -0.111601 -0.133002
vn 0.984721 -0.112402 -0.133003
vn 0.984813 -0.111601 -0.133002
vn 0.984813 -0.111601 -0.133002
vn 0.995627 -0.061402 -0.070402
vn 0.984669 -0.111196 -0.134396
vn 0.995627 -0.061402 -0.070402
vn 0.984813 -0.111601 -0.133002
vn 0.984813 -0.111601 -0.133002
vn 0.984802 -0.111700 -0.133000
vn 0.984669 -0.111196 -0.134396
vn 0.984813 -0.111601 -0.133002
vn 0.984813 -0.111601 -0.133002
vn 0.984813 -0.111601 -0.133002
vn 0.984813 -0.111601 -0.133002
vn 0.984813 -0.111601 -0.133002
vn 0.984813 -0.111601 -0.133002
vn 0.984802 -0.111700 -0.133000
vn 0.984813 -0.111601 -0.133002
vn 0.984813 -0.111601 -0.133002
vn 0.984813 -0.111601 -0.133002
vn 0.984813 -0.111601 -0.133002
vn 0.984813 -0.111601 -0.133002
vn 0.984813 -0.111601 -0.133002
vn 0.984813 -0.111601 -0.133002
vn 0.984813 -0.111601 -0.133002
vn 0.984813 -0.111601 -0.133002
vn 0.984802 -0.111700 -0.133000
vn 0.984813 -0.111601 -0.133002
vn 0.776733 -0.606226 0.170807
vn 0.772841 -0.561330 0.296016
vn 0.994947 -0.064903 -0.076604
vn 0.994947 -0.064903 -0.076604
vn 0.999416 -0.033301 0.007700
vn 0.776733 -0.606226 0.170807
vn 0.577279 0.793071 -0.194393
vn 0.776733 -0.606226 0.170807
vn 0.999416 -0.033301 0.007700
vn 1.000000 -0.000500 -0.000900
vn 0.995627 -0.061402 -0.070402
vn 0.598319 0.563617 -0.569518
vn 0.999416 -0.033301 0.007700
vn 1.000000 -0.000500 -0.000900
vn 0.577279 0.793071 -0.194393
vn 0.598319 0.563617 -0.569518
vn 0.577279 0.793071 -0.194393
vn 1.000000 -0.000500 -0.000900
vn 0.994947 -0.064903 -0.076604
vn 0.995627 -0.061402 -0.070402
vn 0.999760 -0.010700 -0.019099
vn 0.999760 -0.010700 -0.019099
vn 0.999672 -0.025599 0.000000
vn 0.994947 -0.064903 -0.076604
vn 1.000000 -0.000500 -0.000900
vn 0.999416 -0.033301 0.007700
vn 0.999983 -0.005800 -0.000700
vn 0.999983 -0.005800 -0.000700
vn 0.999416 -0.033301 0.007700
vn 0.994947 -0.064903 -0.076604
vn 0.994947 -0.064903 -0.076604
vn 0.999672 -0.025599 0.000000
vn 0.999983 -0.005800 -0.000700
vn 0.999996 0.001300 -0.002500
vn 0.999760 -0.010700 -0.019099
vn 0.995627 -0.061402 -0.070402
vn 0.999983 -0.005800 -0.000700
vn 0.999996 0.001300 -0.002500
vn 1.000000 -0.000500 -0.000900
vn 0.995627 -0.061402 -0.070402
vn 1.000000 -0.000500 -0.000900
vn 0.999996 0.001300 -0.002500
vn 0.999760 -0.010700 -0.019099
vn 0.999996 0.001300 -0.002500
vn 1.000000 0.000000 0.000000
vn 0.999672 -0.025599 0.000000
vn 0.999760 -0.010700 -0.019099
vn 1.000000 0.000000 0.000000
vn 0.999983 -0.005800 -0.000700
vn 0.999672 -0.025599 0.000000
vn 1.000000 0.000000 0.000000
vn 0.999996 0.001300 -0.002500
vn 0.999983 -0.005800 -0.000700
vn 1.000000 0.000000 0.000000
vn 0.682908 -0.651107 -0.331204
vn 0.757997 -0.647697 -0.077000
vn 0.994769 -0.098597 0.026699
vn 0.994769 -0.098597 0.026699
vn 0.964185 -0.265196 -0.004200
vn 0.682908 -0.651107 -0.331204
vn 0.641834 -0.708737 -0.292815
vn 0.682908 -0.651107 -0.331204
vn 0.964185 -0.265196 -0.004200
vn 0.991929 0.121604 0.035901
vn 0.994769 -0.098597 0.026699
vn 0.757997 -0.647697 -0.077000
vn 0.757997 -0.647697 -0.077000
vn 0.776733 -0.606226 0.170807
vn 0.991929 0.121604 0.035901
vn 0.611114 0.765517 0.201305
vn 0.685697 0.491598 0.536798
vn 0.975112 -0.217203 -0.044501
vn 0.975112 -0.217203 -0.044501
vn 0.997551 -0.069197 -0.010199
vn 0.611114 0.765517 0.201305
vn 0.776733 -0.606226 0.170807
vn 0.577279 0.793071 -0.194393
vn 0.999335 -0.036201 -0.004400
vn 0.611114 0.765517 0.201305
vn 0.997551 -0.069197 -0.010199
vn 0.999335 -0.036201 -0.004400
vn 0.999335 -0.036201 -0.004400
vn 0.991929 0.121604 0.035901
vn 0.776733 -0.606226 0.170807
vn 0.999335 -0.036201 -0.004400
vn 0.577279 0.793071 -0.194393
vn 0.611114 0.765517 0.201305
vn 0.975112 -0.217203 -0.044501
vn 0.964185 -0.265196 -0.004200
vn 0.983608 -0.179702 0.014900
vn 0.983608 -0.179702 0.014900
vn 0.964185 -0.265196 -0.004200
vn 0.994769 -0.098597 0.026699
vn 0.997551 -0.069197 -0.010199
vn 0.975112 -0.217203 -0.044501
vn 0.983608 -0.179702 0.014900
vn 0.999335 -0.036201 -0.004400
vn 0.997551 -0.069197 -0.010199
vn 0.997546 -0.070003 0.001600
vn 0.983608 -0.179702 0.014900
vn 0.997546 -0.070003 0.001600
vn 0.997551 -0.069197 -0.010199
vn 0.994769 -0.098597 0.026699
vn 0.997546 -0.070003 0.001600
vn 0.983608 -0.179702 0.014900
vn 0.997546 -0.070003 0.001600
vn 0.997666 -0.061198 -0.030299
vn 0.999335 -0.036201 -0.004400
vn 0.997666 -0.061198 -0.030299
vn 0.997546 -0.070003 0.001600
vn 0.994769 -0.098597 0.026699
vn 0.991929 0.121604 0.035901
vn 0.999335 -0.036201 -0.004400
vn 0.997666 -0.061198 -0.030299
vn 0.994769 -0.098597 0.026699
vn 0.991929 0.121604 0.035901
vn 0.997666 -0.061198 -0.030299
vn 1.000000 0.000000 0.000000
vn 0.712581 0.680882 -0.169196
vn 0.766411 0.642310 -0.007200
vn 0.766411 0.642310 -0.007200
vn 0.712792 0.676592 0.184798
vn 1.000000 0.000000 0.000000
vn 0.766411 0.642310 -0.007200
vn 1.000000 0.000000 0.000000
vn 1.000000 0.000000 0.000000
vn 1.000000 0.000000 0.000000
vn 1.000000 0.000000 0.000000
vn 0.766411 0.642310 -0.007200
vn 1.000000 0.000700 -0.000200
vn 1.000000 0.000000 0.000000
vn 1.000000 0.000000 0.000000
vn 0.803680 0.587185 -0.096498
vn 1.000000 -0.000300 0.000000
vn 1.000000 -0.000500 -0.000100
vn 1.000000 -0.000500 -0.000100
vn 0.775687 0.598290 0.200897
vn 0.803680 0.587185 -0.096498
vn 1.000000 0.000000 0.000000
vn 1.000000 0.000600 0.000000
vn 1.000000 0.000700 -0.000200
vn 1.000000 0.000700 -0.000200
vn 1.000000 0.000600 0.000000
vn 1.000000 0.000000 0.000000
vn 1.000000 0.000000 0.000000
vn 1.000000 -0.000600 0.000000
vn 1.000000 0.000700 -0.000200
vn 1.000000 0.000500 0.000100
vn 1.000000 0.000600 0.000000
vn 1.000000 0.000000 0.000000
vn 1.000000 0.000000 0.000000
vn 1.000000 0.000600 0.000000
vn 1.000000 0.000500 0.000100
vn 1.000000 0.000000 0.000000
vn 1.000000 0.000000 0.000000
vn 1.000000 0.000500 0.000100
vn 1.000000 0.000500 0.000100
vn 1.000000 -0.000300 -0.000100
vn 1.000000 0.000000 0.000000
vn 1.000000 -0.000300 0.000000
vn 1.000000 -0.000600 0.000000
vn 1.000000 -0.000300 -0.000100
vn 1.000000 -0.000300 -0.000100
vn 1.000000 -0.000500 -0.000100
vn 1.000000 -0.000300 0.000000
vn 1.000000 -0.000600 0.000000
vn 1.000000 0.000000 0.000000
vn 1.000000 -0.000300 -0.000100
vn 0.999469 -0.031699 0.007600
vn 0.703716 0.517211 0.487111
vn 0.795585 0.411992 0.444192
vn 0.737288 0.598490 0.313395
vn 0.703716 0.517211 0.487111
vn 0.999469 -0.031699 0.007600
vn 0.999469 -0.031699 0.007600
vn 1.000000 0.000000 0.000000
vn 0.737288 0.598490 0.313395
vn 0.712792 0.676592 0.184798
vn 0.737288 0.598490 0.313395
vn 1.000000 0.000000 0.000000
vn 1.000000 0.000000 0.000000
vn 1.000000 0.000000 0.000000
vn 0.712792 0.676592 0.184798
vn 0.795585 0.411992 0.444192
vn 0.979842 -0.188308 0.066703
vn 0.999469 -0.031699 0.007600
vn 0.979842 -0.188308 0.066703
vn 0.795585 0.411992 0.444192
vn 0.775687 0.598290 0.200897
vn 0.775687 0.598290 0.200897
vn 1.000000 -0.000500 -0.000100
vn 0.979842 -0.188308 0.066703
vn 1.000000 0.000000 0.000000
vn 1.000000 -0.000300 -0.000100
vn 1.000000 0.000500 0.000100
vn 1.000000 0.000300 0.000100
vn 1.000000 0.000500 0.000100
vn 1.000000 0.000000 0.000000
vn 1.000000 0.000500 0.000100
vn 1.000000 0.000300 0.000100
vn 1.000000 0.000000 0.000000
vn 1.000000 0.000000 0.000000
vn 1.000000 0.000000 0.000000
vn 1.000000 0.000300 0.000100
vn 1.000000 0.000000 0.000000
vn 0.999469 -0.031699 0.007600
vn 1.000000 0.000100 0.000500
vn 1.000000 0.000100 0.000500
vn 0.999469 -0.031699 0.007600
vn 0.979842 -0.188308 0.066703
vn 1.000000 0.000100 0.000500
vn 1.000000 0.000300 0.000100
vn 1.000000 0.000000 0.000000
vn 1.000000 0.000000 0.000000
vn 1.000000 0.000300 0.000100
vn 1.000000 0.000100 0.000500
vn 0.979842 -0.188308 0.066703
vn 1.000000 -0.000300 0.000000
vn 1.000000 0.000100 0.000500
vn 1.000000 -0.000300 -0.000100
vn 1.000000 0.000000 0.000000
vn 1.000000 -0.000300 0.000000
vn 1.000000 -0.000300 0.000000
vn 0.979842 -0.188308 0.066703
vn 1.000000 -0.000500 -0.000100
vn 1.000000 0.000100 0.000500
vn 1.000000 -0.000300 0.000000
vn 1.000000 0.000000 0.000000
vn 1.000000 -0.000500 -0.000100
vn 1.000000 -0.000300 -0.000100
vn 1.000000 -0.000300 0.000000
vn 0.378898 0.590097 0.712897
vn 0.907888 -0.171798 -0.382395
vn 0.967502 -0.250500 -0.034500
vn 0.967502 -0.250500 -0.034500
vn 0.975112 -0.217203 -0.044501
vn 0.685697 0.491598 0.536798
vn 0.685697 0.491598 0.536798
vn 0.378898 0.590097 0.712897
vn 0.967502 -0.250500 -0.034500
vn 0.964185 -0.265196 -0.004200
vn 0.966797 -0.252999 -0.036000
vn 0.641834 -0.708737 -0.292815
vn 0.966797 -0.252999 -0.036000
vn 0.967502 -0.250500 -0.034500
vn 0.907888 -0.171798 -0.382395
vn 0.907888 -0.171798 -0.382395
vn 0.641834 -0.708737 -0.292815
vn 0.966797 -0.252999 -0.036000
vn 0.967478 -0.250494 -0.035199
vn 0.964185 -0.265196 -0.004200
vn 0.975112 -0.217203 -0.044501
vn 0.975112 -0.217203 -0.044501
vn 0.967478 -0.250494 -0.035199
vn 0.967478 -0.250494 -0.035199
vn 0.975112 -0.217203 -0.044501
vn 0.967502 -0.250500 -0.034500
vn 0.967416 -0.250804 -0.034701
vn 0.967416 -0.250804 -0.034701
vn 0.967478 -0.250494 -0.035199
vn 0.975112 -0.217203 -0.044501
vn 0.967502 -0.250500 -0.034500
vn 0.966797 -0.252999 -0.036000
vn 0.966939 -0.252510 -0.035601
vn 0.966939 -0.252510 -0.035601
vn 0.967416 -0.250804 -0.034701
vn 0.967502 -0.250500 -0.034500
vn 0.964185 -0.265196 -0.004200
vn 0.967478 -0.250494 -0.035199
vn 0.966939 -0.252510 -0.035601
vn 0.966939 -0.252510 -0.035601
vn 0.966797 -0.252999 -0.036000
vn 0.964185 -0.265196 -0.004200
vn 0.967478 -0.250494 -0.035199
vn 0.967478 -0.250494 -0.035199
vn 0.967478 -0.250494 -0.035199
vn 0.966939 -0.252510 -0.035601
vn 0.967478 -0.250494 -0.035199
vn 0.967478 -0.250494 -0.035199
vn 0.967478 -0.250494 -0.035199
vn 0.967416 -0.250804 -0.034701
vn 0.967478 -0.250494 -0.035199
vn 0.967416 -0.250804 -0.034701
vn 0.966939 -0.252510 -0.035601
vn 0.967478 -0.250494 -0.035199
vn 0.456707 -0.002800 -0.889613
vn 0.753708 -0.571906 -0.323803
vn -0.145000 -0.532999 -0.833599
vn 0.714102 0.602702 0.356101
vn 0.939890 0.335596 0.063099
vn 0.774797 0.357099 0.521698
vn 0.774797 0.357099 0.521698
vn 0.654500 -0.218500 0.723800
vn 0.714102 0.602702 0.356101
vn 0.644229 -0.027601 -0.764334
vn 0.714128 0.602723 0.356014
vn 0.654486 -0.218595 0.723785
vn 0.654486 -0.218595 0.723785
vn 0.512908 -0.828513 -0.224704
vn 0.644229 -0.027601 -0.764334
vn 0.313811 -0.074803 -0.946534
vn 0.267397 0.027700 -0.963188
vn 0.644180 -0.027599 -0.764376
vn -0.145000 -0.532999 -0.833599
vn 0.313811 -0.074803 -0.946534
vn 0.644180 -0.027599 -0.764376
vn 0.611906 0.790608 -0.022600
vn 0.456786 -0.002900 -0.889572
vn -0.145200 -0.533100 -0.833500
vn -0.145200 -0.533100 -0.833500
vn 0.774797 0.357099 0.521698
vn 0.611906 0.790608 -0.022600
vn 0.654486 -0.218595 0.723785
vn 0.774797 0.357099 0.521698
vn -0.145196 -0.532984 -0.833575
vn -0.145196 -0.532984 -0.833575
vn 0.512982 -0.828470 -0.224692
vn 0.654486 -0.218595 0.723785
vn 0.165207 0.743832 0.647627
vn 0.095698 0.750781 0.653583
vn 0.081303 0.071303 0.994136
vn 0.081303 0.071303 0.994136
vn -0.002100 0.435816 0.900033
vn 0.165207 0.743832 0.647627
vn -0.183796 0.090598 0.978780
vn -0.116499 -0.001200 0.993190
vn 0.110605 -0.751732 0.650128
vn 0.110605 -0.751732 0.650128
vn 0.084398 -0.803579 0.589184
vn -0.183796 0.090598 0.978780
vn 0.356806 -0.697612 0.621311
vn 0.110605 -0.751732 0.650128
vn -0.116499 -0.001200 0.993190
vn 0.768858 0.209089 0.604267
vn 0.611907 0.790609 -0.022500
vn 0.774797 0.357099 0.521698
vn 0.243400 -0.969901 -0.006900
vn -0.132597 -0.720286 -0.680887
vn -0.145000 -0.532999 -0.833599
vn -0.145000 -0.532999 -0.833599
vn 0.753708 -0.571906 -0.323803
vn 0.243400 -0.969901 -0.006900
vn 0.644180 -0.027599 -0.764376
vn 0.512908 -0.828513 -0.224704
vn -0.145000 -0.532999 -0.833599
vn 0.714102 0.602702 0.356101
vn 0.545082 0.838172 0.018799
vn 0.939890 0.335596 0.063099
vn 0.216012 -0.731840 0.646335
vn 0.210407 -0.729225 0.651122
vn 0.114302 -0.558909 -0.821313
vn 0.065798 -0.517287 -0.853279
vn 0.022100 -0.306805 -0.951516
vn 0.194095 -0.263694 0.944877
vn 0.114302 -0.558909 -0.821313
vn 0.065798 -0.517287 -0.853279
vn 0.216012 -0.731840 0.646335
vn 0.194095 -0.263694 0.944877
vn 0.216012 -0.731840 0.646335
vn 0.065798 -0.517287 -0.853279
vn 0.065699 -0.517291 -0.853284
vn -0.031200 0.458995 -0.887891
vn 0.045998 -0.497981 -0.865967
vn 0.065699 -0.517291 -0.853284
vn 0.114302 -0.558909 -0.821313
vn -0.031200 0.458995 -0.887891
vn 0.045998 -0.497981 -0.865967
vn 0.022100 -0.306805 -0.951516
vn 0.065699 -0.517291 -0.853284
vn 0.186402 -0.823509 0.535806
vn 0.031102 -0.427127 0.903657
vn 0.216107 -0.731824 0.646321
vn 0.031102 -0.427127 0.903657
vn 0.210407 -0.729225 0.651122
vn 0.216107 -0.731824 0.646321
vn 0.216107 -0.731824 0.646321
vn 0.194095 -0.263694 0.944877
vn 0.186402 -0.823509 0.535806
vn 0.453408 -0.282305 -0.845414
vn 0.026700 0.445694 -0.894787
vn 0.050201 -0.004400 -0.998729
vn 0.453408 -0.282305 -0.845414
vn 0.050201 -0.004400 -0.998729
vn 0.463104 -0.421603 -0.779606
vn 0.453408 -0.282305 -0.845414
vn 0.582295 0.030800 -0.812394
vn 0.026700 0.445694 -0.894787
vn 0.582295 0.030800 -0.812394
vn 0.210908 0.685326 -0.697027
vn 0.026700 0.445694 -0.894787
vn -0.667591 0.478394 -0.570492
vn -0.806861 0.557773 -0.194590
vn 0.729721 0.642818 -0.233007
vn 0.729721 0.642818 -0.233007
vn 0.575497 0.542798 -0.611697
vn -0.667591 0.478394 -0.570492
vn -0.301213 0.609626 -0.733231
vn -0.667591 0.478394 -0.570492
vn 0.575497 0.542798 -0.611697
vn 0.575497 0.542798 -0.611697
vn 0.175109 0.625233 -0.760540
vn -0.301213 0.609626 -0.733231
vn -0.806861 0.557773 -0.194590
vn -0.715613 0.655012 0.242604
vn 0.625675 0.745870 0.228491
vn 0.625675 0.745870 0.228491
vn 0.729721 0.642818 -0.233007
vn -0.806861 0.557773 -0.194590
vn 0.212303 0.805811 0.552808
vn 0.625675 0.745870 0.228491
vn -0.715613 0.655012 0.242604
vn -0.715613 0.655012 0.242604
vn -0.333892 0.761982 0.554887
vn 0.212303 0.805811 0.552808
vn -0.300095 -0.879986 -0.368194
vn -0.707203 -0.645603 -0.288201
vn 0.582123 -0.681227 -0.443918
vn 0.582123 -0.681227 -0.443918
vn 0.186306 -0.857528 -0.479516
vn -0.300095 -0.879986 -0.368194
vn 0.728902 -0.357601 -0.583801
vn 0.582123 -0.681227 -0.443918
vn -0.707203 -0.645603 -0.288201
vn -0.707203 -0.645603 -0.288201
vn -0.876676 -0.230094 -0.422488
vn 0.728902 -0.357601 -0.583801
vn 0.728902 -0.357601 -0.583801
vn -0.876676 -0.230094 -0.422488
vn -0.746105 0.106201 -0.657304
vn -0.746105 0.106201 -0.657304
vn 0.605331 -0.007200 -0.795941
vn 0.728902 -0.357601 -0.583801
vn 0.605331 -0.007200 -0.795941
vn -0.746105 0.106201 -0.657304
vn -0.379214 0.327712 -0.865333
vn -0.379214 0.327712 -0.865333
vn 0.156794 0.269090 -0.950266
vn 0.605331 -0.007200 -0.795941
vn -0.056109 -0.484414 -0.873038
vn -0.051764 -0.501026 -0.863883
vn -0.007412 -0.616967 -0.786954
vn -0.009798 -0.612298 -0.790566
vn -0.021390 -0.710957 -0.702911
vn -0.023618 -0.703538 -0.710265
vn -0.025986 -0.584280 -0.811136
vn -0.028987 -0.602786 -0.797377
vn -0.004344 -0.662715 -0.748859
vn -0.003287 -0.664392 -0.747377
vn 0.005882 -0.662245 -0.749264
vn 0.005183 -0.664649 -0.747138
vn -0.003529 -0.645051 -0.764132
vn -0.004789 -0.646577 -0.762834
vn -0.000772 -0.662897 -0.748710
vn -0.003197 -0.661216 -0.750189
vn -0.006329 -0.875709 -0.482797
vn -0.005206 -0.877833 -0.478938
vn 0.003445 -0.897304 -0.441401
vn 0.003536 -0.897090 -0.441835
vn 0.000782 -0.899156 -0.437627
vn 0.000413 -0.899000 -0.437948
vn 0.010002 -0.888175 -0.459397
vn 0.010409 -0.887846 -0.460023
vn 0.001487 -0.999555 -0.029791
vn 0.001546 -0.999583 -0.028834
vn 0.003331 -0.999995 -0.000056
vn 0.003331 -0.999994 -0.000058
vn 0.027033 -0.623008 -0.781748
vn 0.025791 -0.671037 -0.740975
vn 0.032875 -0.961742 -0.271978
vn 0.032657 -0.960021 -0.278015
vn -0.000318 -0.999566 0.029470
vn -0.000339 -0.999568 0.029383
vn -0.000871 -0.999628 0.027254
vn -0.000871 -0.999628 0.027254
vn -0.005278 -0.968931 0.247276
vn -0.004424 -0.969292 0.245875
vn -0.001794 -0.981066 0.193664
vn -0.001291 -0.980829 0.194868
vn -0.033826 -0.966171 0.255675
vn -0.032319 -0.972243 0.231731
vn -0.031165 -0.898858 0.437131
vn -0.027528 -0.890832 0.453498
vn -0.052857 -0.611249 0.789671
vn -0.051422 -0.618579 0.784038
vn -0.040010 -0.547915 0.835577
vn -0.037620 -0.543783 0.838382
vn -0.013710 -0.259131 0.965745
vn -0.014738 -0.245231 0.969353
vn -0.007166 -0.310933 0.950405
vn -0.004833 -0.321455 0.946913
vn -0.031875 -0.403037 0.914628
vn -0.033322 -0.388914 0.920672
vn -0.019751 -0.467331 0.883862
vn -0.015556 -0.480879 0.876649
vn -0.007930 -0.192242 0.981316
vn -0.007165 -0.192483 0.981274
vn -0.008519 -0.207554 0.978186
vn -0.008119 -0.213120 0.976992
vn -0.009712 -0.084226 0.996399
vn -0.010506 -0.086675 0.996181
vn -0.001719 -0.078575 0.996907
vn 0.000622 -0.080212 0.996778
vn -0.016375 0.103408 0.994504
vn -0.015130 0.104876 0.994370
vn -0.034556 0.061821 0.997489
vn -0.036576 0.056372 0.997740
vn -0.018162 0.339763 0.940336
vn -0.020163 0.341630 0.939618
vn -0.007127 0.333435 0.942746
vn -0.004993 0.333423 0.942764
vn -0.017839 0.549272 0.835453
vn -0.016309 0.545786 0.837766
vn -0.035166 0.599460 0.799632
vn -0.035645 0.600961 0.798483
vn -0.013644 0.694768 0.719105
vn -0.014551 0.696013 0.717882
vn -0.010342 0.686940 0.726640
vn -0.010759 0.686163 0.727368
vn -0.011330 0.825280 0.564610
vn -0.010646 0.823908 0.566624
vn -0.022091 0.843697 0.536365
vn -0.022083 0.843685 0.536383
vn -0.003894 0.919360 0.393398
vn -0.004522 0.920311 0.391163
vn -0.002835 0.901018 0.433772
vn -0.004120 0.898854 0.438229
vn 0.005103 0.981755 0.190082
vn 0.005368 0.981629 0.190727
vn -0.009938 0.989082 0.147028
vn -0.009666 0.988930 0.148069
vn 0.009424 0.999180 -0.039382
vn 0.009798 0.999180 -0.039272
vn 0.017230 0.999802 -0.009942
vn 0.017604 0.999781 -0.011360
vn -0.000380 0.963364 -0.268196
vn -0.000750 0.963653 -0.267155
vn -0.011983 0.973432 -0.228664
vn -0.011965 0.973473 -0.228489
vn -0.019995 0.920212 -0.390910
vn -0.019575 0.919510 -0.392580
vn -0.001419 0.882774 -0.469795
vn -0.002487 0.885355 -0.464908
vn -0.040076 0.864605 -0.500851
vn -0.040575 0.865925 -0.498525
vn -0.029564 0.895557 -0.443963
vn -0.030441 0.895004 -0.445019
vn -0.059539 0.777008 -0.626669
vn -0.059163 0.775410 -0.628680
vn -0.043571 0.735671 -0.675937
vn -0.044911 0.738297 -0.672979
vn -0.065783 0.557774 -0.827382
vn -0.065332 0.554177 -0.829831
vn -0.030325 0.502292 -0.864166
vn -0.034818 0.506475 -0.861552
vn -0.058285 0.322264 -0.944854
vn -0.055967 0.319569 -0.945909
vn -0.021877 0.294293 -0.955465
vn -0.026478 0.296991 -0.954513
vn -0.064220 0.052410 -0.996559
vn -0.067326 0.049748 -0.996490
vn -0.054113 0.031171 -0.998048
vn -0.060769 0.033595 -0.997586
vn -0.000420 0.224052 0.974577
vn -0.000420 0.224052 0.974577
vn -0.000420 0.224052 0.974577
vn -0.000420 0.224052 0.974577
vn -0.000456 0.222196 0.975002
vn -0.000456 0.222196 0.975002
vn -0.000456 0.222196 0.975002
vn -0.000456 0.222196 0.975002
vn -0.000340 0.623022 0.782204
vn -0.000340 0.623022 0.782204
vn -0.000340 0.623023 0.782204
vn -0.000340 0.623023 0.782204
vn -0.000320 0.623841 0.781552
vn -0.000320 0.623841 0.781551
vn -0.000320 0.623841 0.781551
vn -0.000320 0.623841 0.781551
vn -0.000006 0.901561 0.432652
vn -0.000006 0.901561 0.432652
vn -0.000006 0.901561 0.432652
vn -0.000006 0.901561 0.432652
vn -0.000028 0.901080 0.433653
vn -0.000028 0.901080 0.433653
vn -0.000028 0.901080 0.433653
vn -0.000028 0.901080 0.433653
vn 0.000448 0.999998 0.002146
vn 0.000448 0.999998 0.002146
vn 0.000448 0.999998 0.002146
vn 0.000448 0.999998 0.002146
vn 0.000491 1.000000 -0.000006
vn 0.000491 1.000000 -0.000006
vn 0.000491 1.000000 -0.000006
vn 0.000491 1.000000 -0.000006
vn 0.001031 0.901924 -0.431893
vn 0.001031 0.901924 -0.431893
vn 0.001031 0.901924 -0.431893
vn 0.001031 0.901924 -0.431893
vn 0.001109 0.900252 -0.435368
vn 0.001109 0.900252 -0.435368
vn 0.001109 0.900252 -0.435368
vn 0.001109 0.900252 -0.435368
vn 0.001595 0.623221 -0.782044
vn 0.001595 0.623221 -0.782044
vn 0.001595 0.623221 -0.782044
vn 0.001595 0.623221 -0.782044
vn 0.001584 0.623642 -0.781708
vn 0.001584 0.623642 -0.781708
vn 0.001584 0.623642 -0.781708
vn 0.001584 0.623642 -0.781708
vn 0.001908 0.223354 -0.974736
vn 0.001908 0.223354 -0.974736
vn 0.001908 0.223353 -0.974736
vn 0.001908 0.223353 -0.974736
vn 0.001913 0.223130 -0.974787
vn 0.001913 0.223130 -0.974787
vn 0.001913 0.223130 -0.974787
vn 0.001913 0.223130 -0.974787
vn 0.001999 -0.223349 -0.974737
vn 0.001999 -0.223349 -0.974737
vn 0.001999 -0.223350 -0.974736
vn 0.001999 -0.223350 -0.974736
vn 0.001956 -0.221082 -0.975253
vn 0.001956 -0.221082 -0.975253
vn 0.001955 -0.221083 -0.975253
vn 0.001955 -0.221083 -0.975253
vn 0.001806 -0.625214 -0.780451
vn 0.001806 -0.625214 -0.780451
vn 0.001806 -0.625214 -0.780451
vn 0.001806 -0.625214 -0.780451
vn 0.001762 -0.623338 -0.781951
vn 0.001762 -0.623338 -0.781951
vn 0.001762 -0.623338 -0.781951
vn 0.001762 -0.623338 -0.781951
vn 0.001394 -0.900778 -0.434277
vn 0.001394 -0.900778 -0.434277
vn 0.001394 -0.900778 -0.434277
vn 0.001394 -0.900778 -0.434277
vn 0.001420 -0.901403 -0.432978
vn 0.001420 -0.901403 -0.432978
vn 0.001420 -0.901404 -0.432978
vn 0.001420 -0.901403 -0.432978
vn 0.000922 -0.999999 -0.001076
vn 0.000922 -0.999999 -0.001076
vn 0.000922 -0.999999 -0.001077
vn 0.000922 -0.999999 -0.001077
vn 0.000960 -0.999999 0.001083
vn 0.000960 -0.999999 0.001083
vn 0.000960 -0.999999 0.001083
vn 0.000960 -0.999999 0.001083
vn 0.000458 -0.900754 0.434329
vn 0.000458 -0.900754 0.434329
vn 0.000458 -0.900754 0.434329
vn 0.000458 -0.900754 0.434329
vn 0.000440 -0.901179 0.433447
vn 0.000440 -0.901179 0.433447
vn 0.000440 -0.901179 0.433447
vn 0.000440 -0.901179 0.433447
vn -0.000013 -0.623252 0.782021
vn -0.000013 -0.623252 0.782021
vn -0.000013 -0.623252 0.782021
vn -0.000013 -0.623252 0.782021
vn -0.000017 -0.623426 0.781882
vn -0.000017 -0.623426 0.781882
vn -0.000017 -0.623426 0.781882
vn -0.000017 -0.623426 0.781882
vn -0.000322 -0.223182 0.974777
vn -0.000322 -0.223182 0.974777
vn -0.000322 -0.223182 0.974777
vn -0.000322 -0.223182 0.974777
vn -0.000333 -0.223779 0.974640
vn -0.000333 -0.223779 0.974640
vn -0.000333 -0.223779 0.974640
vn -0.000333 -0.223779 0.974640
vn -0.000322 -0.223184 0.974776
vn -0.000322 -0.223184 0.974776
vn -0.000322 -0.223183 0.974777
vn -0.000322 -0.223183 0.974777
vn -0.040422 -0.306751 -0.950931
vn -0.037097 -0.318962 -0.947041
vn -0.056314 -0.385679 -0.920913
vn -0.049779 -0.374773 -0.925779
vn 0.002593 -0.577707 -0.816240
vn 0.001517 -0.591421 -0.806362
vn -0.005830 -0.636655 -0.771127
vn -0.004482 -0.631155 -0.775643
vn 0.017937 -0.802545 -0.596321
vn 0.016384 -0.805040 -0.592994
vn -0.001245 -0.835726 -0.549146
vn 0.001139 -0.831650 -0.555298
vn 0.013749 -0.959715 -0.280639
vn 0.019130 -0.963670 -0.266409
vn 0.017661 -0.987792 -0.154773
vn 0.015319 -0.989640 -0.142750
vn 0.004967 -0.995208 0.097659
vn 0.004970 -0.995208 0.097656
vn 0.010026 -0.998107 0.060675
vn 0.009021 -0.998294 0.057691
vn -0.006743 -0.913906 0.405871
vn -0.006509 -0.911408 0.411452
vn -0.014419 -0.944983 0.326802
vn -0.015312 -0.947683 0.318846
vn -0.009546 -0.673738 0.738908
vn -0.007421 -0.671857 0.740644
vn -0.026608 -0.665166 0.746221
vn -0.033274 -0.659138 0.751286
vn 0.003554 -0.206039 0.978537
vn 0.003247 -0.206956 0.978345
vn 0.000049 -0.199606 0.979876
vn -0.001750 -0.197339 0.980334
vn 0.003634 0.101088 0.994871
vn 0.002117 0.100065 0.994979
vn -0.000955 0.106018 0.994364
vn -0.003724 0.107548 0.994193
vn -0.003292 0.525887 0.850548
vn -0.000807 0.524314 0.851524
vn -0.008897 0.530219 0.847814
vn -0.009404 0.530912 0.847375
vn -0.005078 0.798113 0.602487
vn -0.002172 0.796314 0.604880
vn -0.009748 0.807987 0.589120
vn -0.008912 0.809933 0.586455
vn 0.002291 0.954911 0.296885
vn 0.003242 0.953747 0.300594
vn 0.006748 0.968076 0.250566
vn 0.007499 0.968732 0.247998
vn 0.011931 0.943851 -0.330155
vn 0.012442 0.943611 -0.330821
vn 0.014211 0.947863 -0.318361
vn 0.014480 0.947212 -0.320282
vn -0.011062 0.757180 -0.653113
vn -0.012030 0.762998 -0.646289
vn -0.024898 0.818051 -0.574607
vn -0.023887 0.814479 -0.579701
vn -0.046045 0.545353 -0.836941
vn -0.043931 0.554822 -0.830808
vn -0.055411 0.579676 -0.812961
vn -0.052346 0.579636 -0.813192
vn -0.052126 0.367581 -0.928530
vn -0.046591 0.362736 -0.930727
vn -0.056519 0.342664 -0.937757
vn -0.052112 0.344880 -0.937199
vn -0.000456 0.222196 0.975002
vn -0.000456 0.222196 0.975002
vn -0.000456 0.222196 0.975002
vn -0.000456 0.222196 0.975002
vn -0.000340 0.623022 0.782204
vn -0.000340 0.623022 0.782204
vn -0.000340 0.623022 0.782204
vn -0.000340 0.623022 0.782204
vn -0.000028 0.901080 0.433652
vn -0.000028 0.901080 0.433652
vn -0.000028 0.901080 0.433652
vn -0.000028 0.901080 0.433652
vn 0.000491 1.000000 -0.000006
vn 0.000491 1.000000 -0.000006
vn 0.000491 1.000000 -0.000006
vn 0.000491 1.000000 -0.000006
vn 0.001109 0.900252 -0.435368
vn 0.001109 0.900252 -0.435368
vn 0.001109 0.900252 -0.435368
vn 0.001109 0.900252 -0.435368
vn 0.001595 0.623221 -0.782044
vn 0.001595 0.623221 -0.782044
vn 0.001595 0.623221 -0.782044
vn 0.001595 0.623221 -0.782044
vn 0.001913 0.223131 -0.974787
vn 0.001913 0.223131 -0.974787
vn 0.001913 0.223131 -0.974787
vn 0.001913 0.223131 -0.974787
vn 0.001955 -0.221082 -0.975253
vn 0.001955 -0.221082 -0.975253
vn 0.001956 -0.221082 -0.975253
vn 0.001956 -0.221082 -0.975253
vn 0.001762 -0.623338 -0.781951
vn 0.001762 -0.623338 -0.781951
vn 0.001762 -0.623337 -0.781951
vn 0.001762 -0.623337 -0.781951
vn 0.001394 -0.900778 -0.434277
vn 0.001394 -0.900778 -0.434277
vn 0.001394 -0.900778 -0.434277
vn 0.001394 -0.900778 -0.434277
vn 0.000960 -0.999999 0.001083
vn 0.000960 -0.999999 0.001083
vn 0.000960 -0.999999 0.001083
vn 0.000960 -0.999999 0.001083
vn 0.000458 -0.900754 0.434329
vn 0.000458 -0.900754 0.434329
vn 0.000458 -0.900754 0.434329
vn 0.000458 -0.900754 0.434329
vn -0.000017 -0.623426 0.781882
vn -0.000017 -0.623426 0.781882
vn -0.000017 -0.623426 0.781883
vn -0.000017 -0.623426 0.781882
vn -0.000322 -0.223181 0.974777
vn -0.000322 -0.223181 0.974777
vn -0.000322 -0.223181 0.974777
vn -0.000322 -0.223181 0.974777
vn -0.000322 -0.223184 0.974776
vn -0.000322 -0.223184 0.974776
vn -0.000322 -0.223184 0.974776
vn -0.000322 -0.223184 0.974776
vn -0.020618 -0.463613 -0.885798
vn -0.022729 -0.434188 -0.900536
vn -0.007527 -0.291130 -0.956654
vn -0.014911 -0.326075 -0.945226
vn 0.011594 -0.654857 -0.755663
vn 0.013667 -0.646842 -0.762502
vn 0.006374 -0.621620 -0.783293
vn 0.011095 -0.627542 -0.778503
vn 0.016898 -0.877324 -0.479601
vn 0.014108 -0.876838 -0.480579
vn -0.004789 -0.888819 -0.458234
vn 0.000165 -0.884329 -0.466864
vn 0.011695 -0.991845 -0.126909
vn 0.005137 -0.993210 -0.116225
vn -0.012622 -0.996375 -0.084129
vn -0.012802 -0.996336 -0.084557
vn -0.008321 -0.840486 0.541770
vn -0.010049 -0.846051 0.533007
vn 0.005477 -0.837593 0.546267
vn 0.010567 -0.843118 0.537625
vn 0.001435 -0.352888 0.935665
vn 0.000914 -0.349268 0.937023
vn 0.007676 -0.359814 0.932992
vn 0.012791 -0.360282 0.932756
vn -0.003719 -0.519566 0.854422
vn -0.004951 -0.515277 0.857009
vn 0.004249 -0.529286 0.848433
vn 0.009135 -0.531354 0.847101
vn 0.003036 -0.088654 0.996058
vn 0.004226 -0.086778 0.996219
vn 0.007588 -0.105828 0.994355
vn 0.014262 -0.120767 0.992578
vn 0.000442 0.330079 0.943953
vn 0.000037 0.331404 0.943489
vn 0.011358 0.313159 0.949633
vn 0.019532 0.301229 0.953352
vn -0.002021 0.678809 0.734312
vn -0.005172 0.680584 0.732651
vn 0.014326 0.670648 0.741637
vn 0.019506 0.668262 0.743670
vn -0.000698 0.883608 0.468227
vn -0.002783 0.885234 0.465138
vn 0.014110 0.874951 0.484006
vn 0.017170 0.873598 0.486345
vn 0.009995 0.999072 0.041903
vn 0.010062 0.999161 0.039701
vn 0.022441 0.996009 0.086389
vn 0.025108 0.995596 0.090327
vn 0.004950 0.854790 -0.518951
vn 0.004591 0.852085 -0.523384
vn 0.013294 0.836021 -0.548536
vn 0.013337 0.835993 -0.548578
vn -0.030382 0.692533 -0.720746
vn -0.029927 0.689196 -0.723957
vn -0.006911 0.641590 -0.767017
vn -0.009713 0.645049 -0.764080
vn -0.044084 0.063851 -0.996985
vn -0.049298 0.084950 -0.995165
vn -0.035792 0.193711 -0.980406
vn -0.047186 0.164485 -0.985250
vn -0.000420 0.224052 0.974577
vn -0.000420 0.224052 0.974577
vn -0.000420 0.224052 0.974577
vn -0.000420 0.224052 0.974577
vn -0.000320 0.623841 0.781551
vn -0.000320 0.623841 0.781551
vn -0.000320 0.623841 0.781551
vn -0.000320 0.623841 0.781551
vn -0.000006 0.901561 0.432652
vn -0.000006 0.901561 0.432652
vn -0.000006 0.901561 0.432653
vn -0.000006 0.901561 0.432653
vn 0.000448 0.999998 0.002147
vn 0.000448 0.999998 0.002147
vn 0.000448 0.999998 0.002147
vn 0.000448 0.999998 0.002147
vn 0.001031 0.901924 -0.431893
vn 0.001031 0.901924 -0.431893
vn 0.004744 0.888416 -0.459015
vn 0.004080 0.890892 -0.454197
vn 0.001584 0.623642 -0.781708
vn 0.001584 0.623643 -0.781708
vn 0.027456 0.602555 -0.797605
vn 0.018332 0.610090 -0.792120
vn 0.001908 0.223353 -0.974736
vn 0.001908 0.223353 -0.974736
vn 0.006814 0.256571 -0.966501
vn 0.004584 0.241504 -0.970389
vn 0.001999 -0.223350 -0.974736
vn 0.001999 -0.223350 -0.974736
vn 0.001999 -0.223348 -0.974737
vn 0.001999 -0.223349 -0.974737
vn 0.001806 -0.625214 -0.780451
vn 0.001806 -0.625214 -0.780451
vn 0.001806 -0.625214 -0.780451
vn 0.001806 -0.625214 -0.780451
vn 0.001420 -0.901404 -0.432977
vn 0.001420 -0.901404 -0.432977
vn 0.001420 -0.901404 -0.432977
vn 0.001420 -0.901404 -0.432977
vn 0.000922 -0.999999 -0.001077
vn 0.000922 -0.999999 -0.001077
vn 0.000922 -0.999999 -0.001077
vn 0.000922 -0.999999 -0.001077
vn 0.000440 -0.901179 0.433447
vn 0.000440 -0.901179 0.433447
vn 0.000440 -0.901179 0.433447
vn 0.000440 -0.901179 0.433447
vn -0.000013 -0.623252 0.782021
vn -0.000013 -0.623252 0.782021
vn -0.000013 -0.623252 0.782021
vn -0.000013 -0.623252 0.782021
vn -0.000333 -0.223779 0.974640
vn -0.000333 -0.223779 0.974640
vn -0.000333 -0.223779 0.974640
vn -0.000333 -0.223779 0.974640
vn -0.006349 -0.234203 -0.972167
vn -0.012507 -0.240779 -0.970499
vn -0.039201 -0.268317 -0.962533
vn -0.030516 -0.259425 -0.965281
vn 0.012303 -0.554578 -0.832040
vn 0.014896 -0.535735 -0.844254
vn 0.007455 -0.544810 -0.838526
vn 0.011025 -0.537364 -0.843278
vn 0.005502 -0.827920 -0.560820
vn 0.004898 -0.819528 -0.573018
vn 0.016728 -0.801984 -0.597111
vn 0.011755 -0.806837 -0.590658
vn -0.003885 -0.952195 -0.305467
vn -0.004689 -0.955634 -0.294520
vn -0.013900 -0.997331 0.071675
vn -0.013989 -0.997679 0.066637
vn -0.006663 -0.921870 0.387442
vn -0.010459 -0.919508 0.392932
vn 0.003024 -0.922551 0.385865
vn 0.000848 -0.917789 0.397067
vn -0.003277 -0.606494 0.795081
vn -0.016341 -0.600846 0.799197
vn 0.012225 -0.633181 0.773907
vn 0.006141 -0.646824 0.762614
vn 0.015115 -0.210147 0.977553
vn 0.010213 -0.207869 0.978103
vn 0.012119 -0.210292 0.977564
vn 0.007221 -0.209381 0.977807
vn 0.023744 0.049143 0.998510
vn 0.018648 0.035214 0.999206
vn 0.018200 0.072393 0.997210
vn 0.008916 0.085917 0.996262
vn 0.030077 0.487567 0.872568
vn 0.029153 0.480120 0.876718
vn 0.020744 0.506457 0.862016
vn 0.014037 0.512391 0.858637
vn 0.028504 0.784770 0.619132
vn 0.029422 0.784712 0.619161
vn 0.017765 0.787812 0.615659
vn 0.013721 0.789123 0.614082
vn 0.023918 0.934805 0.354355
vn 0.021837 0.934524 0.355230
vn 0.020273 0.941354 0.336811
vn 0.017356 0.943025 0.332270
vn 0.017065 0.940384 -0.339686
vn 0.015045 0.940163 -0.340392
vn 0.022001 0.944081 -0.328979
vn 0.021396 0.944159 -0.328794
vn 0.006486 0.697423 -0.716631
vn 0.007908 0.697818 -0.716232
vn 0.002471 0.715599 -0.698507
vn 0.003415 0.713958 -0.700180
vn 0.001400 0.276824 -0.960920
vn -0.002542 0.306866 -0.951749
vn -0.034695 0.446705 -0.894008
vn -0.020296 0.390378 -0.920431
vn -0.008771 0.272220 -0.962195
vn -0.017556 0.302777 -0.952900
vn -0.055095 0.364376 -0.929621
vn -0.041024 0.345324 -0.937586
vn -0.000456 0.222197 0.975002
vn -0.000456 0.222196 0.975002
vn -0.000456 0.222197 0.975002
vn -0.000456 0.222196 0.975002
vn -0.000340 0.623023 0.782204
vn -0.000340 0.623023 0.782204
vn -0.000340 0.623022 0.782204
vn -0.000340 0.623022 0.782204
vn -0.000028 0.901080 0.433653
vn -0.000028 0.901080 0.433653
vn -0.000028 0.901080 0.433652
vn -0.000028 0.901080 0.433653
vn 0.000702 0.999926 -0.012148
vn 0.000288 0.999927 -0.012086
vn 0.001921 0.999964 -0.008263
vn 0.001816 0.999969 -0.007658
vn -0.002190 0.849221 -0.528034
vn 0.003505 0.848081 -0.529855
vn 0.017090 0.867487 -0.497166
vn 0.019559 0.862009 -0.506515
vn -0.009733 0.697834 -0.716194
vn 0.007268 0.694212 -0.719734
vn 0.016140 0.659225 -0.751773
vn 0.021728 0.672658 -0.739635
vn 0.000250 0.241985 -0.970280
vn 0.002780 0.241081 -0.970501
vn 0.003367 0.231711 -0.972779
vn 0.004174 0.236463 -0.971632
vn 0.001956 -0.221082 -0.975253
vn 0.001956 -0.221082 -0.975253
vn 0.001955 -0.221082 -0.975253
vn 0.001956 -0.221082 -0.975253
vn 0.001762 -0.623337 -0.781951
vn 0.001762 -0.623337 -0.781951
vn 0.001762 -0.623337 -0.781951
vn 0.001762 -0.623337 -0.781951
vn 0.001394 -0.900778 -0.434277
vn 0.001394 -0.900778 -0.434277
vn 0.001394 -0.900778 -0.434277
vn 0.001394 -0.900778 -0.434277
vn 0.000960 -0.999999 0.001083
vn 0.000960 -0.999999 0.001083
vn 0.000960 -0.999999 0.001083
vn 0.000960 -0.999999 0.001083
vn 0.000458 -0.900754 0.434329
vn 0.000458 -0.900754 0.434329
vn 0.000458 -0.900754 0.434329
vn 0.000458 -0.900754 0.434329
vn -0.000017 -0.623426 0.781882
vn -0.000017 -0.623426 0.781882
vn -0.000017 -0.623426 0.781882
vn -0.000017 -0.623426 0.781882
vn -0.000322 -0.223182 0.974777
vn -0.000322 -0.223182 0.974777
vn -0.000322 -0.223182 0.974777
vn -0.000322 -0.223182 0.974777
vn -0.000322 -0.223184 0.974776
vn -0.000322 -0.223184 0.974776
vn -0.000322 -0.223184 0.974776
vn -0.000322 -0.223184 0.974776
vn 0.001131 -0.246661 -0.969101
vn 0.003383 -0.232610 -0.972564
vn 0.004861 -0.222745 -0.974865
vn 0.004904 -0.222911 -0.974827
vn 0.003551 -0.619780 -0.784767
vn 0.004111 -0.622043 -0.782972
vn 0.004512 -0.623674 -0.781672
vn 0.004532 -0.623744 -0.781616
vn -0.004391 -0.897018 -0.441972
vn -0.000878 -0.898610 -0.438747
vn 0.030699 -0.973876 -0.224994
vn 0.003473 -0.900550 -0.434738
vn 0.003473 -0.900550 -0.434738
vn -0.009775 -0.995997 -0.088847
vn -0.008544 -0.995574 -0.093592
vn 0.030699 -0.973876 -0.224994
vn -0.000364 -0.862083 0.506768
vn 0.007753 -0.858305 0.513081
vn -0.020766 -0.872286 0.488556
vn -0.020253 -0.872897 0.487483
vn 0.013214 -0.358025 0.933618
vn 0.017434 -0.359800 0.932867
vn 0.005290 -0.355494 0.934663
vn 0.003941 -0.357731 0.933817
vn 0.000431 -0.551847 0.833945
vn 0.009227 -0.542075 0.840280
vn -0.010415 -0.558433 0.829484
vn -0.008173 -0.527407 0.849573
vn 0.010060 -0.166403 0.986007
vn 0.015618 -0.147347 0.988962
vn 0.006700 -0.177279 0.984138
vn 0.003817 -0.184956 0.982739
vn 0.020949 0.269157 0.962868
vn 0.024731 0.277495 0.960409
vn 0.016750 0.247866 0.968649
vn 0.016112 0.233842 0.972141
vn 0.028930 0.655840 0.754346
vn 0.028935 0.658619 0.751920
vn 0.026654 0.640436 0.767549
vn 0.025772 0.636160 0.771127
vn 0.023466 0.873587 0.486102
vn 0.023894 0.872722 0.487632
vn 0.019597 0.886582 0.462155
vn 0.019198 0.888108 0.459234
vn 0.014937 0.994182 0.106673
vn 0.019350 0.994063 0.107071
vn -0.016487 0.997957 0.061720
vn -0.018458 0.998227 0.056595
vn 0.007549 0.831423 -0.555588
vn 0.008121 0.831369 -0.555661
vn -0.009869 0.862180 -0.506506
vn -0.009842 0.862054 -0.506721
vn 0.004782 0.626062 -0.779759
vn 0.004377 0.625968 -0.779837
vn 0.007257 0.625058 -0.780544
vn 0.006365 0.625267 -0.780385
vn -0.014896 0.220945 -0.975173
vn -0.004080 0.222575 -0.974907
vn 0.004969 0.223920 -0.974595
vn 0.004969 0.223918 -0.974595
vn -0.000420 0.224052 0.974577
vn -0.000420 0.224052 0.974577
vn -0.000420 0.224053 0.974577
vn -0.000420 0.224053 0.974577
vn -0.000320 0.623840 0.781552
vn -0.000320 0.623841 0.781551
vn -0.000320 0.623839 0.781553
vn -0.000320 0.623839 0.781553
vn -0.000006 0.901561 0.432653
vn -0.000006 0.901560 0.432653
vn -0.000006 0.901561 0.432652
vn -0.000006 0.901561 0.432652
vn 0.000448 0.999998 0.002149
vn 0.000448 0.999998 0.002149
vn 0.000448 0.999998 0.002153
vn 0.000448 0.999998 0.002153
vn 0.005450 0.866988 -0.498300
vn 0.004589 0.863196 -0.504849
vn -0.004291 0.821399 -0.570338
vn -0.004295 0.821324 -0.570446
vn 0.029807 0.588377 -0.808037
vn 0.013195 0.586791 -0.809631
vn -0.044302 0.580487 -0.813063
vn -0.044708 0.580090 -0.813324
vn 0.007200 0.285886 -0.958236
vn 0.001257 0.318665 -0.947866
vn -0.008964 0.367060 -0.930154
vn -0.009736 0.377047 -0.926143
vn 0.001999 -0.223347 -0.974737
vn 0.001999 -0.223347 -0.974737
vn 0.001999 -0.223346 -0.974737
vn 0.001999 -0.223346 -0.974737
vn 0.001806 -0.625214 -0.780452
vn 0.001806 -0.625214 -0.780451
vn 0.001806 -0.625215 -0.780451
vn 0.001806 -0.625214 -0.780451
vn 0.001420 -0.901404 -0.432978
vn 0.001420 -0.901404 -0.432978
vn 0.001420 -0.901404 -0.432978
vn 0.001420 -0.901403 -0.432978
vn 0.000922 -0.999999 -0.001078
vn 0.000922 -0.999999 -0.001078
vn 0.000922 -0.999999 -0.001080
vn 0.000922 -0.999999 -0.001080
vn 0.000440 -0.901179 0.433447
vn 0.000440 -0.901179 0.433447
vn 0.000440 -0.901179 0.433447
vn 0.000440 -0.901179 0.433447
vn -0.000013 -0.623252 0.782021
vn -0.000013 -0.623252 0.782021
vn -0.000013 -0.623252 0.782021
vn -0.000013 -0.623252 0.782021
vn -0.000333 -0.223779 0.974640
vn -0.000333 -0.223779 0.974640
vn -0.000333 -0.223779 0.974640
vn -0.000333 -0.223778 0.974640
vn 0.030699 -0.973876 -0.224994
vn 0.030699 -0.973876 -0.224994
vn -0.061002 -0.972837 0.223309
vn 0.041200 -0.432295 -0.900790
vn 0.045099 0.000500 -0.998982
vn 0.036300 -0.779700 -0.625100
vn 0.041200 -0.432295 -0.900790
vn 0.036300 -0.779700 -0.625100
vn -0.056800 -0.779998 0.623199
vn 0.021900 -0.434704 0.900307
vn 0.021900 -0.434704 0.900307
vn -0.053400 -0.432803 0.899906
vn 0.023800 0.000200 0.999717
vn 0.021900 -0.434704 0.900307
vn 0.027901 0.434717 0.900135
vn 0.023800 0.000200 0.999717
vn 0.033400 0.782701 0.621501
vn 0.027901 0.434717 0.900135
vn 0.040600 0.974405 0.221101
vn 0.033400 0.782701 0.621501
vn 0.047299 0.973188 -0.225097
vn 0.040600 0.974405 0.221101
vn 0.048200 0.778496 -0.625796
vn 0.047299 0.973188 -0.225097
vn 0.053000 0.436396 -0.898192
vn 0.048200 0.778496 -0.625796
vn 0.045099 0.000500 -0.998982
vn 0.046800 0.218598 -0.974692
vn -0.084302 0.005900 0.996423
vn -0.075400 0.431402 0.899004
vn -0.073401 0.778606 0.623205
vn -0.071203 0.971937 0.224208
vn -0.069001 0.973011 -0.220202
vn -0.067700 0.781200 -0.620600
vn -0.067101 0.434004 -0.898409
vn -0.067601 0.000300 -0.997712
vn -0.068997 -0.433182 -0.898662
vn -0.070897 -0.781172 -0.620278
vn -0.072801 -0.972914 -0.219403
vn -0.074500 -0.971599 0.224600
vn -0.076099 -0.778195 0.623396
vn -0.084403 -0.436715 0.895632
vn 0.001443 -0.768935 -0.639325
vn 0.000041 -0.766596 -0.642130
vn 0.003991 -0.633395 -0.773819
vn 0.004110 -0.633803 -0.773484
vn 0.003923 -0.900485 -0.434870
vn 0.003922 -0.900484 -0.434871
vn 0.031870 -0.315876 -0.948265
vn 0.031870 -0.315876 -0.948265
vn -0.031020 -0.999395 0.015736
vn -0.032992 -0.999256 -0.019960
vn -0.009259 -0.208402 0.977999
vn -0.005325 -0.202444 0.979280
vn -0.023760 -0.314530 0.948950
vn -0.018537 -0.304555 0.952314
vn -0.018624 -0.132462 0.991013
vn -0.020064 -0.142481 0.989594
vn -0.043306 0.353676 0.934365
vn -0.045454 0.354447 0.933971
vn -0.026026 0.708231 0.705501
vn -0.026176 0.708364 0.705361
vn -0.016065 0.937100 0.348690
vn -0.015811 0.936745 0.349655
vn -0.008445 0.998984 -0.044275
vn -0.008388 0.998985 -0.044262
vn -0.019032 0.941898 -0.335358
vn -0.019201 0.941790 -0.335655
vn -0.036865 0.789734 -0.612340
vn -0.039083 0.790068 -0.611772
vn -0.018419 0.029459 -0.999396
vn -0.024952 0.035590 -0.999055
vn -0.000420 0.224052 0.974577
vn -0.000420 0.224052 0.974577
vn -0.000320 0.623841 0.781552
vn -0.000320 0.623841 0.781552
vn -0.000006 0.901561 0.432652
vn -0.000006 0.901561 0.432652
vn 0.000448 0.999998 0.002147
vn 0.000448 0.999998 0.002147
vn 0.001031 0.901924 -0.431893
vn 0.001031 0.901924 -0.431893
vn 0.001584 0.623642 -0.781709
vn 0.001584 0.623642 -0.781709
vn 0.001908 0.223354 -0.974736
vn 0.001908 0.223353 -0.974736
vn 0.001999 -0.223349 -0.974737
vn 0.001999 -0.223349 -0.974737
vn 0.001806 -0.625214 -0.780451
vn 0.001806 -0.625214 -0.780451
vn 0.001420 -0.901403 -0.432978
vn 0.001420 -0.901403 -0.432978
vn 0.000922 -0.999999 -0.001076
vn 0.000922 -0.999999 -0.001076
vn 0.000440 -0.901179 0.433447
vn 0.000440 -0.901179 0.433447
vn -0.000013 -0.623252 0.782021
vn -0.000013 -0.623252 0.782021
vn -0.000333 -0.223779 0.974640
vn -0.000333 -0.223779 0.974640
vn 0.041329 -0.616097 -0.786585
vn 0.044094 -0.612764 -0.789034
vn 0.006618 -0.644128 -0.764889
vn 0.006554 -0.643346 -0.765548
vn 0.003688 -0.899385 -0.437142
vn 0.003762 -0.899498 -0.436909
vn 0.003335 -0.999994 -0.000032
vn 0.003335 -0.999994 -0.000032
vn -0.000871 -0.999628 0.027253
vn -0.000871 -0.999628 0.027253
vn -0.001600 -0.982670 0.185355
vn -0.001837 -0.982730 0.185038
vn -0.028967 -0.501563 0.864636
vn -0.029920 -0.498988 0.866092
vn -0.003477 -0.266576 0.963808
vn -0.003244 -0.269125 0.963100
vn -0.070695 -0.075101 0.994667
vn -0.069478 -0.069637 0.995150
vn -0.051959 0.738844 0.671870
vn -0.051107 0.723956 0.687951
vn -0.012812 0.877240 0.479881
vn -0.014568 0.874621 0.484589
vn -0.001889 0.994118 0.108285
vn -0.003824 0.993693 0.112066
vn 0.001854 0.969795 -0.243914
vn 0.004506 0.968763 -0.247948
vn 0.012452 0.894741 -0.446413
vn 0.014472 0.893931 -0.447970
vn 0.034820 0.474537 -0.879546
vn 0.033695 0.474687 -0.879509
vn 0.039838 0.261005 -0.964515
vn 0.036750 0.262642 -0.964193
vn -0.000456 0.222196 0.975002
vn -0.000456 0.222196 0.975002
vn -0.000340 0.623023 0.782204
vn -0.000340 0.623023 0.782204
vn -0.000028 0.901080 0.433652
vn -0.000028 0.901080 0.433652
vn 0.000491 1.000000 -0.000005
vn 0.000491 1.000000 -0.000005
vn 0.001109 0.900252 -0.435367
vn 0.001109 0.900252 -0.435367
vn 0.001595 0.623221 -0.782044
vn 0.001595 0.623221 -0.782044
vn 0.001913 0.223130 -0.974787
vn 0.001913 0.223130 -0.974787
vn 0.001956 -0.221083 -0.975253
vn 0.001956 -0.221083 -0.975253
vn 0.001762 -0.623338 -0.781951
vn 0.001762 -0.623338 -0.781951
vn 0.001394 -0.900778 -0.434277
vn 0.001394 -0.900778 -0.434277
vn 0.000960 -0.999999 0.001083
vn 0.000960 -0.999999 0.001083
vn 0.000458 -0.900754 0.434329
vn 0.000458 -0.900754 0.434329
vn -0.000017 -0.623426 0.781882
vn -0.000017 -0.623426 0.781882
vn -0.000322 -0.223182 0.974777
vn -0.000322 -0.223182 0.974777
vn -0.000322 -0.223183 0.974777
vn -0.000322 -0.223183 0.974777
vn 0.016439 -0.745237 -0.666597
vn 0.016376 -0.745536 -0.666264
vn 0.004289 -0.631477 -0.775383
vn 0.004407 -0.631349 -0.775486
vn 0.003934 -0.900497 -0.434845
vn 0.003934 -0.900497 -0.434844
vn 0.031870 -0.315877 -0.948265
vn 0.031870 -0.315877 -0.948265
vn -0.013671 -0.993698 -0.111251
vn -0.013765 -0.993717 -0.111072
vn -0.004091 -0.164295 0.986403
vn -0.004296 -0.161843 0.986807
vn -0.014275 -0.281983 0.959313
vn -0.014896 -0.282118 0.959264
vn -0.028573 -0.306399 0.951474
vn -0.028780 -0.314038 0.948974
vn -0.091528 0.372115 0.923663
vn -0.087931 0.370703 0.924580
vn -0.023391 0.724778 0.688586
vn -0.024936 0.723181 0.690208
vn -0.007299 0.952613 0.304096
vn -0.009738 0.951115 0.308684
vn -0.001702 0.998707 -0.050809
vn -0.001321 0.998698 -0.051007
vn 0.006901 0.946050 -0.323948
vn 0.008801 0.945823 -0.324563
vn 0.023707 0.766735 -0.641525
vn 0.024331 0.766401 -0.641901
vn 0.059739 -0.044679 -0.997214
vn 0.056761 -0.041840 -0.997511
vn -0.000420 0.224052 0.974577
vn -0.000420 0.224052 0.974577
vn -0.000320 0.623841 0.781551
vn -0.000320 0.623841 0.781552
vn -0.000006 0.901561 0.432653
vn -0.000006 0.901561 0.432653
vn 0.000448 0.999998 0.002146
vn 0.000448 0.999998 0.002146
vn 0.001031 0.901924 -0.431893
vn 0.001031 0.901924 -0.431893
vn 0.001584 0.623642 -0.781709
vn 0.001584 0.623642 -0.781709
vn 0.001908 0.223353 -0.974736
vn 0.001908 0.223353 -0.974736
vn 0.001999 -0.223349 -0.974737
vn 0.001999 -0.223349 -0.974737
vn 0.001806 -0.625214 -0.780451
vn 0.001806 -0.625214 -0.780451
vn 0.001420 -0.901403 -0.432978
vn 0.001420 -0.901403 -0.432978
vn 0.000922 -0.999999 -0.001076
vn 0.000922 -0.999999 -0.001076
vn 0.000440 -0.901179 0.433447
vn 0.000440 -0.901179 0.433447
vn -0.000013 -0.623252 0.782021
vn -0.000013 -0.623252 0.782021
vn -0.000333 -0.223779 0.974640
vn -0.000333 -0.223779 0.974640
vn 0.062987 -0.516388 -0.854035
vn 0.059447 -0.496278 -0.866126
vn 0.005712 -0.630356 -0.776285
vn 0.005656 -0.625682 -0.780058
vn 0.003950 -0.900279 -0.435295
vn 0.003836 -0.900305 -0.435244
vn 0.003335 -0.999994 -0.000032
vn 0.003335 -0.999994 -0.000032
vn -0.000871 -0.999628 0.027254
vn -0.000871 -0.999628 0.027254
vn 0.007026 -0.964340 0.264573
vn 0.007581 -0.967786 0.251660
vn -0.038950 -0.513003 0.857503
vn -0.038576 -0.504404 0.862606
vn 0.010816 -0.284638 0.958574
vn 0.007309 -0.289626 0.957112
vn 0.067216 -0.013610 0.997646
vn 0.016478 -0.056665 0.998257
vn 0.025590 0.785302 0.618584
vn 0.006971 0.786692 0.617306
vn 0.006872 0.901904 0.431881
vn 0.005369 0.900384 0.435064
vn 0.007688 0.997443 0.071049
vn 0.007511 0.996994 0.077116
vn 0.018005 0.952625 -0.303613
vn 0.018125 0.951128 -0.308263
vn 0.041768 0.860831 -0.507174
vn 0.041426 0.851870 -0.522112
vn 0.061222 0.453754 -0.889021
vn 0.058300 0.450485 -0.890879
vn 0.073179 0.198431 -0.977379
vn 0.070360 0.190647 -0.979134
vn -0.000456 0.222196 0.975002
vn -0.000456 0.222196 0.975002
vn -0.000340 0.623023 0.782204
vn -0.000340 0.623023 0.782204
vn -0.000028 0.901080 0.433652
vn -0.000028 0.901080 0.433652
vn 0.000491 1.000000 -0.000005
vn 0.000491 1.000000 -0.000005
vn 0.001109 0.900253 -0.435366
vn 0.001109 0.900253 -0.435366
vn 0.001595 0.623221 -0.782044
vn 0.001595 0.623221 -0.782044
vn 0.001913 0.223130 -0.974787
vn 0.001913 0.223130 -0.974787
vn 0.001956 -0.221084 -0.975253
vn 0.001956 -0.221084 -0.975253
vn 0.001762 -0.623338 -0.781951
vn 0.001762 -0.623338 -0.781951
vn 0.001394 -0.900779 -0.434277
vn 0.001394 -0.900778 -0.434277
vn 0.000960 -0.999999 0.001083
vn 0.000960 -0.999999 0.001083
vn 0.000458 -0.900754 0.434329
vn 0.000458 -0.900754 0.434329
vn -0.000017 -0.623426 0.781883
vn -0.000017 -0.623426 0.781882
vn -0.000322 -0.223182 0.974777
vn -0.000322 -0.223182 0.974777
vn -0.000322 -0.223183 0.974776
vn -0.000322 -0.223183 0.974776
vn 0.023213 -0.661788 -0.749331
vn 0.021962 -0.623911 -0.781187
vn 0.004742 -0.631248 -0.775567
vn 0.004078 -0.632399 -0.774632
vn 0.003935 -0.900502 -0.434834
vn 0.003935 -0.900502 -0.434834
vn 0.031870 -0.315878 -0.948265
vn 0.031870 -0.315877 -0.948265
vn 0.009790 -0.994282 -0.106338
vn 0.008447 -0.993781 -0.111030
vn -0.020710 -0.090351 0.995695
vn -0.018148 -0.099589 0.994863
vn -0.030943 -0.302968 0.952498
vn -0.030687 -0.299444 0.953620
vn 0.009034 -0.484032 0.875004
vn -0.005113 -0.474451 0.880267
vn 0.019219 0.407895 0.912827
vn -0.028839 0.400296 0.915932
vn 0.002264 0.727270 0.686348
vn -0.002794 0.729263 0.684228
vn 0.006702 0.960658 0.277654
vn 0.005574 0.960048 0.279778
vn 0.006655 0.998316 -0.057621
vn 0.006740 0.998317 -0.057593
vn 0.028245 0.938964 -0.342853
vn 0.028890 0.937736 -0.346144
vn 0.054864 0.734714 -0.676155
vn 0.051843 0.731905 -0.679431
vn 0.085998 -0.118029 -0.989279
vn 0.081304 -0.124425 -0.988892
vn -0.000420 0.224052 0.974577
vn -0.000420 0.224052 0.974577
vn -0.000320 0.623841 0.781551
vn -0.000320 0.623841 0.781551
vn -0.000006 0.901561 0.432653
vn -0.000006 0.901561 0.432653
vn 0.000448 0.999998 0.002147
vn 0.000448 0.999998 0.002147
vn 0.001031 0.901924 -0.431893
vn 0.001031 0.901924 -0.431893
vn 0.001584 0.623642 -0.781709
vn 0.001584 0.623642 -0.781709
vn 0.001908 0.223353 -0.974736
vn 0.001908 0.223353 -0.974736
vn 0.001999 -0.223349 -0.974737
vn 0.001999 -0.223349 -0.974737
vn 0.001806 -0.625214 -0.780451
vn 0.001806 -0.625214 -0.780451
vn 0.001420 -0.901403 -0.432978
vn 0.001420 -0.901403 -0.432978
vn 0.000922 -0.999999 -0.001077
vn 0.000922 -0.999999 -0.001077
vn 0.000440 -0.901179 0.433447
vn 0.000440 -0.901179 0.433447
vn -0.000013 -0.623252 0.782021
vn -0.000013 -0.623252 0.782021
vn -0.000333 -0.223779 0.974640
vn -0.000333 -0.223779 0.974640
vn 0.040409 -0.350687 -0.935620
vn 0.039309 -0.339280 -0.939864
vn 0.004687 -0.622025 -0.782983
vn 0.004394 -0.621999 -0.783006
vn 0.003695 -0.900761 -0.434299
vn 0.003763 -0.900856 -0.434101
vn 0.003335 -0.999995 -0.000032
vn 0.003335 -0.999994 -0.000032
vn -0.000871 -0.999628 0.027256
vn -0.000871 -0.999628 0.027256
vn -0.000015 -0.907029 0.421067
vn 0.000083 -0.907931 0.419120
vn 0.049929 -0.656048 0.753065
vn 0.013958 -0.628962 0.777311
vn 0.007393 -0.232898 0.972473
vn 0.011320 -0.243984 0.969713
vn 0.050776 0.187408 0.980969
vn 0.090934 0.157714 0.983289
vn 0.032260 0.676938 0.735333
vn 0.049491 0.706885 0.705595
vn 0.007273 0.906418 0.422320
vn 0.005317 0.905564 0.424176
vn 0.000743 0.999480 0.032233
vn 0.003717 0.999070 0.042957
vn 0.014915 0.927126 -0.374453
vn 0.012796 0.919922 -0.391892
vn 0.050791 0.788146 -0.613389
vn 0.055918 0.765803 -0.640639
vn 0.050735 0.428672 -0.902034
vn 0.056288 0.426957 -0.902518
vn 0.071565 0.151750 -0.985825
vn 0.078526 0.152336 -0.985204
vn -0.000456 0.222196 0.975002
vn -0.000456 0.222196 0.975002
vn -0.000340 0.623023 0.782204
vn -0.000340 0.623023 0.782204
vn -0.000028 0.901080 0.433653
vn -0.000028 0.901080 0.433653
vn 0.000491 1.000000 -0.000006
vn 0.000491 1.000000 -0.000006
vn 0.001109 0.900252 -0.435367
vn 0.001109 0.900252 -0.435367
vn 0.001595 0.623221 -0.782044
vn 0.001595 0.623221 -0.782044
vn 0.001912 0.223130 -0.974787
vn 0.001912 0.223130 -0.974787
vn 0.001956 -0.221084 -0.975253
vn 0.001956 -0.221084 -0.975253
vn 0.001762 -0.623338 -0.781951
vn 0.001762 -0.623338 -0.781951
vn 0.001394 -0.900778 -0.434277
vn 0.001394 -0.900778 -0.434277
vn 0.000960 -0.999999 0.001082
vn 0.000960 -0.999999 0.001082
vn 0.000458 -0.900754 0.434329
vn 0.000458 -0.900754 0.434329
vn -0.000017 -0.623426 0.781883
vn -0.000017 -0.623426 0.781883
vn -0.000322 -0.223181 0.974777
vn -0.000322 -0.223181 0.974777
vn -0.000322 -0.223184 0.974776
vn -0.000322 -0.223184 0.974776
vn 0.014952 -0.499019 -0.866462
vn 0.013045 -0.479333 -0.877536
vn 0.003397 -0.631007 -0.775769
vn 0.003749 -0.628466 -0.777828
vn 0.003935 -0.900502 -0.434835
vn 0.003935 -0.900502 -0.434835
vn 0.031870 -0.315877 -0.948265
vn 0.031870 -0.315877 -0.948265
vn 0.045861 -0.162971 0.985565
vn 0.029124 -0.137552 0.990066
vn 0.035496 -0.360755 0.931985
vn 0.053375 -0.433161 0.899735
vn 0.097823 0.319708 0.942453
vn 0.146473 0.367463 0.918432
vn 0.013277 0.678619 0.734370
vn 0.016621 0.689077 0.724498
vn -0.001560 0.954778 0.297314
vn 0.000473 0.956202 0.292708
vn 0.002109 0.998883 -0.047196
vn 0.002092 0.998943 -0.045921
vn 0.028454 0.928787 -0.369521
vn 0.025955 0.925802 -0.377117
vn 0.052769 0.730236 -0.681154
vn 0.061911 0.736871 -0.673193
vn 0.058903 -0.146610 -0.987439
vn 0.058859 -0.142641 -0.988023
vn -0.000420 0.224052 0.974577
vn -0.000420 0.224052 0.974577
vn -0.000320 0.623841 0.781552
vn -0.000320 0.623841 0.781551
vn -0.000006 0.901561 0.432653
vn -0.000006 0.901561 0.432652
vn 0.000448 0.999998 0.002146
vn 0.000448 0.999998 0.002147
vn 0.001031 0.901924 -0.431892
vn 0.001031 0.901925 -0.431892
vn 0.001584 0.623642 -0.781709
vn 0.001584 0.623642 -0.781708
vn 0.001908 0.223353 -0.974736
vn 0.001908 0.223353 -0.974736
vn 0.001999 -0.223349 -0.974737
vn 0.001999 -0.223349 -0.974737
vn 0.001806 -0.625215 -0.780451
vn 0.001806 -0.625215 -0.780451
vn 0.001420 -0.901403 -0.432978
vn 0.001420 -0.901403 -0.432978
vn 0.000922 -0.999999 -0.001076
vn 0.000922 -0.999999 -0.001076
vn 0.000440 -0.901179 0.433447
vn 0.000440 -0.901179 0.433447
vn -0.000013 -0.623252 0.782021
vn -0.000013 -0.623253 0.782021
vn -0.000333 -0.223779 0.974640
vn -0.000333 -0.223779 0.974640
vn 0.027942 -0.272324 -0.961800
vn 0.017891 -0.250642 -0.967915
vn 0.004015 -0.622312 -0.782759
vn 0.004167 -0.622824 -0.782351
vn 0.003895 -0.901043 -0.433713
vn 0.003895 -0.901043 -0.433713
vn 0.003335 -0.999994 -0.000032
vn 0.003335 -0.999994 -0.000032
vn 0.025899 -0.975067 0.220393
vn 0.025899 -0.975067 0.220393
vn 0.022701 -0.782741 0.621933
vn 0.002564 -0.220916 0.975289
vn 0.002694 -0.220242 0.975442
vn 0.002464 0.222390 0.974955
vn 0.002464 0.222390 0.974955
vn 0.002836 0.622844 0.782341
vn 0.002837 0.622842 0.782342
vn 0.001942 0.902549 0.430583
vn 0.001517 0.903004 0.429629
vn 0.000356 0.999882 0.015387
vn 0.000099 0.999864 0.016485
vn 0.008836 0.908746 -0.417257
vn 0.008115 0.907417 -0.420154
vn 0.051586 0.716097 -0.696092
vn 0.041586 0.694057 -0.718718
vn 0.076238 0.418986 -0.904786
vn 0.074887 0.415649 -0.906437
vn 0.076062 0.162518 -0.983770
vn 0.059079 0.175344 -0.982733
vn -0.000456 0.222196 0.975002
vn -0.000456 0.222196 0.975002
vn -0.000340 0.623022 0.782204
vn -0.000340 0.623022 0.782204
vn -0.000028 0.901080 0.433654
vn -0.000028 0.901079 0.433654
vn 0.000491 1.000000 -0.000007
vn 0.000491 1.000000 -0.000007
vn 0.001109 0.900251 -0.435369
vn 0.001109 0.900251 -0.435370
vn 0.001595 0.623221 -0.782044
vn 0.001595 0.623221 -0.782044
vn 0.001913 0.223129 -0.974787
vn 0.001913 0.223129 -0.974787
vn 0.001956 -0.221084 -0.975253
vn 0.001956 -0.221084 -0.975253
vn 0.001762 -0.623338 -0.781950
vn 0.001762 -0.623338 -0.781951
vn 0.001394 -0.900778 -0.434277
vn 0.001394 -0.900778 -0.434277
vn 0.000960 -0.999999 0.001082
vn 0.000960 -0.999999 0.001082
vn 0.000458 -0.900754 0.434329
vn 0.000458 -0.900754 0.434329
vn -0.000017 -0.623426 0.781883
vn -0.000017 -0.623426 0.781883
vn -0.000322 -0.223181 0.974777
vn -0.000322 -0.223181 0.974777
vn -0.000322 -0.223185 0.974776
vn -0.000322 -0.223185 0.974776
vn 0.004438 -0.380428 -0.924800
vn 0.004501 -0.357739 -0.933811
vn 0.004444 -0.623433 -0.781864
vn 0.004444 -0.623433 -0.781864
vn 0.025899 -0.975067 0.220393
vn 0.099800 -0.969697 0.222999
vn 0.094701 -0.777905 0.621204
vn 0.022701 -0.782741 0.621933
vn 0.025899 -0.975067 0.220393
vn 0.094701 -0.777905 0.621204
vn 0.051539 -0.623413 0.780193
vn 0.051539 -0.623413 0.780193
vn 0.077552 -0.281054 0.956553
vn 0.080823 -0.267210 0.960243
vn 0.022701 -0.782741 0.621933
vn 0.002311 -0.222671 0.974891
vn 0.002311 -0.222671 0.974891
vn 0.002452 0.222776 0.974867
vn 0.002452 0.222776 0.974867
vn 0.001769 0.635766 0.771880
vn 0.001518 0.638720 0.769438
vn -0.010654 0.938000 0.346470
vn -0.012326 0.941855 0.335795
vn 0.002262 0.999739 -0.022715
vn 0.002203 0.999721 -0.023501
vn 0.018724 0.917094 -0.398231
vn 0.017802 0.916072 -0.400618
vn 0.080710 0.751680 -0.654570
vn 0.075935 0.750338 -0.656678
vn 0.057087 -0.114932 -0.991732
vn 0.052807 -0.085900 -0.994903
vn -0.000420 0.224052 0.974577
vn -0.000420 0.224052 0.974577
vn -0.000320 0.623841 0.781551
vn -0.000320 0.623841 0.781551
vn -0.000006 0.901561 0.432652
vn -0.000006 0.901561 0.432652
vn 0.000448 0.999998 0.002146
vn 0.000448 0.999998 0.002146
vn 0.001031 0.901925 -0.431892
vn 0.001031 0.901925 -0.431892
vn 0.001584 0.623642 -0.781708
vn 0.001584 0.623642 -0.781708
vn 0.001908 0.223353 -0.974736
vn 0.001908 0.223353 -0.974736
vn 0.001999 -0.223349 -0.974737
vn 0.001999 -0.223349 -0.974737
vn 0.001806 -0.625215 -0.780451
vn 0.001806 -0.625215 -0.780451
vn 0.001420 -0.901403 -0.432978
vn 0.001420 -0.901403 -0.432978
vn 0.000922 -0.999999 -0.001076
vn 0.000922 -0.999999 -0.001076
vn 0.000440 -0.901179 0.433447
vn 0.000440 -0.901179 0.433447
vn -0.000013 -0.623252 0.782021
vn -0.000013 -0.623252 0.782021
vn -0.000333 -0.223779 0.974640
vn -0.000333 -0.223779 0.974640
vn 0.004823 -0.222258 -0.974976
vn 0.004823 -0.222258 -0.974976
vn 0.004432 -0.623719 -0.781636
vn 0.004432 -0.623720 -0.781636
vn 0.003895 -0.901043 -0.433713
vn 0.003895 -0.901043 -0.433713
vn 0.104997 -0.969970 -0.219393
vn 0.104997 -0.969970 -0.219393
vn 0.099800 -0.969697 0.222999
vn 0.002299 -0.222288 0.974978
vn 0.002299 -0.222288 0.974978
vn 0.002464 0.222390 0.974955
vn 0.002464 0.222390 0.974955
vn 0.002835 0.622847 0.782338
vn 0.002835 0.622847 0.782338
vn 0.003368 0.901013 0.433780
vn 0.003368 0.901013 0.433780
vn 0.003968 0.999992 -0.000036
vn 0.003968 0.999992 -0.000036
vn 0.004497 0.900601 -0.434625
vn 0.004497 0.900601 -0.434625
vn 0.014168 0.637381 -0.770418
vn 0.008961 0.629372 -0.777053
vn 0.054190 0.361174 -0.930923
vn 0.034125 0.304795 -0.951806
vn 0.025856 0.202931 -0.978852
vn 0.013792 0.214909 -0.976537
vn -0.000456 0.222196 0.975002
vn -0.000456 0.222196 0.975002
vn -0.000340 0.623023 0.782203
vn -0.000340 0.623022 0.782204
vn -0.000028 0.901081 0.433650
vn -0.000028 0.901080 0.433652
vn 0.000491 1.000000 -0.000006
vn 0.000491 1.000000 -0.000006
vn 0.001109 0.900249 -0.435375
vn 0.001109 0.900249 -0.435375
vn 0.001595 0.623220 -0.782045
vn 0.001594 0.623219 -0.782046
vn 0.001913 0.223128 -0.974787
vn 0.001912 0.223127 -0.974787
vn 0.001956 -0.221085 -0.975253
vn 0.001956 -0.221084 -0.975253
vn 0.001762 -0.623339 -0.781950
vn 0.001762 -0.623339 -0.781950
vn 0.001394 -0.900778 -0.434277
vn 0.001394 -0.900778 -0.434278
vn 0.000960 -0.999999 0.001079
vn 0.000960 -0.999999 0.001079
vn 0.000458 -0.900755 0.434328
vn 0.000458 -0.900755 0.434328
vn -0.000017 -0.623426 0.781882
vn -0.000017 -0.623426 0.781882
vn -0.000322 -0.223182 0.974777
vn -0.000322 -0.223181 0.974777
vn -0.000322 -0.223186 0.974776
vn -0.000322 -0.223186 0.974776
vn 0.104997 -0.969970 -0.219393
vn 0.099800 -0.969697 0.222999
vn 0.104997 -0.969970 -0.219393
vn -0.025999 -0.983361 -0.179793
vn -0.013899 -0.974561 0.223691
vn -0.013901 -0.974556 0.223713
vn -0.008300 -0.779562 0.626270
vn 0.094701 -0.777905 0.621204
vn 0.099800 -0.969697 0.222999
vn -0.008300 -0.779562 0.626270
vn 0.010100 -0.428009 0.903718
vn 0.094701 -0.777905 0.621204
vn 0.090697 -0.432485 0.897068
vn 0.107105 0.003000 -0.994243
vn 0.083599 -0.425294 -0.901186
vn 0.083599 -0.425294 -0.901186
vn 0.094196 -0.785869 -0.611176
vn 0.094196 -0.785869 -0.611176
vn 0.090697 -0.432485 0.897068
vn 0.088696 -0.000800 0.996058
vn 0.088696 -0.000800 0.996058
vn 0.088900 0.430501 0.898202
vn 0.088900 0.430501 0.898202
vn 0.091297 0.777373 0.622379
vn 0.091297 0.777373 0.622379
vn 0.095604 0.970140 0.222909
vn 0.095604 0.970140 0.222909
vn 0.100802 0.970118 -0.220704
vn 0.100802 0.970118 -0.220704
vn 0.105798 0.777286 -0.620189
vn 0.105798 0.777286 -0.620189
vn 0.109800 0.431099 -0.895599
vn 0.109800 0.431099 -0.895599
vn 0.109800 0.431099 -0.895599
vn 0.107105 0.003000 -0.994243
vn -0.002100 0.435897 0.899994
vn -0.000400 0.782874 0.622180
vn 0.001800 0.975043 0.222010
vn 0.004000 0.974950 -0.222389
vn 0.006000 0.781576 -0.623781
vn 0.026700 0.445694 -0.894787
vn 0.050201 -0.004400 -0.998729
vn 0.037501 -0.436107 -0.899113
vn 0.030902 -0.782541 -0.621832
vn 0.026899 -0.974266 -0.223792
vn 0.024999 -0.975047 0.220588
vn 0.031099 -0.785973 0.617479
vn 0.031102 -0.427127 0.903657
vn 0.081303 0.071303 0.994136
vn 0.081303 0.071303 0.994136
s off
g dead_tree01:Mesh
f 1/1/1 2/2/2 3/3/3
f 3/3/4 4/4/5 1/1/6
f 5/5/7 6/6/8 7/7/9
f 7/7/10 8/8/11 5/5/12
f 4/4/13 3/3/14 9/9/15
f 9/9/16 10/10/17 4/4/18
f 11/11/19 12/12/20 13/13/21
f 13/13/22 14/14/23 11/11/24
f 10/10/25 9/9/26 15/15/27
f 15/15/28 16/16/29 10/10/30
f 16/16/31 15/15/32 17/17/33
f 17/17/34 18/18/35 16/16/36
f 19/19/37 20/20/38 21/21/39
f 21/21/40 22/22/41 19/19/42
f 20/20/43 19/19/44 23/23/45
f 23/23/46 24/24/47 20/20/48
f 2/2/49 1/1/50 24/24/51
f 24/24/52 23/23/53 2/2/54
f 25/25/55 8/8/56 7/7/57
f 7/7/58 26/26/59 25/25/60
f 1/1/61 4/4/62 27/27/63
f 27/27/64 28/28/65 1/1/66
f 29/29/67 27/27/68 4/4/69
f 4/4/70 10/10/71 29/29/72
f 30/30/73 31/31/74 32/32/75
f 32/32/76 33/33/77 30/30/78
f 1/1/79 28/28/80 34/34/81
f 34/34/82 24/24/83 1/1/84
f 34/34/85 32/32/86 31/31/87
f 32/32/88 34/34/89 28/28/90
f 35/35/91 36/36/92 37/37/93
f 37/37/94 38/38/95 35/35/96
f 39/39/97 36/36/98 35/35/99
f 35/35/100 40/40/101 39/39/102
f 41/41/103 42/42/104 43/43/105
f 43/43/106 44/44/107 41/41/108
f 45/45/109 46/46/110 47/47/111
f 48/48/112 47/47/113 31/31/114
f 31/31/115 30/30/116 48/48/117
f 47/47/118 48/48/119 45/45/120
f 46/46/121 45/45/122 49/49/123
f 49/49/124 50/50/125 46/46/126
f 51/51/127 41/41/128 44/44/129
f 44/44/130 52/52/131 51/51/132
f 39/39/133 53/53/134 29/29/135
f 53/53/136 39/39/137 40/40/138
f 27/27/139 29/29/140 53/53/141
f 40/40/142 54/54/143 53/53/144
f 24/24/145 34/34/146 55/55/147
f 55/55/148 20/20/149 24/24/150
f 55/55/151 31/31/152 47/47/153
f 31/31/154 55/55/155 34/34/156
f 20/20/157 55/55/158 56/56/159
f 47/47/160 56/56/161 55/55/162
f 56/56/163 47/47/164 46/46/165
f 56/56/166 21/21/167 20/20/168
f 57/57/169 51/51/170 52/52/171
f 52/52/172 58/58/173 57/57/174
f 59/59/175 57/57/176 58/58/177
f 60/60/178 25/25/179 26/26/180
f 58/58/181 60/60/182 59/59/183
f 26/26/184 59/59/185 60/60/186
f 12/12/187 11/11/188 61/61/189
f 43/43/190 42/42/191 62/62/192
f 62/62/193 61/61/194 43/43/195
f 61/61/196 62/62/197 12/12/198
f 22/22/199 21/21/200 63/63/201
f 63/63/202 64/64/203 22/22/204
f 65/65/205 64/64/206 63/63/207
f 63/63/208 66/66/209 65/65/210
f 67/67/211 68/68/212 69/69/213
f 69/69/214 70/70/215 67/67/216
f 70/70/217 69/69/218 71/71/219
f 71/71/220 72/72/221 70/70/222
f 72/72/223 71/71/224 73/73/225
s 1
f 73/73/226 1210/1210/227 1239/1239/228
s 2
f 75/75/229 1713/1713/230 1712/1712/231
s off
f 73/73/232 76/76/233 72/72/234
f 77/77/235 78/78/236 79/79/237
f 79/79/238 80/80/239 77/77/240
f 81/81/241 82/82/242 83/83/243
f 83/83/244 84/84/245 81/81/246
f 85/85/247 84/84/248 70/70/249
f 81/81/250 84/84/251 85/85/252
f 70/70/253 72/72/254 85/85/255
f 85/85/256 72/72/257 76/76/258
s 3
f 76/76/259 1240/1240/260 1241/1241/261
s 4
f 86/86/262 1715/1715/263 1714/1714/264
s off
f 76/76/265 87/87/266 85/85/267
f 88/88/268 89/89/269 90/90/270
f 91/91/271 82/82/272 81/81/273
f 92/92/274 81/81/275 85/85/276
f 81/81/277 92/92/278 91/91/279
f 85/85/280 93/93/281 92/92/282
f 93/93/283 85/85/284 87/87/285
s 5
f 87/87/286 1242/1242/287 1243/1243/288
s 6
f 87/87/289 1211/1211/290 1212/1212/291 93/93/292
s 7
f 94/94/293 1656/1656/294 1655/1655/295
s 8
f 96/96/296 1717/1717/297 1716/1716/298 86/86/299
s off
f 86/86/300 97/97/301 96/96/302
f 98/98/303 88/88/304 90/90/305
f 90/90/306 99/99/307 98/98/308
f 100/100/309 101/101/310 102/102/311
f 102/102/312 103/103/313 100/100/314
f 104/104/315 91/91/316 92/92/317
f 92/92/318 105/105/319 104/104/320
f 105/105/321 92/92/322 93/93/323
s 9
f 106/106/324 93/93/325 1212/1212/326 1213/1213/327
s off
f 93/93/328 106/106/329 105/105/330
s 10
f 95/95/331 1178/1178/332 1179/1179/333
s 11
f 107/107/334 1658/1658/335 1657/1657/336
s 12
f 95/95/337 1180/1180/338 1181/1181/339 1244/1244/340 1213/1213/341
s 13
f 109/109/342 1718/1718/343 1719/1719/344
s 14
f 94/94/345 1717/1717/346 1719/1719/347
s off
f 110/110/348 96/96/349 97/97/350
f 109/109/351 96/96/352 110/110/353
f 110/110/354 111/111/355 109/109/356
f 112/112/357 98/98/358 99/99/359
f 99/99/360 113/113/361 112/112/362
f 114/114/363 115/115/364 102/102/365
f 102/102/366 101/101/367 114/114/368
f 115/115/369 114/114/370 116/116/371
f 116/116/372 117/117/373 115/115/374
f 118/118/375 119/119/376 120/120/377
f 120/120/378 121/121/379 118/118/380
f 121/121/381 120/120/382 122/122/383
f 122/122/384 123/123/385 121/121/386
s 15
f 123/123/387 122/122/388 1214/1214/389 1245/1245/390
s 16
f 124/124/391 1659/1659/392 1660/1660/393
s 17
f 124/124/394 127/127/395 1598/1598/396 1597/1597/397
s 18
f 126/126/398 1661/1661/399 1660/1660/400
s 19
f 125/125/401 1720/1720/402 1721/1721/403
s 20
f 129/129/404 1722/1722/405 1721/1721/406
s off
f 129/129/407 128/128/408 130/130/409
f 130/130/410 131/131/411 129/129/412
f 113/113/413 132/132/414 133/133/415
f 133/133/416 112/112/417 113/113/418
f 134/134/419 135/135/420 136/136/421
f 136/136/422 137/137/423 134/134/424
s 21
f 138/138/425 123/123/426 1246/1246/427 1247/1247/428
s off
f 118/118/429 121/121/430 139/139/431
f 123/123/432 138/138/433 139/139/434
f 139/139/435 121/121/436 123/123/437
s 22
f 127/127/438 1661/1661/439 1662/1662/440
s 23
f 140/140/441 1725/1725/442 1724/1724/443
s 24
f 127/127/444 1627/1627/445 1599/1599/446
s off
f 142/142/447 129/129/448 131/131/449
s 25
f 126/126/450 1722/1722/451 1726/1726/452
s 26
f 142/142/453 140/140/454 1723/1723/455 1726/1726/456
s off
f 131/131/457 143/143/458 142/142/459
f 144/144/460 133/133/461 132/132/462
f 132/132/463 145/145/464 144/144/465
f 146/146/466 147/147/467 136/136/468
f 136/136/469 135/135/470 146/146/471
f 147/147/472 146/146/473 148/148/474
f 148/148/475 149/149/476 147/147/477
f 139/139/478 150/150/479 118/118/480
f 151/151/481 150/150/482 139/139/483
f 139/139/484 152/152/485 151/151/486
f 152/152/487 139/139/488 138/138/489
f 138/138/490 153/153/491 152/152/492
f 153/153/493 138/138/494 141/141/495
s 27
f 141/141/496 1248/1248/497 1249/1249/498
s 28
f 154/154/499 1728/1728/500 1727/1727/501
s off
f 141/141/502 155/155/503 153/153/504
f 156/156/505 154/154/506 140/140/507
f 140/140/508 142/142/509 156/156/510
f 157/157/511 158/158/512 159/159/513
f 159/159/514 160/160/515 157/157/516
f 161/161/517 151/151/518 152/152/519
f 152/152/520 162/162/521 161/161/522
f 162/162/523 152/152/524 153/153/525
f 153/153/526 163/163/527 162/162/528
f 163/163/529 153/153/530 155/155/531
s 29
f 155/155/532 1250/1250/533 1251/1251/534
s off
f 155/155/535 165/165/536 163/163/537
s 30
f 164/164/538 1730/1730/539 1729/1729/540
s off
f 166/166/541 164/164/542 154/154/543
f 154/154/544 156/156/545 166/166/546
f 167/167/547 168/168/548 169/169/549
f 166/166/550 156/156/551 170/170/552
f 170/170/553 169/169/554 166/166/555
f 169/169/556 170/170/557 167/167/558
f 142/142/559 170/170/560 156/156/561
f 171/171/562 172/172/563 173/173/564
f 173/173/565 174/174/566 171/171/567
f 175/175/568 176/176/569 177/177/570
f 177/177/571 178/178/572 175/175/573
f 179/179/574 162/162/575 163/163/576
f 180/180/577 163/163/578 165/165/579
f 163/163/580 180/180/581 179/179/582
s 31
f 165/165/583 1252/1252/584 1253/1253/585
s 32
f 181/181/586 1732/1732/587 1731/1731/588
s off
f 165/165/589 182/182/590 180/180/591
f 183/183/592 181/181/593 164/164/594
f 164/164/595 166/166/596 183/183/597
f 169/169/598 168/168/599 184/184/600
f 185/185/601 183/183/602 166/166/603
f 184/184/604 185/185/605 169/169/606
f 166/166/607 169/169/608 185/185/609
f 172/172/610 186/186/611 187/187/612
f 187/187/613 173/173/614 172/172/615
f 188/188/616 189/189/617 190/190/618
f 190/190/619 191/191/620 188/188/621
f 192/192/622 180/180/623 182/182/624
f 180/180/625 192/192/626 193/193/627
f 193/193/628 179/179/629 180/180/630
s 33
f 182/182/631 1254/1254/632 1255/1255/633
s 34
f 194/194/634 1734/1734/635 1733/1733/636
s off
f 182/182/637 195/195/638 192/192/639
f 196/196/640 194/194/641 181/181/642
f 181/181/643 183/183/644 196/196/645
f 183/183/646 185/185/647 197/197/648
f 197/197/649 196/196/650 183/183/651
f 198/198/652 187/187/653 186/186/654
f 186/186/655 199/199/656 198/198/657
f 200/200/658 191/191/659 190/190/660
f 190/190/661 201/201/662 200/200/663
f 200/200/664 201/201/665 202/202/666
f 202/202/667 203/203/668 200/200/669
f 204/204/670 205/205/671 206/206/672
f 207/207/673 206/206/674 193/193/675
f 206/206/676 207/207/677 204/204/678
s 35
f 195/195/679 1256/1256/680 1257/1257/681
s 36
f 208/208/682 1736/1736/683 1735/1735/684
s off
f 210/210/685 208/208/686 194/194/687
f 194/194/688 196/196/689 210/210/690
f 210/210/691 196/196/692 197/197/693
f 197/197/694 211/211/695 210/210/696
f 212/212/697 198/198/698 199/199/699
f 199/199/700 213/213/701 212/212/702
f 214/214/703 215/215/704 216/216/705
f 216/216/706 217/217/707 214/214/708
s 37
f 209/209/709 1258/1258/710 1259/1259/711
s 38
f 218/218/712 1738/1738/713 1737/1737/714
s off
f 220/220/715 218/218/716 208/208/717
f 220/220/718 210/210/719 211/211/720
f 208/208/721 210/210/722 220/220/723
f 211/211/724 221/221/725 220/220/726
f 222/222/727 223/223/728 224/224/729
f 224/224/730 225/225/731 222/222/732
f 226/226/733 227/227/734 228/228/735
f 228/228/736 229/229/737 226/226/738
f 230/230/739 231/231/740 232/232/741
f 232/232/742 233/233/743 230/230/744
s 39
f 219/219/745 1260/1260/746 1261/1261/747
s 40
f 234/234/748 1740/1740/749 1739/1739/750
s off
f 236/236/751 234/234/752 218/218/753
f 236/236/754 220/220/755 221/221/756
f 218/218/757 220/220/758 236/236/759
f 221/221/760 237/237/761 236/236/762
f 238/238/763 224/224/764 223/223/765
f 223/223/766 239/239/767 238/238/768
s 41
f 235/235/769 1262/1262/770 1263/1263/771 240/240/772
s off
f 240/240/773 73/73/774 71/71/775
s 42
f 240/240/776 1263/1263/777 1264/1264/778
s 43
f 74/74/779 1751/1751/780 1742/1742/781
s off
f 241/241/782 74/74/783 234/234/784
f 234/234/785 236/236/786 241/241/787
f 242/242/788 243/243/789 244/244/790
f 244/244/791 245/245/792 242/242/793
f 246/246/794 247/247/795 248/248/796
f 248/248/797 249/249/798 246/246/799
s 44
f 250/250/800 251/251/801 1743/1743/802 1752/1752/803
s 45
f 252/252/804 253/253/805 1217/1217/806 1216/1216/807
s 46
f 253/253/808 254/254/809 1218/1218/810 1266/1266/811
s 47
f 255/255/812 250/250/813 1753/1753/814 1744/1744/815
s 48
f 256/256/816 255/255/817 1754/1754/818 1755/1755/819
s 49
f 254/254/820 257/257/821 1220/1220/822 1219/1219/823
s 50
f 258/258/824 256/256/825 1756/1756/826 1757/1757/827
s 51
f 257/257/828 259/259/829 1222/1222/830 1221/1221/831
s 52
f 260/260/832 258/258/833 1758/1758/834 1759/1759/835
s 53
f 259/259/836 261/261/837 1224/1224/838 1223/1223/839
s 54
f 261/261/840 262/262/841 1225/1225/842 1267/1267/843
s 55
f 263/263/844 260/260/845 1760/1760/846 1745/1745/847
s 56
f 264/264/848 263/263/849 1761/1761/850 1762/1762/851
s 57
f 262/262/852 265/265/853 1227/1227/854 1226/1226/855
s 58
f 266/266/856 264/264/857 1763/1763/858 1764/1764/859
s 59
f 265/265/860 267/267/861 1229/1229/862 1228/1228/863
s 60
f 268/268/864 266/266/865 1765/1765/866 1766/1766/867
s 61
f 267/267/868 269/269/869 1231/1231/870 1230/1230/871
s 62
f 269/269/872 270/270/873 1232/1232/874 1268/1268/875
s 63
f 271/271/876 268/268/877 1767/1767/878 1746/1746/879
s 64
f 272/272/880 271/271/881 1768/1768/882 1769/1769/883
s 65
f 270/270/884 273/273/885 1234/1234/886 1233/1233/887
s 66
f 274/274/888 275/275/889 1235/1235/890 1269/1269/891
s 67
f 276/276/892 277/277/893 1748/1748/894 1747/1747/895
s 68
f 278/278/896 276/276/897 1771/1771/898 1772/1772/899
s 69
f 275/275/900 279/279/901 1237/1237/902 1236/1236/903
s 70
f 279/279/904 280/280/905 1238/1238/906 1271/1271/907
s 71
f 281/281/908 278/278/909 1773/1773/910 1749/1749/911
s off
f 236/236/912 237/237/913 282/282/914
f 282/282/915 241/241/916 236/236/917
f 239/239/918 283/283/919 284/284/920
f 285/285/921 286/286/922 287/287/923
f 288/288/924 244/244/925 243/243/926
f 243/243/927 285/285/928 288/288/929
f 287/287/930 288/288/931 285/285/932
f 90/90/933 89/89/934 289/289/935
f 289/289/936 290/290/937 291/291/938
f 291/291/939 292/292/940 289/289/941
f 289/289/942 292/292/943 90/90/944
f 246/246/945 249/249/946 293/293/947
f 293/293/948 294/294/949 246/246/950
f 171/171/951 174/174/952 295/295/953
f 219/219/954 235/235/955 296/296/956
f 296/296/957 297/297/958 219/219/959
f 235/235/960 240/240/961 298/298/962
f 298/298/963 296/296/964 235/235/965
f 253/253/966 252/252/967 299/299/968
f 254/254/969 253/253/970 300/300/971
f 299/299/972 300/300/973 253/253/974
f 257/257/975 254/254/976 301/301/977
f 300/300/978 301/301/979 254/254/980
f 259/259/981 257/257/982 302/302/983
f 301/301/984 302/302/985 257/257/986
f 302/302/987 303/303/988 259/259/989
f 261/261/990 259/259/991 303/303/992
f 262/262/993 261/261/994 304/304/995
f 303/303/996 304/304/997 261/261/998
f 265/265/999 262/262/1000 305/305/1001
f 304/304/1002 305/305/1003 262/262/1004
f 305/305/1005 306/306/1006 265/265/1007
f 267/267/1008 265/265/1009 306/306/1010
f 269/269/1011 267/267/1012 307/307/1013
f 306/306/1014 307/307/1015 267/267/1016
f 307/307/1017 308/308/1018 269/269/1019
f 270/270/1020 269/269/1021 308/308/1022
f 308/308/1023 309/309/1024 270/270/1025
f 273/273/1026 270/270/1027 309/309/1028
f 309/309/1029 310/310/1030 273/273/1031
f 275/275/1032 274/274/1033 311/311/1034
f 311/311/1035 312/312/1036 275/275/1037
f 279/279/1038 275/275/1039 312/312/1040
f 312/312/1041 313/313/1042 279/279/1043
f 279/279/1044 313/313/1045 314/314/1046
f 314/314/1047 280/280/1048 279/279/1049
f 69/69/1050 68/68/1051 315/315/1052
f 316/316/1053 315/315/1054 68/68/1055
f 68/68/1056 317/317/1057 316/316/1058
f 318/318/1059 232/232/1060 231/231/1061
f 319/319/1062 232/232/1063 318/318/1064
f 318/318/1065 320/320/1066 319/319/1067
f 321/321/1068 71/71/1069 69/69/1070
f 69/69/1071 322/322/1072 321/321/1073
f 323/323/1074 296/296/1075 298/298/1076
f 298/298/1077 324/324/1078 323/323/1079
f 325/325/1080 323/323/1081 324/324/1082
f 318/318/1083 325/325/1084 326/326/1085
f 326/326/1086 320/320/1087 318/318/1088
f 324/324/1089 326/326/1090 325/325/1091
f 327/327/1092 328/328/1093 78/78/1094
f 78/78/1095 77/77/1096 327/327/1097
f 329/329/1098 328/328/1099 327/327/1100
f 327/327/1101 330/330/1102 329/329/1103
f 331/331/1104 332/332/1105 333/333/1106
f 333/333/1107 334/334/1108 331/331/1109
f 321/321/1110 335/335/1111 71/71/1112
f 71/71/1113 335/335/1114 240/240/1115
s 72
f 336/336/1116 252/252/1117 1265/1265/1118 1272/1272/1119
s off
f 337/337/1120 338/338/1121 339/339/1122
f 339/339/1123 340/340/1124 337/337/1125
f 341/341/1126 342/342/1127 337/337/1128
f 337/337/1129 340/340/1130 341/341/1131
f 342/342/1132 341/341/1133 343/343/1134
f 344/344/1135 342/342/1136 343/343/1137
f 343/343/1138 345/345/1139 344/344/1140
f 346/346/1141 344/344/1142 345/345/1143
f 345/345/1144 347/347/1145 346/346/1146
f 348/348/1147 346/346/1148 347/347/1149
f 347/347/1150 349/349/1151 348/348/1152
f 350/350/1153 348/348/1154 349/349/1155
f 349/349/1156 351/351/1157 350/350/1158
f 351/351/1159 352/352/1160 353/353/1161
f 353/353/1162 350/350/1163 351/351/1164
f 352/352/1165 354/354/1166 355/355/1167
f 355/355/1168 353/353/1169 352/352/1170
f 356/356/1171 355/355/1172 354/354/1173
f 354/354/1174 357/357/1175 356/356/1176
f 358/358/1177 356/356/1178 357/357/1179
f 357/357/1180 359/359/1181 358/358/1182
f 360/360/1183 358/358/1184 359/359/1185
f 359/359/1186 361/361/1187 360/360/1188
f 362/362/1189 363/363/1190 364/364/1191
f 364/364/1192 365/365/1193 362/362/1194
f 363/363/1195 366/366/1196 367/367/1197
f 367/367/1198 364/364/1199 363/363/1200
f 339/339/1201 368/368/1202 369/369/1203
f 369/369/1204 340/340/1205 339/339/1206
f 343/343/1207 341/341/1208 370/370/1209
f 370/370/1210 371/371/1211 343/343/1212
f 343/343/1213 371/371/1214 372/372/1215
f 372/372/1216 345/345/1217 343/343/1218
f 373/373/1219 347/347/1220 345/345/1221
f 345/345/1222 372/372/1223 373/373/1224
f 347/347/1225 373/373/1226 374/374/1227
f 374/374/1228 349/349/1229 347/347/1230
f 349/349/1231 374/374/1232 375/375/1233
f 375/375/1234 351/351/1235 349/349/1236
f 352/352/1237 351/351/1238 375/375/1239
f 354/354/1240 352/352/1241 376/376/1242
f 375/375/1243 376/376/1244 352/352/1245
f 376/376/1246 377/377/1247 354/354/1248
f 378/378/1249 357/357/1250 354/354/1251
f 354/354/1252 377/377/1253 378/378/1254
f 379/379/1255 359/359/1256 357/357/1257
f 357/357/1258 378/378/1259 379/379/1260
f 380/380/1261 361/361/1262 359/359/1263
f 359/359/1264 379/379/1265 380/380/1266
f 363/363/1267 362/362/1268 381/381/1269
f 381/381/1270 382/382/1271 363/363/1272
f 366/366/1273 363/363/1274 383/383/1275
f 383/383/1276 384/384/1277 366/366/1278
f 366/366/1279 384/384/1280 385/385/1281
f 385/385/1282 386/386/1283 366/366/1284
f 387/387/1285 339/339/1286 338/338/1287
f 338/338/1288 388/388/1289 387/387/1290
f 367/367/1291 366/366/1292 389/389/1293
f 366/366/1294 386/386/1295 389/389/1296
f 389/389/1297 390/390/1298 367/367/1299
f 252/252/1300 336/336/1301 391/391/1302
f 391/391/1303 299/299/1304 252/252/1305
f 392/392/1306 368/368/1307 339/339/1308
f 339/339/1309 393/393/1310 392/392/1311
f 387/387/1312 393/393/1313 339/339/1314
f 394/394/1315 395/395/1316 396/396/1317
f 396/396/1318 397/397/1319 394/394/1320
f 398/398/1321 399/399/1322 400/400/1323
f 395/395/1324 394/394/1325 401/401/1326
f 401/401/1327 400/400/1328 395/395/1329
f 400/400/1330 401/401/1331 398/398/1332
f 402/402/1333 329/329/1334 330/330/1335
f 330/330/1336 403/403/1337 402/402/1338
f 334/334/1339 333/333/1340 404/404/1341
f 404/404/1342 405/405/1343 334/334/1344
f 406/406/1345 407/407/1346 408/408/1347
f 408/408/1348 409/409/1349 406/406/1350
f 410/410/1351 411/411/1352 412/412/1353
f 412/412/1354 413/413/1355 410/410/1356
f 407/407/1357 410/410/1358 413/413/1359
f 413/413/1360 408/408/1361 407/407/1362
f 414/414/1363 415/415/1364 416/416/1365
f 416/416/1366 417/417/1367 414/414/1368
f 418/418/1369 414/414/1370 417/417/1371
f 417/417/1372 419/419/1373 418/418/1374
f 420/420/1375 418/418/1376 419/419/1377
f 419/419/1378 421/421/1379 420/420/1380
f 421/421/1381 422/422/1382 423/423/1383
f 423/423/1384 420/420/1385 421/421/1386
f 424/424/1387 423/423/1388 422/422/1389
f 422/422/1390 425/425/1391 424/424/1392
f 424/424/1393 425/425/1394 426/426/1395
f 426/426/1396 427/427/1397 424/424/1398
f 428/428/1399 427/427/1400 429/429/1401
f 424/424/1402 427/427/1403 428/428/1404
f 429/429/1405 430/430/1406 428/428/1407
f 430/430/1408 429/429/1409 431/431/1410
f 431/431/1411 432/432/1412 430/430/1413
f 432/432/1414 431/431/1415 433/433/1416
f 433/433/1417 434/434/1418 432/432/1419
f 434/434/1420 433/433/1421 435/435/1422
f 435/435/1423 436/436/1424 434/434/1425
f 437/437/1426 438/438/1427 439/439/1428
f 439/439/1429 440/440/1430 437/437/1431
f 441/441/1432 437/437/1433 440/440/1434
f 442/442/1435 443/443/1436 441/441/1437
f 441/441/1438 444/444/1439 442/442/1440
f 440/440/1441 444/444/1442 441/441/1443
f 443/443/1444 442/442/1445 445/445/1446
f 445/445/1447 446/446/1448 443/443/1449
f 447/447/1450 448/448/1451 449/449/1452
f 449/449/1453 450/450/1454 447/447/1455
f 450/450/1456 449/449/1457 446/446/1458
f 446/446/1459 445/445/1460 450/450/1461
f 451/451/1462 448/448/1463 447/447/1464
f 447/447/1465 452/452/1466 451/451/1467
f 453/453/1468 451/451/1469 452/452/1470
f 452/452/1471 454/454/1472 453/453/1473
f 453/453/1474 454/454/1475 455/455/1476
f 455/455/1477 456/456/1478 453/453/1479
f 457/457/1480 456/456/1481 455/455/1482
f 455/455/1483 458/458/1484 457/457/1485
f 97/97/1486 459/459/1487 110/110/1488
f 459/459/1489 97/97/1490 460/460/1491
f 459/459/1492 460/460/1493 461/461/1494
f 461/461/1495 462/462/1496 459/459/1497
f 463/463/1498 464/464/1499 465/465/1500
f 465/465/1501 466/466/1502 463/463/1503
f 467/467/1504 110/110/1505 459/459/1506
f 459/459/1507 468/468/1508 467/467/1509
f 469/469/1510 470/470/1511 471/471/1512
f 471/471/1513 472/472/1514 469/469/1515
f 472/472/1516 471/471/1517 473/473/1518
f 294/294/1519 293/293/1520 474/474/1521
f 473/473/1522 474/474/1523 472/472/1524
f 474/474/1525 473/473/1526 294/294/1527
f 86/86/1528 75/75/1529 475/475/1530
f 97/97/1531 86/86/1532 476/476/1533
f 475/475/1534 476/476/1535 86/86/1536
f 477/477/1537 478/478/1538 479/479/1539
f 241/241/1540 477/477/1541 480/480/1542
f 479/479/1543 480/480/1544 477/477/1545
f 480/480/1546 481/481/1547 241/241/1548
f 482/482/1549 74/74/1550 241/241/1551
f 482/482/1552 475/475/1553 75/75/1554
f 75/75/1555 74/74/1556 482/482/1557
f 241/241/1558 481/481/1559 482/482/1560
f 483/483/1561 466/466/1562 479/479/1563
f 479/479/1564 478/478/1565 483/483/1566
f 463/463/1567 466/466/1568 483/483/1569
f 484/484/1570 435/435/1571 433/433/1572
f 433/433/1573 485/485/1574 484/484/1575
f 485/485/1576 433/433/1577 431/431/1578
f 484/484/1579 485/485/1580 486/486/1581
f 486/486/1582 487/487/1583 484/484/1584
f 488/488/1585 417/417/1586 416/416/1587
f 416/416/1588 489/489/1589 488/488/1590
f 417/417/1591 488/488/1592 490/490/1593
f 490/490/1594 419/419/1595 417/417/1596
f 491/491/1597 421/421/1598 419/419/1599
f 422/422/1600 421/421/1601 491/491/1602
f 419/419/1603 490/490/1604 491/491/1605
f 491/491/1606 492/492/1607 422/422/1608
f 425/425/1609 422/422/1610 492/492/1611
f 492/492/1612 493/493/1613 425/425/1614
f 494/494/1615 426/426/1616 425/425/1617
f 425/425/1618 493/493/1619 494/494/1620
f 426/426/1621 494/494/1622 495/495/1623
f 427/427/1624 426/426/1625 496/496/1626
f 495/495/1627 496/496/1628 426/426/1629
f 496/496/1630 429/429/1631 427/427/1632
f 496/496/1633 495/495/1634 497/497/1635
f 497/497/1636 486/486/1637 485/485/1638
f 497/497/1639 498/498/1640 496/496/1641
f 485/485/1642 498/498/1643 497/497/1644
f 429/429/1645 496/496/1646 498/498/1647
f 498/498/1648 431/431/1649 429/429/1650
f 431/431/1651 498/498/1652 485/485/1653
f 415/415/1654 414/414/1655 499/499/1656
f 499/499/1657 500/500/1658 415/415/1659
f 414/414/1660 418/418/1661 501/501/1662
f 501/501/1663 499/499/1664 414/414/1665
f 502/502/1666 501/501/1667 418/418/1668
f 418/418/1669 420/420/1670 502/502/1671
f 420/420/1672 423/423/1673 503/503/1674
f 503/503/1675 502/502/1676 420/420/1677
f 504/504/1678 503/503/1679 423/423/1680
f 423/423/1681 424/424/1682 504/504/1683
f 428/428/1684 504/504/1685 424/424/1686
f 487/487/1687 486/486/1688 505/505/1689
f 505/505/1690 506/506/1691 487/487/1692
f 488/488/1693 489/489/1694 507/507/1695
f 507/507/1696 508/508/1697 488/488/1698
f 509/509/1699 490/490/1700 488/488/1701
f 488/488/1702 508/508/1703 509/509/1704
f 490/490/1705 509/509/1706 510/510/1707
f 492/492/1708 491/491/1709 510/510/1710
f 510/510/1711 491/491/1712 490/490/1713
f 510/510/1714 511/511/1715 492/492/1716
f 493/493/1717 492/492/1718 511/511/1719
f 511/511/1720 512/512/1721 493/493/1722
f 494/494/1723 493/493/1724 512/512/1725
f 512/512/1726 513/513/1727 494/494/1728
f 494/494/1729 513/513/1730 514/514/1731
f 514/514/1732 495/495/1733 494/494/1734
f 515/515/1735 505/505/1736 486/486/1737
f 495/495/1738 514/514/1739 515/515/1740
f 515/515/1741 497/497/1742 495/495/1743
f 486/486/1744 497/497/1745 515/515/1746
f 428/428/1747 430/430/1748 516/516/1749
f 516/516/1750 430/430/1751 432/432/1752
f 516/516/1753 517/517/1754 428/428/1755
f 432/432/1756 518/518/1757 516/516/1758
f 518/518/1759 432/432/1760 434/434/1761
f 434/434/1762 519/519/1763 518/518/1764
f 519/519/1765 434/434/1766 436/436/1767
f 436/436/1768 520/520/1769 519/519/1770
f 500/500/1771 499/499/1772 521/521/1773
f 521/521/1774 522/522/1775 500/500/1776
f 499/499/1777 501/501/1778 523/523/1779
f 523/523/1780 521/521/1781 499/499/1782
f 524/524/1783 523/523/1784 501/501/1785
f 501/501/1786 502/502/1787 524/524/1788
f 502/502/1789 503/503/1790 525/525/1791
f 525/525/1792 524/524/1793 502/502/1794
f 526/526/1795 504/504/1796 428/428/1797
f 428/428/1798 517/517/1799 526/526/1800
f 526/526/1801 525/525/1802 503/503/1803
f 503/503/1804 504/504/1805 526/526/1806
f 527/527/1807 528/528/1808 529/529/1809
f 529/529/1810 530/530/1811 527/527/1812
f 531/531/1813 532/532/1814 533/533/1815
f 533/533/1816 534/534/1817 531/531/1818
f 535/535/1819 536/536/1820 468/468/1821
f 467/467/1822 468/468/1823 536/536/1824
f 537/537/1825 111/111/1826 110/110/1827
f 538/538/1828 539/539/1829 537/537/1830
f 467/467/1831 540/540/1832 110/110/1833
f 110/110/1834 540/540/1835 537/537/1836
f 537/537/1837 540/540/1838 538/538/1839
f 541/541/1840 542/542/1841 543/543/1842
f 543/543/1843 544/544/1844 541/541/1845
f 545/545/1846 546/546/1847 547/547/1848
f 547/547/1849 548/548/1850 545/545/1851
f 1775/1775/1852 1776/1776/1853 1777/1777/1854
f 1778/1778/1855 1779/1779/1856 1780/1780/1857
f 1781/1781/1858 1782/1782/1859 1783/1783/1860
f 1784/1784/1861 1785/1785/1862 1786/1786/1863
f 550/550/1864 551/551/1865 549/549/1866
f 548/548/1867 547/547/1868 552/552/1869
f 552/552/1870 553/553/1871 143/143/1872
f 554/554/1873 555/555/1874 556/556/1875
f 552/552/1876 547/547/1877 557/557/1878
f 557/557/1879 553/553/1880 552/552/1881
f 550/550/1882 556/556/1883 558/558/1884
f 558/558/1885 556/556/1886 555/555/1887
f 558/558/1888 551/551/1889 550/550/1890
f 555/555/1891 559/559/1892 558/558/1893
f 560/560/1894 561/561/1895 562/562/1896
f 562/562/1897 563/563/1898 560/560/1899
f 564/564/1900 565/565/1901 566/566/1902
f 566/566/1903 567/567/1904 564/564/1905
f 568/568/1906 569/569/1907 570/570/1908
f 570/570/1909 571/571/1910 568/568/1911
f 249/249/1912 248/248/1913 572/572/1914
f 573/573/1915 574/574/1916 563/563/1917
f 563/563/1918 562/562/1919 573/573/1920
f 575/575/1921 574/574/1922 573/573/1923
f 573/573/1924 576/576/1925 575/575/1926
f 577/577/1927 578/578/1928 579/579/1929
f 579/579/1930 580/580/1931 577/577/1932
f 578/578/1933 577/577/1934 581/581/1935
f 581/581/1936 582/582/1937 578/578/1938
f 583/583/1939 527/527/1940 530/530/1941
f 583/583/1942 584/584/1943 585/585/1944
f 583/583/1945 585/585/1946 527/527/1947
f 167/167/1948 586/586/1949 587/587/1950
f 588/588/1951 168/168/1952 167/167/1953
f 587/587/1954 588/588/1955 167/167/1956
f 142/142/1957 143/143/1958 589/589/1959
f 170/170/1960 142/142/1961 589/589/1962
f 590/590/1963 591/591/1964 592/592/1965
f 592/592/1966 593/593/1967 590/590/1968
f 594/594/1969 595/595/1970 596/596/1971
f 167/167/1972 597/597/1973 586/586/1974
f 598/598/1975 596/596/1976 599/599/1977
f 599/599/1978 600/600/1979 598/598/1980
f 601/601/1981 602/602/1982 603/603/1983
f 603/603/1984 604/604/1985 601/601/1986
f 602/602/1987 601/601/1988 605/605/1989
f 605/605/1990 606/606/1991 602/602/1992
f 607/607/1993 593/593/1994 592/592/1995
f 592/592/1996 608/608/1997 607/607/1998
f 587/587/1999 586/586/2000 609/609/2001
f 609/609/2002 610/610/2003 587/587/2004
f 604/604/2005 603/603/2006 611/611/2007
f 611/611/2008 612/612/2009 604/604/2010
f 596/596/2011 613/613/2012 599/599/2013
f 596/596/2014 595/595/2015 614/614/2016
f 614/614/2017 613/613/2018 596/596/2019
f 613/613/2020 614/614/2021 615/615/2022
f 615/615/2023 616/616/2024 613/613/2025
f 607/607/2026 608/608/2027 617/617/2028
f 617/617/2029 612/612/2030 611/611/2031
f 611/611/2032 618/618/2033 617/617/2034
f 617/617/2035 618/618/2036 607/607/2037
f 561/561/2038 560/560/2039 619/619/2040
f 619/619/2041 620/620/2042 561/561/2043
f 620/620/2044 619/619/2045 621/621/2046
f 621/621/2047 622/622/2048 620/620/2049
f 623/623/2050 582/582/2051 581/581/2052
f 622/622/2053 621/621/2054 623/623/2055
f 581/581/2056 624/624/2057 623/623/2058
f 623/623/2059 624/624/2060 622/622/2061
f 192/192/2062 625/625/2063 626/626/2064
f 626/626/2065 193/193/2066 192/192/2067
f 297/297/2068 627/627/2069 628/628/2070
f 209/209/2071 219/219/2072 628/628/2073
f 219/219/2074 297/297/2075 628/628/2076
f 193/193/2077 626/626/2078 629/629/2079
f 193/193/2080 629/629/2081 207/207/2082
f 630/630/2083 195/195/2084 209/209/2085
f 209/209/2086 628/628/2087 630/630/2088
f 630/630/2089 625/625/2090 192/192/2091
f 195/195/2092 630/630/2093 192/192/2094
f 323/323/2095 325/325/2096 631/631/2097
f 631/631/2098 325/325/2099 318/318/2100
f 318/318/2101 632/632/2102 631/631/2103
f 231/231/2104 632/632/2105 318/318/2106
f 632/632/2107 633/633/2108 631/631/2109
f 627/627/2110 297/297/2111 634/634/2112
f 634/634/2113 297/297/2114 296/296/2115
f 296/296/2116 323/323/2117 634/634/2118
f 631/631/2119 634/634/2120 323/323/2121
f 635/635/2122 197/197/2123 185/185/2124
f 185/185/2125 184/184/2126 635/635/2127
f 197/197/2128 635/635/2129 636/636/2130
f 636/636/2131 211/211/2132 197/197/2133
f 637/637/2134 221/221/2135 211/211/2136
f 211/211/2137 636/636/2138 637/637/2139
f 221/221/2140 637/637/2141 638/638/2142
f 638/638/2143 237/237/2144 221/221/2145
f 237/237/2146 638/638/2147 639/639/2148
f 639/639/2149 640/640/2150 237/237/2151
f 641/641/2152 332/332/2153 331/331/2154
f 331/331/2155 642/642/2156 641/641/2157
f 642/642/2158 643/643/2159 644/644/2160
f 644/644/2161 641/641/2162 642/642/2163
f 645/645/2164 646/646/2165 647/647/2166
f 647/647/2167 648/648/2168 645/645/2169
f 649/649/2170 646/646/2171 645/645/2172
f 227/227/2173 649/649/2174 650/650/2175
f 650/650/2176 228/228/2177 227/227/2178
f 645/645/2179 650/650/2180 649/649/2181
f 651/651/2182 215/215/2183 214/214/2184
f 214/214/2185 652/652/2186 651/651/2187
f 229/229/2188 651/651/2189 652/652/2190
f 652/652/2191 226/226/2192 229/229/2193
f 217/217/2194 216/216/2195 653/653/2196
f 653/653/2197 203/203/2198 202/202/2199
f 202/202/2200 654/654/2201 653/653/2202
f 653/653/2203 654/654/2204 217/217/2205
f 655/655/2206 248/248/2207 247/247/2208
f 247/247/2209 656/656/2210 655/655/2211
f 655/655/2212 656/656/2213 657/657/2214
f 657/657/2215 658/658/2216 655/655/2217
f 659/659/2218 660/660/2219 33/33/2220
f 28/28/2221 659/659/2222 32/32/2223
f 661/661/2224 660/660/2225 659/659/2226
f 33/33/2227 32/32/2228 659/659/2229
f 28/28/2230 27/27/2231 662/662/2232
f 53/53/2233 662/662/2234 27/27/2235
f 659/659/2236 662/662/2237 661/661/2238
f 662/662/2239 53/53/2240 54/54/2241
f 54/54/2242 661/661/2243 662/662/2244
f 662/662/2245 659/659/2246 28/28/2247
f 16/16/2248 18/18/2249 663/663/2250
f 664/664/2251 37/37/2252 36/36/2253
f 36/36/2254 663/663/2255 664/664/2256
f 665/665/2257 29/29/2258 10/10/2259
f 29/29/2260 665/665/2261 39/39/2262
f 665/665/2263 663/663/2264 36/36/2265
f 663/663/2266 665/665/2267 16/16/2268
f 10/10/2269 16/16/2270 665/665/2271
f 36/36/2272 39/39/2273 665/665/2274
f 46/46/2275 666/666/2276 56/56/2277
f 21/21/2278 56/56/2279 666/666/2280
f 666/666/2281 46/46/2282 50/50/2283
f 666/666/2284 63/63/2285 21/21/2286
f 50/50/2287 667/667/2288 666/666/2289
f 63/63/2290 666/666/2291 667/667/2292
f 667/667/2293 66/66/2294 63/63/2295
f 663/663/2296 18/18/2297 668/668/2298
f 668/668/2299 18/18/2300 17/17/2301
f 668/668/2302 664/664/2303 663/663/2304
f 90/90/2305 292/292/2306 669/669/2307
f 669/669/2308 292/292/2309 291/291/2310
f 669/669/2311 670/670/2312 90/90/2313
f 99/99/2314 90/90/2315 670/670/2316
f 670/670/2317 671/671/2318 99/99/2319
f 113/113/2320 99/99/2321 671/671/2322
f 111/111/2323 537/537/2324 672/672/2325
f 132/132/2326 113/113/2327 673/673/2328
f 671/671/2329 673/673/2330 113/113/2331
f 131/131/2332 130/130/2333 674/674/2334
f 674/674/2335 544/544/2336 543/543/2337
f 543/543/2338 675/675/2339 674/674/2340
f 552/552/2341 675/675/2342 548/548/2343
f 674/674/2344 675/675/2345 131/131/2346
f 143/143/2347 131/131/2348 675/675/2349
f 675/675/2350 552/552/2351 143/143/2352
f 145/145/2353 132/132/2354 676/676/2355
f 673/673/2356 676/676/2357 132/132/2358
f 676/676/2359 677/677/2360 145/145/2361
f 291/291/2362 678/678/2363 669/669/2364
f 679/679/2365 468/468/2366 459/459/2367
f 459/459/2368 462/462/2369 679/679/2370
f 679/679/2371 462/462/2372 465/465/2373
f 465/465/2374 464/464/2375 679/679/2376
f 680/680/2377 465/465/2378 462/462/2379
f 680/680/2380 479/479/2381 466/466/2382
f 466/466/2383 465/465/2384 680/680/2385
f 462/462/2386 461/461/2387 680/680/2388
f 681/681/2389 575/575/2390 576/576/2391
f 576/576/2392 682/682/2393 681/681/2394
f 683/683/2395 80/80/2396 79/79/2397
f 79/79/2398 684/684/2399 683/683/2400
f 683/683/2401 684/684/2402 685/685/2403
f 685/685/2404 686/686/2405 683/683/2406
f 687/687/2407 688/688/2408 689/689/2409
f 689/689/2410 688/688/2411 100/100/2412
f 100/100/2413 103/103/2414 689/689/2415
f 689/689/2416 690/690/2417 687/687/2418
f 134/134/2419 137/137/2420 691/691/2421
f 691/691/2422 692/692/2423 134/134/2424
f 693/693/2425 692/692/2426 691/691/2427
f 691/691/2428 694/694/2429 693/693/2430
f 695/695/2431 149/149/2432 148/148/2433
f 148/148/2434 696/696/2435 695/695/2436
f 695/695/2437 696/696/2438 160/160/2439
f 160/160/2440 159/159/2441 695/695/2442
f 697/697/2443 177/177/2444 176/176/2445
f 176/176/2446 698/698/2447 697/697/2448
f 189/189/2449 188/188/2450 697/697/2451
f 697/697/2452 698/698/2453 189/189/2454
f 699/699/2455 150/150/2456 151/151/2457
f 151/151/2458 700/700/2459 699/699/2460
f 161/161/2461 701/701/2462 702/702/2463
f 151/151/2464 161/161/2465 702/702/2466
f 377/377/2467 376/376/2468 703/703/2469
f 703/703/2470 704/704/2471 377/377/2472
f 705/705/2473 375/375/2474 374/374/2475
f 376/376/2476 375/375/2477 706/706/2478
f 375/375/2479 705/705/2480 706/706/2481
f 158/158/2482 157/157/2483 707/707/2484
f 707/707/2485 708/708/2486 158/158/2487
f 175/175/2488 178/178/2489 709/709/2490
f 709/709/2491 710/710/2492 175/175/2493
f 711/711/2494 161/161/2495 162/162/2496
f 162/162/2497 179/179/2498 711/711/2499
f 193/193/2500 206/206/2501 711/711/2502
f 711/711/2503 179/179/2504 193/193/2505
f 712/712/2506 713/713/2507 67/67/2508
f 67/67/2509 714/714/2510 712/712/2511
f 714/714/2512 67/67/2513 70/70/2514
f 70/70/2515 84/84/2516 714/714/2517
f 715/715/2518 341/341/2519 340/340/2520
f 340/340/2521 369/369/2522 715/715/2523
f 686/686/2524 685/685/2525 716/716/2526
f 716/716/2527 717/717/2528 686/686/2529
f 718/718/2530 687/687/2531 690/690/2532
f 719/719/2533 718/718/2534 720/720/2535
f 690/690/2536 720/720/2537 718/718/2538
f 720/720/2539 721/721/2540 719/719/2541
f 232/232/2542 319/319/2543 722/722/2544
f 722/722/2545 233/233/2546 232/232/2547
f 384/384/2548 383/383/2549 723/723/2550
f 723/723/2551 724/724/2552 384/384/2553
f 725/725/2554 385/385/2555 384/384/2556
f 384/384/2557 724/724/2558 725/725/2559
f 726/726/2560 406/406/2561 409/409/2562
f 405/405/2563 404/404/2564 726/726/2565
f 726/726/2566 727/727/2567 405/405/2568
f 409/409/2569 727/727/2570 726/726/2571
f 728/728/2572 644/644/2573 643/643/2574
f 643/643/2575 729/729/2576 728/728/2577
f 730/730/2578 317/317/2579 68/68/2580
f 731/731/2581 83/83/2582 82/82/2583
f 82/82/2584 732/732/2585 731/731/2586
f 82/82/2587 91/91/2588 733/733/2589
f 734/734/2590 732/732/2591 82/82/2592
f 733/733/2593 734/734/2594 82/82/2595
f 119/119/2596 735/735/2597 736/736/2598
f 737/737/2599 119/119/2600 118/118/2601
f 737/737/2602 735/735/2603 119/119/2604
f 118/118/2605 738/738/2606 737/737/2607
f 699/699/2608 739/739/2609 150/150/2610
f 738/738/2611 118/118/2612 740/740/2613
f 740/740/2614 118/118/2615 150/150/2616
f 150/150/2617 739/739/2618 740/740/2619
f 315/315/2620 741/741/2621 69/69/2622
f 69/69/2623 741/741/2624 322/322/2625
f 368/368/2626 742/742/2627 743/743/2628
f 371/371/2629 370/370/2630 744/744/2631
f 744/744/2632 745/745/2633 371/371/2634
f 371/371/2635 745/745/2636 746/746/2637
f 372/372/2638 371/371/2639 746/746/2640
f 747/747/2641 373/373/2642 372/372/2643
f 372/372/2644 748/748/2645 747/747/2646
f 373/373/2647 749/749/2648 750/750/2649
f 750/750/2650 374/374/2651 373/373/2652
f 374/374/2653 750/750/2654 751/751/2655
f 751/751/2656 752/752/2657 374/374/2658
f 374/374/2659 752/752/2660 705/705/2661
f 753/753/2662 742/742/2663 368/368/2664
f 368/368/2665 392/392/2666 753/753/2667
f 754/754/2668 755/755/2669 399/399/2670
f 403/403/2671 755/755/2672 754/754/2673
f 754/754/2674 402/402/2675 403/403/2676
f 399/399/2677 398/398/2678 754/754/2679
f 369/369/2680 756/756/2681 757/757/2682
f 757/757/2683 715/715/2684 369/369/2685
f 717/717/2686 716/716/2687 758/758/2688
f 758/758/2689 759/759/2690 717/717/2691
f 760/760/2692 761/761/2693 762/762/2694
f 762/762/2695 207/207/2696 760/760/2697
f 379/379/2698 378/378/2699 763/763/2700
f 378/378/2701 764/764/2702 763/763/2703
f 763/763/2704 765/765/2705 379/379/2706
f 766/766/2707 380/380/2708 379/379/2709
f 379/379/2710 765/765/2711 766/766/2712
f 382/382/2713 381/381/2714 767/767/2715
f 381/381/2716 768/768/2717 767/767/2718
f 648/648/2719 647/647/2720 769/769/2721
f 769/769/2722 770/770/2723 648/648/2724
f 771/771/2725 772/772/2726 377/377/2727
f 772/772/2728 764/764/2729 378/378/2730
f 772/772/2731 378/378/2732 377/377/2733
f 377/377/2734 773/773/2735 771/771/2736
f 704/704/2737 773/773/2738 377/377/2739
f 774/774/2740 711/711/2741 206/206/2742
f 206/206/2743 205/205/2744 774/774/2745
f 711/711/2746 774/774/2747 775/775/2748
f 711/711/2749 775/775/2750 776/776/2751
f 711/711/2752 776/776/2753 161/161/2754
f 1787/1787/2755 1788/1788/2756 1789/1789/2757
f 1790/1790/2758 1791/1791/2759 1792/1792/2760
f 777/777/2761 778/778/2762 779/779/2763
f 779/779/2764 780/780/2765 777/777/2766
f 781/781/2767 782/782/2768 783/783/2769
f 783/783/2770 784/784/2771 781/781/2772
f 785/785/2773 786/786/2774 787/787/2775
f 787/787/2776 788/788/2777 785/785/2778
f 540/540/2779 467/467/2780 789/789/2781
f 789/789/2782 790/790/2783 540/540/2784
f 791/791/2785 792/792/2786 793/793/2787
f 793/793/2788 794/794/2789 791/791/2790
f 795/795/2791 796/796/2792 797/797/2793
f 797/797/2794 798/798/2795 795/795/2796
f 1793/1793/2797 1794/1794/2798 1795/1795/2799
f 1796/1796/2800 1797/1797/2801 1798/1798/2802
f 799/799/2803 795/795/2804 798/798/2805
f 798/798/2806 800/800/2807 799/799/2808
f 801/801/2809 802/802/2810 803/803/2811
f 803/803/2812 804/804/2813 801/801/2814
f 805/805/2815 806/806/2816 807/807/2817
f 807/807/2818 808/808/2819 805/805/2820
f 809/809/2821 672/672/2822 537/537/2823
f 537/537/2824 810/810/2825 809/809/2826
f 811/811/2827 812/812/2828 813/813/2829
f 813/813/2830 814/814/2831 811/811/2832
f 1799/1799/2833 1800/1800/2834 1801/1801/2835
f 815/815/2836 816/816/2837 817/817/2838
f 817/817/2839 818/818/2840 815/815/2841
f 819/819/2842 820/820/2843 821/821/2844
f 821/821/2845 822/822/2846 819/819/2847
f 565/565/2848 823/823/2849 824/824/2850
f 824/824/2851 566/566/2852 565/565/2853
f 1802/1802/2854 1803/1803/2855 1804/1804/2856
f 1805/1805/2857 1806/1806/2858 1807/1807/2859
f 825/825/2860 826/826/2861 827/827/2862
f 827/827/2863 828/828/2864 825/825/2865
f 829/829/2866 830/830/2867 831/831/2868
f 831/831/2869 832/832/2870 829/829/2871
f 826/826/2872 825/825/2873 833/833/2874
f 833/833/2875 834/834/2876 826/826/2877
f 835/835/2878 569/569/2879 568/568/2880
f 568/568/2881 836/836/2882 835/835/2883
f 1808/1808/2884 1809/1809/2885 1810/1810/2886
f 580/580/2887 579/579/2888 837/837/2889
f 837/837/2890 838/838/2891 580/580/2892
f 839/839/2893 840/840/2894 841/841/2895
f 841/841/2896 842/842/2897 839/839/2898
f 843/843/2899 844/844/2900 845/845/2901
f 845/845/2902 846/846/2903 843/843/2904
f 847/847/2905 760/760/2906 207/207/2907
f 632/632/2908 760/760/2909 847/847/2910
f 207/207/2911 629/629/2912 847/847/2913
f 847/847/2914 633/633/2915 632/632/2916
f 17/17/2917 848/848/2918 668/668/2919
f 338/338/2920 849/849/2921 388/388/2922
f 390/390/2923 850/850/2924 367/367/2925
f 204/204/2926 207/207/2927 851/851/2928
f 762/762/2929 851/851/2930 207/207/2931
f 760/760/2932 852/852/2933 853/853/2934
f 853/853/2935 761/761/2936 760/760/2937
f 851/851/2938 854/854/2939 204/204/2940
f 855/855/2941 380/380/2942 766/766/2943
f 766/766/2944 856/856/2945 855/855/2946
f 767/767/2947 857/857/2948 382/382/2949
f 857/857/2950 858/858/2951 859/859/2952
f 859/859/2953 382/382/2954 857/857/2955
f 702/702/2956 860/860/2957 151/151/2958
f 706/706/2959 861/861/2960 376/376/2961
f 740/740/2962 862/862/2963 738/738/2964
f 747/747/2965 863/863/2966 373/373/2967
f 373/373/2968 863/863/2969 749/749/2970
f 746/746/2971 864/864/2972 372/372/2973
f 372/372/2974 864/864/2975 748/748/2976
f 865/865/2977 733/733/2978 91/91/2979
f 865/865/2980 91/91/2981 104/104/2982
f 104/104/2983 866/866/2984 865/865/2985
f 867/867/2986 756/756/2987 369/369/2988
f 368/368/2989 743/743/2990 867/867/2991
f 867/867/2992 369/369/2993 368/368/2994
f 67/67/2995 713/713/2996 868/868/2997
f 868/868/2998 730/730/2999 68/68/3000
f 68/68/3001 67/67/3002 868/868/3003
f 161/161/3004 776/776/3005 869/869/3006
f 869/869/3007 701/701/3008 161/161/3009
f 558/558/3010 870/870/3011 871/871/3012
f 871/871/3013 551/551/3014 558/558/3015
f 1811/1811/3016 1812/1812/3017 1813/1813/3018
f 1814/1814/3019 1815/1815/3020 1816/1816/3021
f 1817/1817/3022 1818/1818/3023 1819/1819/3024
f 1820/1820/3025 1821/1821/3026 1822/1822/3027
f 1823/1823/3028 1824/1824/3029 1825/1825/3030
f 536/536/3031 872/872/3032 467/467/3033
f 539/539/3034 873/873/3035 537/537/3036
f 675/675/3037 543/543/3038 874/874/3039
f 874/874/3040 548/548/3041 675/675/3042
f 875/875/3043 876/876/3044 877/877/3045
f 584/584/3046 583/583/3047 878/878/3048
f 878/878/3049 877/877/3050 584/584/3051
f 877/877/3052 878/878/3053 875/875/3054
f 681/681/3055 682/682/3056 879/879/3057
f 879/879/3058 880/880/3059 681/681/3060
f 606/606/3061 605/605/3062 880/880/3063
f 880/880/3064 879/879/3065 606/606/3066
f 881/881/3067 598/598/3068 600/600/3069
f 882/882/3070 881/881/3071 883/883/3072
f 600/600/3073 883/883/3074 881/881/3075
f 238/238/3076 239/239/3077 884/884/3078
f 884/884/3079 885/885/3080 238/238/3081
f 886/886/3082 887/887/3083 888/888/3084
f 888/888/3085 889/889/3086 886/886/3087
f 531/531/3088 890/890/3089 891/891/3090
f 891/891/3091 892/892/3092 531/531/3093
f 531/531/3094 534/534/3095 893/893/3096
f 893/893/3097 890/890/3098 531/531/3099
f 894/894/3100 893/893/3101 534/534/3102
f 534/534/3103 895/895/3104 894/894/3105
f 896/896/3106 897/897/3107 894/894/3108
f 897/897/3109 896/896/3110 898/898/3111
f 898/898/3112 899/899/3113 897/897/3114
f 891/891/3115 899/899/3116 898/898/3117
f 894/894/3118 900/900/3119 896/896/3120
f 896/896/3121 900/900/3122 901/901/3123
f 898/898/3124 901/901/3125 891/891/3126
f 901/901/3127 898/898/3128 896/896/3129
f 897/897/3130 899/899/3131 902/902/3132
f 902/902/3133 899/899/3134 891/891/3135
f 891/891/3136 890/890/3137 902/902/3138
f 890/890/3139 893/893/3140 903/903/3141
f 903/903/3142 902/902/3143 890/890/3144
f 903/903/3145 893/893/3146 894/894/3147
f 902/902/3148 903/903/3149 897/897/3150
f 894/894/3151 897/897/3152 903/903/3153
f 892/892/3154 891/891/3155 904/904/3156
f 904/904/3157 905/905/3158 892/892/3159
f 906/906/3160 894/894/3161 895/895/3162
f 895/895/3163 907/907/3164 906/906/3165
f 908/908/3166 900/900/3167 894/894/3168
f 894/894/3169 906/906/3170 908/908/3171
f 901/901/3172 900/900/3173 908/908/3174
f 891/891/3175 901/901/3176 909/909/3177
f 908/908/3178 909/909/3179 901/901/3180
f 909/909/3181 904/904/3182 891/891/3183
f 910/910/3184 908/908/3185 906/906/3186
f 904/904/3187 909/909/3188 911/911/3189
f 911/911/3190 909/909/3191 908/908/3192
f 908/908/3193 910/910/3194 911/911/3195
f 911/911/3196 910/910/3197 912/912/3198
f 906/906/3199 912/912/3200 910/910/3201
f 912/912/3202 913/913/3203 911/911/3204
f 911/911/3205 913/913/3206 904/904/3207
f 914/914/3208 242/242/3209 915/915/3210
f 915/915/3211 916/916/3212 914/914/3213
f 917/917/3214 915/915/3215 242/242/3216
f 242/242/3217 245/245/3218 917/917/3219
f 917/917/3220 245/245/3221 918/918/3222
f 918/918/3223 919/919/3224 917/917/3225
f 916/916/3226 915/915/3227 920/920/3228
f 919/919/3229 916/916/3230 921/921/3231
f 920/920/3232 921/921/3233 916/916/3234
f 915/915/3235 917/917/3236 922/922/3237
f 922/922/3238 920/920/3239 915/915/3240
f 921/921/3241 923/923/3242 919/919/3243
f 917/917/3244 919/919/3245 923/923/3246
f 923/923/3247 922/922/3248 917/917/3249
f 921/921/3250 920/920/3251 924/924/3252
f 923/923/3253 921/921/3254 924/924/3255
f 922/922/3256 923/923/3257 925/925/3258
f 925/925/3259 924/924/3260 920/920/3261
f 924/924/3262 925/925/3263 923/923/3264
f 920/920/3265 922/922/3266 925/925/3267
f 926/926/3268 914/914/3269 916/916/3270
f 916/916/3271 927/927/3272 926/926/3273
f 928/928/3274 926/926/3275 927/927/3276
f 929/929/3277 919/919/3278 918/918/3279
f 927/927/3280 929/929/3281 928/928/3282
f 918/918/3283 928/928/3284 929/929/3285
f 916/916/3286 919/919/3287 930/930/3288
f 930/930/3289 931/931/3290 916/916/3291
f 929/929/3292 927/927/3293 932/932/3294
f 932/932/3295 927/927/3296 916/916/3297
f 916/916/3298 931/931/3299 932/932/3300
f 933/933/3301 930/930/3302 919/919/3303
f 932/932/3304 933/933/3305 929/929/3306
f 919/919/3307 929/929/3308 933/933/3309
f 930/930/3310 933/933/3311 934/934/3312
f 931/931/3313 930/930/3314 934/934/3315
f 932/932/3316 931/931/3317 934/934/3318
f 933/933/3319 932/932/3320 934/934/3321
f 935/935/3322 936/936/3323 937/937/3324
f 937/937/3325 938/938/3326 935/935/3327
f 528/528/3328 935/935/3329 938/938/3330
f 939/939/3331 937/937/3332 936/936/3333
f 936/936/3334 926/926/3335 939/939/3336
f 940/940/3337 941/941/3338 942/942/3339
f 942/942/3340 943/943/3341 940/940/3342
f 926/926/3343 928/928/3344 944/944/3345
f 940/940/3346 943/943/3347 944/944/3348
f 944/944/3349 939/939/3350 926/926/3351
f 944/944/3352 928/928/3353 940/940/3354
f 942/942/3355 938/938/3356 945/945/3357
f 945/945/3358 938/938/3359 937/937/3360
f 943/943/3361 942/942/3362 945/945/3363
f 944/944/3364 943/943/3365 946/946/3366
f 945/945/3367 946/946/3368 943/943/3369
f 937/937/3370 946/946/3371 945/945/3372
f 946/946/3373 947/947/3374 944/944/3375
f 947/947/3376 946/946/3377 937/937/3378
f 939/939/3379 944/944/3380 947/947/3381
f 937/937/3382 939/939/3383 947/947/3384
f 906/906/3385 907/907/3386 948/948/3387
f 948/948/3388 949/949/3389 950/950/3390
f 948/948/3391 951/951/3392 906/906/3393
f 950/950/3394 951/951/3395 948/948/3396
f 912/912/3397 906/906/3398 951/951/3399
f 905/905/3400 904/904/3401 952/952/3402
f 952/952/3403 953/953/3404 905/905/3405
f 951/951/3406 954/954/3407 912/912/3408
f 912/912/3409 954/954/3410 955/955/3411
f 955/955/3412 913/913/3413 912/912/3414
f 956/956/3415 954/954/3416 951/951/3417
f 955/955/3418 954/954/3419 956/956/3420
f 951/951/3421 950/950/3422 956/956/3423
f 956/956/3424 957/957/3425 955/955/3426
f 904/904/3427 913/913/3428 957/957/3429
f 957/957/3430 952/952/3431 904/904/3432
f 913/913/3433 955/955/3434 957/957/3435
f 958/958/3436 658/658/3437 657/657/3438
f 959/959/3439 658/658/3440 958/958/3441
f 958/958/3442 960/960/3443 959/959/3444
f 949/949/3445 959/959/3446 960/960/3447
f 960/960/3448 950/950/3449 949/949/3450
f 657/657/3451 961/961/3452 958/958/3453
f 961/961/3454 657/657/3455 953/953/3456
f 953/953/3457 952/952/3458 961/961/3459
f 962/962/3460 957/957/3461 956/956/3462
f 963/963/3463 956/956/3464 950/950/3465
f 956/956/3466 963/963/3467 962/962/3468
f 950/950/3469 960/960/3470 963/963/3471
f 960/960/3472 958/958/3473 964/964/3474
f 964/964/3475 958/958/3476 961/961/3477
f 964/964/3478 963/963/3479 960/960/3480
f 962/962/3481 963/963/3482 964/964/3483
f 961/961/3484 965/965/3485 964/964/3486
f 957/957/3487 962/962/3488 965/965/3489
f 965/965/3490 961/961/3491 952/952/3492
f 964/964/3493 965/965/3494 962/962/3495
f 952/952/3496 957/957/3497 965/965/3498
f 966/966/3499 529/529/3500 967/967/3501
f 967/967/3502 942/942/3503 941/941/3504
f 941/941/3505 966/966/3506 967/967/3507
f 938/938/3508 968/968/3509 528/528/3510
f 968/968/3511 967/967/3512 529/529/3513
f 529/529/3514 528/528/3515 968/968/3516
f 969/969/3517 938/938/3518 942/942/3519
f 942/942/3520 970/970/3521 969/969/3522
f 942/942/3523 967/967/3524 971/971/3525
f 971/971/3526 970/970/3527 942/942/3528
f 967/967/3529 968/968/3530 972/972/3531
f 972/972/3532 971/971/3533 967/967/3534
f 938/938/3535 969/969/3536 972/972/3537
f 972/972/3538 968/968/3539 938/938/3540
f 969/969/3541 970/970/3542 973/973/3543
f 972/972/3544 969/969/3545 973/973/3546
f 970/970/3547 971/971/3548 973/973/3549
f 971/971/3550 972/972/3551 973/973/3552
f 974/974/3553 975/975/3554 679/679/3555
f 1826/1826/3556 1827/1827/3557 1828/1828/3558
f 1829/1829/3559 1830/1830/3560 1831/1831/3561
f 835/835/3562 836/836/3563 976/976/3564
f 976/976/3565 977/977/3566 835/835/3567
f 464/464/3568 978/978/3569 979/979/3570
f 679/679/3571 464/464/3572 979/979/3573
f 980/980/3574 981/981/3575 982/982/3576
f 982/982/3577 983/983/3578 980/980/3579
f 984/984/3580 985/985/3581 986/986/3582
f 986/986/3583 987/987/3584 984/984/3585
f 678/678/3586 988/988/3587 989/989/3588
f 989/989/3589 669/669/3590 678/678/3591
f 167/167/3592 170/170/3593 990/990/3594
f 990/990/3595 597/597/3596 167/167/3597
f 589/589/3598 990/990/3599 170/170/3600
f 1832/1832/3601 1833/1833/3602 1834/1834/3603
f 991/991/3604 468/468/3605 679/679/3606
f 679/679/3607 975/975/3608 991/991/3609
f 979/979/3610 992/992/3611 679/679/3612
f 1835/1835/3613 1836/1836/3614 1837/1837/3615
f 993/993/3616 886/886/3617 889/889/3618
f 994/994/3619 287/287/3620 286/286/3621
f 889/889/3622 994/994/3623 993/993/3624
f 286/286/3625 993/993/3626 994/994/3627
f 995/995/3628 237/237/3629 640/640/3630
f 995/995/3631 282/282/3632 237/237/3633
f 640/640/3634 996/996/3635 995/995/3636
f 884/884/3637 239/239/3638 997/997/3639
f 239/239/3640 284/284/3641 997/997/3642
f 997/997/3643 998/998/3644 884/884/3645
f 999/999/3646 677/677/3647 171/171/3648
f 999/999/3649 171/171/3650 295/295/3651
f 999/999/3652 1000/1000/3653 677/677/3654
f 1000/1000/3655 145/145/3656 677/677/3657
f 1001/1001/3658 1002/1002/3659 1003/1003/3660
f 1003/1003/3661 1004/1004/3662 1001/1001/3663
f 1005/1005/3664 1001/1001/3665 1004/1004/3666
f 1004/1004/3667 1006/1006/3668 1005/1005/3669
f 1002/1002/3670 1007/1007/3671 1008/1008/3672
f 1008/1008/3673 1003/1003/3674 1002/1002/3675
f 1009/1009/3676 1008/1008/3677 1007/1007/3678
f 1007/1007/3679 1010/1010/3680 1009/1009/3681
f 1011/1011/3682 1012/1012/3683 1013/1013/3684
f 1013/1013/3685 1014/1014/3686 1011/1011/3687
f 1015/1015/3688 1013/1013/3689 1012/1012/3690
f 1012/1012/3691 1016/1016/3692 1015/1015/3693
f 1015/1015/3694 1016/1016/3695 1017/1017/3696
f 1017/1017/3697 1018/1018/3698 1015/1015/3699
f 1018/1018/3700 1017/1017/3701 1019/1019/3702
f 1019/1019/3703 1020/1020/3704 1018/1018/3705
s 1
f 1022/1022/3706 1021/1021/3707 1436/1436/3708 1399/1399/3709
s 2
f 1022/1022/3710 1023/1023/3711 1337/1337/3712 1336/1336/3713
s 3
f 1024/1024/3714 1023/1023/3715 1400/1400/3716 1401/1401/3717
s 4
f 1024/1024/3718 1025/1025/3719 1339/1339/3720 1338/1338/3721
s 5
f 1026/1026/3722 1025/1025/3723 1402/1402/3724 1403/1403/3725
s 7
f 1026/1026/3726 1027/1027/3727 1341/1341/3728 1340/1340/3729
s 10
f 1028/1028/3730 1027/1027/3731 1404/1404/3732 1405/1405/3733
s 11
f 1028/1028/3734 1029/1029/3735 1343/1343/3736 1342/1342/3737
s 12
f 1030/1030/3738 1029/1029/3739 1406/1406/3740 1407/1407/3741
s 15
f 1032/1032/3742 1031/1031/3743 1437/1437/3744 1408/1408/3745
s 17
f 1032/1032/3746 1033/1033/3747 1346/1346/3748 1345/1345/3749
s 21
f 1034/1034/3750 1033/1033/3751 1409/1409/3752 1410/1410/3753
s 23
f 1036/1036/3754 1035/1035/3755 1348/1348/3756 1375/1375/3757
s 24
f 1034/1034/3758 1036/1036/3759 1375/1375/3760 1347/1347/3761
s 27
f 1037/1037/3762 1035/1035/3763 1411/1411/3764 1412/1412/3765
s 28
f 1037/1037/3766 1038/1038/3767 1350/1350/3768 1349/1349/3769
s 29
f 1039/1039/3770 1038/1038/3771 1413/1413/3772 1414/1414/3773
s 30
f 1039/1039/3774 1040/1040/3775 1352/1352/3776 1351/1351/3777
s 31
f 1041/1041/3778 1040/1040/3779 1415/1415/3780 1416/1416/3781
s 32
f 1041/1041/3782 1042/1042/3783 1354/1354/3784 1353/1353/3785
s 33
f 1043/1043/3786 1042/1042/3787 1417/1417/3788 1418/1418/3789
s 34
f 1043/1043/3790 1044/1044/3791 1356/1356/3792 1355/1355/3793
s 35
f 1045/1045/3794 1044/1044/3795 1419/1419/3796 1420/1420/3797
s 36
f 1045/1045/3798 1046/1046/3799 1358/1358/3800 1357/1357/3801
s 37
f 1047/1047/3802 1046/1046/3803 1421/1421/3804 1422/1422/3805
s 38
f 1047/1047/3806 1048/1048/3807 1360/1360/3808 1359/1359/3809
s 39
f 1049/1049/3810 1048/1048/3811 1423/1423/3812 1424/1424/3813
s 40
f 1049/1049/3814 1050/1050/3815 1362/1362/3816 1361/1361/3817
s 41
f 1051/1051/3818 1050/1050/3819 1425/1425/3820 1426/1426/3821
s 42
f 1052/1052/3822 1051/1051/3823 1426/1426/3824 1427/1427/3825
s 43
f 1052/1052/3826 1021/1021/3827 1373/1373/3828 1364/1364/3829
s 44
f 1054/1054/3830 1053/1053/3831 1365/1365/3832 1376/1376/3833
s 45
f 1054/1054/3834 1055/1055/3835 1440/1440/3836 1439/1439/3837
s 46
f 1057/1057/3838 1056/1056/3839 1441/1441/3840 1429/1429/3841
s 47
f 1057/1057/3842 1055/1055/3843 1377/1377/3844 1366/1366/3845
s 48
f 1058/1058/3846 1056/1056/3847 1378/1378/3848 1379/1379/3849
s 49
f 1058/1058/3850 1059/1059/3851 1443/1443/3852 1442/1442/3853
s 50
f 1060/1060/3854 1059/1059/3855 1380/1380/3856 1381/1381/3857
s 51
f 1060/1060/3858 1061/1061/3859 1445/1445/3860 1444/1444/3861
s 52
f 1062/1062/3862 1061/1061/3863 1382/1382/3864 1383/1383/3865
s 53
f 1062/1062/3866 1063/1063/3867 1447/1447/3868 1446/1446/3869
s 54
f 1065/1065/3870 1064/1064/3871 1448/1448/3872 1430/1430/3873
s 55
f 1065/1065/3874 1063/1063/3875 1384/1384/3876 1367/1367/3877
s 56
f 1066/1066/3878 1064/1064/3879 1385/1385/3880 1386/1386/3881
s 57
f 1066/1066/3882 1067/1067/3883 1450/1450/3884 1449/1449/3885
s 58
f 1068/1068/3886 1067/1067/3887 1387/1387/3888 1388/1388/3889
s 59
f 1068/1068/3890 1069/1069/3891 1452/1452/3892 1451/1451/3893
s 60
f 1070/1070/3894 1069/1069/3895 1389/1389/3896 1390/1390/3897
s 61
f 1070/1070/3898 1071/1071/3899 1454/1454/3900 1453/1453/3901
s 62
f 1073/1073/3902 1072/1072/3903 1455/1455/3904 1431/1431/3905
s 63
f 1073/1073/3906 1071/1071/3907 1391/1391/3908 1368/1368/3909
s 64
f 1074/1074/3910 1072/1072/3911 1392/1392/3912 1393/1393/3913
s 65
f 1074/1074/3914 1075/1075/3915 1457/1457/3916 1456/1456/3917
s 66
f 1077/1077/3918 1076/1076/3919 1458/1458/3920 1432/1432/3921
s 67
f 1077/1077/3922 1078/1078/3923 1370/1370/3924 1369/1369/3925
s 68
f 1079/1079/3926 1076/1076/3927 1395/1395/3928 1396/1396/3929
s 69
f 1079/1079/3930 1080/1080/3931 1460/1460/3932 1459/1459/3933
s 70
f 1082/1082/3934 1081/1081/3935 1461/1461/3936 1434/1434/3937
s 71
f 1082/1082/3938 1080/1080/3939 1397/1397/3940 1371/1371/3941
s 72
f 1083/1083/3942 1053/1053/3943 1428/1428/3944 1435/1435/3945
s 1
f 1110/1110/3946 1084/1084/3947 1373/1373/3948 1336/1336/3949
s 3
f 1112/1112/3950 1111/1111/3951 1337/1337/3952 1338/1338/3953
s 5
f 1114/1114/3954 1113/1113/3955 1339/1339/3956 1340/1340/3957
s 10
f 1116/1116/3958 1115/1115/3959 1341/1341/3960 1342/1342/3961
s 12
f 1118/1118/3962 1117/1117/3963 1343/1343/3964 1344/1344/3965
s 15
f 1119/1119/3966 1085/1085/3967 1374/1374/3968 1345/1345/3969
s 21
f 1121/1121/3970 1120/1120/3971 1346/1346/3972 1347/1347/3973
s 27
f 1123/1123/3974 1122/1122/3975 1348/1348/3976 1349/1349/3977
s 29
f 1125/1125/3978 1124/1124/3979 1350/1350/3980 1351/1351/3981
s 31
f 1127/1127/3982 1126/1126/3983 1352/1352/3984 1353/1353/3985
s 33
f 1129/1129/3986 1128/1128/3987 1354/1354/3988 1355/1355/3989
s 35
f 1131/1131/3990 1130/1130/3991 1356/1356/3992 1357/1357/3993
s 37
f 1133/1133/3994 1132/1132/3995 1358/1358/3996 1359/1359/3997
s 39
f 1135/1135/3998 1134/1134/3999 1360/1360/4000 1361/1361/4001
s 41
f 1137/1137/4002 1136/1136/4003 1362/1362/4004 1363/1363/4005
s 42
f 1138/1138/4006 1137/1137/4007 1363/1363/4008 1364/1364/4009
s 45
f 1087/1087/4010 1088/1088/4011 1377/1377/4012 1376/1376/4013
s 46
f 1140/1140/4014 1089/1089/4015 1378/1378/4016 1366/1366/4017
s 49
f 1090/1090/4018 1091/1091/4019 1380/1380/4020 1379/1379/4021
s 51
f 1092/1092/4022 1093/1093/4023 1382/1382/4024 1381/1381/4025
s 53
f 1094/1094/4026 1095/1095/4027 1384/1384/4028 1383/1383/4029
s 54
f 1141/1141/4030 1096/1096/4031 1385/1385/4032 1367/1367/4033
s 57
f 1097/1097/4034 1098/1098/4035 1387/1387/4036 1386/1386/4037
s 59
f 1099/1099/4038 1100/1100/4039 1389/1389/4040 1388/1388/4041
s 61
f 1101/1101/4042 1102/1102/4043 1391/1391/4044 1390/1390/4045
s 62
f 1142/1142/4046 1103/1103/4047 1392/1392/4048 1368/1368/4049
s 65
f 1104/1104/4050 1105/1105/4051 1394/1394/4052 1393/1393/4053
s 66
f 1143/1143/4054 1106/1106/4055 1395/1395/4056 1369/1369/4057
s 69
f 1107/1107/4058 1108/1108/4059 1397/1397/4060 1396/1396/4061
s 70
f 1145/1145/4062 1109/1109/4063 1398/1398/4064 1371/1371/4065
s 72
f 1146/1146/4066 1139/1139/4067 1365/1365/4068 1372/1372/4069
s 2
f 1110/1110/4070 1111/1111/4071 1274/1274/4072 1273/1273/4073
s 4
f 1112/1112/4074 1113/1113/4075 1276/1276/4076 1275/1275/4077
s 7
f 1114/1114/4078 1115/1115/4079 1278/1278/4080 1277/1277/4081
s 11
f 1116/1116/4082 1117/1117/4083 1280/1280/4084 1279/1279/4085
s 17
f 1119/1119/4086 1120/1120/4087 1283/1283/4088 1282/1282/4089
s 23
f 1086/1086/4090 1122/1122/4091 1285/1285/4092 1312/1312/4093
s 24
f 1121/1121/4094 1086/1086/4095 1312/1312/4096 1284/1284/4097
s 28
f 1123/1123/4098 1124/1124/4099 1287/1287/4100 1286/1286/4101
s 30
f 1125/1125/4102 1126/1126/4103 1289/1289/4104 1288/1288/4105
s 32
f 1127/1127/4106 1128/1128/4107 1291/1291/4108 1290/1290/4109
s 34
f 1129/1129/4110 1130/1130/4111 1293/1293/4112 1292/1292/4113
s 36
f 1131/1131/4114 1132/1132/4115 1295/1295/4116 1294/1294/4117
s 38
f 1133/1133/4118 1134/1134/4119 1297/1297/4120 1296/1296/4121
s 40
f 1135/1135/4122 1136/1136/4123 1299/1299/4124 1298/1298/4125
s 43
f 1138/1138/4126 1084/1084/4127 1310/1310/4128 1301/1301/4129
s 44
f 1087/1087/4130 1139/1139/4131 1302/1302/4132 1313/1313/4133
s 47
f 1140/1140/4134 1088/1088/4135 1314/1314/4136 1303/1303/4137
s 48
f 1090/1090/4138 1089/1089/4139 1315/1315/4140 1316/1316/4141
s 50
f 1092/1092/4142 1091/1091/4143 1317/1317/4144 1318/1318/4145
s 52
f 1094/1094/4146 1093/1093/4147 1319/1319/4148 1320/1320/4149
s 55
f 1141/1141/4150 1095/1095/4151 1321/1321/4152 1304/1304/4153
s 56
f 1097/1097/4154 1096/1096/4155 1322/1322/4156 1323/1323/4157
s 58
f 1099/1099/4158 1098/1098/4159 1324/1324/4160 1325/1325/4161
s 60
f 1101/1101/4162 1100/1100/4163 1326/1326/4164 1327/1327/4165
s 63
f 1142/1142/4166 1102/1102/4167 1328/1328/4168 1305/1305/4169
s 64
f 1104/1104/4170 1103/1103/4171 1329/1329/4172 1330/1330/4173
s 67
f 1143/1143/4174 1144/1144/4175 1307/1307/4176 1306/1306/4177
s 68
f 1107/1107/4178 1106/1106/4179 1332/1332/4180 1333/1333/4181
s 71
f 1145/1145/4182 1108/1108/4183 1334/1334/4184 1308/1308/4185
s 1
f 1173/1173/4186 1147/1147/4187 1310/1310/4188 1273/1273/4189
s 3
f 1175/1175/4190 1174/1174/4191 1274/1274/4192 1275/1275/4193
s 5
f 1177/1177/4194 1176/1176/4195 1276/1276/4196 1277/1277/4197
s 10
f 1179/1179/333 1178/1178/332 1278/1278/4198 1279/1279/4199
s 12
f 1181/1181/339 1180/1180/338 1280/1280/4200 1281/1281/4201
s 15
f 1182/1182/4202 1148/1148/4203 1311/1311/4204 1282/1282/4205
s 21
f 1184/1184/4206 1183/1183/4207 1283/1283/4208 1284/1284/4209
s 27
f 1186/1186/4210 1185/1185/4211 1285/1285/4212 1286/1286/4213
s 29
f 1188/1188/4214 1187/1187/4215 1287/1287/4216 1288/1288/4217
s 31
f 1190/1190/4218 1189/1189/4219 1289/1289/4220 1290/1290/4221
s 33
f 1192/1192/4222 1191/1191/4223 1291/1291/4224 1292/1292/4225
s 35
f 1194/1194/4226 1193/1193/4227 1293/1293/4228 1294/1294/4229
s 37
f 1196/1196/4230 1195/1195/4231 1295/1295/4232 1296/1296/4233
s 39
f 1198/1198/4234 1197/1197/4235 1297/1297/4236 1298/1298/4237
s 41
f 1200/1200/4238 1199/1199/4239 1299/1299/4240 1300/1300/4241
s 42
f 1201/1201/4242 1200/1200/4243 1300/1300/4244 1301/1301/4245
s 45
f 1150/1150/4246 1151/1151/4247 1314/1314/4248 1313/1313/4249
s 46
f 1203/1203/4250 1152/1152/4251 1315/1315/4252 1303/1303/4253
s 49
f 1153/1153/4254 1154/1154/4255 1317/1317/4256 1316/1316/4257
s 51
f 1155/1155/4258 1156/1156/4259 1319/1319/4260 1318/1318/4261
s 53
f 1157/1157/4262 1158/1158/4263 1321/1321/4264 1320/1320/4265
s 54
f 1204/1204/4266 1159/1159/4267 1322/1322/4268 1304/1304/4269
s 57
f 1160/1160/4270 1161/1161/4271 1324/1324/4272 1323/1323/4273
s 59
f 1162/1162/4274 1163/1163/4275 1326/1326/4276 1325/1325/4277
s 61
f 1164/1164/4278 1165/1165/4279 1328/1328/4280 1327/1327/4281
s 62
f 1205/1205/4282 1166/1166/4283 1329/1329/4284 1305/1305/4285
s 65
f 1167/1167/4286 1168/1168/4287 1331/1331/4288 1330/1330/4289
s 66
f 1206/1206/4290 1169/1169/4291 1332/1332/4292 1306/1306/4293
s 69
f 1170/1170/4294 1171/1171/4295 1334/1334/4296 1333/1333/4297
s 70
f 1208/1208/4298 1172/1172/4299 1335/1335/4300 1308/1308/4301
s 72
f 1209/1209/4302 1202/1202/4303 1302/1302/4304 1309/1309/4305
s 2
f 1173/1173/4306 1174/1174/4307 1240/1240/4308 1239/1239/4309
s 4
f 1175/1175/4310 1176/1176/4311 1242/1242/4312 1241/1241/4313
s 7
f 1177/1177/4314 1178/1178/4315 95/95/4316 1211/1211/4317 1243/1243/4318
s 11
f 1179/1179/4319 1180/1180/4320 95/95/4321
s 17
f 1182/1182/4322 1183/1183/4323 1246/1246/4324 1245/1245/4325
s 23
f 1149/1149/4326 1185/1185/4327 1248/1248/4328 1215/1215/4329
s 24
f 1184/1184/4330 1149/1149/4331 1215/1215/4332 1247/1247/4333
s 28
f 1186/1186/4334 1187/1187/4335 1250/1250/4336 1249/1249/4337
s 30
f 1188/1188/4338 1189/1189/4339 1252/1252/4340 1251/1251/4341
s 32
f 1190/1190/4342 1191/1191/4343 1254/1254/4344 1253/1253/4345
s 34
f 1192/1192/4346 1193/1193/4347 1256/1256/4348 1255/1255/4349
s 36
f 1194/1194/4350 1195/1195/4351 1258/1258/4352 1257/1257/4353
s 38
f 1196/1196/4354 1197/1197/4355 1260/1260/4356 1259/1259/4357
s 40
f 1198/1198/4358 1199/1199/4359 1262/1262/4360 1261/1261/4361
s 43
f 1201/1201/4362 1147/1147/4363 1210/1210/4364 1264/1264/4365
s 44
f 1150/1150/4366 1202/1202/4367 1265/1265/4368 1216/1216/4369
s 47
f 1203/1203/4370 1151/1151/4371 1217/1217/4372 1266/1266/4373
s 48
f 1153/1153/4374 1152/1152/4375 1218/1218/4376 1219/1219/4377
s 50
f 1155/1155/4378 1154/1154/4379 1220/1220/4380 1221/1221/4381
s 52
f 1157/1157/4382 1156/1156/4383 1222/1222/4384 1223/1223/4385
s 55
f 1204/1204/4386 1158/1158/4387 1224/1224/4388 1267/1267/4389
s 56
f 1160/1160/4390 1159/1159/4391 1225/1225/4392 1226/1226/4393
s 58
f 1162/1162/4394 1161/1161/4395 1227/1227/4396 1228/1228/4397
s 60
f 1164/1164/4398 1163/1163/4399 1229/1229/4400 1230/1230/4401
s 63
f 1205/1205/4402 1165/1165/4403 1231/1231/4404 1268/1268/4405
s 64
f 1167/1167/4406 1166/1166/4407 1232/1232/4408 1233/1233/4409
s 67
f 1206/1206/4410 1207/1207/4411 1270/1270/4412 1269/1269/4413
s 68
f 1170/1170/4414 1169/1169/4415 1235/1235/4416 1236/1236/4417
s 71
f 1208/1208/4418 1171/1171/4419 1237/1237/4420 1271/1271/4421
s 1
f 1239/1239/228 1210/1210/227 1147/1147/4187 1173/1173/4186
s 3
f 1241/1241/261 1240/1240/260 1174/1174/4191 1175/1175/4190
s 5
f 1243/1243/288 1242/1242/287 1176/1176/4195 1177/1177/4194
s 6
f 1212/1212/291 1211/1211/290 95/95/4422
s 9
f 1213/1213/327 1212/1212/326 95/95/4423
s 12
f 1213/1213/341 1244/1244/340 106/106/4424
s 15
f 1245/1245/390 1214/1214/389 1148/1148/4203 1182/1182/4202
s 21
f 1247/1247/428 1246/1246/427 1183/1183/4207 1184/1184/4206
s 27
f 1249/1249/498 1248/1248/497 1185/1185/4211 1186/1186/4210
s 29
f 1251/1251/534 1250/1250/533 1187/1187/4215 1188/1188/4214
s 31
f 1253/1253/585 1252/1252/584 1189/1189/4219 1190/1190/4218
s 33
f 1255/1255/633 1254/1254/632 1191/1191/4223 1192/1192/4222
s 35
f 1257/1257/681 1256/1256/680 1193/1193/4227 1194/1194/4226
s 37
f 1259/1259/711 1258/1258/710 1195/1195/4231 1196/1196/4230
s 39
f 1261/1261/747 1260/1260/746 1197/1197/4235 1198/1198/4234
s 41
f 1263/1263/771 1262/1262/770 1199/1199/4239 1200/1200/4238
s 42
f 1264/1264/778 1263/1263/777 1200/1200/4243 1201/1201/4242
s 45
f 1216/1216/807 1217/1217/806 1151/1151/4247 1150/1150/4246
s 46
f 1266/1266/811 1218/1218/810 1152/1152/4251 1203/1203/4250
s 49
f 1219/1219/823 1220/1220/822 1154/1154/4255 1153/1153/4254
s 51
f 1221/1221/831 1222/1222/830 1156/1156/4259 1155/1155/4258
s 53
f 1223/1223/839 1224/1224/838 1158/1158/4263 1157/1157/4262
s 54
f 1267/1267/843 1225/1225/842 1159/1159/4267 1204/1204/4266
s 57
f 1226/1226/855 1227/1227/854 1161/1161/4271 1160/1160/4270
s 59
f 1228/1228/863 1229/1229/862 1163/1163/4275 1162/1162/4274
s 61
f 1230/1230/871 1231/1231/870 1165/1165/4279 1164/1164/4278
s 62
f 1268/1268/875 1232/1232/874 1166/1166/4283 1205/1205/4282
s 65
f 1233/1233/887 1234/1234/886 1168/1168/4287 1167/1167/4286
s 66
f 1269/1269/891 1235/1235/890 1169/1169/4291 1206/1206/4290
s 69
f 1236/1236/903 1237/1237/902 1171/1171/4295 1170/1170/4294
s 70
f 1271/1271/907 1238/1238/906 1172/1172/4299 1208/1208/4298
s 72
f 1272/1272/1119 1265/1265/1118 1202/1202/4303 1209/1209/4302
s 2
f 1239/1239/4309 1240/1240/4308 76/76/4425 73/73/4426
s 4
f 1241/1241/4313 1242/1242/4312 87/87/4427 76/76/4428
s 7
f 1243/1243/4318 1211/1211/4317 87/87/4429
s 17
f 1245/1245/4325 1246/1246/4324 123/123/4430
s 23
f 1215/1215/4329 1248/1248/4328 141/141/4431
s 24
f 1247/1247/4333 1215/1215/4332 141/141/4432 138/138/4433
s 28
f 1249/1249/4337 1250/1250/4336 155/155/4434 141/141/4435
s 30
f 1251/1251/4341 1252/1252/4340 165/165/4436 155/155/4437
s 32
f 1253/1253/4345 1254/1254/4344 182/182/4438 165/165/4439
s 34
f 1255/1255/4349 1256/1256/4348 195/195/4440 182/182/4441
s 36
f 1257/1257/4353 1258/1258/4352 209/209/4442 195/195/4443
s 38
f 1259/1259/4357 1260/1260/4356 219/219/4444 209/209/4445
s 40
f 1261/1261/4361 1262/1262/4360 235/235/4446 219/219/4447
s 43
f 1264/1264/4365 1210/1210/4364 73/73/4448 240/240/4449
s 44
f 1216/1216/4369 1265/1265/4368 252/252/4450
s 47
f 1266/1266/4373 1217/1217/4372 253/253/4451
s 48
f 1219/1219/4377 1218/1218/4376 254/254/4452
s 50
f 1221/1221/4381 1220/1220/4380 257/257/4453
s 52
f 1223/1223/4385 1222/1222/4384 259/259/4454
s 55
f 1267/1267/4389 1224/1224/4388 261/261/4455
s 56
f 1226/1226/4393 1225/1225/4392 262/262/4456
s 58
f 1228/1228/4397 1227/1227/4396 265/265/4457
s 60
f 1230/1230/4401 1229/1229/4400 267/267/4458
s 63
f 1268/1268/4405 1231/1231/4404 269/269/4459
s 64
f 1233/1233/4409 1232/1232/4408 270/270/4460
s 67
f 1269/1269/4413 1270/1270/4412 274/274/4461
s 68
f 1236/1236/4417 1235/1235/4416 275/275/4462
s 71
f 1271/1271/4421 1237/1237/4420 279/279/4463
s 2
f 1273/1273/4073 1274/1274/4072 1174/1174/4307 1173/1173/4306
s 4
f 1275/1275/4077 1276/1276/4076 1176/1176/4311 1175/1175/4310
s 7
f 1277/1277/4081 1278/1278/4080 1178/1178/4315 1177/1177/4314
s 11
f 1279/1279/4085 1280/1280/4084 1180/1180/4320 1179/1179/4319
s 17
f 1282/1282/4089 1283/1283/4088 1183/1183/4323 1182/1182/4322
s 23
f 1312/1312/4093 1285/1285/4092 1185/1185/4327 1149/1149/4326
s 24
f 1284/1284/4097 1312/1312/4096 1149/1149/4331 1184/1184/4330
s 28
f 1286/1286/4101 1287/1287/4100 1187/1187/4335 1186/1186/4334
s 30
f 1288/1288/4105 1289/1289/4104 1189/1189/4339 1188/1188/4338
s 32
f 1290/1290/4109 1291/1291/4108 1191/1191/4343 1190/1190/4342
s 34
f 1292/1292/4113 1293/1293/4112 1193/1193/4347 1192/1192/4346
s 36
f 1294/1294/4117 1295/1295/4116 1195/1195/4351 1194/1194/4350
s 38
f 1296/1296/4121 1297/1297/4120 1197/1197/4355 1196/1196/4354
s 40
f 1298/1298/4125 1299/1299/4124 1199/1199/4359 1198/1198/4358
s 43
f 1301/1301/4129 1310/1310/4128 1147/1147/4363 1201/1201/4362
s 44
f 1313/1313/4133 1302/1302/4132 1202/1202/4367 1150/1150/4366
s 47
f 1303/1303/4137 1314/1314/4136 1151/1151/4371 1203/1203/4370
s 48
f 1316/1316/4141 1315/1315/4140 1152/1152/4375 1153/1153/4374
s 50
f 1318/1318/4145 1317/1317/4144 1154/1154/4379 1155/1155/4378
s 52
f 1320/1320/4149 1319/1319/4148 1156/1156/4383 1157/1157/4382
s 55
f 1304/1304/4153 1321/1321/4152 1158/1158/4387 1204/1204/4386
s 56
f 1323/1323/4157 1322/1322/4156 1159/1159/4391 1160/1160/4390
s 58
f 1325/1325/4161 1324/1324/4160 1161/1161/4395 1162/1162/4394
s 60
f 1327/1327/4165 1326/1326/4164 1163/1163/4399 1164/1164/4398
s 63
f 1305/1305/4169 1328/1328/4168 1165/1165/4403 1205/1205/4402
s 64
f 1330/1330/4173 1329/1329/4172 1166/1166/4407 1167/1167/4406
s 67
f 1306/1306/4177 1307/1307/4176 1207/1207/4411 1206/1206/4410
s 68
f 1333/1333/4181 1332/1332/4180 1169/1169/4415 1170/1170/4414
s 71
f 1308/1308/4185 1334/1334/4184 1171/1171/4419 1208/1208/4418
s 1
f 1273/1273/4189 1310/1310/4188 1084/1084/3947 1110/1110/3946
s 3
f 1275/1275/4193 1274/1274/4192 1111/1111/3951 1112/1112/3950
s 5
f 1277/1277/4197 1276/1276/4196 1113/1113/3955 1114/1114/3954
s 10
f 1279/1279/4199 1278/1278/4198 1115/1115/3959 1116/1116/3958
s 12
f 1281/1281/4201 1280/1280/4200 1117/1117/3963 1118/1118/3962
s 15
f 1282/1282/4205 1311/1311/4204 1085/1085/3967 1119/1119/3966
s 21
f 1284/1284/4209 1283/1283/4208 1120/1120/3971 1121/1121/3970
s 27
f 1286/1286/4213 1285/1285/4212 1122/1122/3975 1123/1123/3974
s 29
f 1288/1288/4217 1287/1287/4216 1124/1124/3979 1125/1125/3978
s 31
f 1290/1290/4221 1289/1289/4220 1126/1126/3983 1127/1127/3982
s 33
f 1292/1292/4225 1291/1291/4224 1128/1128/3987 1129/1129/3986
s 35
f 1294/1294/4229 1293/1293/4228 1130/1130/3991 1131/1131/3990
s 37
f 1296/1296/4233 1295/1295/4232 1132/1132/3995 1133/1133/3994
s 39
f 1298/1298/4237 1297/1297/4236 1134/1134/3999 1135/1135/3998
s 41
f 1300/1300/4241 1299/1299/4240 1136/1136/4003 1137/1137/4002
s 42
f 1301/1301/4245 1300/1300/4244 1137/1137/4007 1138/1138/4006
s 45
f 1313/1313/4249 1314/1314/4248 1088/1088/4011 1087/1087/4010
s 46
f 1303/1303/4253 1315/1315/4252 1089/1089/4015 1140/1140/4014
s 49
f 1316/1316/4257 1317/1317/4256 1091/1091/4019 1090/1090/4018
s 51
f 1318/1318/4261 1319/1319/4260 1093/1093/4023 1092/1092/4022
s 53
f 1320/1320/4265 1321/1321/4264 1095/1095/4027 1094/1094/4026
s 54
f 1304/1304/4269 1322/1322/4268 1096/1096/4031 1141/1141/4030
s 57
f 1323/1323/4273 1324/1324/4272 1098/1098/4035 1097/1097/4034
s 59
f 1325/1325/4277 1326/1326/4276 1100/1100/4039 1099/1099/4038
s 61
f 1327/1327/4281 1328/1328/4280 1102/1102/4043 1101/1101/4042
s 62
f 1305/1305/4285 1329/1329/4284 1103/1103/4047 1142/1142/4046
s 65
f 1330/1330/4289 1331/1331/4288 1105/1105/4051 1104/1104/4050
s 66
f 1306/1306/4293 1332/1332/4292 1106/1106/4055 1143/1143/4054
s 69
f 1333/1333/4297 1334/1334/4296 1108/1108/4059 1107/1107/4058
s 70
f 1308/1308/4301 1335/1335/4300 1109/1109/4063 1145/1145/4062
s 72
f 1309/1309/4305 1302/1302/4304 1139/1139/4067 1146/1146/4066
s 2
f 1336/1336/3713 1337/1337/3712 1111/1111/4071 1110/1110/4070
s 4
f 1338/1338/3721 1339/1339/3720 1113/1113/4075 1112/1112/4074
s 7
f 1340/1340/3729 1341/1341/3728 1115/1115/4079 1114/1114/4078
s 11
f 1342/1342/3737 1343/1343/3736 1117/1117/4083 1116/1116/4082
s 17
f 1345/1345/3749 1346/1346/3748 1120/1120/4087 1119/1119/4086
s 23
f 1375/1375/3757 1348/1348/3756 1122/1122/4091 1086/1086/4090
s 24
f 1347/1347/3761 1375/1375/3760 1086/1086/4095 1121/1121/4094
s 28
f 1349/1349/3769 1350/1350/3768 1124/1124/4099 1123/1123/4098
s 30
f 1351/1351/3777 1352/1352/3776 1126/1126/4103 1125/1125/4102
s 32
f 1353/1353/3785 1354/1354/3784 1128/1128/4107 1127/1127/4106
s 34
f 1355/1355/3793 1356/1356/3792 1130/1130/4111 1129/1129/4110
s 36
f 1357/1357/3801 1358/1358/3800 1132/1132/4115 1131/1131/4114
s 38
f 1359/1359/3809 1360/1360/3808 1134/1134/4119 1133/1133/4118
s 40
f 1361/1361/3817 1362/1362/3816 1136/1136/4123 1135/1135/4122
s 43
f 1364/1364/3829 1373/1373/3828 1084/1084/4127 1138/1138/4126
s 44
f 1376/1376/3833 1365/1365/3832 1139/1139/4131 1087/1087/4130
s 47
f 1366/1366/3845 1377/1377/3844 1088/1088/4135 1140/1140/4134
s 48
f 1379/1379/3849 1378/1378/3848 1089/1089/4139 1090/1090/4138
s 50
f 1381/1381/3857 1380/1380/3856 1091/1091/4143 1092/1092/4142
s 52
f 1383/1383/3865 1382/1382/3864 1093/1093/4147 1094/1094/4146
s 55
f 1367/1367/3877 1384/1384/3876 1095/1095/4151 1141/1141/4150
s 56
f 1386/1386/3881 1385/1385/3880 1096/1096/4155 1097/1097/4154
s 58
f 1388/1388/3889 1387/1387/3888 1098/1098/4159 1099/1099/4158
s 60
f 1390/1390/3897 1389/1389/3896 1100/1100/4163 1101/1101/4162
s 63
f 1368/1368/3909 1391/1391/3908 1102/1102/4167 1142/1142/4166
s 64
f 1393/1393/3913 1392/1392/3912 1103/1103/4171 1104/1104/4170
s 67
f 1369/1369/3925 1370/1370/3924 1144/1144/4175 1143/1143/4174
s 68
f 1396/1396/3929 1395/1395/3928 1106/1106/4179 1107/1107/4178
s 71
f 1371/1371/3941 1397/1397/3940 1108/1108/4183 1145/1145/4182
s 1
f 1336/1336/3949 1373/1373/3948 1021/1021/3707 1022/1022/3706
s 3
f 1338/1338/3953 1337/1337/3952 1023/1023/3715 1024/1024/3714
s 5
f 1340/1340/3957 1339/1339/3956 1025/1025/3723 1026/1026/3722
s 10
f 1342/1342/3961 1341/1341/3960 1027/1027/3731 1028/1028/3730
s 12
f 1344/1344/3965 1343/1343/3964 1029/1029/3739 1030/1030/3738
s 15
f 1345/1345/3969 1374/1374/3968 1031/1031/3743 1032/1032/3742
s 21
f 1347/1347/3973 1346/1346/3972 1033/1033/3751 1034/1034/3750
s 27
f 1349/1349/3977 1348/1348/3976 1035/1035/3763 1037/1037/3762
s 29
f 1351/1351/3981 1350/1350/3980 1038/1038/3771 1039/1039/3770
s 31
f 1353/1353/3985 1352/1352/3984 1040/1040/3779 1041/1041/3778
s 33
f 1355/1355/3989 1354/1354/3988 1042/1042/3787 1043/1043/3786
s 35
f 1357/1357/3993 1356/1356/3992 1044/1044/3795 1045/1045/3794
s 37
f 1359/1359/3997 1358/1358/3996 1046/1046/3803 1047/1047/3802
s 39
f 1361/1361/4001 1360/1360/4000 1048/1048/3811 1049/1049/3810
s 41
f 1363/1363/4005 1362/1362/4004 1050/1050/3819 1051/1051/3818
s 42
f 1364/1364/4009 1363/1363/4008 1051/1051/3823 1052/1052/3822
s 45
f 1376/1376/4013 1377/1377/4012 1055/1055/3835 1054/1054/3834
s 46
f 1366/1366/4017 1378/1378/4016 1056/1056/3839 1057/1057/3838
s 49
f 1379/1379/4021 1380/1380/4020 1059/1059/3851 1058/1058/3850
s 51
f 1381/1381/4025 1382/1382/4024 1061/1061/3859 1060/1060/3858
s 53
f 1383/1383/4029 1384/1384/4028 1063/1063/3867 1062/1062/3866
s 54
f 1367/1367/4033 1385/1385/4032 1064/1064/3871 1065/1065/3870
s 57
f 1386/1386/4037 1387/1387/4036 1067/1067/3883 1066/1066/3882
s 59
f 1388/1388/4041 1389/1389/4040 1069/1069/3891 1068/1068/3890
s 61
f 1390/1390/4045 1391/1391/4044 1071/1071/3899 1070/1070/3898
s 62
f 1368/1368/4049 1392/1392/4048 1072/1072/3903 1073/1073/3902
s 65
f 1393/1393/4053 1394/1394/4052 1075/1075/3915 1074/1074/3914
s 66
f 1369/1369/4057 1395/1395/4056 1076/1076/3919 1077/1077/3918
s 69
f 1396/1396/4061 1397/1397/4060 1080/1080/3931 1079/1079/3930
s 70
f 1371/1371/4065 1398/1398/4064 1081/1081/3935 1082/1082/3934
s 72
f 1372/1372/4069 1365/1365/4068 1053/1053/3943 1083/1083/3942
s 2
f 1399/1399/4464 1400/1400/4465 1023/1023/3711 1022/1022/3710
s 4
f 1401/1401/4466 1402/1402/4467 1025/1025/3719 1024/1024/3718
s 7
f 1403/1403/4468 1404/1404/4469 1027/1027/3727 1026/1026/3726
s 11
f 1405/1405/4470 1406/1406/4471 1029/1029/3735 1028/1028/3734
s 17
f 1408/1408/4472 1409/1409/4473 1033/1033/3747 1032/1032/3746
s 23
f 1438/1438/4474 1411/1411/4475 1035/1035/3755 1036/1036/3754
s 24
f 1410/1410/4476 1438/1438/4477 1036/1036/3759 1034/1034/3758
s 28
f 1412/1412/4478 1413/1413/4479 1038/1038/3767 1037/1037/3766
s 30
f 1414/1414/4480 1415/1415/4481 1040/1040/3775 1039/1039/3774
s 32
f 1416/1416/4482 1417/1417/4483 1042/1042/3783 1041/1041/3782
s 34
f 1418/1418/4484 1419/1419/4485 1044/1044/3791 1043/1043/3790
s 36
f 1420/1420/4486 1421/1421/4487 1046/1046/3799 1045/1045/3798
s 38
f 1422/1422/4488 1423/1423/4489 1048/1048/3807 1047/1047/3806
s 40
f 1424/1424/4490 1425/1425/4491 1050/1050/3815 1049/1049/3814
s 43
f 1427/1427/4492 1436/1436/4493 1021/1021/3827 1052/1052/3826
s 44
f 1439/1439/4494 1428/1428/4495 1053/1053/3831 1054/1054/3830
s 47
f 1429/1429/4496 1440/1440/4497 1055/1055/3843 1057/1057/3842
s 48
f 1442/1442/4498 1441/1441/4499 1056/1056/3847 1058/1058/3846
s 50
f 1444/1444/4500 1443/1443/4501 1059/1059/3855 1060/1060/3854
s 52
f 1446/1446/4502 1445/1445/4503 1061/1061/3863 1062/1062/3862
s 55
f 1430/1430/4504 1447/1447/4505 1063/1063/3875 1065/1065/3874
s 56
f 1449/1449/4506 1448/1448/4507 1064/1064/3879 1066/1066/3878
s 58
f 1451/1451/4508 1450/1450/4509 1067/1067/3887 1068/1068/3886
s 60
f 1453/1453/4510 1452/1452/4511 1069/1069/3895 1070/1070/3894
s 63
f 1431/1431/4512 1454/1454/4513 1071/1071/3907 1073/1073/3906
s 64
f 1456/1456/4514 1455/1455/4515 1072/1072/3911 1074/1074/3910
s 67
f 1432/1432/4516 1433/1433/4517 1078/1078/3923 1077/1077/3922
s 68
f 1459/1459/4518 1458/1458/4519 1076/1076/3927 1079/1079/3926
s 71
f 1434/1434/4520 1460/1460/4521 1080/1080/3939 1082/1082/3938
s 1
f 1399/1399/3709 1436/1436/3708 1499/1499/4522 1462/1462/4523
s 3
f 1401/1401/3717 1400/1400/3716 1463/1463/4524 1464/1464/4525
s 5
f 1403/1403/3725 1402/1402/3724 1465/1465/4526 1466/1466/4527
s 10
f 1405/1405/3733 1404/1404/3732 1467/1467/4528 1468/1468/4529
s 12
f 1407/1407/3741 1406/1406/3740 1469/1469/4530 1470/1470/4531
s 15
f 1408/1408/3745 1437/1437/3744 1500/1500/4532 1471/1471/4533
s 21
f 1410/1410/3753 1409/1409/3752 1472/1472/4534 1473/1473/4535
s 27
f 1412/1412/3765 1411/1411/3764 1474/1474/4536 1475/1475/4537
s 29
f 1414/1414/3773 1413/1413/3772 1476/1476/4538 1477/1477/4539
s 31
f 1416/1416/3781 1415/1415/3780 1478/1478/4540 1479/1479/4541
s 33
f 1418/1418/3789 1417/1417/3788 1480/1480/4542 1481/1481/4543
s 35
f 1420/1420/3797 1419/1419/3796 1482/1482/4544 1483/1483/4545
s 37
f 1422/1422/3805 1421/1421/3804 1484/1484/4546 1485/1485/4547
s 39
f 1424/1424/3813 1423/1423/3812 1486/1486/4548 1487/1487/4549
s 41
f 1426/1426/3821 1425/1425/3820 1488/1488/4550 1489/1489/4551
s 42
f 1427/1427/3825 1426/1426/3824 1489/1489/4552 1490/1490/4553
s 45
f 1439/1439/3837 1440/1440/3836 1503/1503/4554 1502/1502/4555
s 46
f 1429/1429/3841 1441/1441/3840 1504/1504/4556 1492/1492/4557
s 49
f 1442/1442/3853 1443/1443/3852 1506/1506/4558 1505/1505/4559
s 51
f 1444/1444/3861 1445/1445/3860 1508/1508/4560 1507/1507/4561
s 53
f 1446/1446/3869 1447/1447/3868 1510/1510/4562 1509/1509/4563
s 54
f 1430/1430/3873 1448/1448/3872 1511/1511/4564 1493/1493/4565
s 57
f 1449/1449/3885 1450/1450/3884 1513/1513/4566 1512/1512/4567
s 59
f 1451/1451/3893 1452/1452/3892 1515/1515/4568 1514/1514/4569
s 61
f 1453/1453/3901 1454/1454/3900 1517/1517/4570 1516/1516/4571
s 62
f 1431/1431/3905 1455/1455/3904 1518/1518/4572 1494/1494/4573
s 65
f 1456/1456/3917 1457/1457/3916 1520/1520/4574 1519/1519/4575
s 66
f 1432/1432/3921 1458/1458/3920 1521/1521/4576 1495/1495/4577
s 69
f 1459/1459/3933 1460/1460/3932 1523/1523/4578 1522/1522/4579
s 70
f 1434/1434/3937 1461/1461/3936 1524/1524/4580 1497/1497/4581
s 72
f 1435/1435/3945 1428/1428/3944 1491/1491/4582 1498/1498/4583
s 2
f 1462/1462/4584 1463/1463/4585 1400/1400/4465 1399/1399/4464
s 4
f 1464/1464/4586 1465/1465/4587 1402/1402/4467 1401/1401/4466
s 7
f 1466/1466/4588 1467/1467/4589 1404/1404/4469 1403/1403/4468
s 11
f 1468/1468/4590 1469/1469/4591 1406/1406/4471 1405/1405/4470
s 17
f 1471/1471/4592 1472/1472/4593 1409/1409/4473 1408/1408/4472
s 23
f 1501/1501/4594 1474/1474/4595 1411/1411/4475 1438/1438/4474
s 24
f 1473/1473/4596 1501/1501/4597 1438/1438/4477 1410/1410/4476
s 28
f 1475/1475/4598 1476/1476/4599 1413/1413/4479 1412/1412/4478
s 30
f 1477/1477/4600 1478/1478/4601 1415/1415/4481 1414/1414/4480
s 32
f 1479/1479/4602 1480/1480/4603 1417/1417/4483 1416/1416/4482
s 34
f 1481/1481/4604 1482/1482/4605 1419/1419/4485 1418/1418/4484
s 36
f 1483/1483/4606 1484/1484/4607 1421/1421/4487 1420/1420/4486
s 38
f 1485/1485/4608 1486/1486/4609 1423/1423/4489 1422/1422/4488
s 40
f 1487/1487/4610 1488/1488/4611 1425/1425/4491 1424/1424/4490
s 43
f 1490/1490/4612 1499/1499/4613 1436/1436/4493 1427/1427/4492
s 44
f 1502/1502/4614 1491/1491/4615 1428/1428/4495 1439/1439/4494
s 47
f 1492/1492/4616 1503/1503/4617 1440/1440/4497 1429/1429/4496
s 48
f 1505/1505/4618 1504/1504/4619 1441/1441/4499 1442/1442/4498
s 50
f 1507/1507/4620 1506/1506/4621 1443/1443/4501 1444/1444/4500
s 52
f 1509/1509/4622 1508/1508/4623 1445/1445/4503 1446/1446/4502
s 55
f 1493/1493/4624 1510/1510/4625 1447/1447/4505 1430/1430/4504
s 56
f 1512/1512/4626 1511/1511/4627 1448/1448/4507 1449/1449/4506
s 58
f 1514/1514/4628 1513/1513/4629 1450/1450/4509 1451/1451/4508
s 60
f 1516/1516/4630 1515/1515/4631 1452/1452/4511 1453/1453/4510
s 63
f 1494/1494/4632 1517/1517/4633 1454/1454/4513 1431/1431/4512
s 64
f 1519/1519/4634 1518/1518/4635 1455/1455/4515 1456/1456/4514
s 67
f 1495/1495/4636 1496/1496/4637 1433/1433/4517 1432/1432/4516
s 68
f 1522/1522/4638 1521/1521/4639 1458/1458/4519 1459/1459/4518
s 71
f 1497/1497/4640 1523/1523/4641 1460/1460/4521 1434/1434/4520
s 1
f 1462/1462/4523 1499/1499/4522 1562/1562/4642 1525/1525/4643
s 3
f 1464/1464/4525 1463/1463/4524 1526/1526/4644 1527/1527/4645
s 5
f 1466/1466/4527 1465/1465/4526 1528/1528/4646 1529/1529/4647
s 10
f 1468/1468/4529 1467/1467/4528 1530/1530/4648 1531/1531/4649
s 12
f 1470/1470/4531 1469/1469/4530 1532/1532/4650 1533/1533/4651
s 15
f 1471/1471/4533 1500/1500/4532 1563/1563/4652 1534/1534/4653
s 21
f 1473/1473/4535 1472/1472/4534 1535/1535/4654 1536/1536/4655
s 27
f 1475/1475/4537 1474/1474/4536 1537/1537/4656 1538/1538/4657
s 29
f 1477/1477/4539 1476/1476/4538 1539/1539/4658 1540/1540/4659
s 31
f 1479/1479/4541 1478/1478/4540 1541/1541/4660 1542/1542/4661
s 33
f 1481/1481/4543 1480/1480/4542 1543/1543/4662 1544/1544/4663
s 35
f 1483/1483/4545 1482/1482/4544 1545/1545/4664 1546/1546/4665
s 37
f 1485/1485/4547 1484/1484/4546 1547/1547/4666 1548/1548/4667
s 39
f 1487/1487/4549 1486/1486/4548 1549/1549/4668 1550/1550/4669
s 41
f 1489/1489/4551 1488/1488/4550 1551/1551/4670 1552/1552/4671
s 42
f 1490/1490/4553 1489/1489/4552 1552/1552/4672 1553/1553/4673
s 45
f 1502/1502/4555 1503/1503/4554 1566/1566/4674 1565/1565/4675
s 46
f 1492/1492/4557 1504/1504/4556 1567/1567/4676 1555/1555/4677
s 49
f 1505/1505/4559 1506/1506/4558 1569/1569/4678 1568/1568/4679
s 51
f 1507/1507/4561 1508/1508/4560 1571/1571/4680 1570/1570/4681
s 53
f 1509/1509/4563 1510/1510/4562 1573/1573/4682 1572/1572/4683
s 54
f 1493/1493/4565 1511/1511/4564 1574/1574/4684 1556/1556/4685
s 57
f 1512/1512/4567 1513/1513/4566 1576/1576/4686 1575/1575/4687
s 59
f 1514/1514/4569 1515/1515/4568 1578/1578/4688 1577/1577/4689
s 61
f 1516/1516/4571 1517/1517/4570 1580/1580/4690 1579/1579/4691
s 62
f 1494/1494/4573 1518/1518/4572 1581/1581/4692 1557/1557/4693
s 65
f 1519/1519/4575 1520/1520/4574 1583/1583/4694 1582/1582/4695
s 66
f 1495/1495/4577 1521/1521/4576 1584/1584/4696 1558/1558/4697
s 69
f 1522/1522/4579 1523/1523/4578 1586/1586/4698 1585/1585/4699
s 70
f 1497/1497/4581 1524/1524/4580 1587/1587/4700 1560/1560/4701
s 72
f 1498/1498/4583 1491/1491/4582 1554/1554/4702 1561/1561/4703
s 2
f 1525/1525/4704 1526/1526/4705 1463/1463/4585 1462/1462/4584
s 4
f 1527/1527/4706 1528/1528/4707 1465/1465/4587 1464/1464/4586
s 7
f 1529/1529/4708 1530/1530/4709 1467/1467/4589 1466/1466/4588
s 11
f 1531/1531/4710 1532/1532/4711 1469/1469/4591 1468/1468/4590
s 17
f 1534/1534/4712 1535/1535/4713 1472/1472/4593 1471/1471/4592
s 23
f 1564/1564/4714 1537/1537/4715 1474/1474/4595 1501/1501/4594
s 24
f 1536/1536/4716 1564/1564/4717 1501/1501/4597 1473/1473/4596
s 28
f 1538/1538/4718 1539/1539/4719 1476/1476/4599 1475/1475/4598
s 30
f 1540/1540/4720 1541/1541/4721 1478/1478/4601 1477/1477/4600
s 32
f 1542/1542/4722 1543/1543/4723 1480/1480/4603 1479/1479/4602
s 34
f 1544/1544/4724 1545/1545/4725 1482/1482/4605 1481/1481/4604
s 36
f 1546/1546/4726 1547/1547/4727 1484/1484/4607 1483/1483/4606
s 38
f 1548/1548/4728 1549/1549/4729 1486/1486/4609 1485/1485/4608
s 40
f 1550/1550/4730 1551/1551/4731 1488/1488/4611 1487/1487/4610
s 43
f 1553/1553/4732 1562/1562/4733 1499/1499/4613 1490/1490/4612
s 44
f 1565/1565/4734 1554/1554/4735 1491/1491/4615 1502/1502/4614
s 47
f 1555/1555/4736 1566/1566/4737 1503/1503/4617 1492/1492/4616
s 48
f 1568/1568/4738 1567/1567/4739 1504/1504/4619 1505/1505/4618
s 50
f 1570/1570/4740 1569/1569/4741 1506/1506/4621 1507/1507/4620
s 52
f 1572/1572/4742 1571/1571/4743 1508/1508/4623 1509/1509/4622
s 55
f 1556/1556/4744 1573/1573/4745 1510/1510/4625 1493/1493/4624
s 56
f 1575/1575/4746 1574/1574/4747 1511/1511/4627 1512/1512/4626
s 58
f 1577/1577/4748 1576/1576/4749 1513/1513/4629 1514/1514/4628
s 60
f 1579/1579/4750 1578/1578/4751 1515/1515/4631 1516/1516/4630
s 63
f 1557/1557/4752 1580/1580/4753 1517/1517/4633 1494/1494/4632
s 64
f 1582/1582/4754 1581/1581/4755 1518/1518/4635 1519/1519/4634
s 67
f 1558/1558/4756 1559/1559/4757 1496/1496/4637 1495/1495/4636
s 68
f 1585/1585/4758 1584/1584/4759 1521/1521/4639 1522/1522/4638
s 71
f 1560/1560/4760 1586/1586/4761 1523/1523/4641 1497/1497/4640
s 1
f 1525/1525/4643 1562/1562/4642 1625/1625/4762 1588/1588/4763
s 3
f 1527/1527/4645 1526/1526/4644 1589/1589/4764 1590/1590/4765
s 5
f 1529/1529/4647 1528/1528/4646 1591/1591/4766 1592/1592/4767
s 10
f 1531/1531/4649 1530/1530/4648 1593/1593/4768 1594/1594/4769
s 12
f 1533/1533/4651 1532/1532/4650 1595/1595/4770 1596/1596/4771
s 15
f 1534/1534/4653 1563/1563/4652 1626/1626/4772 1597/1597/4773
s 21
f 1536/1536/4655 1535/1535/4654 1598/1598/4774 1599/1599/4775
s 27
f 1538/1538/4657 1537/1537/4656 1600/1600/4776 1601/1601/4777
s 29
f 1540/1540/4659 1539/1539/4658 1602/1602/4778 1603/1603/4779
s 31
f 1542/1542/4661 1541/1541/4660 1604/1604/4780 1605/1605/4781
s 33
f 1544/1544/4663 1543/1543/4662 1606/1606/4782 1607/1607/4783
s 35
f 1546/1546/4665 1545/1545/4664 1608/1608/4784 1609/1609/4785
s 37
f 1548/1548/4667 1547/1547/4666 1610/1610/4786 1611/1611/4787
s 39
f 1550/1550/4669 1549/1549/4668 1612/1612/4788 1613/1613/4789
s 41
f 1552/1552/4671 1551/1551/4670 1614/1614/4790 1615/1615/4791
s 42
f 1553/1553/4673 1552/1552/4672 1615/1615/4792 1616/1616/4793
s 45
f 1565/1565/4675 1566/1566/4674 1629/1629/4794 1628/1628/4795
s 46
f 1555/1555/4677 1567/1567/4676 1630/1630/4796 1618/1618/4797
s 49
f 1568/1568/4679 1569/1569/4678 1632/1632/4798 1631/1631/4799
s 51
f 1570/1570/4681 1571/1571/4680 1634/1634/4800 1633/1633/4801
s 53
f 1572/1572/4683 1573/1573/4682 1636/1636/4802 1635/1635/4803
s 54
f 1556/1556/4685 1574/1574/4684 1637/1637/4804 1619/1619/4805
s 57
f 1575/1575/4687 1576/1576/4686 1639/1639/4806 1638/1638/4807
s 59
f 1577/1577/4689 1578/1578/4688 1641/1641/4808 1640/1640/4809
s 61
f 1579/1579/4691 1580/1580/4690 1643/1643/4810 1642/1642/4811
s 62
f 1557/1557/4693 1581/1581/4692 1644/1644/4812 1620/1620/4813
s 65
f 1582/1582/4695 1583/1583/4694 1646/1646/4814 1645/1645/4815
s 66
f 1558/1558/4697 1584/1584/4696 1647/1647/4816 1621/1621/4817
s 69
f 1585/1585/4699 1586/1586/4698 1649/1649/4818 1648/1648/4819
s 70
f 1560/1560/4701 1587/1587/4700 1650/1650/4820 1623/1623/4821
s 72
f 1561/1561/4703 1554/1554/4702 1617/1617/4822 1624/1624/4823
s 2
f 1588/1588/4824 1589/1589/4825 1526/1526/4705 1525/1525/4704
s 4
f 1590/1590/4826 1591/1591/4827 1528/1528/4707 1527/1527/4706
s 7
f 1592/1592/4828 1593/1593/4829 1530/1530/4709 1529/1529/4708
s 11
f 1594/1594/4830 1595/1595/4831 1532/1532/4711 1531/1531/4710
s 17
f 1597/1597/397 1598/1598/396 1535/1535/4713 1534/1534/4712
s 23
f 1627/1627/4832 1600/1600/4833 1537/1537/4715 1564/1564/4714
s 24
f 1599/1599/446 1627/1627/445 1564/1564/4717 1536/1536/4716
s 28
f 1601/1601/4834 1602/1602/4835 1539/1539/4719 1538/1538/4718
s 30
f 1603/1603/4836 1604/1604/4837 1541/1541/4721 1540/1540/4720
s 32
f 1605/1605/4838 1606/1606/4839 1543/1543/4723 1542/1542/4722
s 34
f 1607/1607/4840 1608/1608/4841 1545/1545/4725 1544/1544/4724
s 36
f 1609/1609/4842 1610/1610/4843 1547/1547/4727 1546/1546/4726
s 38
f 1611/1611/4844 1612/1612/4845 1549/1549/4729 1548/1548/4728
s 40
f 1613/1613/4846 1614/1614/4847 1551/1551/4731 1550/1550/4730
s 43
f 1616/1616/4848 1625/1625/4849 1562/1562/4733 1553/1553/4732
s 44
f 1628/1628/4850 1617/1617/4851 1554/1554/4735 1565/1565/4734
s 47
f 1618/1618/4852 1629/1629/4853 1566/1566/4737 1555/1555/4736
s 48
f 1631/1631/4854 1630/1630/4855 1567/1567/4739 1568/1568/4738
s 50
f 1633/1633/4856 1632/1632/4857 1569/1569/4741 1570/1570/4740
s 52
f 1635/1635/4858 1634/1634/4859 1571/1571/4743 1572/1572/4742
s 55
f 1619/1619/4860 1636/1636/4861 1573/1573/4745 1556/1556/4744
s 56
f 1638/1638/4862 1637/1637/4863 1574/1574/4747 1575/1575/4746
s 58
f 1640/1640/4864 1639/1639/4865 1576/1576/4749 1577/1577/4748
s 60
f 1642/1642/4866 1641/1641/4867 1578/1578/4751 1579/1579/4750
s 63
f 1620/1620/4868 1643/1643/4869 1580/1580/4753 1557/1557/4752
s 64
f 1645/1645/4870 1644/1644/4871 1581/1581/4755 1582/1582/4754
s 67
f 1621/1621/4872 1622/1622/4873 1559/1559/4757 1558/1558/4756
s 68
f 1648/1648/4874 1647/1647/4875 1584/1584/4759 1585/1585/4758
s 71
f 1623/1623/4876 1649/1649/4877 1586/1586/4761 1560/1560/4760
s 1
f 1588/1588/4763 1625/1625/4762 1688/1688/4878 1651/1651/4879
s 3
f 1590/1590/4765 1589/1589/4764 1652/1652/4880 1653/1653/4881
s 5
f 1592/1592/4767 1591/1591/4766 1654/1654/4882 1655/1655/4883
s 10
f 1594/1594/4769 1593/1593/4768 1656/1656/4884 1657/1657/4885
s 12
f 1596/1596/4771 1595/1595/4770 108/108/4886
s 15
f 1597/1597/4773 1626/1626/4772 124/124/4887
s 21
f 1599/1599/4775 1598/1598/4774 127/127/4888
s 27
f 1601/1601/4777 1600/1600/4776 1663/1663/4889 1664/1664/4890
s 29
f 1603/1603/4779 1602/1602/4778 1665/1665/4891 1666/1666/4892
s 31
f 1605/1605/4781 1604/1604/4780 1667/1667/4893 1668/1668/4894
s 33
f 1607/1607/4783 1606/1606/4782 1669/1669/4895 1670/1670/4896
s 35
f 1609/1609/4785 1608/1608/4784 1671/1671/4897 1672/1672/4898
s 37
f 1611/1611/4787 1610/1610/4786 1673/1673/4899 1674/1674/4900
s 39
f 1613/1613/4789 1612/1612/4788 1675/1675/4901 1676/1676/4902
s 41
f 1615/1615/4791 1614/1614/4790 1677/1677/4903 1678/1678/4904
s 42
f 1616/1616/4793 1615/1615/4792 1678/1678/4905 1679/1679/4906
s 45
f 1628/1628/4795 1629/1629/4794 1690/1690/4907 1689/1689/4908
s 46
f 1618/1618/4797 1630/1630/4796 1691/1691/4909 1681/1681/4910
s 49
f 1631/1631/4799 1632/1632/4798 1693/1693/4911 1692/1692/4912
s 51
f 1633/1633/4801 1634/1634/4800 1695/1695/4913 1694/1694/4914
s 53
f 1635/1635/4803 1636/1636/4802 1697/1697/4915 1696/1696/4916
s 54
f 1619/1619/4805 1637/1637/4804 1698/1698/4917 1682/1682/4918
s 57
f 1638/1638/4807 1639/1639/4806 1700/1700/4919 1699/1699/4920
s 59
f 1640/1640/4809 1641/1641/4808 1702/1702/4921 1701/1701/4922
s 61
f 1642/1642/4811 1643/1643/4810 1704/1704/4923 1703/1703/4924
s 62
f 1620/1620/4813 1644/1644/4812 1705/1705/4925 1683/1683/4926
s 65
f 1645/1645/4815 1646/1646/4814 1707/1707/4927 1706/1706/4928
s 66
f 1621/1621/4817 1647/1647/4816 1708/1708/4929 1684/1684/4930
s 69
f 1648/1648/4819 1649/1649/4818 1710/1710/4931 1709/1709/4932
s 70
f 1623/1623/4821 1650/1650/4820 1711/1711/4933 1686/1686/4934
s 72
f 1624/1624/4823 1617/1617/4822 1680/1680/4935 1687/1687/4936
s 2
f 1651/1651/4937 1652/1652/4938 1589/1589/4825 1588/1588/4824
s 4
f 1653/1653/4939 1654/1654/4940 1591/1591/4827 1590/1590/4826
s 7
f 1655/1655/295 1656/1656/294 1593/1593/4829 1592/1592/4828
s 11
f 1657/1657/336 1658/1658/335 108/108/4941 1595/1595/4831 1594/1594/4830
s 16
f 1660/1660/393 1659/1659/392 125/125/4942 126/126/4943
s 18
f 1660/1660/400 1661/1661/399 127/127/4944 124/124/4945
s 22
f 1662/1662/440 1661/1661/439 126/126/4946 1723/1723/4947 1724/1724/4948
s 23
f 1662/1662/4949 1663/1663/4950 1600/1600/4833 1627/1627/4832 127/127/4951
s 28
f 1664/1664/4952 1665/1665/4953 1602/1602/4835 1601/1601/4834
s 30
f 1666/1666/4954 1667/1667/4955 1604/1604/4837 1603/1603/4836
s 32
f 1668/1668/4956 1669/1669/4957 1606/1606/4839 1605/1605/4838
s 34
f 1670/1670/4958 1671/1671/4959 1608/1608/4841 1607/1607/4840
s 36
f 1672/1672/4960 1673/1673/4961 1610/1610/4843 1609/1609/4842
s 38
f 1674/1674/4962 1675/1675/4963 1612/1612/4845 1611/1611/4844
s 40
f 1676/1676/4964 1677/1677/4965 1614/1614/4847 1613/1613/4846
s 43
f 1679/1679/4966 1688/1688/4967 1625/1625/4849 1616/1616/4848
s 44
f 1689/1689/4968 1680/1680/4969 1617/1617/4851 1628/1628/4850
s 47
f 1681/1681/4970 1690/1690/4971 1629/1629/4853 1618/1618/4852
s 48
f 1692/1692/4972 1691/1691/4973 1630/1630/4855 1631/1631/4854
s 50
f 1694/1694/4974 1693/1693/4975 1632/1632/4857 1633/1633/4856
s 52
f 1696/1696/4976 1695/1695/4977 1634/1634/4859 1635/1635/4858
s 55
f 1682/1682/4978 1697/1697/4979 1636/1636/4861 1619/1619/4860
s 56
f 1699/1699/4980 1698/1698/4981 1637/1637/4863 1638/1638/4862
s 58
f 1701/1701/4982 1700/1700/4983 1639/1639/4865 1640/1640/4864
s 60
f 1703/1703/4984 1702/1702/4985 1641/1641/4867 1642/1642/4866
s 63
f 1683/1683/4986 1704/1704/4987 1643/1643/4869 1620/1620/4868
s 64
f 1706/1706/4988 1705/1705/4989 1644/1644/4871 1645/1645/4870
s 67
f 1684/1684/4990 1685/1685/4991 1622/1622/4873 1621/1621/4872
s 68
f 1709/1709/4992 1708/1708/4993 1647/1647/4875 1648/1648/4874
s 71
f 1686/1686/4994 1710/1710/4995 1649/1649/4877 1623/1623/4876
s 1
f 1651/1651/4879 1688/1688/4878 1751/1751/4996 1712/1712/4997
s 3
f 1653/1653/4881 1652/1652/4880 1713/1713/4998 1714/1714/4999
s 5
f 1655/1655/4883 1654/1654/4882 1715/1715/5000 1716/1716/5001 94/94/5002
s 10
f 1657/1657/4885 1656/1656/4884 94/94/5003 107/107/5004
s 27
f 1664/1664/4890 1663/1663/4889 1725/1725/5005 1727/1727/5006
s 29
f 1666/1666/4892 1665/1665/4891 1728/1728/5007 1729/1729/5008
s 31
f 1668/1668/4894 1667/1667/4893 1730/1730/5009 1731/1731/5010
s 33
f 1670/1670/4896 1669/1669/4895 1732/1732/5011 1733/1733/5012
s 35
f 1672/1672/4898 1671/1671/4897 1734/1734/5013 1735/1735/5014
s 37
f 1674/1674/4900 1673/1673/4899 1736/1736/5015 1737/1737/5016
s 39
f 1676/1676/4902 1675/1675/4901 1738/1738/5017 1739/1739/5018
s 41
f 1678/1678/4904 1677/1677/4903 1740/1740/5019 1741/1741/5020
s 42
f 1679/1679/4906 1678/1678/4905 1741/1741/5021 1742/1742/5022
s 45
f 1689/1689/4908 1690/1690/4907 1753/1753/5023 1752/1752/5024
s 46
f 1681/1681/4910 1691/1691/4909 1754/1754/5025 1744/1744/5026
s 49
f 1692/1692/4912 1693/1693/4911 1756/1756/5027 1755/1755/5028
s 51
f 1694/1694/4914 1695/1695/4913 1758/1758/5029 1757/1757/5030
s 53
f 1696/1696/4916 1697/1697/4915 1760/1760/5031 1759/1759/5032
s 54
f 1682/1682/4918 1698/1698/4917 1761/1761/5033 1745/1745/5034
s 57
f 1699/1699/4920 1700/1700/4919 1763/1763/5035 1762/1762/5036
s 59
f 1701/1701/4922 1702/1702/4921 1765/1765/5037 1764/1764/5038
s 61
f 1703/1703/4924 1704/1704/4923 1767/1767/5039 1766/1766/5040
s 62
f 1683/1683/4926 1705/1705/4925 1768/1768/5041 1746/1746/5042
s 65
f 1706/1706/4928 1707/1707/4927 1770/1770/5043 1769/1769/5044
s 66
f 1684/1684/4930 1708/1708/4929 1771/1771/5045 1747/1747/5046
s 69
f 1709/1709/4932 1710/1710/4931 1773/1773/5047 1772/1772/5048
s 70
f 1686/1686/4934 1711/1711/4933 1774/1774/5049 1749/1749/5050
s 72
f 1687/1687/4936 1680/1680/4935 1743/1743/5051 1750/1750/5052
s 2
f 1712/1712/231 1713/1713/230 1652/1652/4938 1651/1651/4937
s 4
f 1714/1714/264 1715/1715/263 1654/1654/4940 1653/1653/4939
s 8
f 1716/1716/298 1717/1717/297 94/94/5053
s 13
f 1719/1719/344 1718/1718/343 107/107/5054 94/94/5055
s 14
f 1719/1719/347 1717/1717/346 96/96/5056 109/109/5057
s 19
f 1721/1721/403 1720/1720/402 128/128/5058 129/129/5059
s 20
f 1721/1721/406 1722/1722/405 126/126/5060 125/125/5061
s 23
f 1724/1724/443 1725/1725/442 1663/1663/4950 1662/1662/4949
s 25
f 1726/1726/452 1722/1722/451 129/129/5062 142/142/5063
s 26
f 1726/1726/456 1723/1723/455 126/126/5064
s 28
f 1727/1727/501 1728/1728/500 1665/1665/4953 1664/1664/4952
s 30
f 1729/1729/540 1730/1730/539 1667/1667/4955 1666/1666/4954
s 32
f 1731/1731/588 1732/1732/587 1669/1669/4957 1668/1668/4956
s 34
f 1733/1733/636 1734/1734/635 1671/1671/4959 1670/1670/4958
s 36
f 1735/1735/684 1736/1736/683 1673/1673/4961 1672/1672/4960
s 38
f 1737/1737/714 1738/1738/713 1675/1675/4963 1674/1674/4962
s 40
f 1739/1739/750 1740/1740/749 1677/1677/4965 1676/1676/4964
s 43
f 1742/1742/781 1751/1751/780 1688/1688/4967 1679/1679/4966
s 44
f 1752/1752/803 1743/1743/802 1680/1680/4969 1689/1689/4968
s 47
f 1744/1744/815 1753/1753/814 1690/1690/4971 1681/1681/4970
s 48
f 1755/1755/819 1754/1754/818 1691/1691/4973 1692/1692/4972
s 50
f 1757/1757/827 1756/1756/826 1693/1693/4975 1694/1694/4974
s 52
f 1759/1759/835 1758/1758/834 1695/1695/4977 1696/1696/4976
s 55
f 1745/1745/847 1760/1760/846 1697/1697/4979 1682/1682/4978
s 56
f 1762/1762/851 1761/1761/850 1698/1698/4981 1699/1699/4980
s 58
f 1764/1764/859 1763/1763/858 1700/1700/4983 1701/1701/4982
s 60
f 1766/1766/867 1765/1765/866 1702/1702/4985 1703/1703/4984
s 63
f 1746/1746/879 1767/1767/878 1704/1704/4987 1683/1683/4986
s 64
f 1769/1769/883 1768/1768/882 1705/1705/4989 1706/1706/4988
s 67
f 1747/1747/895 1748/1748/894 1685/1685/4991 1684/1684/4990
s 68
f 1772/1772/899 1771/1771/898 1708/1708/4993 1709/1709/4992
s 71
f 1749/1749/911 1773/1773/910 1710/1710/4995 1686/1686/4994
s 22
f 1724/1724/4948 1723/1723/4947 140/140/5065
s 1
f 1712/1712/4997 1751/1751/4996 74/74/5066 75/75/5067
s 3
f 1714/1714/4999 1713/1713/4998 75/75/5068 86/86/5069
s 5
f 1716/1716/5001 1715/1715/5000 86/86/5070
s 27
f 1727/1727/5006 1725/1725/5005 140/140/5071 154/154/5072
s 29
f 1729/1729/5008 1728/1728/5007 154/154/5073 164/164/5074
s 31
f 1731/1731/5010 1730/1730/5009 164/164/5075 181/181/5076
s 33
f 1733/1733/5012 1732/1732/5011 181/181/5077 194/194/5078
s 35
f 1735/1735/5014 1734/1734/5013 194/194/5079 208/208/5080
s 37
f 1737/1737/5016 1736/1736/5015 208/208/5081 218/218/5082
s 39
f 1739/1739/5018 1738/1738/5017 218/218/5083 234/234/5084
s 41
f 1741/1741/5020 1740/1740/5019 234/234/5085
s 42
f 1742/1742/5022 1741/1741/5021 234/234/5086 74/74/5087
s 45
f 1752/1752/5024 1753/1753/5023 250/250/5088
s 46
f 1744/1744/5026 1754/1754/5025 255/255/5089
s 49
f 1755/1755/5028 1756/1756/5027 256/256/5090
s 51
f 1757/1757/5030 1758/1758/5029 258/258/5091
s 53
f 1759/1759/5032 1760/1760/5031 260/260/5092
s 54
f 1745/1745/5034 1761/1761/5033 263/263/5093
s 57
f 1762/1762/5036 1763/1763/5035 264/264/5094
s 59
f 1764/1764/5038 1765/1765/5037 266/266/5095
s 61
f 1766/1766/5040 1767/1767/5039 268/268/5096
s 62
f 1746/1746/5042 1768/1768/5041 271/271/5097
s 65
f 1769/1769/5044 1770/1770/5043 272/272/5098
s 66
f 1747/1747/5046 1771/1771/5045 276/276/5099
s 69
f 1772/1772/5048 1773/1773/5047 278/278/5100
s 70
f 1749/1749/5050 1774/1774/5049 281/281/5101
s 72
f 1750/1750/5052 1743/1743/5051 251/251/5102
