# This file uses centimeters as units for non-parametric coordinates.

g default
v 41.779972 208.884293 128.585403
v 109.381073 208.884293 79.470284
v 135.202682 208.884293 0.000001
v 109.381073 208.884293 -79.470284
v 71.905472 259.421906 -98.886826
v 101.685982 250.065933 -74.031845
v 81.115883 213.465805 -111.646500
v 37.264259 250.065933 -116.761177
v 41.779976 208.884323 -128.585419
v -0.000009 259.421906 -122.250511
v 0.000006 213.465805 -138.002640
v -38.008476 250.065933 -117.687073
v -42.164654 209.091354 -129.769028
v -116.345161 259.421906 -37.720444
v -100.180214 250.065933 -72.481377
v -131.248550 213.465805 -42.645176
v -109.381073 208.884293 -79.470284
v -116.345963 259.421906 37.885498
v -125.693985 250.065933 0.071100
v -131.248550 213.465805 42.645176
v -41.779972 208.884293 128.585403
v -71.905472 259.421906 99.052284
v -101.688370 250.065933 73.952301
v -81.115883 213.465805 111.646500
v -109.381088 208.884323 79.470284
v -135.202682 208.884323 0.000001
v -71.905472 259.421906 -98.886826
v -81.115883 213.465805 -111.646500
v 116.345978 259.421906 -37.720444
v 125.693985 250.065933 0.071100
v 131.248550 213.465805 -42.645176
v 116.345978 259.421906 37.885502
v 102.094048 250.065933 74.258392
v 131.248550 213.465805 42.645176
v 71.905563 259.421906 99.052284
v 38.841618 250.065933 119.613625
v 81.115883 213.465805 111.646500
v 0.000005 259.421906 122.415169
v -38.996571 250.065933 120.102036
v 0.000006 213.465805 138.002640
v 0.000006 192.057388 138.988190
v -29.817261 188.941086 133.628510
v 0.000006 177.474823 135.210632
v -26.415400 175.978577 128.632355
v 9.886615 165.970337 123.945610
v 0.000006 168.954849 130.194595
v 0.000006 163.732773 125.219894
v -15.415486 167.442703 117.596390
v 0.000007 232.971161 -0.025012
v 0.000006 165.267197 117.025261
v 15.415486 167.442703 117.596390
v 30.111097 173.829300 119.332840
v -30.111097 173.829300 119.332840
v -14.139757 171.314911 129.999710
v 26.415400 175.978577 128.632355
v 21.566948 169.960266 120.767029
v 29.817261 188.941086 133.628510
v 41.005848 185.828491 126.203072
v -9.886615 165.970337 123.945610
v -41.005848 185.828491 126.203072
v -21.566948 169.960266 120.767029
v 14.139757 171.314911 129.999710
v 81.694962 192.057388 112.443527
v 54.422237 188.941086 125.634315
v 79.475044 177.474823 109.388237
v 54.237457 175.978577 119.592155
v 80.851791 165.970337 94.462585
v 76.526512 168.954849 105.329903
v 73.602623 163.732773 101.304970
v 56.650108 167.442703 104.198776
v 68.785919 165.267197 94.675766
v 81.593147 167.442703 86.076248
v 94.502365 173.829300 78.843544
v 45.781761 173.829300 114.241219
v 64.972412 171.314911 113.483177
v 96.978561 175.978577 88.538933
v 88.433144 169.960266 85.026268
v 102.667564 188.941086 90.581627
v 107.355087 185.828491 77.997757
v 64.855003 165.970337 106.085571
v 53.537231 169.960266 110.379356
v 87.850883 171.314911 96.860840
v 132.185577 192.057388 42.949673
v 117.874001 188.941086 69.651436
v 128.593353 177.474823 41.782524
v 114.173630 175.978577 64.871948
v 120.934059 165.970337 28.898527
v 123.822304 168.954849 40.232368
v 119.091827 163.732773 38.695175
v 107.077484 167.442703 51.000328
v 111.298088 165.267197 36.162895
v 116.604485 167.442703 21.678312
v 122.796989 173.829300 8.238620
v 104.187645 173.829300 65.513229
v 119.267609 171.314911 53.619717
v 130.499252 175.978577 14.626966
v 121.521103 169.960266 16.807747
v 136.301987 188.941086 12.935618
v 132.697830 185.828491 0.000000
v 114.824295 165.970337 47.704025
v 108.191895 169.960266 57.830544
v 128.006332 171.314911 26.724270
v 132.185577 192.057388 -42.949673
v 136.302780 188.941086 -12.935618
v 128.593353 177.474823 -41.782524
v 130.499252 175.978577 -14.626966
v 114.824295 165.970337 -47.704025
v 123.822304 168.954849 -40.232368
v 119.091827 163.732773 -38.695175
v 116.604485 167.442703 -21.678312
v 111.298088 165.267197 -36.162895
v 107.077484 167.442703 -51.000328
v 104.187645 173.829300 -65.513229
v 122.796989 173.829300 -8.238620
v 128.006332 171.314911 -26.724270
v 114.173630 175.978577 -64.871948
v 108.191895 169.960266 -57.830620
v 117.874001 188.941086 -69.651436
v 107.355087 185.828491 -77.997757
v 120.934059 165.970337 -28.898607
v 121.521103 169.960266 -16.807747
v 119.267609 171.314911 -53.619717
v 81.694962 192.057388 -112.443527
v 102.667564 188.941086 -90.581627
v 79.475044 177.474823 -109.388237
v 96.978561 175.978577 -88.538933
v 64.855003 165.970337 -106.085571
v 76.526512 168.954849 -105.329903
v 73.602623 163.732773 -101.304970
v 81.593147 167.442703 -86.076248
v 68.785919 165.267197 -94.675766
v 56.650108 167.442703 -104.198776
v 45.781761 173.829300 -114.241219
v 94.502365 173.829300 -78.843544
v 87.850883 171.314911 -96.860840
v 54.237457 175.978577 -119.592155
v 53.537231 169.960266 -110.379356
v 54.422237 188.941086 -125.634315
v 41.005848 185.828491 -126.203072
v 80.851791 165.970337 -94.462585
v 88.433144 169.960266 -85.026268
v 64.972412 171.314911 -113.483177
v 0.000006 192.057404 -138.988190
v 29.817261 188.941086 -133.628510
v 0.000006 177.474823 -135.210632
v 26.415400 175.978577 -128.632355
v -9.886615 165.970337 -123.945610
v 0.000006 168.954849 -130.194595
v 0.000006 163.732773 -125.219894
v 15.415486 167.442703 -117.596390
v 0.000006 165.267197 -117.025261
v -15.415486 167.442703 -117.596390
v -30.111097 173.829300 -119.332840
v 30.111097 173.829300 -119.332840
v 14.139757 171.314911 -129.999710
v -26.415400 175.978577 -128.632355
v -21.566948 169.960266 -120.767029
v -29.817261 188.941086 -133.628510
v -40.808979 185.775238 -125.596931
v 9.886615 165.970337 -123.945610
v 21.566948 169.960266 -120.767029
v -14.139757 171.314911 -129.999710
v -81.694962 192.057404 -112.443527
v -54.422237 188.941086 -125.634315
v -79.475044 177.474823 -109.388237
v -54.237537 175.978577 -119.592155
v -80.851791 165.970337 -94.462585
v -76.526512 168.954849 -105.329903
v -73.602623 163.732773 -101.304970
v -56.650108 167.442703 -104.198776
v -68.785919 165.267197 -94.675766
v -81.593147 167.442703 -86.076248
v -94.502365 173.829300 -78.843544
v -45.781761 173.829300 -114.241219
v -64.972412 171.314911 -113.483177
v -96.978561 175.978577 -88.538933
v -88.433144 169.960266 -85.026268
v -102.667564 188.941086 -90.581627
v -107.355087 185.828491 -77.997757
v -64.855003 165.970337 -106.085571
v -53.537231 169.960266 -110.379356
v -87.850883 171.314911 -96.860840
v -132.185577 192.057388 -42.949673
v -117.874001 188.941086 -69.651436
v -128.593353 177.474823 -41.782524
v -114.173630 175.978577 -64.871948
v -120.934059 165.970337 -28.898527
v -123.822304 168.954849 -40.232368
v -119.091827 163.732773 -38.695175
v -107.077484 167.442703 -51.000328
v -111.298088 165.267197 -36.162895
v -116.604485 167.442703 -21.678312
v -122.796989 173.829300 -8.238620
v -104.187645 173.829300 -65.513229
v -119.267609 171.314911 -53.619717
v -130.499252 175.978577 -14.626966
v -121.521103 169.960266 -16.807747
v -136.302780 188.941086 -12.935618
v -132.697830 185.828491 0.000000
v -114.824295 165.970337 -47.704025
v -108.191895 169.960266 -57.830544
v -128.006332 171.314911 -26.724270
v -132.185577 192.057388 42.949673
v -136.302780 188.941086 12.935618
v -128.593353 177.474823 41.782444
v -130.499252 175.978577 14.626966
v -114.824295 165.970337 47.704025
v -123.822304 168.954849 40.232368
v -119.091827 163.732773 38.695175
v -116.604485 167.442703 21.678312
v -111.298088 165.267197 36.162895
v -107.077484 167.442703 51.000328
v -104.187645 173.829300 65.513229
v -122.796989 173.829300 8.238620
v -128.006332 171.314911 26.724270
v -114.173630 175.978577 64.871948
v -108.191895 169.960266 57.830620
v -117.874001 188.941086 69.651436
v -107.355087 185.828491 77.997757
v -120.934059 165.970337 28.898607
v -121.521103 169.960266 16.807747
v -119.267609 171.314911 53.619717
v -81.694962 192.057388 112.443527
v -102.667564 188.941086 90.581627
v -79.475044 177.474823 109.388237
v -96.978561 175.978577 88.538933
v -64.854927 165.970337 106.085571
v -76.526512 168.954849 105.329903
v -73.602623 163.732773 101.304970
v -81.593147 167.442703 86.076248
v -68.785919 165.267197 94.675766
v -56.650108 167.442703 104.198776
v -45.781761 173.829300 114.241219
v -94.502365 173.829300 78.843544
v -87.850883 171.314911 96.860840
v -54.237537 175.978577 119.592155
v -53.537231 169.960266 110.379356
v -54.422237 188.941086 125.634315
v -80.851791 165.970337 94.462585
v -88.433144 169.960266 85.026268
v -64.972412 171.314911 113.483177
v 76.934639 284.908875 105.944778
v 62.098797 325.567596 -85.451836
v 82.850739 335.756409 -60.183857
v 78.609375 281.107727 -105.761841
v 110.128006 290.142487 -79.959312
v -76.934639 284.908875 105.944778
v 0.000006 284.908875 130.942291
v 31.655207 335.756409 97.379463
v 0.014661 325.567596 105.623413
v 41.168999 289.788513 126.758286
v -31.625858 335.756409 97.379463
v -62.069450 325.567596 85.451836
v -41.168999 289.788513 126.758286
v -82.821320 335.756409 60.183857
v -100.439529 325.567596 32.639565
v -107.781441 289.788513 78.361351
v -127.192589 285.156647 41.380669
v -102.376434 335.756409 0.000001
v -100.439529 325.567596 -32.639565
v -136.125397 290.142487 0.053302
v -82.821320 335.756409 -60.183857
v -62.069450 325.567596 -85.451836
v -110.128006 290.142487 -79.959312
v -31.625858 335.756409 -97.379463
v 0.014661 325.567596 -105.623413
v -42.065144 290.142487 -129.410278
v 31.655207 335.756409 -97.379463
v 42.065224 291.593048 -124.923996
v 100.468956 325.567596 -32.639565
v 102.405853 335.756409 0.000001
v 100.468956 325.567596 32.639565
v 136.125397 290.142487 0.053308
v 82.850746 335.756409 60.183857
v 62.098797 325.567596 85.451836
v 110.128006 290.142487 80.065903
v 43.228001 261.949768 133.107498
v 13.019458 258.781830 137.250946
v 43.521996 247.348724 134.012695
v 15.235955 245.774536 135.997330
v 28.160200 240.913605 134.949753
v 42.394058 238.401596 130.541397
v 0.099976 260.814453 0.382285
v 67.572868 245.774536 118.992393
v 56.500725 240.913605 125.740913
v 70.102760 258.781830 118.703644
v 78.503258 255.617340 108.115540
v 0.000006 255.617340 133.622925
v 115.331772 261.845306 83.846626
v 92.908295 258.616913 105.357750
v 113.942154 247.348724 82.849159
v 92.225014 245.774536 101.081444
v 102.064613 240.913605 92.637054
v 110.989456 238.401596 80.703842
v 124.570824 245.774536 56.561020
v 119.580223 240.913605 68.528824
v 128.860641 258.617035 55.873524
v 129.444504 255.392242 42.112556
v 140.839966 247.348724 0.065440
v 137.060837 258.616913 30.636566
v 133.987244 245.774536 27.580566
v 136.984482 240.913605 14.964949
v 137.190491 238.401596 0.065439
v 133.987244 245.774536 -27.449711
v 136.984482 240.913605 -14.834019
v 137.060837 258.617035 -30.529657
v 129.444504 255.392242 -42.005562
v 113.942154 247.348724 -82.718689
v 128.860641 258.616913 -55.766617
v 124.570824 245.774536 -56.430176
v 119.580223 240.913605 -68.397987
v 110.989456 238.401596 -80.572594
v 92.225014 245.774536 -100.950203
v 102.064613 240.913605 -92.505798
v 92.908295 258.617035 -105.251144
v 80.001472 255.392242 -110.058792
v 44.052792 265.958038 -138.378082
v 71.440384 258.926117 -125.095016
v 43.522079 247.348724 -133.881470
v 67.572784 245.774536 -118.861137
v 56.500725 240.913605 -125.610458
v 41.936520 238.401596 -130.479355
v 15.235955 245.774536 -135.866882
v 28.160200 240.913605 -134.818481
v 13.267875 258.617035 -139.749420
v 0.000006 255.392242 -136.052216
v -43.521992 247.348724 -133.881470
v -28.160200 240.913605 -134.818481
v -42.841572 238.401596 -132.060699
v -67.572784 245.774536 -118.861137
v -56.500725 240.913605 -125.610458
v -71.440384 258.617035 -120.848167
v -80.001472 255.392242 -110.058792
v -15.235955 245.774536 -135.866882
v -13.267875 258.616913 -139.750214
v -113.942139 247.348724 -82.718681
v -92.908295 258.616913 -105.251144
v -92.225014 245.774536 -100.950203
v -102.064613 240.913605 -92.505798
v -111.984558 238.401596 -81.306793
v -124.570824 245.774536 -56.430176
v -119.580223 240.913605 -68.397980
v -128.860641 258.617035 -55.766529
v -129.444504 255.392242 -42.005562
v -140.839966 247.348724 0.065432
v -137.060837 258.616913 -30.529657
v -133.987244 245.774536 -27.449711
v -136.984482 240.913605 -14.834019
v -137.190491 238.401596 0.065432
v -133.987244 245.774536 27.580566
v -136.984482 240.913605 14.964949
v -137.060837 258.617035 30.636566
v -129.444504 255.392242 42.112556
v -115.331772 261.845306 83.846626
v -128.860641 258.616913 55.873524
v -113.942154 247.348724 82.849159
v -124.570824 245.774536 56.561020
v -119.580223 240.913605 68.528824
v -110.989456 238.401596 80.703842
v -92.225014 245.774536 101.081451
v -102.064613 240.913605 92.637047
v -91.168671 258.781830 103.398567
v -78.503258 255.617340 108.115540
v -43.228001 261.949768 133.107498
v -70.102760 258.781830 118.703644
v -43.521996 247.348724 134.012695
v -67.572784 245.774536 118.992393
v -56.500725 240.913605 125.740913
v -42.394058 238.401596 130.541397
v -15.235955 245.774536 135.997330
v -28.160200 240.913605 134.949738
v -13.019458 258.781830 137.250946
v 127.192589 285.156647 41.380669
v 127.192589 285.156616 -41.274078
v 0.000006 285.156647 -133.684967
v -78.609367 285.156647 -108.143372
v -127.192589 285.156647 -41.274078
v 115.331772 261.845306 -83.740051
v 142.558121 261.845306 0.053480
v -44.052792 261.845306 -135.527222
v -115.331772 261.845306 -83.740051
v -142.558121 261.845306 0.053474
v 29.486198 398.895325 90.749466
v 8.880700 396.581787 93.575676
v 29.686810 388.232513 91.366730
v 10.392594 387.082977 92.720573
v 29.538937 382.045654 90.911736
v 46.547695 385.431580 74.026039
v 46.092064 387.082977 81.121452
v 28.410364 379.092102 87.438049
v 15.589926 451.459808 21.457655
v 0.000006 455.773041 0.000007
v 0.000006 451.459808 26.523102
v 47.817776 396.581787 80.924179
v 53.547806 394.270874 73.702217
v 0.000036 394.270874 91.101051
v 5.853602 385.431580 87.248726
v 0.000036 411.639893 83.374939
v 26.384377 415.899567 81.202583
v 0.000006 429.636261 69.337555
v 40.755608 429.636261 56.095291
v 49.006638 411.639893 67.451881
v 46.293629 393.647888 63.717758
v 0.000036 393.647888 78.759468
v 77.195869 398.895325 56.086060
v 62.187012 396.581787 70.484344
v 77.721016 388.232513 56.467560
v 62.907600 387.082977 68.903954
v 77.333954 382.045654 56.186443
v 81.169174 385.431580 32.528286
v 84.971382 387.082977 38.536091
v 74.379211 379.092102 54.039631
v 25.225021 451.459808 8.196064
v 86.251251 396.581787 37.362495
v 86.641800 394.270874 28.151768
v 56.018929 385.431580 67.144760
v 69.075211 415.899567 50.186035
v 65.943962 429.636261 21.426474
v 79.294403 411.639893 25.764330
v 74.904762 393.647888 24.338026
v 95.419502 398.895325 -0.000025
v 91.739799 396.581787 20.470432
v 96.068581 388.232513 -0.000009
v 91.393768 387.082977 18.768270
v 95.589722 382.045654 -0.000008
v 84.786842 385.431580 -21.394178
v 91.393768 387.082977 -18.768349
v 91.937859 379.092102 -0.000025
v 25.225021 451.459808 -8.196064
v 91.739799 396.581787 -20.470432
v 86.641800 394.270874 -28.151768
v 84.786842 385.431580 21.394178
v 85.381836 415.899567 -0.000017
v 65.943878 429.636261 -21.426474
v 79.294403 411.639893 -25.764330
v 74.904686 393.647888 -24.338026
v 77.195869 398.895325 -56.086060
v 86.251251 396.581787 -37.362495
v 77.721016 388.232513 -56.467640
v 84.971382 387.082977 -38.536171
v 77.333954 382.045654 -56.186443
v 56.018929 385.431580 -67.144760
v 62.907600 387.082977 -68.903954
v 74.379211 379.092102 -54.039631
v 15.589848 451.459808 -21.457655
v 62.187012 396.581787 -70.484344
v 53.547806 394.270874 -73.702217
v 81.169174 385.431580 -32.528282
v 69.075211 415.899567 -50.186119
v 40.755608 429.636261 -56.095291
v 49.006638 411.639893 -67.451881
v 46.293629 393.647888 -63.717758
v 29.486198 398.895325 -90.749466
v 47.817776 396.581787 -80.924179
v 29.686731 388.232513 -91.366730
v 46.092064 387.082977 -81.121452
v 29.538937 382.045654 -90.911736
v 5.853571 385.431580 -87.248726
v 10.392515 387.082977 -92.720573
v 28.410286 379.092102 -87.438049
v 0.000006 451.459808 -26.523102
v 8.880621 396.581787 -93.575676
v -0.000024 394.270874 -91.101051
v 46.547695 385.431580 -74.026123
v 26.384377 415.899567 -81.202583
v 0.000006 429.636261 -69.337555
v -0.000055 411.639893 -83.374939
v -0.000024 393.647888 -78.759468
v -29.486198 398.895325 -90.749466
v -8.880700 396.581787 -93.575676
v -29.686810 388.232513 -91.366730
v -10.392594 387.082977 -92.720573
v -29.538937 382.045654 -90.911736
v -28.410364 379.092102 -87.438049
v -46.547695 385.431580 -74.026039
v -46.092064 387.082977 -81.121452
v -15.589926 451.459808 -21.457655
v -47.817776 396.581787 -80.924179
v -53.547821 394.270874 -73.702217
v -5.853594 385.431580 -87.248726
v -26.385973 415.891418 -81.207359
v -40.755608 429.636261 -56.095291
v -49.006638 411.639893 -67.451881
v -46.293629 393.647888 -63.717758
v -77.195869 398.895325 -56.086060
v -62.187012 396.581787 -70.484344
v -77.721016 388.232513 -56.467560
v -62.907600 387.082977 -68.903954
v -77.333954 382.045654 -56.186443
v -81.169174 385.431580 -32.528286
v -84.971382 387.082977 -38.536091
v -74.154587 379.138245 -53.876404
v -25.225021 451.459808 -8.196064
v -86.251251 396.581787 -37.362495
v -86.641800 394.270874 -28.151768
v -56.018929 385.431580 -67.144760
v -69.075211 415.899567 -50.186035
v -65.943962 429.636261 -21.426474
v -79.294403 411.639893 -25.764330
v -74.904762 393.647888 -24.338026
v -95.419502 398.895325 0.000025
v -91.739799 396.581787 -20.470432
v -96.068581 388.232513 0.000009
v -91.393768 387.082977 -18.768270
v -95.589722 382.045654 0.000024
v -84.786842 385.431580 21.394178
v -91.393768 387.082977 18.768349
v -91.937859 379.092102 0.000024
v -25.225021 451.459808 8.196064
v -91.739799 396.581787 20.470432
v -86.641800 394.270874 28.151768
v -84.786842 385.431580 -21.394178
v -85.381836 415.899567 0.000022
v -65.943878 429.636261 21.426474
v -79.294403 411.639893 25.764330
v -74.904762 393.647888 24.338026
v -77.195869 398.895325 56.086060
v -86.251251 396.581787 37.362495
v -77.721016 388.232513 56.467640
v -84.971382 387.082977 38.536171
v -77.334038 382.045654 56.186443
v -56.018929 385.431580 67.144760
v -62.907600 387.082977 68.903954
v -74.379211 379.092102 54.039631
v -15.589926 451.459808 21.457655
v -62.186935 396.581787 70.484344
v -53.547806 394.270874 73.702217
v -81.169174 385.431580 32.528282
v -69.075211 415.899567 50.186119
v -40.755608 429.636261 56.095291
v -49.006638 411.639893 67.451881
v -46.293629 393.647888 63.717758
v -29.486198 398.895325 90.749466
v -47.817776 396.581787 80.924179
v -29.686649 388.232513 91.366730
v -46.092064 387.082977 81.121452
v -29.538937 382.045654 90.911736
v -5.853562 385.431580 87.248726
v -10.392515 387.082977 92.720573
v -28.410364 379.092102 87.438049
v -8.880621 396.581787 93.575676
v -46.547695 385.431580 74.026123
v -26.384377 415.899567 81.202583
v 27.888395 443.945740 38.385036
v 0.000006 443.945740 47.446541
v 45.124329 443.945740 14.661806
v 45.124329 443.945740 -14.661806
v 27.888395 443.945740 -38.385036
v 0.000006 443.945740 -47.446541
v -27.888395 443.945740 -38.385036
v -45.124329 443.945740 -14.661806
v -45.124329 443.945740 14.661806
v -27.888395 443.945740 38.385036
v 0.000006 323.937744 125.140373
v -13.238604 317.077087 121.714394
v 0.000006 314.398834 121.897339
v 0.000000 337.386627 0.000000
v 24.447956 322.259369 119.051262
v 13.238604 317.077087 121.714394
v 26.665167 336.128418 119.502266
v 36.671021 332.754181 112.861931
v 0.000006 339.506042 124.294815
v -36.670940 332.754181 112.861931
v -24.447958 322.259369 119.051262
v -26.665167 336.128357 119.502266
v 0.000006 366.093567 109.159157
v 33.138069 360.383881 101.989044
v 73.555779 323.937744 101.240540
v 60.831665 317.077087 106.250229
v 71.649422 314.398834 98.617172
v 89.755165 322.259369 81.944733
v 82.251770 317.077087 90.687424
v 91.814568 336.128418 81.006111
v 96.005737 332.754181 69.752373
v 73.058792 339.506042 100.556465
v 50.197891 322.259369 110.684807
v 48.669056 336.128357 112.352852
v 64.162254 366.093567 88.311440
v 86.757149 360.383881 63.032482
v 119.015465 323.937744 38.670521
v 111.666382 317.077087 50.202503
v 115.931534 314.398834 37.668343
v 120.779747 322.259369 13.537529
v 119.848289 317.077087 25.021151
v 121.893372 336.128418 11.568097
v 118.669456 332.754181 0.000000
v 118.211266 339.506042 38.409298
v 105.669548 322.259369 60.040356
v 105.413422 336.128357 62.288277
v 103.816971 366.093567 33.732101
v 107.237366 360.383881 0.000000
v 119.015465 323.937744 -38.670521
v 119.848289 317.077087 -25.021151
v 115.931534 314.398834 -37.668343
v 105.669548 322.259369 -60.040356
v 111.666382 317.077087 -50.202503
v 105.413422 336.128418 -62.288277
v 96.005737 332.754181 -69.752373
v 118.211266 339.506042 -38.409298
v 120.779747 322.259369 -13.537529
v 121.893372 336.128357 -11.568098
v 103.816971 366.093567 -33.732101
v 86.757149 360.383881 -63.032482
v 73.555779 323.937744 -101.240540
v 82.251770 317.077087 -90.687424
v 71.649422 314.398834 -98.617172
v 50.197887 322.259369 -110.684807
v 60.831665 317.077087 -106.250229
v 48.669052 336.128418 -112.352852
v 36.671021 332.754181 -112.861931
v 73.058792 339.506042 -100.556465
v 89.755165 322.259369 -81.944733
v 91.814568 336.128357 -81.006119
v 64.162254 366.093567 -88.311440
v 33.138069 360.383881 -101.989044
v 0.000006 323.937744 -125.140373
v 13.238604 317.077087 -121.714394
v 0.000006 314.398834 -121.897339
v -24.447956 322.259369 -119.051262
v -13.238604 317.077087 -121.714394
v -26.665167 336.128418 -119.502266
v -36.670940 332.754181 -112.861931
v 0.000006 339.506042 -124.294815
v 24.447958 322.259369 -119.051262
v 26.665167 336.128357 -119.502266
v 0.000006 366.093567 -109.159157
v -33.138069 360.383881 -101.989044
v -73.555779 323.937744 -101.240540
v -60.831665 317.077087 -106.250229
v -71.649422 314.398834 -98.617172
v -89.755165 322.259369 -81.944733
v -82.251770 317.077087 -90.687424
v -91.814568 336.128418 -81.006111
v -96.005737 332.754181 -69.752373
v -73.058792 339.506042 -100.556465
v -50.197891 322.259369 -110.684807
v -48.669056 336.128357 -112.352852
v -64.162254 366.093567 -88.311440
v -86.757149 360.383881 -63.032482
v -119.015465 323.937744 -38.670521
v -111.666382 317.077087 -50.202503
v -115.931534 314.398834 -37.668343
v -120.779747 322.259369 -13.537529
v -119.848289 317.077087 -25.021151
v -121.893372 336.128418 -11.568097
v -118.669456 332.754181 0.000000
v -118.211266 339.506042 -38.409298
v -105.669548 322.259369 -60.040356
v -105.413422 336.128357 -62.288277
v -103.816971 366.093567 -33.732101
v -107.237366 360.383881 0.000000
v -119.015465 323.937744 38.670521
v -119.848289 317.077087 25.021151
v -115.931534 314.398834 37.668343
v -105.669548 322.259369 60.040356
v -111.666382 317.077087 50.202503
v -105.413422 336.128418 62.288277
v -96.005737 332.754181 69.752373
v -118.211266 339.506042 38.409298
v -120.779747 322.259369 13.537529
v -121.893372 336.128357 11.568177
v -103.816971 366.093567 33.732101
v -86.757149 360.383881 63.032482
v -73.555779 323.937744 101.240540
v -82.251770 317.077087 90.687424
v -71.649422 314.398834 98.617172
v -50.197887 322.259369 110.684807
v -60.831665 317.077087 106.250229
v -48.669052 336.128418 112.352852
v -73.058792 339.506042 100.556465
v -89.755165 322.259369 81.944733
v -91.814568 336.128357 81.006119
v -64.162254 366.093567 88.311440
v -33.138069 360.383881 101.989044
v 11.234172 -0.000000 -24.878290
v -0.424879 -0.000000 -24.601793
v 9.151071 7.970397 -20.799030
v -0.417536 7.970397 -20.414196
v -11.364942 -0.000000 -25.908545
v -17.469473 0.000001 -17.059265
v -9.712016 7.970397 -21.895386
v -14.483865 7.970397 -13.783241
v -25.741661 -0.000001 -11.096719
v -29.195147 -0.000000 0.415789
v -22.321981 7.970397 -9.011392
v -24.625498 7.970397 0.420165
v -24.262697 -0.000003 10.046101
v -20.532955 -0.000003 20.665873
v -20.540352 7.970397 8.755259
v -17.747559 7.970397 17.218988
v -10.188167 -0.000003 22.641829
v 0.156704 0.000003 29.398779
v -8.478605 7.970397 19.035378
v -0.006392 7.970397 24.817757
v 9.338396 -0.000000 23.653866
v 20.113758 -0.000003 20.670406
v 7.643503 7.970397 19.583597
v 16.651125 7.970397 17.223204
v 21.938580 -0.000000 8.713737
v 29.295292 -0.000000 0.415789
v 18.060646 7.970397 7.110716
v 23.980078 7.970397 0.420165
v 22.231619 -0.000000 -8.756771
v 20.943005 -0.000000 -20.659033
v 18.334755 7.970397 -6.955637
v 16.895563 7.970397 -16.884426
v 7.871866 41.770748 -18.696680
v -0.009514 41.770748 -22.795588
v -16.294210 41.770748 -16.285858
v -7.909976 41.572369 -19.074512
v -23.446018 41.770748 -0.001160
v -17.634527 41.770748 16.648340
v -18.806053 41.615559 8.547569
v -0.009514 41.770748 22.671101
v -7.905259 41.649208 19.060833
v 16.212677 41.770748 16.342571
v 7.886479 41.643955 19.061468
v 18.497263 41.770748 7.502631
v 22.418468 41.770748 -0.001160
v 18.686020 41.770748 -7.693743
v 14.877371 143.179367 -14.877371
v 0.000000 143.179367 -21.039730
v 14.877371 384.713409 -14.877371
v 0.000000 384.713409 -21.039730
v -14.877371 143.179367 -14.877371
v -14.877371 384.713409 -14.877371
v -21.039730 143.179367 0.000000
v -21.039730 384.713409 0.000000
v -14.877371 143.179367 14.877371
v -14.877371 384.713409 14.877371
v 0.000000 143.179367 21.039730
v 0.000000 384.713409 21.039730
v 14.877371 143.179367 14.877371
v 14.877371 384.713409 14.877371
v 21.039730 143.179367 0.000000
v 21.039730 384.713409 0.000000
v 14.877371 143.179367 -14.877371
v 14.877371 384.713409 -14.877371
v 15.628584 75.574921 -15.628584
v 0.000000 75.574921 -22.102201
v -15.628584 75.574921 -15.628584
v -22.102201 75.574921 0.000000
v -15.628584 75.574921 15.628584
v 0.000000 75.574921 22.102201
v 15.628584 75.574921 15.628584
v 22.102201 75.574921 0.000000
v 15.628584 75.574921 -15.628584
v -19.082390 41.575310 -7.901392
v 16.883074 41.770748 -17.137455
v 16.883074 41.770748 -17.137455
v 16.895563 7.970397 -16.884426
v 20.943005 -0.000000 -20.659033
vt 0.051556 0.119347
vt 0.009766 0.125420
vt 0.055585 0.074777
vt 0.011272 0.073531
vt 0.045510 0.052104
vt 0.059621 0.049492
vt 0.045708 0.037635
vt 0.138212 0.129584
vt 0.094019 0.135352
vt 0.142653 0.085503
vt 0.098413 0.085602
vt 0.131676 0.063405
vt 0.145379 0.059660
vt 0.130408 0.048757
vt 0.226201 0.137228
vt 0.182026 0.144484
vt 0.229344 0.092875
vt 0.185228 0.094614
vt 0.217634 0.071118
vt 0.231173 0.066901
vt 0.215825 0.056482
vt 0.314669 0.141816
vt 0.270471 0.150524
vt 0.316139 0.097373
vt 0.272121 0.100553
vt 0.303728 0.075996
vt 0.317115 0.071334
vt 0.301437 0.061420
vt 0.359259 0.153675
vt 0.359115 0.103632
vt 0.330043 0.076844
vt 0.359690 0.082143
vt 0.403218 0.144311
vt 0.402912 0.098987
vt 0.447057 0.154220
vt 0.445949 0.104171
vt 0.416227 0.078117
vt 0.445983 0.082661
vt 0.489976 0.143589
vt 0.489672 0.098521
vt 0.623230 0.149122
vt 0.578321 0.141074
vt 0.619688 0.099281
vt 0.576431 0.096127
vt 0.711722 0.143031
vt 0.666078 0.135929
vt 0.706541 0.093397
vt 0.663125 0.091575
vt 0.674849 0.069755
vt 0.704919 0.071999
vt 0.840590 0.117813
vt 0.799301 0.133829
vt 0.836902 0.074231
vt 0.793386 0.084703
vt 0.820697 0.055566
vt 0.833193 0.049052
vt 0.815795 0.041573
vt 0.753989 0.128381
vt 0.749783 0.084293
vt 0.760861 0.062235
vt 0.791138 0.063553
vt 0.535224 0.152722
vt 0.532882 0.102761
vt 0.243921 0.072831
vt 0.273397 0.079108
vt 0.157928 0.065987
vt 0.187205 0.073236
vt 0.071953 0.056129
vt 0.101099 0.064440
vt 0.882344 0.124433
vt 0.881243 0.073461
vt 0.847288 0.051763
vt 0.878712 0.050728
vt 0.875567 0.034852
vt 0.859014 0.030577
vt 0.872451 0.024452
vt 0.847338 0.037287
vt 0.860026 0.021342
vt 0.033365 0.021496
vt 0.020832 0.024353
vt 0.023751 0.017026
vt 0.215595 0.621207
vt 0.159242 0.760088
vt 0.201170 0.616529
vt 0.186496 0.612707
vt 0.171111 0.609558
vt 0.230256 0.626832
vt 0.054405 0.031622
vt 0.045678 0.026509
vt 0.017483 0.034786
vt 0.034082 0.030765
vt 0.014104 0.050690
vt 0.869738 0.017092
vt 0.847549 0.026100
vt 0.838727 0.031101
vt 0.851214 0.019256
vt 0.864691 0.009766
vt 0.028990 0.009822
vt 0.042183 0.019616
vt 0.154562 0.604570
vt 0.246889 0.631535
vt 0.103109 0.049651
vt 0.090370 0.040000
vt 0.104511 0.039957
vt 0.077182 0.042098
vt 0.095483 0.031996
vt 0.115583 0.034583
vt 0.105557 0.033000
vt 0.123176 0.614615
vt 0.108758 0.619315
vt 0.094641 0.624852
vt 0.080346 0.631351
vt 0.138342 0.610544
vt 0.137987 0.041417
vt 0.128409 0.037454
vt 0.118018 0.043603
vt 0.082197 0.031383
vt 0.071858 0.032887
vt 0.088738 0.026259
vt 0.106831 0.024463
vt 0.123616 0.030910
vt 0.064026 0.637048
vt 0.188635 0.058351
vt 0.175540 0.049174
vt 0.189640 0.048602
vt 0.162490 0.051759
vt 0.180301 0.040983
vt 0.200473 0.042822
vt 0.190398 0.041609
vt 0.044546 0.663628
vt 0.035647 0.675907
vt 0.027485 0.688687
vt 0.019744 0.702350
vt 0.054420 0.651418
vt 0.223112 0.048852
vt 0.213391 0.045232
vt 0.203260 0.051764
vt 0.167015 0.040880
vt 0.156758 0.042786
vt 0.173321 0.035513
vt 0.191319 0.033025
vt 0.208347 0.038853
vt 0.009894 0.716554
vt 0.274332 0.064181
vt 0.260942 0.055441
vt 0.275011 0.054404
vt 0.247993 0.058457
vt 0.265424 0.047098
vt 0.285644 0.048270
vt 0.275535 0.047389
vt 0.009766 0.749508
vt 0.009787 0.764673
vt 0.010701 0.779810
vt 0.012474 0.795413
vt 0.010573 0.733826
vt 0.308467 0.053553
vt 0.298632 0.050254
vt 0.288726 0.057117
vt 0.252145 0.047436
vt 0.241960 0.049682
vt 0.258264 0.041863
vt 0.276168 0.038779
vt 0.293380 0.044043
vt 0.012860 0.812694
vt 0.360146 0.067192
vt 0.346489 0.058896
vt 0.360514 0.057399
vt 0.333645 0.062337
vt 0.350699 0.050410
vt 0.370948 0.050924
vt 0.360815 0.050371
vt 0.032133 0.839425
vt 0.041068 0.851679
vt 0.050708 0.863385
vt 0.061317 0.874964
vt 0.023565 0.826266
vt 0.393931 0.055471
vt 0.387150 0.063554
vt 0.383994 0.052488
vt 0.389891 0.078040
vt 0.403145 0.072961
vt 0.374309 0.059665
vt 0.337440 0.051182
vt 0.327333 0.053761
vt 0.343376 0.045411
vt 0.361173 0.041745
vt 0.378548 0.046450
vt 0.071792 0.888714
vt 0.446068 0.067709
vt 0.432210 0.059759
vt 0.446197 0.057912
vt 0.419455 0.063524
vt 0.456476 0.051187
vt 0.446329 0.050879
vt 0.103101 0.899004
vt 0.117533 0.903661
vt 0.132215 0.907463
vt 0.147604 0.910591
vt 0.088432 0.893398
vt 0.479575 0.055233
vt 0.472963 0.063427
vt 0.469563 0.052455
vt 0.476083 0.077829
vt 0.489305 0.071986
vt 0.460042 0.059846
vt 0.436213 0.051169
vt 0.422970 0.052275
vt 0.412925 0.055112
vt 0.428765 0.046354
vt 0.446479 0.042246
vt 0.463975 0.046536
vt 0.502603 0.077323
vt 0.532480 0.081252
vt 0.163916 0.914936
vt 0.532231 0.066302
vt 0.518188 0.058656
vt 0.532129 0.056503
vt 0.505533 0.062693
vt 0.521983 0.049983
vt 0.542243 0.049550
vt 0.532091 0.049469
vt 0.195110 0.905567
vt 0.209536 0.900889
vt 0.223662 0.895371
vt 0.237967 0.888891
vt 0.179936 0.909616
vt 0.565421 0.053036
vt 0.559030 0.061429
vt 0.555352 0.050513
vt 0.562449 0.075785
vt 0.575451 0.070115
vt 0.546017 0.058132
vt 0.508767 0.051396
vt 0.498786 0.054488
vt 0.514418 0.045339
vt 0.532034 0.040835
vt 0.549623 0.044729
vt 0.588766 0.074668
vt 0.618728 0.077822
vt 0.254295 0.883214
vt 0.618095 0.062883
vt 0.603860 0.055596
vt 0.617746 0.053093
vt 0.591297 0.059951
vt 0.607442 0.046831
vt 0.627680 0.045887
vt 0.617531 0.046064
vt 0.273814 0.856661
vt 0.282732 0.844395
vt 0.290912 0.831626
vt 0.298673 0.817974
vt 0.263922 0.868857
vt 0.650938 0.048776
vt 0.644769 0.057333
vt 0.640809 0.046514
vt 0.648568 0.071598
vt 0.661408 0.065592
vt 0.631673 0.054368
vt 0.594267 0.048559
vt 0.584370 0.051864
vt 0.599768 0.042376
vt 0.617257 0.037435
vt 0.634934 0.040879
vt 0.308542 0.803782
vt 0.703819 0.057092
vt 0.689358 0.050242
vt 0.703161 0.047316
vt 0.676933 0.054975
vt 0.692664 0.041374
vt 0.712864 0.039805
vt 0.702724 0.040297
vt 0.308715 0.770827
vt 0.308716 0.755663
vt 0.307824 0.740525
vt 0.306075 0.724919
vt 0.307885 0.786509
vt 0.736208 0.041963
vt 0.730318 0.050713
vt 0.726009 0.040020
vt 0.734579 0.064846
vt 0.747245 0.058488
vt 0.717126 0.048158
vt 0.679549 0.043502
vt 0.669761 0.047103
vt 0.684855 0.037156
vt 0.702177 0.031681
vt 0.719954 0.034571
vt 0.305713 0.707637
vt 0.789485 0.048747
vt 0.774718 0.042373
vt 0.788438 0.039021
vt 0.762437 0.047473
vt 0.797846 0.031204
vt 0.787718 0.032027
vt 0.286474 0.680881
vt 0.277557 0.668615
vt 0.267935 0.656895
vt 0.257344 0.645301
vt 0.295024 0.694052
vt 0.821294 0.032586
vt 0.811011 0.030988
vt 0.802463 0.039422
vt 0.777688 0.033430
vt 0.764637 0.035974
vt 0.754974 0.039881
vt 0.769709 0.029481
vt 0.786821 0.023443
vt 0.804718 0.025731
vt 0.706348 0.205646
vt 0.719294 0.171281
vt 0.744725 0.238787
vt 0.767532 0.202881
vt 0.791310 0.219946
vt 0.775011 0.246732
vt 0.803449 0.228806
vt 0.811377 0.234603
vt 0.799371 0.245500
vt 0.651857 0.255417
vt 0.672554 0.224182
vt 0.682527 0.297237
vt 0.712678 0.266709
vt 0.732399 0.288497
vt 0.710647 0.311414
vt 0.742533 0.299616
vt 0.588146 0.293166
vt 0.614901 0.266813
vt 0.609363 0.340526
vt 0.645197 0.317010
vt 0.660034 0.342608
vt 0.633868 0.360348
vt 0.667560 0.355597
vt 0.518066 0.316740
vt 0.549645 0.296715
vt 0.530494 0.369852
vt 0.568752 0.351937
vt 0.444664 0.324317
vt 0.479888 0.311547
vt 0.444151 0.376180
vt 0.487463 0.366250
vt 0.487936 0.395544
vt 0.457926 0.404623
vt 0.371183 0.316281
vt 0.408339 0.311318
vt 0.359557 0.366875
vt 0.402346 0.369669
vt 0.398817 0.399109
vt 0.367220 0.397470
vt 0.397008 0.414060
vt 0.367107 0.411507
vt 0.380152 0.418497
vt 0.395980 0.423356
vt 0.301046 0.292791
vt 0.338437 0.295832
vt 0.278952 0.339758
vt 0.320156 0.351572
vt 0.310475 0.379569
vt 0.279948 0.371285
vt 0.305531 0.393776
vt 0.276868 0.384987
vt 0.288146 0.394576
vt 0.237288 0.255156
vt 0.273289 0.265923
vt 0.205920 0.296140
vt 0.243711 0.316426
vt 0.228370 0.341696
vt 0.200310 0.327175
vt 0.220555 0.354508
vt 0.183210 0.205640
vt 0.215989 0.223428
vt 0.144682 0.237885
vt 0.177123 0.265405
vt 0.156579 0.287200
vt 0.132701 0.266775
vt 0.146253 0.297987
vt 0.124439 0.277994
vt 0.130416 0.291467
vt 0.142552 0.146544
vt 0.169794 0.170733
vt 0.096399 0.167567
vt 0.122400 0.202188
vt 0.098444 0.218760
vt 0.078932 0.194310
vt 0.086200 0.227425
vt 0.078202 0.233111
vt 0.071948 0.218102
vt 0.746974 0.146480
vt 0.793779 0.168966
vt 0.811034 0.195845
vt 0.821185 0.205447
vt 0.817777 0.219692
vt 0.114564 0.245533
vt 0.102384 0.252050
vt 0.090133 0.244103
vt 0.177802 0.310110
vt 0.167006 0.319174
vt 0.153356 0.313645
vt 0.254215 0.359447
vt 0.339545 0.391379
vt 0.429728 0.404442
vt 0.608070 0.372102
vt 0.577694 0.380032
vt 0.582301 0.394330
vt 0.687979 0.328392
vt 0.756503 0.268797
vt 0.765001 0.279999
vt 0.758603 0.293414
vt 0.764263 0.734947
vt 0.655752 0.634085
vt 0.664376 0.623259
vt 0.676261 0.613948
vt 0.787086 0.253362
vt 0.768645 0.259700
vt 0.821161 0.185727
vt 0.701738 0.600642
vt 0.688781 0.605510
vt 0.719826 0.597929
vt 0.647598 0.650457
vt 0.749152 0.306871
vt 0.617051 0.717386
vt 0.617657 0.703559
vt 0.621791 0.689039
vt 0.721253 0.320635
vt 0.701568 0.322991
vt 0.735043 0.315266
vt 0.634568 0.663293
vt 0.626954 0.674851
vt 0.617438 0.735382
vt 0.693676 0.341352
vt 0.684570 0.353031
vt 0.672482 0.364101
vt 0.634702 0.807423
vt 0.627067 0.795878
vt 0.621882 0.781700
vt 0.642296 0.371611
vt 0.622524 0.369720
vt 0.656919 0.369294
vt 0.617091 0.753360
vt 0.617722 0.767187
vt 0.645584 0.821761
vt 0.610892 0.385960
vt 0.599502 0.395430
vt 0.585323 0.403678
vt 0.701897 0.869899
vt 0.688936 0.865044
vt 0.719122 0.875112
vt 0.548409 0.391731
vt 0.554182 0.404565
vt 0.535384 0.398358
vt 0.568989 0.405430
vt 0.655876 0.836506
vt 0.664513 0.847322
vt 0.676407 0.856619
vt 0.517955 0.398489
vt 0.490515 0.415056
vt 0.520842 0.413401
vt 0.507295 0.420038
vt 0.490854 0.424908
vt 0.792986 0.880960
vt 0.779645 0.884649
vt 0.460761 0.418474
vt 0.443785 0.408309
vt 0.474992 0.422761
vt 0.736121 0.880988
vt 0.749466 0.884663
vt 0.765005 0.885117
vt 0.809982 0.875059
vt 0.426552 0.418215
vt 0.412286 0.422141
vt 0.873133 0.836425
vt 0.864503 0.847246
vt 0.352523 0.398129
vt 0.827195 0.869821
vt 0.840150 0.864949
vt 0.853607 0.858002
vt 0.883421 0.821672
vt 0.333481 0.404159
vt 0.318694 0.404939
vt 0.302441 0.402708
vt 0.911849 0.753295
vt 0.911221 0.767122
vt 0.265448 0.368812
vt 0.894282 0.807322
vt 0.901907 0.795771
vt 0.908282 0.782014
vt 0.911503 0.735316
vt 0.245545 0.370638
vt 0.230943 0.368224
vt 0.215448 0.362901
vt 0.894327 0.663233
vt 0.901946 0.674789
vt 0.907116 0.688974
vt 0.194433 0.339962
vt 0.186719 0.321681
vt 0.203452 0.351708
vt 0.911873 0.717319
vt 0.911259 0.703492
vt 0.883475 0.648895
vt 0.139462 0.305064
vt 0.827224 0.600660
vt 0.840180 0.605532
vt 0.852699 0.613971
vt 0.121030 0.258410
vt 0.873205 0.634111
vt 0.864583 0.623284
vt 0.809137 0.597939
vt 0.736053 0.589488
vt 0.749396 0.585806
vt 0.764484 0.585266
vt 0.068681 0.203789
vt 0.068931 0.184048
vt 0.792914 0.589491
vt 0.779572 0.585807
vt 0.617460 0.444464
vt 0.620849 0.424533
vt 0.629016 0.446055
vt 0.630920 0.427096
vt 0.624185 0.415275
vt 0.635917 0.447154
vt 0.627138 0.464924
vt 0.617243 0.464916
vt 0.617701 0.474721
vt 0.630741 0.471248
vt 0.641093 0.447965
vt 0.939149 0.052472
vt 0.916705 0.036178
vt 0.944439 0.036169
vt 0.543166 0.463521
vt 0.518482 0.464162
vt 0.516051 0.445881
vt 0.539578 0.432378
vt 0.571562 0.465140
vt 0.569916 0.420520
vt 0.596514 0.442703
vt 0.636376 0.421951
vt 0.598897 0.414984
vt 0.596496 0.469555
vt 0.625147 0.476647
vt 0.635667 0.407906
vt 0.605588 0.501492
vt 0.613322 0.483215
vt 0.615748 0.505963
vt 0.621895 0.488040
vt 0.621804 0.508751
vt 0.608842 0.523256
vt 0.599632 0.520482
vt 0.597201 0.529789
vt 0.610460 0.530251
vt 0.626323 0.510829
vt 0.925285 0.062553
vt 0.533146 0.493719
vt 0.511373 0.483886
vt 0.557638 0.506253
vt 0.587138 0.494002
vt 0.628006 0.484261
vt 0.579104 0.518622
vt 0.603623 0.533744
vt 0.577628 0.551059
vt 0.590566 0.536409
vt 0.585826 0.558409
vt 0.597149 0.543491
vt 0.590696 0.562885
vt 0.573802 0.572337
vt 0.565967 0.566771
vt 0.560679 0.574649
vt 0.573099 0.579400
vt 0.594331 0.566213
vt 0.908144 0.062559
vt 0.513007 0.518456
vt 0.496820 0.500899
vt 0.531176 0.539245
vt 0.562691 0.538102
vt 0.604055 0.541759
vt 0.547211 0.558218
vt 0.565488 0.580442
vt 0.535213 0.587955
vt 0.552250 0.578620
vt 0.540570 0.597580
vt 0.556185 0.587415
vt 0.543729 0.603392
vt 0.524596 0.606529
vt 0.519021 0.598660
vt 0.511421 0.604226
vt 0.521594 0.612899
vt 0.546094 0.607716
vt 0.894273 0.052489
vt 0.485699 0.534803
vt 0.476971 0.512445
vt 0.495445 0.560829
vt 0.525386 0.570746
vt 0.563304 0.588080
vt 0.504151 0.584214
vt 0.514047 0.611287
vt 0.482938 0.607944
vt 0.502134 0.605053
vt 0.484791 0.618806
vt 0.502934 0.614640
vt 0.485845 0.625335
vt 0.466733 0.621695
vt 0.464105 0.612396
vt 0.455088 0.614995
vt 0.461768 0.626631
vt 0.486647 0.630199
vt 0.888970 0.036188
vt 0.454526 0.540909
vt 0.454269 0.516885
vt 0.454667 0.568740
vt 0.479435 0.588414
vt 0.509448 0.617701
vt 0.454936 0.593710
vt 0.455197 0.622522
vt 0.427018 0.608658
vt 0.446052 0.612574
vt 0.425122 0.619540
vt 0.443605 0.621854
vt 0.423918 0.626079
vt 0.423035 0.630737
vt 0.400846 0.618933
vt 0.407166 0.615739
vt 0.894261 0.019884
vt 0.423136 0.536066
vt 0.431385 0.513641
vt 0.413673 0.562071
vt 0.430291 0.589108
vt 0.407821 0.606199
vt 0.398482 0.605610
vt 0.448722 0.626959
vt 0.405484 0.585530
vt 0.396044 0.612752
vt 0.374315 0.589762
vt 0.390843 0.600155
vt 0.368977 0.599267
vt 0.385429 0.608026
vt 0.365739 0.604942
vt 0.353304 0.589818
vt 0.357073 0.580930
vt 0.348549 0.577058
vt 0.346427 0.590429
vt 0.363263 0.609356
vt 0.908125 0.009804
vt 0.395238 0.520820
vt 0.411032 0.503201
vt 0.377300 0.541528
vt 0.383877 0.572588
vt 0.388466 0.614671
vt 0.361706 0.560593
vt 0.343944 0.582969
vt 0.330998 0.553677
vt 0.343146 0.569262
vt 0.322846 0.560900
vt 0.335501 0.574863
vt 0.317935 0.565223
vt 0.311335 0.546401
vt 0.317781 0.539245
vt 0.311054 0.532581
vt 0.304718 0.544585
vt 0.314293 0.568471
vt 0.925266 0.009798
vt 0.374354 0.496899
vt 0.395791 0.487106
vt 0.350008 0.509218
vt 0.345705 0.540776
vt 0.336220 0.582198
vt 0.328854 0.521504
vt 0.304801 0.536658
vt 0.302062 0.504103
vt 0.308491 0.523273
vt 0.292005 0.508363
vt 0.299468 0.526060
vt 0.285986 0.510954
vt 0.285553 0.490570
vt 0.294041 0.485747
vt 0.289560 0.477059
vt 0.279722 0.486674
vt 0.281513 0.512930
vt 0.939137 0.019868
vt 0.363896 0.467303
vt 0.388132 0.468061
vt 0.335616 0.468499
vt 0.320356 0.496895
vt 0.297780 0.533337
vt 0.310713 0.472357
vt 0.282204 0.479043
vt 0.289734 0.446474
vt 0.289973 0.467212
vt 0.278001 0.447349
vt 0.280141 0.467055
vt 0.271087 0.448050
vt 0.276324 0.427699
vt 0.287205 0.426378
vt 0.285217 0.417282
vt 0.271136 0.421263
vt 0.265947 0.448670
vt 0.367973 0.437150
vt 0.390554 0.450342
vt 0.338792 0.424081
vt 0.311130 0.445561
vt 0.276310 0.473639
vt 0.310149 0.418132
vt 0.278126 0.407961
vt 0.203915 0.422960
vt 0.206690 0.450704
vt 0.187558 0.426939
vt 0.192405 0.452955
vt 0.184183 0.442708
vt 0.177449 0.430292
vt 0.453851 0.857018
vt 0.332283 0.800068
vt 0.336489 0.788362
vt 0.329807 0.816879
vt 0.700158 0.444683
vt 0.714584 0.445755
vt 0.700718 0.457507
vt 0.717394 0.419231
vt 0.721992 0.434776
vt 0.700805 0.416468
vt 0.206906 0.463250
vt 0.361886 0.759220
vt 0.352070 0.766861
vt 0.727727 0.421790
vt 0.343801 0.777265
vt 0.377090 0.751634
vt 0.239566 0.455026
vt 0.236825 0.419685
vt 0.265983 0.409566
vt 0.667729 0.415667
vt 0.668004 0.451145
vt 0.687724 0.495144
vt 0.696387 0.469293
vt 0.703159 0.499941
vt 0.710550 0.474536
vt 0.713291 0.488085
vt 0.712963 0.503005
vt 0.322026 0.882400
vt 0.318548 0.870458
vt 0.682446 0.522365
vt 0.696502 0.525833
vt 0.680274 0.535241
vt 0.705570 0.515823
vt 0.321965 0.831954
vt 0.318516 0.843905
vt 0.317940 0.857182
vt 0.329904 0.897456
vt 0.657961 0.486061
vt 0.650573 0.521034
vt 0.657655 0.568824
vt 0.673037 0.545827
vt 0.671096 0.577651
vt 0.685234 0.554765
vt 0.684123 0.568790
vt 0.679635 0.583287
vt 0.362122 0.955038
vt 0.352288 0.947421
vt 0.644421 0.593580
vt 0.657006 0.600843
vt 0.638297 0.605388
vt 0.668744 0.593671
vt 0.332421 0.914261
vt 0.336654 0.925957
vt 0.343993 0.937037
vt 0.377345 0.962587
vt 0.631741 0.551940
vt 0.614268 0.583161
vt 0.605757 0.630532
vt 0.627911 0.613379
vt 0.615748 0.643095
vt 0.636633 0.625665
vt 0.631036 0.638694
vt 0.622082 0.651111
vt 0.437255 0.990234
vt 0.424822 0.989852
vt 0.584976 0.649696
vt 0.594709 0.660593
vt 0.575177 0.658862
vt 0.608296 0.657524
vt 0.389258 0.974704
vt 0.399558 0.981677
vt 0.412008 0.986327
vt 0.454008 0.987394
vt 0.586400 0.606473
vt 0.559535 0.630170
vt 0.535748 0.671763
vt 0.562560 0.662976
vt 0.541067 0.686898
vt 0.566716 0.677394
vt 0.557048 0.687809
vt 0.544415 0.696544
vt 0.518727 0.974547
vt 0.508444 0.981546
vt 0.509632 0.682761
vt 0.515277 0.696316
vt 0.497269 0.688034
vt 0.529201 0.697984
vt 0.470769 0.990194
vt 0.483200 0.989781
vt 0.496005 0.986226
vt 0.530611 0.962403
vt 0.525295 0.642717
vt 0.491930 0.655820
vt 0.455637 0.686724
vt 0.483931 0.687593
vt 0.455654 0.702760
vt 0.483056 0.702502
vt 0.470455 0.709014
vt 0.455623 0.712970
vt 0.575419 0.913968
vt 0.571213 0.925674
vt 0.577895 0.897157
vt 0.427363 0.688149
vt 0.428207 0.702886
vt 0.413977 0.688872
vt 0.440791 0.709187
vt 0.545816 0.954816
vt 0.555631 0.947175
vt 0.563901 0.936772
vt 0.455370 0.655873
vt 0.419572 0.656700
vt 0.375237 0.673438
vt 0.401567 0.683890
vt 0.369954 0.688579
vt 0.395848 0.697599
vt 0.381837 0.699473
vt 0.366558 0.698206
vt 0.585676 0.831636
vt 0.589154 0.843578
vt 0.348241 0.665150
vt 0.344118 0.679404
vt 0.335486 0.661241
vt 0.353855 0.689627
vt 0.585736 0.882082
vt 0.589186 0.870132
vt 0.589761 0.856854
vt 0.577797 0.816580
vt 0.385175 0.644254
vt 0.351313 0.632743
vt 0.304512 0.633380
vt 0.325574 0.652265
vt 0.294537 0.645943
vt 0.315704 0.663230
vt 0.302004 0.660250
vt 0.288148 0.653912
vt 0.545580 0.758999
vt 0.555414 0.766616
vt 0.282178 0.616533
vt 0.273497 0.628683
vt 0.271700 0.608665
vt 0.279146 0.641585
vt 0.575281 0.799775
vt 0.571047 0.788079
vt 0.563708 0.776999
vt 0.530357 0.751449
vt 0.323426 0.609057
vt 0.295742 0.586633
vt 0.251951 0.572401
vt 0.265475 0.596995
vt 0.238614 0.581356
vt 0.252858 0.604342
vt 0.241044 0.597280
vt 0.230088 0.587014
vt 0.470447 0.723802
vt 0.482880 0.724184
vt 0.453694 0.726642
vt 0.236391 0.549742
vt 0.224290 0.558716
vt 0.229117 0.539350
vt 0.225505 0.572630
vt 0.518443 0.739333
vt 0.508144 0.732359
vt 0.495694 0.727709
vt 0.277296 0.554970
vt 0.258467 0.524824
vt 0.221034 0.499569
vt 0.226802 0.526631
vt 0.205790 0.505000
vt 0.212918 0.530522
vt 0.203710 0.520864
vt 0.196075 0.508399
vt 0.388975 0.739489
vt 0.399258 0.732490
vt 0.211666 0.474509
vt 0.197655 0.480256
vt 0.195316 0.493693
vt 0.436933 0.723842
vt 0.424502 0.724255
vt 0.411696 0.727810
vt 0.250169 0.488988
vt 0.823016 0.253629
vt 0.834106 0.253629
vt 0.823016 0.260074
vt 0.811926 0.260074
vt 0.811926 0.253629
vt 0.811926 0.287409
vt 0.823016 0.287409
vt 0.811926 0.314744
vt 0.834106 0.314744
vt 0.834106 0.287409
vt 0.834106 0.260074
vt 0.845196 0.253629
vt 0.845196 0.260074
vt 0.856287 0.253629
vt 0.856287 0.260074
vt 0.867377 0.253629
vt 0.867377 0.260074
vt 0.878467 0.253629
vt 0.878467 0.260074
vt 0.889557 0.253629
vt 0.889557 0.260074
vt 0.900647 0.253629
vt 0.900647 0.260074
vt 0.911737 0.253629
vt 0.911737 0.260074
vt 0.922827 0.253629
vt 0.922827 0.260074
vt 0.933917 0.253629
vt 0.933917 0.260074
vt 0.945008 0.253629
vt 0.945008 0.260074
vt 0.956098 0.253629
vt 0.956098 0.260074
vt 0.967188 0.253629
vt 0.967188 0.260074
vt 0.978278 0.253629
vt 0.978278 0.260074
vt 0.989368 0.253629
vt 0.989368 0.260074
vt 0.989368 0.287409
vt 0.978278 0.287409
vt 0.967188 0.287409
vt 0.956098 0.287409
vt 0.945008 0.287409
vt 0.933917 0.287409
vt 0.922827 0.287409
vt 0.911737 0.287409
vt 0.900647 0.287409
vt 0.890412 0.287409
vt 0.878467 0.287409
vt 0.867377 0.287409
vt 0.856287 0.287409
vt 0.845196 0.287409
vt 0.856287 0.314744
vt 0.878467 0.314744
vt 0.900647 0.314744
vt 0.922827 0.314744
vt 0.945008 0.314744
vt 0.967188 0.314744
vt 0.989368 0.314744
vt 0.967188 0.369413
vt 0.945008 0.369413
vt 0.922827 0.369413
vt 0.900647 0.369413
vt 0.878467 0.369413
vt 0.856287 0.369413
vt 0.834106 0.369413
vt 0.811926 0.369413
vt 0.811926 0.564732
vt 0.834106 0.564732
vt 0.856287 0.564732
vt 0.878467 0.564732
vt 0.900647 0.564732
vt 0.922827 0.564732
vt 0.945008 0.564732
vt 0.967188 0.564732
vt 0.989368 0.369413
vt 0.989368 0.564732
vn 0.122706 0.219608 0.967841
vn 0.122706 0.219608 0.967841
vn 0.122706 0.219608 0.967841
vn 0.241329 0.311714 0.919018
vn 0.241329 0.311714 0.919018
vn 0.241329 0.311714 0.919018
vn 0.529527 -0.104762 0.841799
vn 0.529527 -0.104762 0.841799
vn 0.529527 -0.104762 0.841799
vn 0.417757 -0.420133 0.805585
vn 0.417757 -0.420133 0.805586
vn 0.417757 -0.420133 0.805585
vn 0.658493 0.208054 0.723257
vn 0.658493 0.208054 0.723257
vn 0.658493 0.208054 0.723257
vn 0.735336 0.312213 0.601501
vn 0.735336 0.312213 0.601501
vn 0.735336 0.312213 0.601501
vn 0.923189 -0.104742 0.369798
vn 0.923189 -0.104742 0.369798
vn 0.923189 -0.104742 0.369798
vn 0.811467 -0.420148 0.406198
vn 0.811467 -0.420148 0.406198
vn 0.811467 -0.420148 0.406198
vn 0.958124 0.220913 0.182198
vn 0.958124 0.220913 0.182198
vn 0.958124 0.220913 0.182198
vn 0.948170 0.313093 0.054279
vn 0.948170 0.313093 0.054279
vn 0.948170 0.313093 0.054279
vn 0.964239 -0.104758 -0.243452
vn 0.964239 -0.104758 -0.243452
vn 0.964239 -0.104758 -0.243452
vn 0.895259 -0.420123 -0.148348
vn 0.895259 -0.420123 -0.148348
vn 0.895259 -0.420123 -0.148348
vn 0.883659 0.219708 -0.413370
vn 0.883660 0.219708 -0.413370
vn 0.883660 0.219708 -0.413370
vn 0.798678 0.314004 -0.513337
vn 0.798678 0.314004 -0.513337
vn 0.798678 0.314004 -0.513337
vn 0.636983 -0.104751 -0.763727
vn 0.636984 -0.104751 -0.763727
vn 0.636984 -0.104751 -0.763727
vn 0.637078 -0.420140 -0.646230
vn 0.637078 -0.420140 -0.646231
vn 0.637078 -0.420140 -0.646231
vn 0.664279 0.320611 -0.675234
vn 0.703473 0.277206 -0.654433
vn 0.708621 0.271188 -0.651393
vn 0.747963 0.222351 -0.625388
vn 0.724629 0.132822 -0.676218
vn 0.724629 0.132822 -0.676218
vn 0.724629 0.132822 -0.676218
vn 0.753691 0.044798 -0.655701
vn 0.753691 0.044798 -0.655701
vn 0.753691 0.044798 -0.655701
vn 0.374518 0.293596 -0.879510
vn 0.357473 0.305533 -0.882532
vn 0.355752 0.306725 -0.882814
vn 0.344281 0.314605 -0.884587
vn 0.215568 0.316623 -0.923732
vn 0.227062 0.305496 -0.924724
vn 0.228988 0.303619 -0.924868
vn 0.240666 0.292151 -0.925596
vn 0.188778 0.132808 -0.972998
vn 0.188778 0.132808 -0.972998
vn 0.188778 0.132808 -0.972998
vn 0.224337 0.044815 -0.973481
vn 0.224337 0.044815 -0.973481
vn 0.224337 0.044815 -0.973481
vn -0.185196 0.295169 -0.937325
vn -0.201507 0.307723 -0.929893
vn -0.203162 0.308993 -0.929112
vn -0.213336 0.316782 -0.924196
vn -0.824266 0.317541 -0.468777
vn -0.819644 0.295860 -0.490561
vn -0.818873 0.292544 -0.493826
vn -0.812997 0.269257 -0.516272
vn -0.935404 0.319104 0.152287
vn -0.954020 0.277263 0.113889
vn -0.956250 0.271597 0.108727
vn -0.972262 0.224377 0.066044
vn -0.983705 0.132842 0.121148
vn -0.983705 0.132842 0.121148
vn -0.983705 0.132842 0.121148
vn -0.995160 0.044801 0.087460
vn -0.995160 0.044801 0.087460
vn -0.995160 0.044801 0.087460
vn -0.484469 0.207796 0.849771
vn -0.484469 0.207796 0.849771
vn -0.484469 0.207796 0.849771
vn -0.344936 0.311758 0.885340
vn -0.344936 0.311758 0.885340
vn -0.344936 0.311758 0.885340
vn -0.066369 -0.104760 0.992280
vn -0.066369 -0.104760 0.992281
vn -0.066369 -0.104760 0.992281
vn -0.135517 -0.420171 0.897269
vn -0.135517 -0.420171 0.897269
vn -0.135517 -0.420171 0.897269
vn -0.667391 0.318267 0.673273
vn -0.705007 0.276379 0.653131
vn -0.709830 0.270721 0.650270
vn -0.747849 0.223460 0.625130
vn -0.724628 0.132821 0.676219
vn -0.724628 0.132821 0.676219
vn -0.724628 0.132821 0.676219
vn -0.753691 0.044798 0.655701
vn -0.753691 0.044798 0.655701
vn -0.753691 0.044798 0.655701
vn -0.799241 0.312357 0.513465
vn -0.832322 0.279271 0.478798
vn -0.836679 0.274617 0.473871
vn -0.882321 0.220529 0.415784
vn -0.948109 0.313282 -0.054254
vn -0.954525 0.280233 -0.101740
vn -0.955161 0.275565 -0.108312
vn -0.957995 0.221512 -0.182148
vn -0.391149 0.318166 -0.863582
vn -0.383970 0.308611 -0.870245
vn -0.382927 0.307225 -0.871195
vn -0.375190 0.296974 -0.878088
vn -0.734988 0.314149 -0.600919
vn -0.723846 0.297605 -0.622477
vn -0.722093 0.295059 -0.625718
vn -0.703425 0.268824 -0.657972
vn 0.935248 0.319593 -0.152220
vn 0.953913 0.277647 -0.113852
vn 0.956157 0.271944 -0.108674
vn 0.972214 0.224595 -0.066016
vn 0.983705 0.132843 -0.121148
vn 0.983705 0.132843 -0.121148
vn 0.983705 0.132843 -0.121148
vn 0.995160 0.044801 -0.087460
vn 0.995160 0.044801 -0.087460
vn 0.995160 0.044801 -0.087460
vn 0.851597 0.319218 0.415791
vn 0.843590 0.272120 0.462933
vn 0.842272 0.265918 0.468899
vn 0.828432 0.212190 0.518339
vn 0.867040 0.132803 0.480214
vn 0.867040 0.132803 0.480214
vn 0.867040 0.132803 0.480214
vn 0.856508 0.044802 0.514186
vn 0.856508 0.044802 0.514186
vn 0.856508 0.044802 0.514186
vn 0.434156 0.317992 0.842846
vn 0.403386 0.276018 0.872407
vn 0.399175 0.270348 0.876111
vn 0.363526 0.222992 0.904502
vn 0.419207 0.132842 0.898119
vn 0.419207 0.132842 0.898119
vn 0.419207 0.132842 0.898119
vn 0.390707 0.044798 0.919425
vn 0.390707 0.044798 0.919425
vn 0.390707 0.044798 0.919424
vn -0.132070 0.318395 0.938713
vn -0.179472 0.271268 0.945623
vn -0.185549 0.265078 0.946206
vn -0.236915 0.211354 0.948262
vn -0.188777 0.132809 0.972998
vn -0.188777 0.132809 0.972998
vn -0.188777 0.132809 0.972998
vn -0.224338 0.044815 0.973481
vn -0.224338 0.044815 0.973481
vn -0.224338 0.044815 0.973481
vn -0.146210 -0.248074 0.957644
vn -0.146210 -0.248074 0.957644
vn -0.146210 -0.248074 0.957644
vn -0.096109 -0.504994 0.857755
vn -0.096110 -0.504994 0.857755
vn -0.096110 -0.504994 0.857755
vn -0.204067 -0.374298 0.904576
vn -0.200445 -0.397702 0.895352
vn -0.201930 -0.388239 0.899163
vn -0.215301 -0.293650 0.931351
vn -0.139938 -0.789009 0.598232
vn -0.139938 -0.789009 0.598232
vn -0.139938 -0.789009 0.598232
vn 0.242015 -0.669248 0.702521
vn 0.242015 -0.669248 0.702521
vn 0.242015 -0.669248 0.702521
vn -0.139338 -0.857181 -0.495809
vn -0.139338 -0.857181 -0.495809
vn -0.139338 -0.857181 -0.495809
vn 0.139339 -0.857181 -0.495809
vn 0.139339 -0.857181 -0.495809
vn 0.139339 -0.857181 -0.495809
vn 0.396017 -0.779113 -0.485956
vn 0.396017 -0.779113 -0.485956
vn 0.396017 -0.779113 -0.485956
vn -0.396017 -0.779113 -0.485957
vn -0.396017 -0.779113 -0.485957
vn -0.396017 -0.779113 -0.485957
vn 0.434247 -0.824372 0.363098
vn 0.434247 -0.824372 0.363098
vn 0.434247 -0.824372 0.363098
vn 0.201930 -0.388239 0.899164
vn 0.200445 -0.397701 0.895353
vn 0.204067 -0.374298 0.904576
vn 0.215303 -0.293652 0.931350
vn 0.139939 -0.789009 0.598233
vn 0.139939 -0.789009 0.598233
vn 0.139939 -0.789009 0.598233
vn 0.146210 -0.248074 0.957644
vn 0.146210 -0.248074 0.957644
vn 0.146210 -0.248074 0.957644
vn 0.096109 -0.504994 0.857755
vn 0.096109 -0.504994 0.857755
vn 0.096109 -0.504994 0.857755
vn -0.242014 -0.669247 0.702523
vn -0.242014 -0.669247 0.702523
vn -0.242014 -0.669247 0.702523
vn -0.417757 -0.420133 0.805585
vn -0.417757 -0.420133 0.805586
vn -0.417757 -0.420133 0.805585
vn -0.529527 -0.104762 0.841799
vn -0.529527 -0.104762 0.841800
vn -0.529527 -0.104762 0.841800
vn -0.434247 -0.824372 0.363098
vn -0.434247 -0.824372 0.363098
vn -0.434247 -0.824372 0.363098
vn -0.403683 -0.913045 -0.058222
vn -0.403683 -0.913045 -0.058222
vn -0.403683 -0.913045 -0.058222
vn -0.341743 -0.936344 0.080452
vn -0.341743 -0.936344 0.080452
vn -0.341743 -0.936344 0.080452
vn -0.194922 -0.964063 -0.180520
vn -0.194922 -0.964063 -0.180520
vn -0.194922 -0.964063 -0.180520
vn 0.194922 -0.964064 -0.180517
vn 0.194922 -0.964064 -0.180517
vn 0.194922 -0.964064 -0.180517
vn 0.341743 -0.936343 0.080454
vn 0.341743 -0.936343 0.080454
vn 0.341743 -0.936344 0.080454
vn 0.403683 -0.913045 -0.058222
vn 0.403683 -0.913045 -0.058222
vn 0.403683 -0.913045 -0.058222
vn -0.558805 -0.731292 0.391088
vn -0.558805 -0.731292 0.391088
vn -0.558805 -0.731292 0.391088
vn 0.558805 -0.731292 0.391088
vn 0.558805 -0.731292 0.391088
vn 0.558805 -0.731292 0.391088
vn -0.394913 -0.808502 0.436313
vn -0.380530 -0.820541 0.426508
vn -0.374125 -0.825740 0.422118
vn -0.363179 -0.834399 0.414582
vn -0.142758 -0.984285 -0.103938
vn -0.142758 -0.984285 -0.103938
vn -0.142758 -0.984285 -0.103938
vn 0.142758 -0.984285 -0.103938
vn 0.142758 -0.984285 -0.103938
vn 0.142758 -0.984285 -0.103938
vn 0.391380 -0.831242 0.394788
vn 0.381406 -0.825095 0.416832
vn 0.377196 -0.822392 0.425905
vn 0.359403 -0.810310 0.462846
vn 0.224338 0.044815 0.973480
vn 0.216611 0.064403 0.974131
vn 0.207429 0.087332 0.974344
vn 0.188778 0.132809 0.972998
vn 0.777803 -0.462618 -0.425448
vn 0.777803 -0.462618 -0.425448
vn 0.777803 -0.462618 -0.425448
vn -0.777803 -0.462618 -0.425448
vn -0.777803 -0.462618 -0.425448
vn -0.777803 -0.462618 -0.425448
vn 0.444626 -0.248016 0.860695
vn 0.444626 -0.248016 0.860695
vn 0.444626 -0.248016 0.860695
vn 0.426394 -0.505018 0.750430
vn 0.426394 -0.505018 0.750430
vn 0.426394 -0.505018 0.750430
vn 0.366572 -0.374338 0.851761
vn 0.364081 -0.397745 0.842166
vn 0.365120 -0.388281 0.846124
vn 0.373222 -0.293674 0.880035
vn 0.238416 -0.788999 0.566249
vn 0.238416 -0.788999 0.566249
vn 0.238416 -0.788999 0.566249
vn 0.608744 -0.669244 0.426079
vn 0.608744 -0.669244 0.426079
vn 0.608744 -0.669244 0.426079
vn -0.404168 -0.857166 -0.319241
vn -0.404168 -0.857166 -0.319241
vn -0.404168 -0.857166 -0.319241
vn -0.178716 -0.857182 -0.483011
vn -0.178716 -0.857182 -0.483011
vn -0.178716 -0.857182 -0.483011
vn 0.034773 -0.779119 -0.625911
vn 0.034773 -0.779119 -0.625911
vn 0.034773 -0.779119 -0.625911
vn -0.606046 -0.779085 -0.160421
vn -0.606046 -0.779085 -0.160421
vn -0.606046 -0.779085 -0.160421
vn 0.564749 -0.824364 0.038511
vn 0.564749 -0.824363 0.038511
vn 0.564749 -0.824363 0.038511
vn 0.691889 -0.388264 0.608721
vn 0.688448 -0.397724 0.606511
vn 0.696798 -0.374327 0.611843
vn 0.721620 -0.293706 0.626898
vn 0.464854 -0.789014 0.401707
vn 0.464854 -0.789014 0.401707
vn 0.464853 -0.789014 0.401707
vn 0.681181 -0.248016 0.688826
vn 0.681181 -0.248016 0.688826
vn 0.681181 -0.248016 0.688826
vn 0.581946 -0.505018 0.637413
vn 0.581946 -0.505018 0.637413
vn 0.581946 -0.505018 0.637413
vn 0.217144 -0.669268 0.710583
vn 0.217144 -0.669268 0.710583
vn 0.217144 -0.669268 0.710583
vn 0.135516 -0.420171 0.897269
vn 0.135516 -0.420171 0.897269
vn 0.135516 -0.420171 0.897269
vn 0.066369 -0.104760 0.992280
vn 0.066369 -0.104760 0.992280
vn 0.066369 -0.104760 0.992281
vn -0.137881 -0.824370 0.549002
vn -0.137881 -0.824370 0.549002
vn -0.137881 -0.824370 0.549002
vn -0.360788 -0.913047 0.190202
vn -0.360788 -0.913047 0.190201
vn -0.360788 -0.913047 0.190201
vn -0.229189 -0.936339 0.265972
vn -0.229189 -0.936339 0.265972
vn -0.229189 -0.936339 0.265972
vn -0.263799 -0.964064 -0.031473
vn -0.263799 -0.964064 -0.031473
vn -0.263799 -0.964064 -0.031473
vn 0.051576 -0.964062 -0.260621
vn 0.051576 -0.964062 -0.260621
vn 0.051576 -0.964063 -0.260621
vn 0.323792 -0.936337 -0.135763
vn 0.323792 -0.936337 -0.135763
vn 0.323792 -0.936337 -0.135763
vn 0.292415 -0.913047 -0.284322
vn 0.292415 -0.913047 -0.284322
vn 0.292415 -0.913047 -0.284322
vn -0.222199 -0.731291 0.644857
vn -0.222199 -0.731291 0.644857
vn -0.222199 -0.731291 0.644857
vn 0.681945 -0.731304 -0.012053
vn 0.681945 -0.731304 -0.012053
vn 0.681945 -0.731304 -0.012053
vn -0.063040 -0.808496 0.585116
vn -0.057167 -0.820535 0.568731
vn -0.054565 -0.825734 0.561414
vn -0.050138 -0.834394 0.548884
vn -0.176588 -0.984285 -0.000181
vn -0.176588 -0.984285 -0.000181
vn -0.176588 -0.984285 -0.000181
vn 0.054391 -0.984285 -0.168000
vn 0.054391 -0.984285 -0.168000
vn 0.054391 -0.984285 -0.168000
vn 0.548688 -0.831238 0.089356
vn 0.553578 -0.825087 0.113062
vn 0.555505 -0.822383 0.122880
vn 0.562824 -0.810300 0.163226
vn 0.753691 0.044798 0.655701
vn 0.747820 0.064393 0.660771
vn 0.740515 0.087330 0.666342
vn 0.724629 0.132822 0.676218
vn 0.379214 -0.462672 -0.801331
vn 0.379214 -0.462672 -0.801331
vn 0.379214 -0.462672 -0.801331
vn -0.879366 -0.462565 0.112911
vn -0.879366 -0.462565 0.112911
vn -0.879366 -0.462565 0.112911
vn 0.865596 -0.248043 0.434993
vn 0.865596 -0.248043 0.434993
vn 0.865596 -0.248043 0.434993
vn 0.786050 -0.505033 0.356464
vn 0.786050 -0.505034 0.356464
vn 0.786050 -0.505033 0.356464
vn 0.797228 -0.374309 0.473625
vn 0.789575 -0.397710 0.467330
vn 0.792741 -0.388249 0.469920
vn 0.819218 -0.293671 0.492584
vn 0.525721 -0.788999 0.317958
vn 0.525721 -0.788999 0.317958
vn 0.525721 -0.788999 0.317958
vn 0.742985 -0.669180 -0.013124
vn 0.742985 -0.669180 -0.013124
vn 0.742985 -0.669180 -0.013124
vn -0.514669 -0.857139 -0.020723
vn -0.514669 -0.857139 -0.020723
vn -0.514669 -0.857139 -0.020723
vn -0.428520 -0.857163 -0.285730
vn -0.428520 -0.857164 -0.285730
vn -0.428520 -0.857163 -0.285730
vn -0.339789 -0.779117 -0.526802
vn -0.339789 -0.779117 -0.526802
vn -0.339789 -0.779117 -0.526802
vn -0.584650 -0.779051 0.226416
vn -0.584650 -0.779051 0.226416
vn -0.584650 -0.779051 0.226416
vn 0.479527 -0.824360 -0.300805
vn 0.479527 -0.824360 -0.300805
vn 0.479527 -0.824360 -0.300805
vn 0.917557 -0.388238 0.085790
vn 0.913476 -0.397696 0.086024
vn 0.923363 -0.374303 0.085429
vn 0.952289 -0.293691 0.083018
vn 0.612183 -0.789020 0.051765
vn 0.612183 -0.789020 0.051765
vn 0.612183 -0.789020 0.051765
vn 0.955964 -0.248044 0.156864
vn 0.955964 -0.248044 0.156864
vn 0.955964 -0.248044 0.156864
vn 0.845455 -0.505032 0.173636
vn 0.845455 -0.505032 0.173636
vn 0.845455 -0.505032 0.173636
vn 0.593385 -0.669194 0.447296
vn 0.593385 -0.669194 0.447296
vn 0.593385 -0.669194 0.447296
vn 0.637078 -0.420140 0.646231
vn 0.637078 -0.420140 0.646231
vn 0.637078 -0.420140 0.646230
vn 0.636983 -0.104751 0.763728
vn 0.636983 -0.104751 0.763728
vn 0.636983 -0.104751 0.763728
vn 0.211155 -0.824361 0.525208
vn 0.211155 -0.824361 0.525208
vn 0.211155 -0.824361 0.525208
vn -0.180127 -0.913044 0.365930
vn -0.180127 -0.913044 0.365930
vn -0.180127 -0.913044 0.365930
vn -0.029090 -0.936344 0.349877
vn -0.029090 -0.936344 0.349877
vn -0.029090 -0.936344 0.349877
vn -0.231910 -0.964066 0.129596
vn -0.231910 -0.964066 0.129596
vn -0.231910 -0.964066 0.129596
vn -0.111452 -0.964066 -0.241154
vn -0.111452 -0.964066 -0.241154
vn -0.111452 -0.964066 -0.241154
vn 0.182119 -0.936345 -0.300151
vn 0.182119 -0.936345 -0.300151
vn 0.182119 -0.936345 -0.300151
vn 0.069373 -0.913043 -0.401921
vn 0.069373 -0.913043 -0.401921
vn 0.069373 -0.913043 -0.401921
vn 0.199285 -0.731292 0.652302
vn 0.199285 -0.731292 0.652302
vn 0.199285 -0.731292 0.652302
vn 0.544620 -0.731298 -0.410599
vn 0.544620 -0.731298 -0.410600
vn 0.544620 -0.731298 -0.410600
vn 0.292938 -0.808496 0.510414
vn 0.288059 -0.820532 0.493709
vn 0.285863 -0.825731 0.486262
vn 0.282079 -0.834389 0.473526
vn -0.142971 -0.984285 0.103648
vn -0.142971 -0.984285 0.103648
vn -0.142971 -0.984285 0.103648
vn -0.054745 -0.984285 -0.167887
vn -0.054745 -0.984285 -0.167887
vn -0.054746 -0.984285 -0.167887
vn 0.496428 -0.831238 -0.250204
vn 0.514304 -0.825092 -0.233912
vn 0.521629 -0.822390 -0.227108
vn 0.551247 -0.810315 -0.198789
vn 0.995160 0.044801 0.087460
vn 0.993392 0.064388 0.095009
vn 0.990757 0.087316 0.103807
vn 0.983715 0.132791 0.121128
vn -0.164205 -0.462668 -0.871192
vn -0.164205 -0.462668 -0.871192
vn -0.164205 -0.462668 -0.871192
vn -0.645123 -0.462506 0.608198
vn -0.645123 -0.462506 0.608198
vn -0.645123 -0.462506 0.608198
vn 0.955960 -0.248045 -0.156889
vn 0.955960 -0.248045 -0.156889
vn 0.955960 -0.248045 -0.156889
vn 0.845454 -0.505032 -0.173636
vn 0.845454 -0.505032 -0.173636
vn 0.845454 -0.505032 -0.173636
vn 0.923348 -0.374340 -0.085430
vn 0.913455 -0.397744 -0.086025
vn 0.917539 -0.388281 -0.085790
vn 0.952289 -0.293691 -0.083018
vn 0.612184 -0.789019 -0.051766
vn 0.612184 -0.789019 -0.051766
vn 0.612184 -0.789019 -0.051766
vn 0.593385 -0.669194 -0.447296
vn 0.593385 -0.669194 -0.447296
vn 0.593385 -0.669194 -0.447296
vn -0.428608 -0.857111 0.285754
vn -0.428608 -0.857111 0.285754
vn -0.428608 -0.857111 0.285754
vn -0.514675 -0.857135 0.020726
vn -0.514675 -0.857135 0.020726
vn -0.514675 -0.857135 0.020726
vn -0.584584 -0.779091 -0.226447
vn -0.584584 -0.779091 -0.226447
vn -0.584584 -0.779091 -0.226447
vn -0.339956 -0.779022 0.526834
vn -0.339956 -0.779022 0.526834
vn -0.339956 -0.779022 0.526834
vn 0.211154 -0.824359 -0.525211
vn 0.211154 -0.824358 -0.525211
vn 0.211154 -0.824359 -0.525211
vn 0.792741 -0.388249 -0.469920
vn 0.789575 -0.397710 -0.467330
vn 0.797228 -0.374309 -0.473625
vn 0.819218 -0.293671 -0.492584
vn 0.525721 -0.788999 -0.317958
vn 0.525721 -0.788999 -0.317958
vn 0.525721 -0.788999 -0.317958
vn 0.865596 -0.248043 -0.434993
vn 0.865596 -0.248043 -0.434993
vn 0.865596 -0.248043 -0.434993
vn 0.786050 -0.505034 -0.356464
vn 0.786050 -0.505034 -0.356464
vn 0.786050 -0.505034 -0.356464
vn 0.742986 -0.669179 0.013124
vn 0.742986 -0.669179 0.013124
vn 0.742986 -0.669179 0.013124
vn 0.895231 -0.420171 0.148384
vn 0.895231 -0.420171 0.148384
vn 0.895231 -0.420171 0.148384
vn 0.964225 -0.104757 0.243507
vn 0.964225 -0.104756 0.243507
vn 0.964225 -0.104756 0.243507
vn 0.479527 -0.824360 0.300805
vn 0.479527 -0.824360 0.300805
vn 0.479527 -0.824360 0.300805
vn 0.069373 -0.913043 0.401921
vn 0.069373 -0.913043 0.401921
vn 0.069373 -0.913043 0.401921
vn 0.182121 -0.936345 0.300149
vn 0.182121 -0.936346 0.300149
vn 0.182121 -0.936345 0.300149
vn -0.111451 -0.964066 0.241155
vn -0.111451 -0.964066 0.241155
vn -0.111451 -0.964066 0.241155
vn -0.231910 -0.964066 -0.129596
vn -0.231910 -0.964066 -0.129596
vn -0.231910 -0.964066 -0.129596
vn -0.029091 -0.936345 -0.349874
vn -0.029091 -0.936345 -0.349874
vn -0.029091 -0.936345 -0.349874
vn -0.180137 -0.913044 -0.365925
vn -0.180137 -0.913044 -0.365925
vn -0.180137 -0.913044 -0.365925
vn 0.544621 -0.731298 0.410600
vn 0.544621 -0.731298 0.410600
vn 0.544621 -0.731298 0.410600
vn 0.199284 -0.731292 -0.652302
vn 0.199284 -0.731292 -0.652302
vn 0.199284 -0.731292 -0.652302
vn 0.536987 -0.808513 0.240732
vn 0.523229 -0.820542 0.230092
vn 0.517080 -0.825737 0.225361
vn 0.506538 -0.834390 0.217285
vn -0.054744 -0.984285 0.167887
vn -0.054744 -0.984285 0.167887
vn -0.054744 -0.984285 0.167887
vn -0.142971 -0.984285 -0.103648
vn -0.142971 -0.984285 -0.103648
vn -0.142971 -0.984285 -0.103648
vn 0.254546 -0.831233 -0.494224
vn 0.278590 -0.825085 -0.491551
vn 0.288521 -0.822381 -0.490352
vn 0.329146 -0.810300 -0.484848
vn 0.856508 0.044802 -0.514186
vn 0.859515 0.064392 -0.507038
vn 0.862556 0.087323 -0.498370
vn 0.867039 0.132803 -0.480215
vn -0.644954 -0.462635 -0.608279
vn -0.644954 -0.462635 -0.608279
vn -0.644954 -0.462635 -0.608279
vn -0.164468 -0.462484 0.871240
vn -0.164468 -0.462484 0.871240
vn -0.164468 -0.462484 0.871240
vn 0.681181 -0.248016 -0.688826
vn 0.681181 -0.248016 -0.688826
vn 0.681181 -0.248016 -0.688826
vn 0.581946 -0.505018 -0.637413
vn 0.581946 -0.505018 -0.637413
vn 0.581946 -0.505018 -0.637413
vn 0.696798 -0.374327 -0.611843
vn 0.688448 -0.397724 -0.606511
vn 0.691889 -0.388264 -0.608721
vn 0.721620 -0.293706 -0.626898
vn 0.464854 -0.789014 -0.401706
vn 0.464854 -0.789014 -0.401706
vn 0.464854 -0.789014 -0.401706
vn 0.217144 -0.669268 -0.710583
vn 0.217144 -0.669268 -0.710583
vn 0.217144 -0.669268 -0.710583
vn -0.178812 -0.857093 0.483133
vn -0.178812 -0.857093 0.483133
vn -0.178812 -0.857093 0.483133
vn -0.404225 -0.857107 0.319326
vn -0.404225 -0.857107 0.319327
vn -0.404225 -0.857107 0.319327
vn -0.606071 -0.779056 0.160466
vn -0.606071 -0.779056 0.160466
vn -0.606071 -0.779056 0.160466
vn 0.034635 -0.779006 0.626059
vn 0.034635 -0.779006 0.626059
vn 0.034635 -0.779006 0.626059
vn -0.137881 -0.824370 -0.549002
vn -0.137881 -0.824370 -0.549002
vn -0.137881 -0.824370 -0.549002
vn 0.135516 -0.420171 -0.897269
vn 0.135516 -0.420171 -0.897269
vn 0.135516 -0.420171 -0.897269
vn 0.066369 -0.104760 -0.992280
vn 0.066369 -0.104760 -0.992280
vn 0.066369 -0.104760 -0.992280
vn 0.365120 -0.388281 -0.846124
vn 0.364081 -0.397745 -0.842166
vn 0.366572 -0.374338 -0.851761
vn 0.373222 -0.293674 -0.880035
vn 0.238416 -0.788998 -0.566250
vn 0.238416 -0.788998 -0.566250
vn 0.238416 -0.788998 -0.566250
vn 0.444626 -0.248016 -0.860695
vn 0.444626 -0.248016 -0.860695
vn 0.444626 -0.248016 -0.860695
vn 0.426394 -0.505017 -0.750430
vn 0.426394 -0.505017 -0.750431
vn 0.426394 -0.505017 -0.750430
vn 0.608744 -0.669244 -0.426079
vn 0.608744 -0.669244 -0.426079
vn 0.608744 -0.669244 -0.426079
vn 0.811467 -0.420148 -0.406198
vn 0.811467 -0.420148 -0.406198
vn 0.811467 -0.420148 -0.406198
vn 0.923189 -0.104742 -0.369798
vn 0.923189 -0.104742 -0.369798
vn 0.923189 -0.104742 -0.369798
vn 0.564749 -0.824363 -0.038511
vn 0.564749 -0.824364 -0.038511
vn 0.564749 -0.824363 -0.038511
vn 0.292415 -0.913047 0.284322
vn 0.292415 -0.913047 0.284322
vn 0.292415 -0.913047 0.284322
vn 0.323792 -0.936337 0.135763
vn 0.323792 -0.936337 0.135763
vn 0.323792 -0.936337 0.135763
vn 0.051576 -0.964063 0.260620
vn 0.051576 -0.964063 0.260620
vn 0.051576 -0.964063 0.260620
vn -0.263799 -0.964064 0.031473
vn -0.263799 -0.964064 0.031473
vn -0.263799 -0.964064 0.031473
vn -0.229189 -0.936340 -0.265971
vn -0.229189 -0.936340 -0.265971
vn -0.229189 -0.936340 -0.265971
vn -0.360788 -0.913047 -0.190201
vn -0.360788 -0.913047 -0.190201
vn -0.360788 -0.913047 -0.190202
vn 0.681945 -0.731304 0.012053
vn 0.681945 -0.731304 0.012053
vn 0.681945 -0.731305 0.012053
vn -0.222200 -0.731290 -0.644858
vn -0.222200 -0.731290 -0.644858
vn -0.222200 -0.731290 -0.644858
vn 0.575954 -0.808495 -0.120879
vn 0.558557 -0.820534 -0.121403
vn 0.550795 -0.825733 -0.121617
vn 0.537510 -0.834392 -0.121955
vn 0.054391 -0.984285 0.168000
vn 0.054391 -0.984285 0.168000
vn 0.054391 -0.984285 0.168000
vn -0.176588 -0.984285 0.000181
vn -0.176588 -0.984285 0.000181
vn -0.176588 -0.984285 0.000181
vn -0.084595 -0.831238 -0.549442
vn -0.063563 -0.825089 -0.561416
vn -0.054822 -0.822385 -0.566284
vn -0.018706 -0.810301 -0.585716
vn 0.390707 0.044798 -0.919424
vn 0.397345 0.064398 -0.915407
vn 0.404902 0.087340 -0.910179
vn 0.419208 0.132841 -0.898119
vn -0.879350 -0.462589 -0.112942
vn -0.879350 -0.462589 -0.112942
vn -0.879350 -0.462589 -0.112942
vn 0.379044 -0.462503 0.801509
vn 0.379044 -0.462503 0.801509
vn 0.379044 -0.462503 0.801509
vn 0.146210 -0.248074 -0.957644
vn 0.146210 -0.248074 -0.957644
vn 0.146210 -0.248074 -0.957644
vn 0.096110 -0.504994 -0.857755
vn 0.096110 -0.504994 -0.857755
vn 0.096110 -0.504994 -0.857755
vn 0.204067 -0.374298 -0.904576
vn 0.200445 -0.397701 -0.895353
vn 0.201930 -0.388239 -0.899164
vn 0.215303 -0.293652 -0.931350
vn -0.242014 -0.669247 -0.702523
vn -0.242014 -0.669247 -0.702523
vn -0.242014 -0.669247 -0.702523
vn 0.139332 -0.857090 0.495968
vn 0.139332 -0.857090 0.495968
vn 0.139332 -0.857090 0.495968
vn -0.139332 -0.857090 0.495968
vn -0.139332 -0.857090 0.495968
vn -0.139332 -0.857090 0.495968
vn -0.395998 -0.779025 0.486112
vn -0.395998 -0.779025 0.486112
vn -0.395998 -0.779025 0.486112
vn 0.395998 -0.779026 0.486112
vn 0.395998 -0.779026 0.486112
vn 0.395998 -0.779026 0.486112
vn -0.434247 -0.824372 -0.363098
vn -0.434247 -0.824372 -0.363098
vn -0.434247 -0.824372 -0.363098
vn -0.452667 -0.421630 -0.785698
vn -0.452667 -0.421630 -0.785698
vn -0.452667 -0.421629 -0.785698
vn -0.546559 -0.178192 -0.818242
vn -0.546559 -0.178192 -0.818242
vn -0.546559 -0.178192 -0.818242
vn -0.201930 -0.388239 -0.899163
vn -0.200445 -0.397702 -0.895352
vn -0.204067 -0.374298 -0.904576
vn -0.215301 -0.293650 -0.931351
vn -0.139939 -0.789009 -0.598232
vn -0.139939 -0.789009 -0.598232
vn -0.139939 -0.789009 -0.598233
vn -0.146210 -0.248074 -0.957644
vn -0.146210 -0.248074 -0.957644
vn -0.146210 -0.248074 -0.957644
vn -0.096109 -0.504994 -0.857755
vn -0.096109 -0.504994 -0.857755
vn -0.096109 -0.504994 -0.857755
vn 0.242015 -0.669248 -0.702521
vn 0.242015 -0.669248 -0.702521
vn 0.242015 -0.669248 -0.702521
vn 0.417757 -0.420133 -0.805585
vn 0.417757 -0.420133 -0.805586
vn 0.417757 -0.420133 -0.805585
vn 0.529526 -0.104762 -0.841800
vn 0.529526 -0.104762 -0.841800
vn 0.529526 -0.104762 -0.841800
vn 0.434247 -0.824372 -0.363098
vn 0.434247 -0.824372 -0.363098
vn 0.434247 -0.824372 -0.363098
vn 0.403683 -0.913045 0.058222
vn 0.403683 -0.913045 0.058222
vn 0.403683 -0.913045 0.058222
vn 0.341743 -0.936344 -0.080452
vn 0.341743 -0.936344 -0.080452
vn 0.341743 -0.936344 -0.080452
vn 0.194922 -0.964064 0.180517
vn 0.194922 -0.964064 0.180517
vn 0.194922 -0.964064 0.180517
vn -0.194922 -0.964063 0.180520
vn -0.194922 -0.964063 0.180520
vn -0.194922 -0.964063 0.180520
vn -0.341743 -0.936343 -0.080454
vn -0.341743 -0.936343 -0.080454
vn -0.341743 -0.936344 -0.080454
vn -0.403683 -0.913045 0.058222
vn -0.403683 -0.913045 0.058222
vn -0.403683 -0.913045 0.058222
vn 0.139938 -0.789009 -0.598233
vn 0.139938 -0.789009 -0.598233
vn 0.139938 -0.789009 -0.598233
vn 0.558805 -0.731292 -0.391088
vn 0.558805 -0.731292 -0.391088
vn 0.558805 -0.731292 -0.391088
vn -0.572516 -0.719166 -0.393732
vn -0.572516 -0.719166 -0.393732
vn -0.572516 -0.719166 -0.393732
vn 0.394913 -0.808502 -0.436313
vn 0.380530 -0.820541 -0.426508
vn 0.374125 -0.825740 -0.422118
vn 0.363179 -0.834399 -0.414582
vn 0.142758 -0.984285 0.103938
vn 0.142758 -0.984285 0.103938
vn 0.142758 -0.984285 0.103938
vn -0.142758 -0.984285 0.103938
vn -0.142758 -0.984285 0.103938
vn -0.142758 -0.984285 0.103938
vn -0.391380 -0.831242 -0.394788
vn -0.381406 -0.825095 -0.416832
vn -0.377196 -0.822392 -0.425905
vn -0.359403 -0.810310 -0.462846
vn -0.195963 0.045095 -0.979574
vn -0.195963 0.045095 -0.979574
vn -0.195963 0.045095 -0.979574
vn -0.184002 0.074966 -0.980063
vn -0.184002 0.074966 -0.980063
vn -0.184002 0.074966 -0.980063
vn -0.427225 0.074998 -0.901030
vn -0.427225 0.074998 -0.901030
vn -0.427225 0.074998 -0.901030
vn -0.417244 0.045078 -0.907676
vn -0.417244 0.045078 -0.907676
vn -0.417244 0.045078 -0.907676
vn -0.773284 -0.468403 0.427353
vn -0.773284 -0.468403 0.427353
vn -0.773284 -0.468403 0.427353
vn 0.777786 -0.462528 0.425578
vn 0.777786 -0.462528 0.425578
vn 0.777786 -0.462528 0.425578
vn -0.444626 -0.248016 -0.860695
vn -0.444626 -0.248016 -0.860695
vn -0.444626 -0.248016 -0.860695
vn -0.426394 -0.505018 -0.750430
vn -0.426394 -0.505018 -0.750430
vn -0.426394 -0.505018 -0.750430
vn -0.366574 -0.374337 -0.851760
vn -0.364082 -0.397743 -0.842167
vn -0.365121 -0.388279 -0.846124
vn -0.373224 -0.293678 -0.880032
vn -0.238416 -0.788999 -0.566249
vn -0.238416 -0.788999 -0.566249
vn -0.238416 -0.788999 -0.566249
vn -0.608744 -0.669244 -0.426079
vn -0.608744 -0.669244 -0.426079
vn -0.608744 -0.669244 -0.426079
vn 0.404225 -0.857107 0.319327
vn 0.404225 -0.857107 0.319327
vn 0.404225 -0.857107 0.319326
vn 0.178812 -0.857093 0.483133
vn 0.178812 -0.857093 0.483133
vn 0.178812 -0.857093 0.483133
vn -0.034635 -0.779007 0.626058
vn -0.034635 -0.779007 0.626058
vn -0.034635 -0.779007 0.626058
vn 0.606071 -0.779056 0.160466
vn 0.606071 -0.779056 0.160466
vn 0.606071 -0.779056 0.160466
vn -0.564749 -0.824364 -0.038511
vn -0.564749 -0.824363 -0.038511
vn -0.564749 -0.824363 -0.038511
vn -0.811467 -0.420148 -0.406198
vn -0.811467 -0.420148 -0.406198
vn -0.811467 -0.420148 -0.406198
vn -0.923189 -0.104742 -0.369798
vn -0.923189 -0.104742 -0.369798
vn -0.923189 -0.104742 -0.369798
vn -0.691889 -0.388264 -0.608721
vn -0.688448 -0.397724 -0.606511
vn -0.696798 -0.374327 -0.611843
vn -0.721620 -0.293706 -0.626898
vn -0.464854 -0.789014 -0.401707
vn -0.464854 -0.789014 -0.401707
vn -0.464853 -0.789014 -0.401707
vn -0.681181 -0.248016 -0.688825
vn -0.681181 -0.248016 -0.688825
vn -0.681181 -0.248016 -0.688825
vn -0.581946 -0.505018 -0.637413
vn -0.581946 -0.505018 -0.637413
vn -0.581946 -0.505018 -0.637413
vn -0.217144 -0.669268 -0.710583
vn -0.217144 -0.669268 -0.710583
vn -0.217144 -0.669268 -0.710583
vn -0.095584 -0.421668 -0.901699
vn -0.095584 -0.421668 -0.901699
vn -0.095584 -0.421668 -0.901699
vn 0.137881 -0.824368 -0.549004
vn 0.137881 -0.824369 -0.549004
vn 0.137881 -0.824369 -0.549004
vn 0.360788 -0.913047 -0.190202
vn 0.360788 -0.913047 -0.190201
vn 0.360788 -0.913047 -0.190201
vn 0.229189 -0.936339 -0.265972
vn 0.229189 -0.936339 -0.265972
vn 0.229189 -0.936339 -0.265972
vn 0.263799 -0.964064 0.031473
vn 0.263799 -0.964064 0.031473
vn 0.263799 -0.964064 0.031473
vn -0.051576 -0.964062 0.260621
vn -0.051576 -0.964062 0.260621
vn -0.051576 -0.964063 0.260621
vn -0.323792 -0.936337 0.135763
vn -0.323792 -0.936337 0.135763
vn -0.323792 -0.936337 0.135763
vn -0.292415 -0.913047 0.284322
vn -0.292415 -0.913047 0.284322
vn -0.292415 -0.913047 0.284322
vn 0.231736 -0.719161 -0.655061
vn 0.231736 -0.719161 -0.655061
vn 0.231736 -0.719161 -0.655061
vn -0.681945 -0.731304 0.012053
vn -0.681945 -0.731304 0.012053
vn -0.681945 -0.731304 0.012053
vn 0.063040 -0.808496 -0.585116
vn 0.057167 -0.820535 -0.568730
vn 0.054565 -0.825734 -0.561414
vn 0.050138 -0.834394 -0.548883
vn 0.176588 -0.984285 0.000181
vn 0.176588 -0.984285 0.000181
vn 0.176588 -0.984285 0.000181
vn -0.054391 -0.984285 0.168000
vn -0.054391 -0.984285 0.168000
vn -0.054391 -0.984285 0.168000
vn -0.548688 -0.831238 -0.089356
vn -0.553578 -0.825087 -0.113062
vn -0.555505 -0.822383 -0.122880
vn -0.562824 -0.810300 -0.163226
vn -0.753691 0.044798 -0.655701
vn -0.753691 0.044798 -0.655701
vn -0.753691 0.044798 -0.655701
vn -0.724628 0.132822 -0.676219
vn -0.724628 0.132822 -0.676219
vn -0.724628 0.132822 -0.676219
vn -0.867040 0.132803 -0.480214
vn -0.867040 0.132803 -0.480214
vn -0.867040 0.132803 -0.480214
vn -0.856508 0.044802 -0.514186
vn -0.856508 0.044802 -0.514186
vn -0.856508 0.044802 -0.514186
vn -0.379044 -0.462502 0.801510
vn -0.379044 -0.462502 0.801510
vn -0.379044 -0.462502 0.801510
vn 0.876754 -0.468455 -0.108864
vn 0.876754 -0.468455 -0.108864
vn 0.876754 -0.468455 -0.108864
vn -0.865596 -0.248043 -0.434993
vn -0.865596 -0.248043 -0.434993
vn -0.865596 -0.248043 -0.434993
vn -0.786050 -0.505033 -0.356464
vn -0.786050 -0.505034 -0.356464
vn -0.786050 -0.505033 -0.356464
vn -0.797228 -0.374309 -0.473625
vn -0.789575 -0.397710 -0.467330
vn -0.792741 -0.388249 -0.469920
vn -0.819218 -0.293671 -0.492584
vn -0.525721 -0.788999 -0.317958
vn -0.525721 -0.788999 -0.317958
vn -0.525721 -0.788999 -0.317958
vn -0.742985 -0.669180 0.013124
vn -0.742985 -0.669180 0.013124
vn -0.742985 -0.669180 0.013124
vn 0.514675 -0.857135 0.020726
vn 0.514675 -0.857135 0.020726
vn 0.514675 -0.857135 0.020726
vn 0.428608 -0.857111 0.285756
vn 0.428608 -0.857111 0.285756
vn 0.428608 -0.857111 0.285756
vn 0.339957 -0.779023 0.526833
vn 0.339957 -0.779023 0.526833
vn 0.339957 -0.779023 0.526833
vn 0.584584 -0.779091 -0.226447
vn 0.584584 -0.779091 -0.226447
vn 0.584584 -0.779091 -0.226447
vn -0.479527 -0.824360 0.300805
vn -0.479527 -0.824360 0.300805
vn -0.479527 -0.824360 0.300805
vn -0.895231 -0.420171 0.148384
vn -0.895231 -0.420171 0.148384
vn -0.895231 -0.420171 0.148384
vn -0.964225 -0.104756 0.243507
vn -0.964225 -0.104756 0.243507
vn -0.964225 -0.104756 0.243507
vn -0.917539 -0.388281 -0.085790
vn -0.913455 -0.397744 -0.086025
vn -0.923348 -0.374340 -0.085430
vn -0.952289 -0.293691 -0.083018
vn -0.612183 -0.789020 -0.051765
vn -0.612183 -0.789020 -0.051765
vn -0.612183 -0.789020 -0.051765
vn -0.955960 -0.248045 -0.156889
vn -0.955960 -0.248045 -0.156889
vn -0.955960 -0.248045 -0.156889
vn -0.845455 -0.505032 -0.173636
vn -0.845455 -0.505032 -0.173636
vn -0.845455 -0.505032 -0.173636
vn -0.593385 -0.669194 -0.447296
vn -0.593385 -0.669194 -0.447296
vn -0.593385 -0.669194 -0.447296
vn -0.637078 -0.420140 -0.646231
vn -0.637078 -0.420140 -0.646231
vn -0.637078 -0.420140 -0.646230
vn -0.636983 -0.104751 -0.763728
vn -0.636983 -0.104751 -0.763728
vn -0.636983 -0.104751 -0.763728
vn -0.211155 -0.824361 -0.525208
vn -0.211155 -0.824361 -0.525208
vn -0.211155 -0.824361 -0.525208
vn 0.180127 -0.913044 -0.365930
vn 0.180127 -0.913044 -0.365930
vn 0.180127 -0.913044 -0.365930
vn 0.029090 -0.936344 -0.349877
vn 0.029090 -0.936344 -0.349877
vn 0.029090 -0.936344 -0.349877
vn 0.231910 -0.964066 -0.129596
vn 0.231910 -0.964066 -0.129596
vn 0.231910 -0.964066 -0.129596
vn 0.111452 -0.964066 0.241154
vn 0.111452 -0.964066 0.241154
vn 0.111452 -0.964066 0.241154
vn -0.182119 -0.936345 0.300151
vn -0.182119 -0.936345 0.300151
vn -0.182119 -0.936345 0.300151
vn -0.069373 -0.913043 0.401921
vn -0.069373 -0.913043 0.401921
vn -0.069373 -0.913043 0.401921
vn -0.199285 -0.731292 -0.652302
vn -0.199285 -0.731292 -0.652302
vn -0.199285 -0.731292 -0.652302
vn -0.544620 -0.731298 0.410599
vn -0.544620 -0.731298 0.410600
vn -0.544620 -0.731298 0.410600
vn -0.292938 -0.808496 -0.510414
vn -0.288059 -0.820532 -0.493709
vn -0.285863 -0.825731 -0.486262
vn -0.282079 -0.834389 -0.473526
vn 0.142971 -0.984285 -0.103648
vn 0.142971 -0.984285 -0.103648
vn 0.142971 -0.984285 -0.103648
vn 0.054745 -0.984285 0.167887
vn 0.054745 -0.984285 0.167887
vn 0.054746 -0.984285 0.167887
vn -0.496428 -0.831238 0.250204
vn -0.514304 -0.825092 0.233912
vn -0.521629 -0.822390 0.227108
vn -0.551247 -0.810315 0.198789
vn -0.995160 0.044801 -0.087460
vn -0.993391 0.064400 -0.095014
vn -0.990754 0.087341 -0.103817
vn -0.983705 0.132842 -0.121148
vn 0.164468 -0.462485 0.871239
vn 0.164468 -0.462485 0.871239
vn 0.164468 -0.462485 0.871239
vn 0.644954 -0.462634 -0.608280
vn 0.644954 -0.462634 -0.608280
vn 0.644954 -0.462634 -0.608280
vn -0.955960 -0.248045 0.156889
vn -0.955960 -0.248045 0.156889
vn -0.955960 -0.248045 0.156889
vn -0.845456 -0.505030 0.173636
vn -0.845456 -0.505030 0.173636
vn -0.845456 -0.505030 0.173636
vn -0.923348 -0.374340 0.085430
vn -0.913455 -0.397744 0.086025
vn -0.917539 -0.388281 0.085790
vn -0.952288 -0.293692 0.083019
vn -0.612184 -0.789019 0.051766
vn -0.612184 -0.789019 0.051766
vn -0.612184 -0.789019 0.051766
vn -0.593385 -0.669194 0.447296
vn -0.593385 -0.669194 0.447296
vn -0.593385 -0.669194 0.447296
vn 0.428520 -0.857163 -0.285732
vn 0.428520 -0.857163 -0.285732
vn 0.428520 -0.857163 -0.285732
vn 0.514669 -0.857139 -0.020723
vn 0.514669 -0.857139 -0.020723
vn 0.514669 -0.857139 -0.020723
vn 0.584650 -0.779051 0.226416
vn 0.584650 -0.779051 0.226416
vn 0.584650 -0.779051 0.226416
vn 0.339790 -0.779117 -0.526801
vn 0.339790 -0.779118 -0.526801
vn 0.339790 -0.779117 -0.526801
vn -0.211154 -0.824359 0.525211
vn -0.211154 -0.824358 0.525211
vn -0.211154 -0.824359 0.525211
vn -0.637078 -0.420140 0.646230
vn -0.637078 -0.420140 0.646231
vn -0.637078 -0.420140 0.646231
vn -0.636984 -0.104751 0.763727
vn -0.636984 -0.104751 0.763727
vn -0.636984 -0.104751 0.763727
vn -0.792742 -0.388248 0.469919
vn -0.789576 -0.397710 0.467329
vn -0.797228 -0.374309 0.473624
vn -0.819219 -0.293671 0.492583
vn -0.525721 -0.788999 0.317958
vn -0.525721 -0.788999 0.317958
vn -0.525721 -0.788999 0.317958
vn -0.865595 -0.248046 0.434992
vn -0.865595 -0.248046 0.434992
vn -0.865596 -0.248046 0.434992
vn -0.786052 -0.505031 0.356464
vn -0.786051 -0.505031 0.356464
vn -0.786052 -0.505031 0.356464
vn -0.742986 -0.669179 -0.013124
vn -0.742986 -0.669179 -0.013124
vn -0.742986 -0.669179 -0.013124
vn -0.895231 -0.420171 -0.148384
vn -0.895231 -0.420171 -0.148384
vn -0.895231 -0.420171 -0.148384
vn -0.964225 -0.104756 -0.243507
vn -0.964225 -0.104756 -0.243507
vn -0.964225 -0.104756 -0.243507
vn -0.479527 -0.824360 -0.300805
vn -0.479527 -0.824360 -0.300805
vn -0.479527 -0.824360 -0.300805
vn -0.069373 -0.913043 -0.401921
vn -0.069373 -0.913043 -0.401921
vn -0.069373 -0.913043 -0.401921
vn -0.182121 -0.936345 -0.300149
vn -0.182121 -0.936346 -0.300149
vn -0.182121 -0.936345 -0.300149
vn 0.111451 -0.964066 -0.241155
vn 0.111451 -0.964066 -0.241155
vn 0.111451 -0.964066 -0.241155
vn 0.231910 -0.964066 0.129596
vn 0.231910 -0.964066 0.129596
vn 0.231910 -0.964066 0.129596
vn 0.029091 -0.936345 0.349874
vn 0.029091 -0.936345 0.349874
vn 0.029091 -0.936345 0.349874
vn 0.180137 -0.913044 0.365925
vn 0.180137 -0.913044 0.365925
vn 0.180137 -0.913044 0.365925
vn -0.544621 -0.731298 -0.410600
vn -0.544621 -0.731298 -0.410600
vn -0.544621 -0.731298 -0.410600
vn -0.199284 -0.731292 0.652302
vn -0.199284 -0.731292 0.652302
vn -0.199284 -0.731292 0.652302
vn -0.536987 -0.808513 -0.240732
vn -0.523229 -0.820542 -0.230092
vn -0.517080 -0.825737 -0.225361
vn -0.506538 -0.834390 -0.217285
vn 0.054744 -0.984285 -0.167887
vn 0.054744 -0.984285 -0.167887
vn 0.054744 -0.984285 -0.167887
vn 0.142971 -0.984285 0.103648
vn 0.142971 -0.984285 0.103648
vn 0.142971 -0.984285 0.103648
vn -0.254546 -0.831233 0.494224
vn -0.278590 -0.825085 0.491551
vn -0.288521 -0.822381 0.490352
vn -0.329146 -0.810300 0.484848
vn -0.856508 0.044802 0.514186
vn -0.859515 0.064392 0.507037
vn -0.862556 0.087323 0.498370
vn -0.867040 0.132803 0.480214
vn 0.645122 -0.462505 0.608199
vn 0.645122 -0.462505 0.608199
vn 0.645122 -0.462506 0.608199
vn 0.164205 -0.462669 -0.871191
vn 0.164205 -0.462669 -0.871191
vn 0.164205 -0.462669 -0.871191
vn -0.681181 -0.248016 0.688826
vn -0.681181 -0.248016 0.688826
vn -0.681181 -0.248016 0.688826
vn -0.581946 -0.505018 0.637413
vn -0.581946 -0.505018 0.637413
vn -0.581946 -0.505018 0.637413
vn -0.696798 -0.374327 0.611843
vn -0.688448 -0.397724 0.606511
vn -0.691889 -0.388264 0.608721
vn -0.721620 -0.293706 0.626898
vn -0.217142 -0.669267 0.710585
vn -0.217142 -0.669267 0.710585
vn -0.217142 -0.669267 0.710585
vn 0.178716 -0.857182 -0.483011
vn 0.178716 -0.857182 -0.483011
vn 0.178716 -0.857182 -0.483011
vn 0.404168 -0.857166 -0.319241
vn 0.404168 -0.857166 -0.319241
vn 0.404168 -0.857166 -0.319241
vn 0.606046 -0.779085 -0.160421
vn 0.606046 -0.779085 -0.160421
vn 0.606046 -0.779085 -0.160421
vn -0.034773 -0.779119 -0.625911
vn -0.034773 -0.779119 -0.625911
vn -0.034773 -0.779119 -0.625911
vn 0.137881 -0.824369 0.549004
vn 0.137881 -0.824369 0.549004
vn 0.137881 -0.824369 0.549004
vn -0.365121 -0.388279 0.846124
vn -0.364082 -0.397743 0.842167
vn -0.366574 -0.374337 0.851760
vn -0.373224 -0.293678 0.880032
vn -0.238415 -0.789001 0.566247
vn -0.238415 -0.789001 0.566247
vn -0.238415 -0.789001 0.566247
vn -0.444626 -0.248016 0.860695
vn -0.444626 -0.248016 0.860695
vn -0.444626 -0.248016 0.860695
vn -0.426394 -0.505017 0.750430
vn -0.426394 -0.505017 0.750431
vn -0.426394 -0.505017 0.750430
vn -0.608744 -0.669244 0.426079
vn -0.608744 -0.669244 0.426079
vn -0.608744 -0.669244 0.426079
vn -0.811467 -0.420148 0.406198
vn -0.811467 -0.420148 0.406198
vn -0.811467 -0.420148 0.406198
vn -0.923189 -0.104742 0.369798
vn -0.923190 -0.104742 0.369798
vn -0.923189 -0.104742 0.369798
vn -0.564749 -0.824363 0.038511
vn -0.564749 -0.824364 0.038511
vn -0.564749 -0.824363 0.038511
vn -0.292415 -0.913047 -0.284322
vn -0.292415 -0.913047 -0.284322
vn -0.292415 -0.913047 -0.284322
vn -0.323792 -0.936337 -0.135763
vn -0.323792 -0.936337 -0.135763
vn -0.323792 -0.936337 -0.135763
vn -0.051576 -0.964063 -0.260620
vn -0.051576 -0.964063 -0.260620
vn -0.051576 -0.964063 -0.260620
vn 0.263797 -0.964065 -0.031474
vn 0.263797 -0.964065 -0.031474
vn 0.263797 -0.964065 -0.031474
vn 0.229190 -0.936339 0.265973
vn 0.229191 -0.936339 0.265973
vn 0.229190 -0.936339 0.265973
vn 0.360788 -0.913047 0.190201
vn 0.360788 -0.913047 0.190201
vn 0.360788 -0.913047 0.190202
vn -0.464854 -0.789014 0.401706
vn -0.464854 -0.789014 0.401706
vn -0.464854 -0.789014 0.401706
vn -0.681945 -0.731304 -0.012053
vn -0.681945 -0.731304 -0.012053
vn -0.681945 -0.731305 -0.012053
vn 0.222198 -0.731290 0.644859
vn 0.222198 -0.731290 0.644859
vn 0.222198 -0.731290 0.644859
vn -0.575954 -0.808495 0.120879
vn -0.558557 -0.820534 0.121403
vn -0.550795 -0.825733 0.121617
vn -0.537510 -0.834392 0.121955
vn -0.054391 -0.984285 -0.168000
vn -0.054391 -0.984285 -0.168000
vn -0.054391 -0.984285 -0.168000
vn 0.176590 -0.984285 -0.000183
vn 0.176590 -0.984285 -0.000183
vn 0.176590 -0.984285 -0.000183
vn 0.084595 -0.831239 0.549442
vn 0.063563 -0.825089 0.561417
vn 0.054822 -0.822385 0.566284
vn 0.018706 -0.810299 0.585717
vn -0.390707 0.044798 0.919425
vn -0.397345 0.064398 0.915407
vn -0.404902 0.087340 0.910179
vn -0.419208 0.132842 0.898119
vn 0.879366 -0.462565 0.112911
vn 0.879366 -0.462565 0.112911
vn 0.879366 -0.462565 0.112911
vn -0.379214 -0.462672 -0.801331
vn -0.379214 -0.462672 -0.801331
vn -0.379214 -0.462672 -0.801331
vn -0.038738 -0.178188 -0.983234
vn -0.038738 -0.178188 -0.983234
vn -0.038738 -0.178188 -0.983234
vn 0.457114 0.527663 0.715974
vn 0.457114 0.527663 0.715974
vn 0.457114 0.527663 0.715974
vn 0.476862 0.541300 0.692529
vn 0.476862 0.541300 0.692529
vn 0.476862 0.541300 0.692529
vn 0.512797 0.226774 0.828018
vn 0.512797 0.226774 0.828018
vn 0.512797 0.226774 0.828018
vn 0.478883 0.280937 0.831713
vn 0.478883 0.280937 0.831713
vn 0.478883 0.280937 0.831713
vn 0.477269 0.063944 0.876428
vn 0.477269 0.063944 0.876428
vn 0.477269 0.063944 0.876428
vn 0.357839 -0.376625 0.854462
vn 0.357839 -0.376625 0.854462
vn 0.357839 -0.376625 0.854462
vn 0.771063 0.570903 0.282015
vn 0.771063 0.570903 0.282015
vn 0.771063 0.570903 0.282015
vn 0.771823 0.577509 0.266031
vn 0.771823 0.577509 0.266031
vn 0.771823 0.577509 0.266031
vn 0.903371 0.215655 0.370694
vn 0.903371 0.215655 0.370694
vn 0.903371 0.215655 0.370694
vn 0.878603 0.270236 0.393739
vn 0.878603 0.270236 0.393739
vn 0.878603 0.270236 0.393739
vn 0.888895 -0.115707 0.443258
vn 0.888895 -0.115707 0.443258
vn 0.888895 -0.115707 0.443258
vn 0.789933 0.570444 -0.224946
vn 0.789933 0.570444 -0.224946
vn 0.789933 0.570444 -0.224946
vn 0.781072 0.577119 -0.238452
vn 0.781072 0.577120 -0.238452
vn 0.781072 0.577119 -0.238452
vn 0.948729 0.215670 -0.231084
vn 0.948729 0.215670 -0.231084
vn 0.948729 0.215670 -0.231084
vn 0.942237 0.270238 -0.197891
vn 0.942237 0.270238 -0.197892
vn 0.942237 0.270238 -0.197892
vn 0.979619 -0.116241 -0.163815
vn 0.979619 -0.116241 -0.163815
vn 0.979619 -0.116241 -0.163815
vn 0.554348 0.507280 -0.659823
vn 0.483534 0.538205 -0.690312
vn 0.457715 0.548244 -0.699947
vn 0.422075 0.561104 -0.712050
vn 0.030332 0.570105 -0.821012
vn 0.030332 0.570105 -0.821012
vn 0.030332 0.570105 -0.821012
vn 0.090963 0.542358 -0.835209
vn 0.090963 0.542357 -0.835209
vn 0.090963 0.542357 -0.835209
vn 0.110841 0.468579 -0.876441
vn 0.110841 0.468579 -0.876441
vn 0.110841 0.468579 -0.876441
vn -0.008670 0.218635 -0.975768
vn -0.008670 0.218635 -0.975768
vn -0.008670 0.218635 -0.975768
vn -0.458027 0.570341 -0.681852
vn -0.458027 0.570341 -0.681852
vn -0.458027 0.570341 -0.681852
vn -0.468167 0.577062 -0.669193
vn -0.468167 0.577063 -0.669193
vn -0.468167 0.577062 -0.669193
vn -0.512956 0.215642 -0.830888
vn -0.512956 0.215642 -0.830888
vn -0.512956 0.215642 -0.830888
vn -0.479376 0.270220 -0.834973
vn -0.479376 0.270220 -0.834973
vn -0.479376 0.270220 -0.834973
vn -0.458436 -0.116806 -0.881018
vn -0.458436 -0.116806 -0.881018
vn -0.458436 -0.116806 -0.881018
vn -0.495931 -0.276704 -0.823096
vn -0.495931 -0.276704 -0.823096
vn -0.495931 -0.276704 -0.823096
vn -0.528358 -0.025139 -0.848649
vn -0.528358 -0.025139 -0.848649
vn -0.528358 -0.025139 -0.848649
vn -0.448849 -0.210852 -0.868376
vn -0.448849 -0.210852 -0.868376
vn -0.448849 -0.210852 -0.868376
vn -0.771123 0.570779 -0.282100
vn -0.771124 0.570779 -0.282100
vn -0.771123 0.570779 -0.282100
vn -0.771872 0.577428 -0.266063
vn -0.771872 0.577428 -0.266063
vn -0.771872 0.577428 -0.266063
vn -0.903371 0.215655 -0.370694
vn -0.903371 0.215655 -0.370694
vn -0.903371 0.215655 -0.370694
vn -0.878606 0.270229 -0.393736
vn -0.878606 0.270229 -0.393736
vn -0.878606 0.270229 -0.393736
vn -0.888788 -0.116430 -0.443283
vn -0.888788 -0.116430 -0.443283
vn -0.888788 -0.116430 -0.443282
vn -0.885135 -0.276316 -0.374413
vn -0.885135 -0.276316 -0.374413
vn -0.885135 -0.276316 -0.374413
vn -0.926272 -0.025226 -0.376011
vn -0.926272 -0.025226 -0.376011
vn -0.926272 -0.025226 -0.376011
vn -0.789298 0.571238 0.225157
vn -0.789298 0.571238 0.225157
vn -0.789298 0.571238 0.225157
vn -0.780570 0.577809 0.238427
vn -0.780570 0.577809 0.238427
vn -0.780570 0.577809 0.238427
vn -0.948728 0.215673 0.231085
vn -0.948728 0.215673 0.231085
vn -0.948728 0.215673 0.231085
vn -0.942236 0.270240 0.197892
vn -0.942236 0.270240 0.197892
vn -0.942236 0.270240 0.197892
vn -0.979645 -0.115973 0.163848
vn -0.979645 -0.115973 0.163848
vn -0.979645 -0.115973 0.163848
vn -0.539524 0.527868 0.655949
vn -0.539524 0.527868 0.655949
vn -0.539524 0.527868 0.655949
vn -0.511175 0.541497 0.667444
vn -0.511175 0.541497 0.667444
vn -0.511175 0.541496 0.667444
vn -0.606694 0.307804 0.732925
vn -0.606694 0.307804 0.732925
vn -0.606694 0.307804 0.732925
vn -0.590469 0.246804 0.768397
vn -0.590469 0.246804 0.768397
vn -0.590470 0.246804 0.768397
vn -0.633621 -0.113394 0.765288
vn -0.633622 -0.113394 0.765288
vn -0.633622 -0.113394 0.765288
vn -0.644285 -0.083109 0.760257
vn -0.644285 -0.083109 0.760257
vn -0.644285 -0.083109 0.760257
vn -0.643850 -0.025206 0.764736
vn -0.643850 -0.025206 0.764736
vn -0.643850 -0.025206 0.764736
vn -0.050881 0.527933 0.847760
vn -0.050881 0.527933 0.847760
vn -0.050881 0.527933 0.847760
vn -0.021225 0.541529 0.840414
vn -0.021225 0.541529 0.840414
vn -0.021225 0.541529 0.840414
vn -0.071826 0.226834 0.971281
vn -0.071826 0.226834 0.971281
vn -0.071826 0.226834 0.971282
vn -0.101431 0.280979 0.954339
vn -0.101431 0.280979 0.954339
vn -0.101431 0.280979 0.954339
vn -0.129027 0.063947 0.989577
vn -0.129027 0.063947 0.989577
vn -0.129027 0.063947 0.989577
vn -0.212766 -0.376625 0.901601
vn -0.212766 -0.376625 0.901601
vn -0.212766 -0.376625 0.901601
vn 0.042997 0.544330 0.837768
vn 0.034983 0.537812 0.842339
vn 0.030928 0.534489 0.844609
vn 0.023611 0.528451 0.848636
vn 0.101432 0.280980 0.954338
vn 0.101432 0.280980 0.954338
vn 0.101432 0.280980 0.954338
vn 0.071826 0.226834 0.971281
vn 0.071826 0.226834 0.971281
vn 0.071826 0.226834 0.971281
vn 0.129027 0.063947 0.989577
vn 0.093578 -0.032188 0.995092
vn 0.113753 0.027041 0.993141
vn 0.074081 -0.077667 0.994223
vn 0.071360 -0.025155 0.997133
vn -0.457628 0.544335 0.703048
vn -0.466804 0.537808 0.702038
vn -0.471422 0.534481 0.701492
vn -0.479717 0.528432 0.700450
vn -0.478883 0.280937 0.831713
vn -0.478883 0.280937 0.831713
vn -0.478883 0.280937 0.831713
vn -0.512797 0.226774 0.828018
vn -0.512797 0.226774 0.828018
vn -0.512797 0.226774 0.828018
vn -0.477269 0.063944 0.876428
vn -0.509187 -0.032181 0.860054
vn -0.491719 0.027034 0.870334
vn -0.524447 -0.077665 0.847893
vn -0.528346 -0.025259 0.848653
vn -0.783583 0.544088 0.299943
vn -0.771630 0.555133 0.310506
vn -0.765410 0.560697 0.315859
vn -0.754774 0.569934 0.324795
vn -0.878603 0.270234 0.393739
vn -0.878603 0.270234 0.393739
vn -0.878603 0.270234 0.393739
vn -0.856735 0.312095 0.410611
vn -0.856735 0.312095 0.410611
vn -0.856735 0.312095 0.410611
vn -0.888895 -0.115707 0.443258
vn -0.888895 -0.115707 0.443258
vn -0.888895 -0.115707 0.443258
vn -0.901011 -0.214365 0.377130
vn -0.885315 -0.275682 0.374455
vn -0.891510 -0.253226 0.375615
vn -0.926270 -0.025217 0.376015
vn -0.782986 0.579053 -0.227223
vn -0.784048 0.575712 -0.232001
vn -0.784591 0.573960 -0.234492
vn -0.785486 0.571007 -0.238668
vn -0.942238 0.270236 -0.197892
vn -0.942238 0.270236 -0.197892
vn -0.942238 0.270236 -0.197892
vn -0.979619 -0.116239 -0.163815
vn -0.979619 -0.116239 -0.163815
vn -0.979619 -0.116239 -0.163815
vn -0.948729 0.215670 -0.231085
vn -0.948729 0.215670 -0.231085
vn -0.948729 0.215670 -0.231085
vn -0.500190 0.578698 -0.644142
vn -0.498218 0.575319 -0.648681
vn -0.497183 0.573550 -0.651037
vn -0.495433 0.570563 -0.654984
vn -0.645973 0.270232 -0.713928
vn -0.645973 0.270232 -0.713928
vn -0.645973 0.270232 -0.713928
vn -0.696242 -0.116644 -0.708266
vn -0.696242 -0.116644 -0.708266
vn -0.696242 -0.116644 -0.708266
vn -0.631712 0.215655 -0.744603
vn -0.631712 0.215655 -0.744603
vn -0.631712 0.215655 -0.744603
vn -0.026139 0.578482 -0.815277
vn -0.021852 0.575085 -0.817802
vn -0.019619 0.573308 -0.819105
vn -0.015862 0.570306 -0.821279
vn -0.102975 0.270248 -0.957268
vn -0.102975 0.270248 -0.957268
vn -0.102975 0.270248 -0.957268
vn -0.146995 -0.116889 -0.982206
vn -0.146995 -0.116889 -0.982207
vn -0.146995 -0.116889 -0.982207
vn -0.073390 0.215640 -0.973711
vn -0.073390 0.215640 -0.973711
vn -0.073390 0.215640 -0.973711
vn 0.457661 0.545695 -0.701971
vn 0.481398 0.528517 -0.699232
vn 0.492671 0.520088 -0.697699
vn 0.509888 0.506865 -0.695055
vn 0.767179 0.578710 -0.276642
vn 0.770881 0.575340 -0.273363
vn 0.772800 0.573574 -0.271650
vn 0.776005 0.570596 -0.268767
vn 0.878606 0.270229 -0.393736
vn 0.878606 0.270229 -0.393736
vn 0.878606 0.270229 -0.393736
vn 0.888788 -0.116429 -0.443284
vn 0.888788 -0.116429 -0.443284
vn 0.888788 -0.116429 -0.443284
vn 0.903371 0.215655 -0.370694
vn 0.903371 0.215655 -0.370694
vn 0.903371 0.215655 -0.370694
vn 0.782973 0.579069 0.227227
vn 0.784029 0.575737 0.232004
vn 0.784569 0.573989 0.234495
vn 0.785458 0.571046 0.238667
vn 0.942237 0.270237 0.197892
vn 0.942237 0.270237 0.197892
vn 0.942237 0.270237 0.197892
vn 0.979645 -0.115971 0.163848
vn 0.979645 -0.115971 0.163848
vn 0.979645 -0.115971 0.163848
vn 0.948728 0.215673 0.231085
vn 0.948728 0.215673 0.231085
vn 0.948728 0.215673 0.231085
vn 0.499588 0.579436 0.643946
vn 0.487417 0.558833 0.670917
vn 0.480938 0.548001 0.684393
vn 0.468832 0.527980 0.708120
vn 0.618326 0.360066 0.698588
vn 0.618326 0.360066 0.698588
vn 0.618326 0.360066 0.698588
vn 0.579928 0.211751 0.786667
vn 0.579928 0.211751 0.786667
vn 0.579928 0.211751 0.786667
vn 0.696251 -0.115488 0.708447
vn 0.696251 -0.115488 0.708447
vn 0.696251 -0.115488 0.708447
vn 0.637127 -0.214135 0.740416
vn 0.629754 -0.275368 0.726348
vn 0.632766 -0.252917 0.731874
vn 0.643850 -0.025204 0.764736
vn 0.212768 -0.376625 0.901601
vn 0.212768 -0.376625 0.901601
vn 0.212768 -0.376625 0.901601
vn 0.250441 -0.932373 -0.260692
vn 0.250441 -0.932373 -0.260692
vn 0.250441 -0.932373 -0.260692
vn 0.104763 -0.973822 -0.201730
vn 0.104763 -0.973822 -0.201730
vn 0.104763 -0.973822 -0.201730
vn 0.756700 -0.132967 0.640098
vn 0.756700 -0.132967 0.640098
vn 0.756700 -0.132967 0.640098
vn 0.524446 -0.077663 0.847894
vn 0.523959 -0.083091 0.847681
vn 0.525263 -0.068160 0.848206
vn 0.528346 -0.025263 0.848653
vn -0.235927 -0.132979 0.962629
vn -0.235927 -0.132979 0.962629
vn -0.235927 -0.132979 0.962629
vn -0.355837 -0.932375 -0.063687
vn -0.273339 -0.958181 -0.084706
vn -0.274167 -0.957963 -0.084501
vn -0.203333 -0.973822 -0.101617
vn -0.538679 -0.841855 -0.033241
vn -0.538679 -0.841855 -0.033241
vn -0.538679 -0.841855 -0.033241
vn 0.416243 -0.841860 -0.343533
vn 0.416242 -0.841860 -0.343533
vn 0.416242 -0.841860 -0.343533
vn 0.702077 -0.376609 0.604362
vn 0.702077 -0.376609 0.604362
vn 0.702077 -0.376609 0.604362
vn 0.049033 -0.932341 -0.358239
vn 0.049033 -0.932341 -0.358239
vn 0.049033 -0.932341 -0.358239
vn -0.033942 -0.973798 -0.224870
vn -0.033942 -0.973798 -0.224870
vn -0.033942 -0.973798 -0.224870
vn 0.944251 -0.309385 0.112566
vn 0.944251 -0.309385 0.112566
vn 0.944251 -0.309385 0.112566
vn 0.996806 0.076019 0.024479
vn 0.996806 0.076019 0.024479
vn 0.996806 0.076019 0.024479
vn 0.891511 -0.253224 0.375614
vn 0.885316 -0.275680 0.374454
vn 0.901012 -0.214364 0.377128
vn 0.926270 -0.025217 0.376015
vn 0.241743 -0.318113 0.916714
vn 0.241743 -0.318113 0.916714
vn 0.241743 -0.318113 0.916714
vn 0.170919 0.081919 0.981874
vn 0.170919 0.081919 0.981874
vn 0.170919 0.081919 0.981874
vn -0.324987 -0.932417 0.158055
vn -0.270635 -0.958236 0.092412
vn -0.271138 -0.958036 0.093012
vn -0.223989 -0.973871 0.037484
vn 0.791739 -0.376609 0.480952
vn 0.791739 -0.376609 0.480952
vn 0.791739 -0.376609 0.480952
vn -0.454941 -0.841816 0.290474
vn -0.454941 -0.841816 0.290474
vn -0.454941 -0.841816 0.290474
vn 0.131732 -0.845107 -0.518113
vn 0.131732 -0.845107 -0.518113
vn 0.131732 -0.845107 -0.518113
vn 0.936299 -0.275823 0.217407
vn 0.936299 -0.275823 0.217407
vn 0.936299 -0.275822 0.217407
vn 0.970388 -0.025155 0.240240
vn 0.970388 -0.025155 0.240240
vn 0.970388 -0.025155 0.240240
vn 0.923239 -0.376582 0.076256
vn 0.923239 -0.376582 0.076256
vn 0.923239 -0.376582 0.076256
vn -0.170965 -0.932338 -0.318617
vn -0.170965 -0.932338 -0.318617
vn -0.170965 -0.932338 -0.318617
vn -0.159581 -0.973806 -0.161972
vn -0.159581 -0.973806 -0.161972
vn -0.159581 -0.973806 -0.161972
vn 0.829996 -0.309868 -0.463776
vn 0.829996 -0.309868 -0.463776
vn 0.829996 -0.309868 -0.463776
vn 0.820812 0.076014 -0.566118
vn 0.820812 0.076014 -0.566118
vn 0.820812 0.076014 -0.566118
vn 0.936201 -0.276191 -0.217362
vn 0.936201 -0.276191 -0.217362
vn 0.936201 -0.276191 -0.217362
vn 0.970388 -0.025155 -0.240240
vn 0.970388 -0.025155 -0.240240
vn 0.970388 -0.025155 -0.240240
vn 0.830116 -0.309104 0.464072
vn 0.830116 -0.309104 0.464072
vn 0.830116 -0.309104 0.464072
vn 0.820813 0.076021 0.566115
vn 0.820813 0.076021 0.566115
vn 0.820813 0.076021 0.566115
vn -0.169550 -0.932464 0.319005
vn -0.164238 -0.958289 0.233896
vn -0.164289 -0.958102 0.234627
vn -0.158851 -0.973921 0.162001
vn 0.923239 -0.376583 -0.076256
vn 0.923239 -0.376583 -0.076256
vn 0.923239 -0.376583 -0.076256
vn -0.196035 -0.844820 0.497846
vn -0.196035 -0.844820 0.497846
vn -0.196035 -0.844820 0.497846
vn -0.198152 -0.845089 -0.496548
vn -0.198152 -0.845089 -0.496548
vn -0.198152 -0.845089 -0.496548
vn 0.885133 -0.276322 -0.374415
vn 0.885133 -0.276322 -0.374415
vn 0.885133 -0.276322 -0.374415
vn 0.926272 -0.025229 -0.376011
vn 0.926272 -0.025229 -0.376011
vn 0.926272 -0.025229 -0.376011
vn 0.791724 -0.376644 -0.480950
vn 0.791724 -0.376644 -0.480950
vn 0.791724 -0.376644 -0.480950
vn -0.325441 -0.932355 -0.157490
vn -0.325441 -0.932355 -0.157490
vn -0.325441 -0.932355 -0.157490
vn -0.452078 -0.845027 -0.285577
vn -0.452078 -0.845027 -0.285577
vn -0.452078 -0.845027 -0.285577
vn 0.398933 -0.310213 -0.862914
vn 0.398933 -0.310213 -0.862914
vn 0.398933 -0.310213 -0.862914
vn 0.632600 -0.254112 -0.731604
vn 0.629557 -0.276643 -0.726035
vn 0.637011 -0.215140 -0.740224
vn 0.643836 -0.025254 -0.764747
vn 0.696241 -0.116642 -0.708268
vn 0.696241 -0.116642 -0.708268
vn 0.696241 -0.116642 -0.708268
vn 0.581975 0.211920 -0.785108
vn 0.581975 0.211920 -0.785108
vn 0.581975 0.211920 -0.785108
vn 0.613370 0.374169 -0.695539
vn 0.613370 0.374169 -0.695539
vn 0.613370 0.374169 -0.695539
vn 0.944185 -0.309574 -0.112603
vn 0.944185 -0.309574 -0.112603
vn 0.944185 -0.309574 -0.112603
vn 0.996806 0.076019 -0.024479
vn 0.996806 0.076019 -0.024479
vn 0.996806 0.076019 -0.024479
vn 0.050572 -0.932483 0.357655
vn 0.004824 -0.958319 0.285660
vn 0.005211 -0.958133 0.286278
vn -0.033096 -0.973955 0.224313
vn 0.702057 -0.376654 -0.604358
vn 0.702057 -0.376654 -0.604358
vn 0.702057 -0.376654 -0.604358
vn -0.224121 -0.973844 -0.037379
vn -0.224121 -0.973844 -0.037379
vn -0.224121 -0.973844 -0.037379
vn 0.134311 -0.844825 0.517911
vn 0.134311 -0.844825 0.517911
vn 0.134311 -0.844825 0.517911
vn 0.376976 -0.227689 -0.897801
vn 0.376976 -0.227689 -0.897801
vn 0.376976 -0.227689 -0.897801
vn 0.874537 0.125612 -0.468408
vn 0.874537 0.125612 -0.468408
vn 0.874537 0.125612 -0.468408
vn 0.439496 -0.487006 -0.754764
vn 0.439496 -0.487006 -0.754764
vn 0.439496 -0.487006 -0.754764
vn 0.528358 -0.025143 -0.848649
vn 0.528358 -0.025143 -0.848649
vn 0.528358 -0.025143 -0.848649
vn 0.351693 -0.386521 -0.852592
vn 0.351693 -0.386521 -0.852592
vn 0.351693 -0.386521 -0.852592
vn -0.355827 -0.932399 0.063394
vn -0.355827 -0.932399 0.063394
vn -0.355827 -0.932399 0.063394
vn -0.184478 -0.310214 -0.932596
vn -0.184478 -0.310214 -0.932596
vn -0.184478 -0.310214 -0.932596
vn -0.284753 0.076000 -0.955583
vn -0.284753 0.076000 -0.955583
vn -0.284753 0.076000 -0.955583
vn 0.081789 -0.254227 -0.963680
vn 0.082602 -0.276776 -0.957378
vn 0.080292 -0.215248 -0.973253
vn 0.071393 -0.025239 -0.997129
vn 0.099425 -0.236387 -0.966559
vn 0.099425 -0.236387 -0.966559
vn 0.099425 -0.236387 -0.966559
vn 0.721862 -0.458138 -0.518675
vn 0.721862 -0.458138 -0.518675
vn 0.721862 -0.458138 -0.518675
vn 0.251084 -0.932481 0.259685
vn 0.251084 -0.932481 0.259685
vn 0.251084 -0.932481 0.259685
vn 0.214109 -0.380098 -0.899824
vn 0.214109 -0.380098 -0.899824
vn 0.214109 -0.380098 -0.899824
vn 0.101458 -0.974659 0.199366
vn 0.101458 -0.974659 0.199367
vn 0.101458 -0.974659 0.199366
vn -0.208841 -0.972839 0.099853
vn -0.208841 -0.972839 0.099853
vn -0.208841 -0.972839 0.099853
vn 0.412868 -0.844878 0.340179
vn 0.412868 -0.844878 0.340179
vn 0.412868 -0.844878 0.340179
vn -0.533782 -0.844940 0.033971
vn -0.533782 -0.844939 0.033971
vn -0.533782 -0.844940 0.033971
vn 0.479368 0.483458 -0.732445
vn 0.502921 0.446350 -0.740163
vn 0.498818 0.452994 -0.738902
vn 0.512952 0.429767 -0.743088
vn -0.082604 -0.276832 -0.957361
vn -0.082604 -0.276832 -0.957361
vn -0.082604 -0.276832 -0.957361
vn -0.071393 -0.025238 -0.997129
vn -0.071393 -0.025238 -0.997129
vn -0.071393 -0.025238 -0.997129
vn -0.146098 -0.207933 -0.967171
vn -0.146098 -0.207933 -0.967171
vn -0.146098 -0.207933 -0.967171
vn -0.250885 -0.932450 0.259988
vn -0.250885 -0.932450 0.259988
vn -0.250885 -0.932450 0.259988
vn -0.697473 -0.310013 -0.646084
vn -0.697473 -0.310013 -0.646084
vn -0.697473 -0.310013 -0.646084
vn -0.792029 0.076025 -0.605731
vn -0.792029 0.076025 -0.605731
vn -0.792029 0.076025 -0.605731
vn 0.184515 -0.310271 -0.932570
vn 0.184515 -0.310271 -0.932570
vn 0.184515 -0.310271 -0.932570
vn 0.284806 0.075999 -0.955568
vn 0.284806 0.075999 -0.955568
vn 0.284806 0.075999 -0.955568
vn 0.355802 -0.932444 0.062880
vn 0.355802 -0.932444 0.062880
vn 0.355802 -0.932444 0.062880
vn 0.186805 -0.976798 0.104733
vn 0.186805 -0.976798 0.104733
vn 0.186805 -0.976798 0.104733
vn -0.088116 -0.977053 0.193913
vn -0.088116 -0.977053 0.193913
vn -0.088116 -0.977053 0.193913
vn 0.533789 -0.844966 0.033190
vn 0.533789 -0.844966 0.033190
vn 0.533789 -0.844966 0.033190
vn -0.412508 -0.844857 0.340666
vn -0.412508 -0.844857 0.340666
vn -0.412508 -0.844857 0.340666
vn -0.629559 -0.276646 -0.726032
vn -0.629559 -0.276646 -0.726032
vn -0.629559 -0.276646 -0.726032
vn -0.693797 -0.257906 -0.672406
vn -0.693797 -0.257906 -0.672406
vn -0.693797 -0.257906 -0.672406
vn -0.050504 -0.932477 0.357681
vn -0.050504 -0.932477 0.357681
vn -0.050504 -0.932477 0.357681
vn -0.944186 -0.309570 -0.112607
vn -0.944185 -0.309570 -0.112607
vn -0.944185 -0.309570 -0.112607
vn -0.996806 0.076018 -0.024479
vn -0.996806 0.076018 -0.024479
vn -0.996806 0.076018 -0.024479
vn -0.398931 -0.310216 -0.862914
vn -0.398931 -0.310216 -0.862914
vn -0.398931 -0.310216 -0.862913
vn -0.331316 0.076016 -0.940453
vn -0.331316 0.076016 -0.940453
vn -0.331316 0.076016 -0.940453
vn 0.325146 -0.932395 -0.157857
vn 0.325146 -0.932395 -0.157857
vn 0.325146 -0.932395 -0.157857
vn 0.215578 -0.976086 -0.027985
vn 0.215578 -0.976086 -0.027985
vn 0.215578 -0.976085 -0.027985
vn -0.853775 -0.258150 -0.452136
vn -0.853775 -0.258150 -0.452136
vn -0.853775 -0.258150 -0.452136
vn 0.039720 -0.976172 0.213331
vn 0.039720 -0.976172 0.213331
vn 0.039720 -0.976172 0.213331
vn 0.451694 -0.845050 -0.286118
vn 0.451694 -0.845050 -0.286118
vn 0.451694 -0.845050 -0.286118
vn -0.134123 -0.844818 0.517970
vn -0.134123 -0.844818 0.517970
vn -0.134123 -0.844818 0.517970
vn -0.643833 -0.025251 -0.764750
vn -0.643833 -0.025251 -0.764750
vn -0.643833 -0.025251 -0.764750
vn -0.936200 -0.276194 -0.217361
vn -0.936200 -0.276194 -0.217361
vn -0.936200 -0.276194 -0.217361
vn -0.970388 -0.025155 -0.240240
vn -0.970388 -0.025155 -0.240240
vn -0.970388 -0.025155 -0.240240
vn -0.923239 -0.376582 -0.076257
vn -0.923239 -0.376582 -0.076257
vn -0.923239 -0.376582 -0.076257
vn 0.169313 -0.932484 0.319071
vn 0.169313 -0.932484 0.319071
vn 0.169313 -0.932484 0.319071
vn 0.158626 -0.973956 0.162009
vn 0.158626 -0.973956 0.162009
vn 0.158626 -0.973956 0.162009
vn -0.830118 -0.309101 0.464069
vn -0.830118 -0.309101 0.464069
vn -0.830118 -0.309101 0.464069
vn -0.820813 0.076021 0.566116
vn -0.820813 0.076021 0.566116
vn -0.820813 0.076021 0.566116
vn -0.936300 -0.275820 0.217408
vn -0.936300 -0.275820 0.217408
vn -0.936300 -0.275820 0.217408
vn -0.970388 -0.025155 0.240240
vn -0.970388 -0.025155 0.240240
vn -0.970388 -0.025155 0.240240
vn -0.829993 -0.309871 -0.463779
vn -0.829993 -0.309871 -0.463779
vn -0.829993 -0.309871 -0.463779
vn -0.820813 0.076014 -0.566117
vn -0.820813 0.076014 -0.566117
vn -0.820813 0.076014 -0.566117
vn 0.170726 -0.932359 -0.318685
vn 0.165050 -0.958178 -0.233781
vn 0.165121 -0.957932 -0.234737
vn 0.159355 -0.973842 -0.161980
vn -0.923239 -0.376583 0.076256
vn -0.923239 -0.376583 0.076256
vn -0.923239 -0.376583 0.076256
vn 0.197877 -0.845100 -0.496640
vn 0.197877 -0.845100 -0.496640
vn 0.197877 -0.845100 -0.496640
vn 0.195762 -0.844829 0.497937
vn 0.195762 -0.844829 0.497937
vn 0.195762 -0.844829 0.497937
vn -0.791739 -0.376609 0.480953
vn -0.791739 -0.376609 0.480953
vn -0.791739 -0.376609 0.480953
vn 0.324691 -0.932458 0.158424
vn 0.324691 -0.932458 0.158424
vn 0.324691 -0.932458 0.158424
vn 0.223739 -0.973921 0.037680
vn 0.223739 -0.973921 0.037680
vn 0.223739 -0.973921 0.037680
vn -0.374920 -0.132990 0.917469
vn -0.374920 -0.132990 0.917469
vn -0.374920 -0.132990 0.917469
vn -0.944250 -0.309388 0.112563
vn -0.944250 -0.309388 0.112563
vn -0.944250 -0.309388 0.112563
vn -0.996806 0.076019 0.024480
vn -0.996806 0.076019 0.024480
vn -0.996806 0.076019 0.024480
vn -0.048966 -0.932335 -0.358265
vn -0.003675 -0.958145 -0.286261
vn -0.004182 -0.957898 -0.287080
vn 0.033902 -0.973805 -0.224842
vn -0.702077 -0.376608 0.604363
vn -0.702077 -0.376608 0.604363
vn -0.702077 -0.376608 0.604363
vn -0.131547 -0.845100 -0.518172
vn -0.131547 -0.845100 -0.518172
vn -0.131547 -0.845100 -0.518172
vn 0.454610 -0.841786 0.291078
vn 0.454610 -0.841786 0.291078
vn 0.454610 -0.841786 0.291078
vn -0.357838 -0.376625 0.854462
vn -0.357838 -0.376625 0.854462
vn -0.357838 -0.376625 0.854462
vn 0.355812 -0.932420 -0.063170
vn 0.355812 -0.932420 -0.063170
vn 0.355812 -0.932420 -0.063170
vn 0.203255 -0.973868 -0.101339
vn 0.203255 -0.973868 -0.101339
vn 0.203255 -0.973868 -0.101339
vn 0.235927 -0.132979 0.962629
vn 0.235927 -0.132979 0.962629
vn 0.235927 -0.132979 0.962629
vn -0.074081 -0.077668 0.994223
vn -0.074351 -0.083107 0.993763
vn -0.073602 -0.068144 0.994957
vn -0.071362 -0.025157 0.997133
vn -0.756699 -0.132971 0.640097
vn -0.756700 -0.132971 0.640097
vn -0.756700 -0.132971 0.640097
vn -0.250242 -0.932341 -0.260996
vn -0.171233 -0.958147 -0.229420
vn -0.172089 -0.957910 -0.229769
vn -0.104711 -0.973799 -0.201870
vn -0.415809 -0.841887 -0.343991
vn -0.415809 -0.841887 -0.343991
vn -0.415809 -0.841887 -0.343991
vn 0.538782 -0.841821 -0.032431
vn 0.538782 -0.841820 -0.032431
vn 0.538782 -0.841821 -0.032431
vn 0.287044 0.087300 0.953931
vn 0.287044 0.087300 0.953931
vn 0.287044 0.087300 0.953931
vn -0.287044 0.087300 0.953931
vn -0.287044 0.087300 0.953931
vn -0.287044 0.087300 0.953931
vn 0.792927 0.087154 0.603052
vn 0.792927 0.087154 0.603052
vn 0.792927 0.087154 0.603052
vn 0.305548 0.172998 -0.936329
vn 0.305548 0.172998 -0.936329
vn 0.305548 0.172998 -0.936329
vn -0.328454 0.087287 0.940478
vn -0.328454 0.087287 0.940478
vn -0.328454 0.087287 0.940478
vn -0.792926 0.087154 0.603052
vn -0.792926 0.087154 0.603052
vn -0.792926 0.087154 0.603052
vn 0.129058 0.059729 0.989837
vn 0.129058 0.059729 0.989837
vn 0.129058 0.059729 0.989837
vn 0.074388 -0.077660 0.994201
vn 0.074388 -0.077660 0.994201
vn 0.074388 -0.077660 0.994201
vn -0.236185 -0.124349 0.963719
vn -0.236185 -0.124349 0.963719
vn -0.236185 -0.124349 0.963719
vn 0.074240 -0.074907 0.994423
vn 0.074240 -0.074907 0.994423
vn 0.074240 -0.074907 0.994423
vn 0.524184 -0.077620 0.848060
vn 0.524184 -0.077620 0.848060
vn 0.524184 -0.077620 0.848060
vn 0.757550 -0.124320 0.640830
vn 0.757550 -0.124320 0.640830
vn 0.757550 -0.124320 0.640830
vn 0.467592 -0.853835 0.228745
vn 0.470982 -0.846829 0.247098
vn 0.492737 -0.770247 0.404884
vn 0.497040 -0.734080 0.462685
vn 0.083948 0.962392 0.258368
vn 0.052083 0.985694 0.160296
vn 0.089230 0.957403 0.274621
vn 0.154667 0.865728 0.476018
vn 0.155610 0.863957 0.478919
vn 0.176429 0.820994 0.542993
vn 0.176282 0.821324 0.542543
vn 0.178344 0.816649 0.548888
vn 0.477404 0.059731 0.876652
vn 0.477404 0.059731 0.876652
vn 0.477404 0.059731 0.876652
vn -0.192284 -0.883921 0.426276
vn -0.195831 -0.859894 0.471415
vn -0.204495 -0.750127 0.628881
vn -0.205629 -0.711590 0.671831
vn 0.524432 -0.074909 0.848151
vn 0.524432 -0.074909 0.848151
vn 0.524432 -0.074909 0.848151
vn -0.513366 -0.605147 0.608484
vn -0.513366 -0.605147 0.608484
vn -0.513366 -0.605147 0.608484
vn 0.772975 -0.605166 0.190483
vn 0.772975 -0.605166 0.190483
vn 0.772975 -0.605166 0.190483
vn 0.046647 0.578954 0.814025
vn 0.011092 0.519910 0.854149
vn 0.016567 0.529209 0.848330
vn -0.007041 0.488572 0.872495
vn 0.518534 0.488568 0.701729
vn 0.493082 0.519905 0.697545
vn 0.485233 0.529204 0.696054
vn 0.440738 0.578946 0.685983
vn 0.686255 -0.560451 -0.463626
vn 0.686255 -0.560451 -0.463626
vn 0.686255 -0.560451 -0.463626
vn -0.827703 -0.560452 0.028289
vn -0.827703 -0.560452 0.028289
vn -0.827703 -0.560452 0.028289
vn 0.686231 0.059734 0.724927
vn 0.686231 0.059734 0.724927
vn 0.686231 0.059734 0.724927
vn 0.644568 -0.077647 0.760594
vn 0.644568 -0.077647 0.760594
vn 0.644568 -0.077647 0.760594
vn 0.375376 -0.124341 0.918494
vn 0.375376 -0.124341 0.918495
vn 0.375376 -0.124341 0.918494
vn 0.644582 -0.074899 0.760858
vn 0.644582 -0.074899 0.760857
vn 0.644582 -0.074899 0.760858
vn 0.922549 -0.077602 0.377997
vn 0.922549 -0.077602 0.377997
vn 0.922549 -0.077602 0.377997
vn 0.989546 -0.124293 0.073143
vn 0.989546 -0.124293 0.073143
vn 0.989546 -0.124293 0.073143
vn 0.512725 -0.853844 -0.089792
vn 0.526257 -0.846838 -0.076935
vn 0.636615 -0.770248 0.037940
vn 0.674076 -0.734077 0.082178
vn 0.219779 0.962393 0.159678
vn 0.136355 0.985694 0.099068
vn 0.233606 0.957404 0.169725
vn 0.404924 0.865728 0.294198
vn 0.407393 0.863957 0.295988
vn 0.461896 0.820995 0.335587
vn 0.461513 0.821325 0.335307
vn 0.466909 0.816652 0.339228
vn 0.901508 0.059735 0.428620
vn 0.901508 0.059735 0.428620
vn 0.901508 0.059735 0.428620
vn 0.094977 -0.883936 0.457862
vn 0.118642 -0.859908 0.496470
vn 0.204210 -0.750118 0.628985
vn 0.228546 -0.711566 0.664410
vn 0.922802 -0.074904 0.377924
vn 0.922802 -0.074904 0.377924
vn 0.922802 -0.074904 0.377924
vn -0.057695 -0.605164 0.794008
vn -0.057695 -0.605164 0.794008
vn -0.057695 -0.605164 0.794008
vn 0.737303 -0.605158 -0.300279
vn 0.737303 -0.605158 -0.300279
vn 0.737303 -0.605158 -0.300279
vn 0.516221 0.578949 0.631137
vn 0.511040 0.519897 0.684504
vn 0.512048 0.529198 0.676576
vn 0.507152 0.488554 0.710008
vn 0.831978 0.488553 0.262925
vn 0.808925 0.519893 0.274502
vn 0.801698 0.529194 0.277911
vn 0.759776 0.578941 0.295918
vn 0.922278 0.382330 -0.056818
vn 0.922277 0.382330 -0.056818
vn 0.922277 0.382330 -0.056818
vn 0.282691 -0.560447 -0.778450
vn 0.282691 -0.560447 -0.778450
vn 0.282691 -0.560447 -0.778450
vn -0.652995 -0.560453 0.509402
vn -0.652995 -0.560453 0.509402
vn -0.652995 -0.560453 0.509402
vn 0.981270 0.059733 0.183140
vn 0.981270 0.059733 0.183140
vn 0.981270 0.059733 0.183140
vn 0.968526 -0.077661 0.236486
vn 0.968526 -0.077661 0.236486
vn 0.968526 -0.077661 0.236486
vn 0.843556 -0.124350 0.522446
vn 0.843556 -0.124350 0.522446
vn 0.843556 -0.124350 0.522446
vn 0.968689 -0.074975 0.236686
vn 0.968689 -0.074975 0.236686
vn 0.968689 -0.074975 0.236686
vn 0.968527 -0.077658 -0.236485
vn 0.968527 -0.077658 -0.236485
vn 0.968527 -0.077658 -0.236485
vn 0.843556 -0.124345 -0.522447
vn 0.843556 -0.124345 -0.522447
vn 0.843556 -0.124345 -0.522447
vn 0.362064 -0.853825 -0.374022
vn 0.380566 -0.846818 -0.371576
vn 0.537373 -0.770215 -0.343510
vn 0.593679 -0.734041 -0.329742
vn 0.271662 0.962393 0.000000
vn 0.168544 0.985694 0.000000
vn 0.288754 0.957403 0.000000
vn 0.500516 0.865728 0.000000
vn 0.503565 0.863957 -0.000001
vn 0.570933 0.820997 -0.000001
vn 0.570459 0.821326 -0.000001
vn 0.577127 0.816655 0.000000
vn 0.981270 0.059732 -0.183140
vn 0.981270 0.059732 -0.183140
vn 0.981270 0.059732 -0.183141
vn 0.345971 -0.883932 0.314591
vn 0.387813 -0.859902 0.331917
vn 0.534953 -0.750086 0.388839
vn 0.575469 -0.711526 0.403195
vn 0.968689 -0.074973 -0.236688
vn 0.968689 -0.074973 -0.236688
vn 0.968689 -0.074973 -0.236688
vn 0.420042 -0.605155 0.676279
vn 0.420042 -0.605155 0.676279
vn 0.420042 -0.605155 0.676279
vn 0.420035 -0.605156 -0.676282
vn 0.420035 -0.605156 -0.676282
vn 0.420035 -0.605156 -0.676282
vn 0.788608 0.578939 0.207188
vn 0.815782 0.519891 0.253404
vn 0.811939 0.529192 0.246398
vn 0.827627 0.488550 0.276320
vn 0.827626 0.488551 -0.276320
vn 0.815782 0.519891 -0.253404
vn 0.811939 0.529192 -0.246398
vn 0.788609 0.578938 -0.207189
vn -0.228874 -0.560455 -0.795932
vn -0.228874 -0.560455 -0.795931
vn -0.228874 -0.560455 -0.795932
vn -0.228876 -0.560456 0.795930
vn -0.228876 -0.560456 0.795930
vn -0.228876 -0.560456 0.795930
vn 0.901508 0.059738 -0.428620
vn 0.901508 0.059738 -0.428620
vn 0.901508 0.059738 -0.428620
vn 0.922549 -0.077598 -0.377997
vn 0.922549 -0.077598 -0.377997
vn 0.922549 -0.077598 -0.377997
vn 0.989546 -0.124293 -0.073143
vn 0.989546 -0.124293 -0.073143
vn 0.989546 -0.124293 -0.073143
vn 0.922801 -0.074912 -0.377924
vn 0.922801 -0.074912 -0.377924
vn 0.922801 -0.074912 -0.377924
vn 0.644565 -0.077648 -0.760596
vn 0.644565 -0.077648 -0.760596
vn 0.644565 -0.077648 -0.760596
vn 0.375376 -0.124341 -0.918494
vn 0.375376 -0.124341 -0.918495
vn 0.375376 -0.124341 -0.918495
vn 0.073066 -0.853832 -0.515395
vn 0.089472 -0.846826 -0.524291
vn 0.232803 -0.770240 -0.593746
vn 0.286439 -0.734074 -0.615701
vn 0.219778 0.962393 -0.159680
vn 0.136355 0.985694 -0.099070
vn 0.233606 0.957403 -0.169726
vn 0.404925 0.865728 -0.294194
vn 0.407393 0.863957 -0.295988
vn 0.461896 0.820996 -0.335587
vn 0.461513 0.821324 -0.335309
vn 0.466908 0.816653 -0.339228
vn 0.686230 0.059740 -0.724927
vn 0.686230 0.059740 -0.724927
vn 0.686230 0.059740 -0.724927
vn 0.464772 -0.883951 0.051162
vn 0.508806 -0.859924 0.040586
vn 0.661299 -0.750122 0.000153
vn 0.702521 -0.711561 -0.012048
vn 0.644580 -0.074909 -0.760858
vn 0.644580 -0.074909 -0.760858
vn 0.644580 -0.074909 -0.760858
vn 0.737305 -0.605158 0.300275
vn 0.737305 -0.605158 0.300275
vn 0.737305 -0.605158 0.300275
vn -0.057695 -0.605162 -0.794009
vn -0.057695 -0.605162 -0.794009
vn -0.057695 -0.605162 -0.794009
vn 0.759776 0.578941 -0.295918
vn 0.808926 0.519892 -0.274502
vn 0.801699 0.529193 -0.277911
vn 0.831979 0.488551 -0.262924
vn 0.507152 0.488551 -0.710010
vn 0.511039 0.519895 -0.684505
vn 0.512048 0.529197 -0.676578
vn 0.516220 0.578949 -0.631137
vn -0.652995 -0.560453 -0.509402
vn -0.652995 -0.560453 -0.509402
vn -0.652995 -0.560453 -0.509402
vn 0.282689 -0.560446 0.778452
vn 0.282689 -0.560446 0.778452
vn 0.282689 -0.560446 0.778452
vn 0.477404 0.059728 -0.876652
vn 0.477404 0.059728 -0.876652
vn 0.477404 0.059728 -0.876652
vn 0.524182 -0.077619 -0.848062
vn 0.524182 -0.077619 -0.848062
vn 0.524182 -0.077619 -0.848062
vn 0.757550 -0.124320 -0.640830
vn 0.757550 -0.124320 -0.640830
vn 0.757550 -0.124320 -0.640830
vn 0.524432 -0.074903 -0.848151
vn 0.524432 -0.074903 -0.848151
vn 0.524432 -0.074903 -0.848151
vn 0.074388 -0.077660 -0.994201
vn 0.074388 -0.077660 -0.994201
vn 0.074388 -0.077660 -0.994201
vn -0.236186 -0.124349 -0.963719
vn -0.236186 -0.124349 -0.963718
vn -0.236186 -0.124349 -0.963718
vn -0.243823 -0.853819 -0.459940
vn -0.235779 -0.846812 -0.476778
vn -0.160651 -0.770236 -0.617193
vn -0.130171 -0.734081 -0.666468
vn 0.083948 0.962393 -0.258366
vn 0.052083 0.985694 -0.160294
vn 0.089230 0.957404 -0.274620
vn 0.154668 0.865729 -0.476016
vn 0.155610 0.863957 -0.478919
vn 0.176429 0.820994 -0.542993
vn 0.176282 0.821323 -0.542544
vn 0.178344 0.816649 -0.548888
vn 0.129058 0.059728 -0.989837
vn 0.129058 0.059728 -0.989837
vn 0.129058 0.059728 -0.989837
vn 0.406097 -0.883940 -0.231809
vn 0.435503 -0.859912 -0.266248
vn 0.535088 -0.750127 -0.388575
vn 0.561259 -0.711575 -0.422669
vn 0.074240 -0.074906 -0.994423
vn 0.074240 -0.074906 -0.994423
vn 0.074240 -0.074906 -0.994423
vn 0.772976 -0.605164 -0.190485
vn 0.772976 -0.605164 -0.190485
vn 0.772976 -0.605164 -0.190485
vn -0.513366 -0.605147 -0.608484
vn -0.513366 -0.605147 -0.608484
vn -0.513366 -0.605147 -0.608484
vn 0.440737 0.578945 -0.685983
vn 0.493082 0.519905 -0.697545
vn 0.485233 0.529204 -0.696055
vn 0.518535 0.488568 -0.701729
vn -0.007041 0.488570 -0.872496
vn 0.011092 0.519908 -0.854150
vn 0.016567 0.529208 -0.848330
vn 0.046647 0.578953 -0.814026
vn -0.827702 -0.560454 -0.028289
vn -0.827702 -0.560454 -0.028289
vn -0.827702 -0.560454 -0.028289
vn 0.686253 -0.560454 0.463625
vn 0.686253 -0.560454 0.463625
vn 0.686253 -0.560454 0.463625
vn -0.129058 0.059729 -0.989837
vn -0.129058 0.059729 -0.989837
vn -0.129058 0.059729 -0.989837
vn -0.074388 -0.077660 -0.994201
vn -0.074388 -0.077660 -0.994201
vn -0.074388 -0.077660 -0.994201
vn 0.236185 -0.124349 -0.963719
vn 0.236185 -0.124349 -0.963719
vn 0.236185 -0.124349 -0.963719
vn -0.074240 -0.074907 -0.994423
vn -0.074240 -0.074907 -0.994423
vn -0.074240 -0.074907 -0.994423
vn -0.561265 -0.711568 -0.422672
vn -0.435503 -0.859913 -0.266246
vn -0.535092 -0.750123 -0.388577
vn -0.406096 -0.883941 -0.231807
vn -0.083948 0.962392 -0.258367
vn -0.052083 0.985694 -0.160296
vn -0.089230 0.957404 -0.274621
vn -0.154668 0.865730 -0.476013
vn -0.155610 0.863957 -0.478919
vn -0.176446 0.820956 -0.543045
vn -0.176298 0.821288 -0.542592
vn -0.178384 0.816558 -0.549010
vn -0.757547 -0.124320 -0.640833
vn -0.757547 -0.124320 -0.640833
vn -0.757547 -0.124320 -0.640833
vn -0.524184 -0.077620 -0.848060
vn -0.524184 -0.077620 -0.848060
vn -0.524184 -0.077620 -0.848060
vn -0.477404 0.059731 -0.876652
vn -0.477404 0.059731 -0.876652
vn -0.477404 0.059731 -0.876652
vn 0.192284 -0.883921 -0.426276
vn 0.195831 -0.859895 -0.471415
vn 0.204495 -0.750127 -0.628881
vn 0.205629 -0.711590 -0.671831
vn -0.524432 -0.074909 -0.848151
vn -0.524432 -0.074909 -0.848151
vn -0.524432 -0.074909 -0.848151
vn 0.513367 -0.605149 -0.608480
vn 0.513367 -0.605149 -0.608480
vn 0.513367 -0.605149 -0.608480
vn -0.772974 -0.605166 -0.190489
vn -0.772974 -0.605166 -0.190489
vn -0.772974 -0.605166 -0.190489
vn -0.046647 0.578955 -0.814024
vn -0.011095 0.519913 -0.854147
vn -0.016578 0.529227 -0.848318
vn 0.007046 0.488560 -0.872502
vn -0.518541 0.488558 -0.701731
vn -0.493078 0.519908 -0.697545
vn -0.485217 0.529222 -0.696052
vn -0.440738 0.578946 -0.685983
vn -0.686253 -0.560451 0.463629
vn -0.686253 -0.560451 0.463629
vn -0.686253 -0.560451 0.463629
vn 0.827703 -0.560453 -0.028293
vn 0.827703 -0.560453 -0.028293
vn 0.827703 -0.560453 -0.028293
vn -0.686231 0.059734 -0.724927
vn -0.686231 0.059734 -0.724927
vn -0.686231 0.059734 -0.724927
vn -0.644568 -0.077647 -0.760594
vn -0.644568 -0.077647 -0.760594
vn -0.644568 -0.077647 -0.760594
vn -0.375374 -0.124340 -0.918495
vn -0.375374 -0.124340 -0.918495
vn -0.375374 -0.124340 -0.918495
vn -0.644582 -0.074899 -0.760858
vn -0.644582 -0.074899 -0.760857
vn -0.644582 -0.074899 -0.760858
vn -0.922549 -0.077602 -0.377997
vn -0.922549 -0.077602 -0.377997
vn -0.922549 -0.077602 -0.377997
vn -0.989546 -0.124293 -0.073143
vn -0.989546 -0.124293 -0.073143
vn -0.989546 -0.124293 -0.073143
vn -0.507867 -0.857151 0.085812
vn -0.520374 -0.850754 0.073679
vn -0.615539 -0.787674 -0.026099
vn -0.647871 -0.759081 -0.063708
vn -0.219779 0.962393 -0.159677
vn -0.136355 0.985694 -0.099066
vn -0.233606 0.957404 -0.169724
vn -0.404924 0.865728 -0.294198
vn -0.407393 0.863957 -0.295988
vn -0.461896 0.820995 -0.335587
vn -0.461513 0.821325 -0.335307
vn -0.466909 0.816652 -0.339228
vn -0.901508 0.059735 -0.428620
vn -0.901508 0.059735 -0.428620
vn -0.901508 0.059735 -0.428620
vn -0.094977 -0.883936 -0.457862
vn -0.116789 -0.861884 -0.493474
vn -0.190269 -0.770638 -0.608206
vn -0.211340 -0.739194 -0.639474
vn -0.922802 -0.074904 -0.377924
vn -0.922802 -0.074904 -0.377924
vn -0.922802 -0.074904 -0.377924
vn 0.057695 -0.605163 -0.794008
vn 0.057695 -0.605163 -0.794008
vn 0.057695 -0.605163 -0.794008
vn -0.737303 -0.605158 0.300279
vn -0.737303 -0.605158 0.300279
vn -0.737303 -0.605158 0.300279
vn -0.516221 0.578949 -0.631137
vn -0.511040 0.519897 -0.684504
vn -0.512048 0.529198 -0.676576
vn -0.507152 0.488554 -0.710008
vn -0.831978 0.488553 -0.262925
vn -0.808925 0.519893 -0.274502
vn -0.801698 0.529194 -0.277911
vn -0.759776 0.578941 -0.295918
vn -0.282691 -0.560447 0.778450
vn -0.282691 -0.560447 0.778450
vn -0.282691 -0.560447 0.778450
vn 0.652994 -0.560452 -0.509403
vn 0.652994 -0.560452 -0.509403
vn 0.652994 -0.560452 -0.509403
vn -0.981270 0.059732 -0.183140
vn -0.981271 0.059732 -0.183140
vn -0.981271 0.059732 -0.183140
vn -0.968526 -0.077661 -0.236486
vn -0.968526 -0.077661 -0.236486
vn -0.968526 -0.077661 -0.236486
vn -0.843556 -0.124350 -0.522446
vn -0.843556 -0.124350 -0.522446
vn -0.843556 -0.124350 -0.522446
vn -0.968689 -0.074975 -0.236686
vn -0.968689 -0.074975 -0.236686
vn -0.968689 -0.074975 -0.236686
vn -0.968527 -0.077658 0.236485
vn -0.968527 -0.077658 0.236485
vn -0.968527 -0.077658 0.236485
vn -0.843556 -0.124345 0.522447
vn -0.843556 -0.124345 0.522447
vn -0.843556 -0.124345 0.522447
vn -0.362064 -0.853825 0.374022
vn -0.380566 -0.846818 0.371576
vn -0.537371 -0.770217 0.343510
vn -0.593677 -0.734042 0.329741
vn -0.271662 0.962393 0.000000
vn -0.168544 0.985694 0.000000
vn -0.288754 0.957403 0.000000
vn -0.500516 0.865728 0.000000
vn -0.503565 0.863957 0.000001
vn -0.570933 0.820997 0.000001
vn -0.570459 0.821326 0.000001
vn -0.577127 0.816655 -0.000000
vn -0.981270 0.059734 0.183140
vn -0.981270 0.059734 0.183140
vn -0.981270 0.059734 0.183140
vn -0.345971 -0.883932 -0.314591
vn -0.387813 -0.859902 -0.331917
vn -0.534954 -0.750085 -0.388839
vn -0.575470 -0.711525 -0.403196
vn -0.968689 -0.074975 0.236688
vn -0.968689 -0.074975 0.236688
vn -0.968689 -0.074975 0.236688
vn -0.420042 -0.605155 -0.676279
vn -0.420042 -0.605155 -0.676279
vn -0.420042 -0.605155 -0.676279
vn -0.420035 -0.605156 0.676282
vn -0.420035 -0.605156 0.676282
vn -0.420035 -0.605156 0.676282
vn -0.788608 0.578939 -0.207188
vn -0.815782 0.519891 -0.253404
vn -0.811939 0.529192 -0.246398
vn -0.827627 0.488550 -0.276320
vn -0.827626 0.488551 0.276320
vn -0.815782 0.519891 0.253404
vn -0.811939 0.529192 0.246398
vn -0.788609 0.578938 0.207189
vn 0.228876 -0.560456 0.795930
vn 0.228876 -0.560456 0.795930
vn 0.228876 -0.560456 0.795930
vn 0.228876 -0.560456 -0.795930
vn 0.228876 -0.560456 -0.795930
vn 0.228876 -0.560456 -0.795930
vn -0.901508 0.059738 0.428620
vn -0.901508 0.059738 0.428620
vn -0.901508 0.059738 0.428620
vn -0.922549 -0.077598 0.377997
vn -0.922549 -0.077598 0.377997
vn -0.922549 -0.077598 0.377997
vn -0.989546 -0.124293 0.073143
vn -0.989546 -0.124293 0.073143
vn -0.989546 -0.124293 0.073143
vn -0.922802 -0.074898 0.377924
vn -0.922802 -0.074898 0.377924
vn -0.922802 -0.074898 0.377924
vn -0.644566 -0.077644 0.760596
vn -0.644566 -0.077644 0.760596
vn -0.644566 -0.077644 0.760596
vn -0.375378 -0.124338 0.918494
vn -0.375378 -0.124338 0.918494
vn -0.375378 -0.124338 0.918494
vn -0.073066 -0.853832 0.515395
vn -0.089472 -0.846826 0.524291
vn -0.232802 -0.770243 0.593741
vn -0.286437 -0.734080 0.615696
vn -0.219779 0.962393 0.159679
vn -0.136355 0.985694 0.099066
vn -0.233606 0.957404 0.169724
vn -0.404925 0.865728 0.294195
vn -0.407393 0.863957 0.295988
vn -0.461896 0.820996 0.335587
vn -0.461513 0.821324 0.335309
vn -0.466908 0.816653 0.339228
vn -0.686228 0.059740 0.724929
vn -0.686228 0.059740 0.724929
vn -0.686228 0.059740 0.724929
vn -0.464772 -0.883951 -0.051162
vn -0.508805 -0.859924 -0.040587
vn -0.661294 -0.750127 -0.000158
vn -0.702514 -0.711568 0.012041
vn -0.644580 -0.074900 0.760859
vn -0.644580 -0.074900 0.760859
vn -0.644580 -0.074900 0.760859
vn -0.737305 -0.605158 -0.300275
vn -0.737305 -0.605158 -0.300275
vn -0.737305 -0.605158 -0.300275
vn 0.057695 -0.605162 0.794009
vn 0.057695 -0.605162 0.794009
vn 0.057695 -0.605162 0.794009
vn -0.759776 0.578941 0.295918
vn -0.808926 0.519892 0.274502
vn -0.801699 0.529193 0.277911
vn -0.831979 0.488551 0.262924
vn -0.507152 0.488551 0.710010
vn -0.511040 0.519895 0.684506
vn -0.512048 0.529197 0.676578
vn -0.516221 0.578948 0.631138
vn 0.652995 -0.560453 0.509402
vn 0.652995 -0.560453 0.509402
vn 0.652995 -0.560453 0.509402
vn -0.282691 -0.560447 -0.778450
vn -0.282691 -0.560447 -0.778450
vn -0.282691 -0.560447 -0.778450
vn -0.477402 0.059724 0.876653
vn -0.477402 0.059724 0.876653
vn -0.477402 0.059724 0.876653
vn -0.524182 -0.077619 0.848062
vn -0.524182 -0.077619 0.848062
vn -0.524182 -0.077619 0.848062
vn -0.757550 -0.124320 0.640830
vn -0.757550 -0.124320 0.640830
vn -0.757550 -0.124320 0.640830
vn -0.524429 -0.074896 0.848154
vn -0.524429 -0.074896 0.848154
vn -0.524429 -0.074896 0.848154
vn -0.074388 -0.077660 0.994201
vn -0.074388 -0.077660 0.994201
vn -0.074388 -0.077660 0.994201
vn 0.236185 -0.124349 0.963719
vn 0.236185 -0.124349 0.963719
vn 0.236185 -0.124349 0.963719
vn 0.243824 -0.853825 0.459928
vn 0.235780 -0.846818 0.476767
vn 0.160652 -0.770238 0.617191
vn 0.130171 -0.734081 0.666469
vn -0.083948 0.962393 0.258367
vn -0.052083 0.985694 0.160296
vn -0.089230 0.957403 0.274621
vn -0.154668 0.865729 0.476016
vn -0.155610 0.863958 0.478919
vn -0.176429 0.820995 0.542992
vn -0.176282 0.821323 0.542543
vn -0.178344 0.816649 0.548888
vn -0.129058 0.059727 0.989837
vn -0.129058 0.059727 0.989837
vn -0.129058 0.059727 0.989837
vn -0.406097 -0.883940 0.231809
vn -0.435504 -0.859912 0.266248
vn -0.535091 -0.750123 0.388578
vn -0.561264 -0.711569 0.422672
vn -0.074241 -0.074905 0.994423
vn -0.074241 -0.074905 0.994423
vn -0.074241 -0.074905 0.994423
vn -0.772976 -0.605164 0.190485
vn -0.772976 -0.605164 0.190485
vn -0.772976 -0.605164 0.190485
vn 0.513368 -0.605149 0.608480
vn 0.513368 -0.605149 0.608480
vn 0.513368 -0.605149 0.608480
vn -0.440737 0.578945 0.685983
vn -0.493082 0.519905 0.697545
vn -0.485233 0.529204 0.696055
vn -0.518535 0.488568 0.701729
vn 0.007041 0.488569 0.872497
vn -0.011092 0.519908 0.854150
vn -0.016567 0.529208 0.848330
vn -0.046647 0.578953 0.814026
vn 0.827702 -0.560454 0.028293
vn 0.827702 -0.560454 0.028293
vn 0.827702 -0.560454 0.028293
vn -0.686253 -0.560454 -0.463625
vn -0.686253 -0.560454 -0.463625
vn -0.686253 -0.560454 -0.463625
vn 0.034306 0.614675 -0.788034
vn 0.034306 0.614675 -0.788034
vn 0.034306 0.614675 -0.788034
vn -0.490945 0.614680 -0.617367
vn -0.490946 0.614680 -0.617367
vn -0.490946 0.614680 -0.617367
vn 0.712743 0.382333 0.588064
vn 0.712742 0.382333 0.588064
vn 0.712742 0.382333 0.588064
vn 0.712742 0.382333 -0.588064
vn 0.712742 0.382333 -0.588064
vn 0.712742 0.382333 -0.588064
vn 0.922278 0.382330 0.056817
vn 0.922278 0.382330 0.056817
vn 0.922278 0.382330 0.056817
vn 0.230973 0.382346 -0.894686
vn 0.230973 0.382346 -0.894686
vn 0.230973 0.382346 -0.894686
vn 0.779522 0.382347 -0.496141
vn 0.779522 0.382347 -0.496141
vn 0.779522 0.382347 -0.496141
vn -0.339022 0.382358 -0.859573
vn -0.339022 0.382358 -0.859573
vn -0.339022 0.382358 -0.859573
vn 0.339019 0.382357 -0.859575
vn 0.339019 0.382357 -0.859575
vn 0.339019 0.382357 -0.859575
vn -0.779522 0.382348 -0.496141
vn -0.779522 0.382348 -0.496141
vn -0.779522 0.382348 -0.496141
vn -0.230974 0.382346 -0.894686
vn -0.230974 0.382346 -0.894686
vn -0.230974 0.382346 -0.894686
vn -0.922278 0.382330 0.056818
vn -0.922277 0.382330 0.056818
vn -0.922277 0.382330 0.056818
vn -0.712743 0.382333 -0.588064
vn -0.712742 0.382333 -0.588064
vn -0.712742 0.382333 -0.588064
vn -0.712742 0.382333 0.588064
vn -0.712742 0.382333 0.588064
vn -0.712742 0.382333 0.588064
vn -0.922278 0.382330 -0.056817
vn -0.922278 0.382330 -0.056817
vn -0.922278 0.382330 -0.056817
vn -0.230975 0.382346 0.894685
vn -0.230975 0.382346 0.894685
vn -0.230975 0.382346 0.894685
vn -0.779522 0.382347 0.496141
vn -0.779522 0.382347 0.496141
vn -0.779522 0.382347 0.496141
vn 0.339021 0.382358 0.859574
vn 0.339021 0.382358 0.859574
vn 0.339021 0.382358 0.859574
vn -0.339021 0.382358 0.859574
vn -0.339021 0.382358 0.859574
vn -0.339021 0.382358 0.859574
vn 0.779522 0.382347 0.496142
vn 0.779522 0.382347 0.496142
vn 0.779522 0.382347 0.496142
vn 0.230974 0.382346 0.894686
vn 0.230974 0.382346 0.894686
vn 0.230974 0.382346 0.894686
vn -0.435398 0.614678 -0.657723
vn -0.435398 0.614678 -0.657723
vn -0.435398 0.614678 -0.657723
vn -0.760078 0.614678 -0.210838
vn -0.760078 0.614678 -0.210838
vn -0.760078 0.614678 -0.210838
vn -0.738842 0.614678 -0.276194
vn -0.738842 0.614678 -0.276194
vn -0.738842 0.614678 -0.276194
vn -0.738840 0.614679 0.276197
vn -0.738840 0.614679 0.276197
vn -0.738840 0.614679 0.276197
vn -0.760077 0.614680 0.210837
vn -0.760077 0.614680 0.210837
vn -0.760077 0.614680 0.210837
vn -0.435396 0.614678 0.657725
vn -0.435396 0.614678 0.657725
vn -0.435396 0.614678 0.657725
vn -0.490983 0.614677 0.617339
vn -0.490983 0.614677 0.617339
vn -0.490983 0.614677 0.617339
vn 0.034355 0.614674 0.788033
vn 0.034355 0.614674 0.788033
vn 0.034355 0.614674 0.788033
vn -0.034355 0.614673 0.788033
vn -0.034355 0.614673 0.788033
vn -0.034355 0.614673 0.788033
vn 0.490983 0.614677 0.617339
vn 0.490983 0.614677 0.617339
vn 0.490983 0.614677 0.617339
vn 0.435398 0.614678 0.657723
vn 0.435398 0.614678 0.657723
vn 0.435398 0.614678 0.657723
vn 0.760078 0.614678 0.210838
vn 0.760078 0.614678 0.210838
vn 0.760078 0.614678 0.210838
vn 0.738842 0.614678 0.276194
vn 0.738842 0.614678 0.276194
vn 0.738842 0.614678 0.276194
vn 0.738840 0.614679 -0.276197
vn 0.738840 0.614679 -0.276197
vn 0.738840 0.614679 -0.276197
vn 0.760077 0.614680 -0.210837
vn 0.760077 0.614680 -0.210837
vn 0.760077 0.614680 -0.210837
vn 0.435396 0.614678 -0.657725
vn 0.435396 0.614678 -0.657725
vn 0.435396 0.614678 -0.657725
vn 0.490983 0.614677 -0.617339
vn 0.490983 0.614677 -0.617339
vn 0.490983 0.614677 -0.617339
vn -0.034355 0.614674 -0.788033
vn -0.034355 0.614674 -0.788033
vn -0.034355 0.614674 -0.788033
vn -0.183182 0.053315 0.981632
vn -0.183182 0.053315 0.981632
vn -0.183182 0.053315 0.981632
vn -0.236614 -0.069342 0.969126
vn -0.236614 -0.069342 0.969126
vn -0.236614 -0.069342 0.969126
vn -0.240269 -0.020988 0.970479
vn -0.240269 -0.020988 0.970479
vn -0.240269 -0.020988 0.970479
vn -0.077965 -0.320907 0.943896
vn -0.077965 -0.320907 0.943896
vn -0.077965 -0.320907 0.943896
vn 0.373864 -0.907378 -0.192071
vn 0.373864 -0.907378 -0.192071
vn 0.373864 -0.907378 -0.192071
vn 0.570002 -0.792271 -0.217724
vn 0.570002 -0.792271 -0.217724
vn 0.570002 -0.792271 -0.217724
vn 0.523244 -0.111125 0.844906
vn 0.523244 -0.111125 0.844906
vn 0.523244 -0.111125 0.844906
vn 0.237050 -0.063950 0.969390
vn 0.216027 -0.021058 0.976160
vn 0.201228 0.017475 0.979388
vn 0.240270 -0.020988 0.970479
vn 0.183182 0.053315 0.981632
vn -0.523247 -0.111126 0.844905
vn -0.523247 -0.111126 0.844904
vn -0.523247 -0.111126 0.844904
vn -0.373864 -0.907378 -0.192072
vn -0.373864 -0.907378 -0.192072
vn -0.373864 -0.907378 -0.192072
vn 0.077966 -0.320907 0.943896
vn 0.077966 -0.320907 0.943896
vn 0.077966 -0.320907 0.943896
vn -0.192568 -0.964287 -0.181849
vn -0.192568 -0.964287 -0.181849
vn -0.192568 -0.964287 -0.181849
vn 0.192568 -0.964287 -0.181848
vn 0.192568 -0.964287 -0.181848
vn 0.192568 -0.964287 -0.181848
vn -0.570005 -0.792270 -0.217724
vn -0.570005 -0.792270 -0.217724
vn -0.570005 -0.792270 -0.217724
vn -0.214619 0.533453 0.818148
vn -0.214619 0.533453 0.818148
vn -0.214619 0.533453 0.818148
vn -0.263612 0.477230 0.838308
vn -0.263612 0.477230 0.838308
vn -0.263612 0.477230 0.838308
vn -0.171124 0.631471 0.756281
vn -0.171124 0.631471 0.756281
vn -0.171124 0.631471 0.756281
vn -0.264796 0.686794 0.676903
vn -0.264796 0.686794 0.676903
vn -0.264796 0.686794 0.676903
vn 0.000000 0.742209 0.670169
vn 0.000000 0.749748 0.661724
vn 0.000000 0.742209 0.670169
vn 0.000000 0.718565 0.695460
vn 0.263612 0.477230 0.838308
vn 0.263612 0.477230 0.838308
vn 0.263612 0.477230 0.838308
vn 0.214619 0.533457 0.818146
vn 0.214619 0.533457 0.818146
vn 0.214619 0.533457 0.818146
vn 0.233473 0.668947 0.705692
vn 0.266347 0.632804 0.727062
vn 0.236641 0.665576 0.707820
vn 0.193660 0.709310 0.677772
vn 0.428797 0.053315 0.901826
vn 0.428797 0.053315 0.901826
vn 0.428797 0.053315 0.901826
vn 0.378223 -0.069331 0.923114
vn 0.378223 -0.069331 0.923114
vn 0.378223 -0.069331 0.923114
vn 0.376061 -0.021036 0.926356
vn 0.376061 -0.021036 0.926356
vn 0.376061 -0.021036 0.926356
vn 0.491723 -0.320891 0.809467
vn 0.491723 -0.320891 0.809467
vn 0.491723 -0.320891 0.809467
vn 0.189575 -0.907373 -0.375147
vn 0.189575 -0.907373 -0.375147
vn 0.189575 -0.907373 -0.375147
vn 0.919951 -0.111161 0.375942
vn 0.919951 -0.111161 0.375942
vn 0.919951 -0.111161 0.375942
vn 0.761567 -0.063974 0.644921
vn 0.748537 -0.021067 0.662758
vn 0.738461 0.017464 0.674070
vn 0.764808 -0.021061 0.643915
vn 0.725178 0.053314 0.686494
vn 0.073303 -0.111120 0.991100
vn 0.073303 -0.111120 0.991100
vn 0.073303 -0.111120 0.991100
vn -0.415361 -0.907377 0.064363
vn -0.415361 -0.907377 0.064363
vn -0.415361 -0.907377 0.064363
vn 0.617909 -0.320894 0.717785
vn 0.617909 -0.320894 0.717785
vn 0.617909 -0.320894 0.717785
vn -0.262679 -0.964287 -0.033928
vn -0.262679 -0.964287 -0.033928
vn -0.262679 -0.964287 -0.033928
vn 0.048900 -0.964287 -0.260305
vn 0.048900 -0.964287 -0.260305
vn 0.048900 -0.964287 -0.260305
vn -0.589112 -0.792275 0.158894
vn -0.589112 -0.792275 0.158894
vn -0.589112 -0.792275 0.158894
vn 0.333160 -0.792281 -0.511171
vn 0.333160 -0.792281 -0.511171
vn 0.333160 -0.792280 -0.511171
vn 0.307268 0.533457 0.788042
vn 0.307268 0.533457 0.788042
vn 0.307268 0.533457 0.788042
vn 0.279482 0.477231 0.833151
vn 0.279482 0.477231 0.833151
vn 0.279482 0.477231 0.833151
vn 0.306102 0.631469 0.712424
vn 0.306102 0.631469 0.712424
vn 0.306102 0.631469 0.712424
vn 0.183649 0.686797 0.703266
vn 0.183649 0.686797 0.703265
vn 0.183649 0.686797 0.703266
vn 0.393916 0.742209 0.542177
vn 0.388949 0.749753 0.535341
vn 0.393916 0.742209 0.542177
vn 0.408792 0.718550 0.562650
vn 0.706012 0.477231 0.523257
vn 0.706012 0.477231 0.523257
vn 0.706012 0.477231 0.523257
vn 0.654514 0.533466 0.535749
vn 0.654514 0.533466 0.535749
vn 0.654514 0.533466 0.535749
vn 0.603673 0.668952 0.433684
vn 0.642834 0.632807 0.431649
vn 0.607488 0.665582 0.433543
vn 0.555048 0.709318 0.434498
vn 0.876982 0.053315 0.477556
vn 0.876982 0.053315 0.477556
vn 0.876982 0.053315 0.477556
vn 0.848578 -0.069343 0.524507
vn 0.848578 -0.069343 0.524507
vn 0.848578 -0.069343 0.524507
vn 0.848730 -0.020966 0.528411
vn 0.848730 -0.020966 0.528411
vn 0.848729 -0.020966 0.528411
vn 0.873614 -0.320876 0.365838
vn 0.873614 -0.320876 0.365838
vn 0.873614 -0.320876 0.365838
vn -0.067140 -0.907377 -0.414920
vn -0.067140 -0.907377 -0.414920
vn -0.067140 -0.907377 -0.414920
vn 0.965236 -0.111102 -0.236594
vn 0.965236 -0.111102 -0.236594
vn 0.965236 -0.111102 -0.236594
vn 0.995198 -0.063922 0.074129
vn 0.995139 -0.021036 0.096209
vn 0.993636 0.017482 0.111277
vn 0.997226 -0.021008 0.071407
vn 0.990194 0.053316 0.129127
vn 0.641843 -0.111125 0.758742
vn 0.641843 -0.111125 0.758742
vn 0.641843 -0.111125 0.758742
vn -0.298200 -0.907382 0.296202
vn -0.298200 -0.907382 0.296202
vn -0.298200 -0.907382 0.296202
vn 0.921804 -0.320874 0.217526
vn 0.921804 -0.320874 0.217526
vn 0.921804 -0.320874 0.217526
vn -0.232453 -0.964286 0.126954
vn -0.232453 -0.964287 0.126954
vn -0.232453 -0.964287 0.126954
vn -0.113441 -0.964286 -0.239340
vn -0.113441 -0.964286 -0.239340
vn -0.113441 -0.964286 -0.239340
vn -0.383208 -0.792271 0.474824
vn -0.383208 -0.792271 0.474824
vn -0.383208 -0.792271 0.474824
vn -0.030928 -0.792276 -0.609379
vn -0.030928 -0.792276 -0.609379
vn -0.030928 -0.792276 -0.609379
vn 0.711785 0.533454 0.456934
vn 0.711785 0.533454 0.456934
vn 0.711785 0.533454 0.456934
vn 0.715819 0.477217 0.509772
vn 0.715819 0.477217 0.509772
vn 0.715819 0.477217 0.509772
vn 0.666392 0.631471 0.396442
vn 0.666392 0.631471 0.396442
vn 0.666392 0.631471 0.396442
vn 0.561930 0.686805 0.461014
vn 0.561930 0.686805 0.461014
vn 0.561930 0.686805 0.461014
vn 0.637363 0.742215 0.207091
vn 0.629322 0.749762 0.204478
vn 0.637363 0.742215 0.207091
vn 0.661444 0.718543 0.214917
vn 0.878748 0.477214 0.008328
vn 0.878748 0.477213 0.008328
vn 0.878748 0.477214 0.008328
vn 0.844422 0.533460 0.048711
vn 0.844422 0.533460 0.048711
vn 0.844422 0.533460 0.048711
vn 0.743293 0.668954 -0.003980
vn 0.773786 0.632799 -0.028652
vn 0.746297 0.665583 -0.006337
vn 0.704425 0.709329 0.025267
vn 0.990194 0.053316 -0.129127
vn 0.990194 0.053316 -0.129127
vn 0.990194 0.053316 -0.129127
vn 0.994813 -0.069307 -0.074462
vn 0.994813 -0.069307 -0.074462
vn 0.994813 -0.069307 -0.074462
vn 0.997226 -0.021008 -0.071407
vn 0.997226 -0.021008 -0.071407
vn 0.997226 -0.021008 -0.071407
vn 0.921804 -0.320874 -0.217525
vn 0.921804 -0.320874 -0.217525
vn 0.921804 -0.320874 -0.217525
vn -0.298200 -0.907382 -0.296201
vn -0.298200 -0.907382 -0.296201
vn -0.298200 -0.907382 -0.296201
vn 0.641845 -0.111125 -0.758740
vn 0.641845 -0.111125 -0.758740
vn 0.641845 -0.111125 -0.758740
vn 0.848695 -0.063949 -0.525003
vn 0.861630 -0.021059 -0.507101
vn 0.869272 0.017476 -0.494026
vn 0.848729 -0.020966 -0.528411
vn 0.876982 0.053315 -0.477556
vn 0.965235 -0.111102 0.236597
vn 0.965235 -0.111102 0.236597
vn 0.965235 -0.111102 0.236597
vn -0.067140 -0.907377 0.414921
vn -0.067140 -0.907377 0.414921
vn -0.067140 -0.907377 0.414921
vn 0.873614 -0.320876 -0.365839
vn 0.873614 -0.320876 -0.365839
vn 0.873614 -0.320876 -0.365839
vn -0.113441 -0.964286 0.239340
vn -0.113441 -0.964286 0.239340
vn -0.113441 -0.964286 0.239340
vn -0.232453 -0.964286 -0.126954
vn -0.232453 -0.964286 -0.126954
vn -0.232453 -0.964287 -0.126954
vn -0.030928 -0.792275 0.609380
vn -0.030928 -0.792275 0.609380
vn -0.030928 -0.792275 0.609380
vn -0.383208 -0.792271 -0.474824
vn -0.383208 -0.792271 -0.474824
vn -0.383208 -0.792271 -0.474824
vn 0.844423 0.533459 -0.048708
vn 0.844423 0.533459 -0.048708
vn 0.844423 0.533459 -0.048708
vn 0.878748 0.477213 -0.008328
vn 0.878748 0.477214 -0.008328
vn 0.878748 0.477214 -0.008328
vn 0.772151 0.631462 -0.070977
vn 0.772151 0.631462 -0.070977
vn 0.772151 0.631462 -0.070977
vn 0.725587 0.686805 0.042678
vn 0.725587 0.686805 0.042678
vn 0.725587 0.686805 0.042678
vn 0.637362 0.742215 -0.207091
vn 0.629322 0.749762 -0.204478
vn 0.637362 0.742215 -0.207091
vn 0.661440 0.718546 -0.214915
vn 0.715819 0.477217 -0.509772
vn 0.715819 0.477217 -0.509772
vn 0.715819 0.477217 -0.509772
vn 0.711785 0.533455 -0.456932
vn 0.711785 0.533455 -0.456932
vn 0.711785 0.533455 -0.456932
vn 0.598996 0.668956 -0.440116
vn 0.609162 0.632807 -0.477992
vn 0.600040 0.665586 -0.443787
vn 0.584743 0.709327 -0.393614
vn 0.725178 0.053315 -0.686494
vn 0.725178 0.053315 -0.686494
vn 0.725178 0.053315 -0.686494
vn 0.761058 -0.069360 -0.644965
vn 0.761058 -0.069360 -0.644965
vn 0.761058 -0.069360 -0.644965
vn 0.764808 -0.021061 -0.643914
vn 0.764808 -0.021061 -0.643915
vn 0.764808 -0.021061 -0.643914
vn 0.617909 -0.320894 -0.717785
vn 0.617909 -0.320894 -0.717785
vn 0.617909 -0.320894 -0.717785
vn -0.415361 -0.907377 -0.064362
vn -0.415361 -0.907377 -0.064362
vn -0.415361 -0.907377 -0.064362
vn 0.073303 -0.111120 -0.991100
vn 0.073303 -0.111120 -0.991100
vn 0.073303 -0.111120 -0.991100
vn 0.378027 -0.063946 -0.923584
vn 0.399012 -0.021051 -0.916704
vn 0.412880 0.017473 -0.910618
vn 0.376059 -0.021036 -0.926357
vn 0.428797 0.053315 -0.901827
vn 0.919951 -0.111161 -0.375942
vn 0.919951 -0.111161 -0.375942
vn 0.919951 -0.111161 -0.375942
vn 0.189575 -0.907373 0.375148
vn 0.189575 -0.907373 0.375148
vn 0.189575 -0.907373 0.375148
vn 0.491722 -0.320891 -0.809468
vn 0.491722 -0.320891 -0.809468
vn 0.491722 -0.320891 -0.809468
vn 0.048900 -0.964287 0.260305
vn 0.048900 -0.964287 0.260305
vn 0.048900 -0.964287 0.260305
vn -0.262679 -0.964287 0.033928
vn -0.262679 -0.964287 0.033928
vn -0.262679 -0.964287 0.033928
vn 0.333160 -0.792280 0.511172
vn 0.333160 -0.792280 0.511172
vn 0.333160 -0.792280 0.511172
vn -0.589112 -0.792275 -0.158895
vn -0.589112 -0.792275 -0.158895
vn -0.589112 -0.792275 -0.158895
vn 0.654515 0.533465 -0.535748
vn 0.654515 0.533465 -0.535748
vn 0.654515 0.533465 -0.535748
vn 0.706012 0.477231 -0.523257
vn 0.706012 0.477231 -0.523257
vn 0.706012 0.477231 -0.523257
vn 0.582967 0.631470 -0.511268
vn 0.582967 0.631470 -0.511268
vn 0.582967 0.631470 -0.511268
vn 0.612094 0.686800 -0.391978
vn 0.612094 0.686800 -0.391978
vn 0.612094 0.686800 -0.391978
vn 0.393919 0.742209 -0.542175
vn 0.388952 0.749753 -0.535339
vn 0.393919 0.742209 -0.542175
vn 0.408794 0.718551 -0.562647
vn 0.279482 0.477231 -0.833151
vn 0.279482 0.477231 -0.833151
vn 0.279482 0.477231 -0.833151
vn 0.307268 0.533459 -0.788040
vn 0.307268 0.533459 -0.788040
vn 0.307268 0.533460 -0.788040
vn 0.225915 0.668950 -0.708145
vn 0.211879 0.632806 -0.744758
vn 0.224602 0.665579 -0.711729
vn 0.241714 0.709315 -0.662154
vn 0.183182 0.053315 -0.981632
vn 0.183182 0.053315 -0.981632
vn 0.183182 0.053315 -0.981632
vn 0.236615 -0.069342 -0.969126
vn 0.236615 -0.069342 -0.969126
vn 0.236615 -0.069342 -0.969126
vn 0.240267 -0.020988 -0.970480
vn 0.240267 -0.020988 -0.970480
vn 0.240267 -0.020988 -0.970480
vn 0.077965 -0.320907 -0.943896
vn 0.077966 -0.320907 -0.943896
vn 0.077965 -0.320907 -0.943896
vn -0.373864 -0.907378 0.192071
vn -0.373864 -0.907378 0.192071
vn -0.373864 -0.907378 0.192071
vn -0.570005 -0.792270 0.217724
vn -0.570005 -0.792270 0.217724
vn -0.570005 -0.792270 0.217724
vn -0.523247 -0.111125 -0.844905
vn -0.523247 -0.111125 -0.844905
vn -0.523247 -0.111125 -0.844905
vn -0.237051 -0.063950 -0.969390
vn -0.216027 -0.021058 -0.976160
vn -0.201228 0.017475 -0.979389
vn -0.240267 -0.020988 -0.970480
vn -0.183181 0.053315 -0.981632
vn 0.523243 -0.111125 -0.844907
vn 0.523243 -0.111125 -0.844907
vn 0.523243 -0.111125 -0.844907
vn 0.373864 -0.907378 0.192072
vn 0.373864 -0.907378 0.192072
vn 0.373864 -0.907378 0.192072
vn -0.077966 -0.320907 -0.943896
vn -0.077966 -0.320907 -0.943896
vn -0.077966 -0.320907 -0.943896
vn 0.192568 -0.964287 0.181848
vn 0.192568 -0.964287 0.181848
vn 0.192568 -0.964287 0.181848
vn -0.192568 -0.964287 0.181849
vn -0.192568 -0.964287 0.181849
vn -0.192568 -0.964287 0.181849
vn 0.570002 -0.792271 0.217724
vn 0.570002 -0.792271 0.217724
vn 0.570002 -0.792271 0.217724
vn 0.214620 0.533455 -0.818147
vn 0.214620 0.533455 -0.818147
vn 0.214620 0.533455 -0.818147
vn 0.263612 0.477230 -0.838308
vn 0.263612 0.477230 -0.838308
vn 0.263612 0.477230 -0.838308
vn 0.171125 0.631469 -0.756282
vn 0.171125 0.631469 -0.756282
vn 0.171125 0.631469 -0.756282
vn 0.264796 0.686793 -0.676904
vn 0.264796 0.686793 -0.676904
vn 0.264796 0.686793 -0.676904
vn 0.000000 0.742208 -0.670169
vn 0.000000 0.749748 -0.661724
vn 0.000000 0.742208 -0.670169
vn 0.000000 0.718563 -0.695462
vn -0.263612 0.477230 -0.838308
vn -0.263612 0.477230 -0.838308
vn -0.263612 0.477230 -0.838308
vn -0.214618 0.533455 -0.818147
vn -0.214618 0.533455 -0.818147
vn -0.214618 0.533455 -0.818147
vn -0.233473 0.668948 -0.705691
vn -0.266347 0.632806 -0.727059
vn -0.236642 0.665578 -0.707818
vn -0.193660 0.709310 -0.677772
vn -0.428797 0.053315 -0.901826
vn -0.428797 0.053315 -0.901826
vn -0.428797 0.053315 -0.901826
vn -0.378223 -0.069331 -0.923114
vn -0.378223 -0.069331 -0.923114
vn -0.378223 -0.069331 -0.923114
vn -0.376061 -0.021036 -0.926356
vn -0.376061 -0.021036 -0.926356
vn -0.376061 -0.021036 -0.926356
vn -0.491723 -0.320891 -0.809467
vn -0.491723 -0.320891 -0.809467
vn -0.491723 -0.320891 -0.809467
vn -0.189575 -0.907373 0.375147
vn -0.189575 -0.907373 0.375147
vn -0.189575 -0.907373 0.375147
vn -0.919951 -0.111161 -0.375942
vn -0.919951 -0.111161 -0.375942
vn -0.919951 -0.111161 -0.375942
vn -0.761567 -0.063974 -0.644921
vn -0.748537 -0.021067 -0.662758
vn -0.738461 0.017464 -0.674070
vn -0.764808 -0.021061 -0.643915
vn -0.725178 0.053314 -0.686494
vn -0.073302 -0.111120 -0.991100
vn -0.073302 -0.111120 -0.991100
vn -0.073302 -0.111120 -0.991100
vn 0.415361 -0.907377 -0.064363
vn 0.415361 -0.907377 -0.064363
vn 0.415361 -0.907377 -0.064363
vn -0.617909 -0.320894 -0.717785
vn -0.617909 -0.320894 -0.717785
vn -0.617909 -0.320894 -0.717785
vn 0.262679 -0.964287 0.033928
vn 0.262679 -0.964287 0.033928
vn 0.262679 -0.964287 0.033928
vn -0.048900 -0.964287 0.260305
vn -0.048900 -0.964287 0.260305
vn -0.048900 -0.964287 0.260305
vn 0.589110 -0.792277 -0.158892
vn 0.589110 -0.792277 -0.158892
vn 0.589110 -0.792277 -0.158893
vn -0.333160 -0.792281 0.511171
vn -0.333160 -0.792281 0.511171
vn -0.333160 -0.792280 0.511171
vn -0.307268 0.533457 -0.788042
vn -0.307268 0.533457 -0.788042
vn -0.307268 0.533457 -0.788042
vn -0.279482 0.477231 -0.833151
vn -0.279482 0.477231 -0.833151
vn -0.279482 0.477231 -0.833151
vn -0.306102 0.631469 -0.712424
vn -0.306102 0.631469 -0.712424
vn -0.306102 0.631469 -0.712424
vn -0.183649 0.686797 -0.703266
vn -0.183649 0.686797 -0.703265
vn -0.183649 0.686797 -0.703266
vn -0.393916 0.742209 -0.542177
vn -0.388949 0.749753 -0.535341
vn -0.393916 0.742209 -0.542177
vn -0.408792 0.718550 -0.562650
vn -0.706012 0.477231 -0.523257
vn -0.706012 0.477231 -0.523257
vn -0.706012 0.477231 -0.523257
vn -0.654514 0.533466 -0.535749
vn -0.654514 0.533466 -0.535749
vn -0.654514 0.533466 -0.535749
vn -0.604874 0.670541 -0.429538
vn -0.639760 0.638656 -0.427582
vn -0.607998 0.667796 -0.429404
vn -0.560520 0.707378 -0.430621
vn -0.876982 0.053315 -0.477556
vn -0.876982 0.053315 -0.477556
vn -0.876982 0.053315 -0.477556
vn -0.848578 -0.069343 -0.524507
vn -0.848578 -0.069343 -0.524507
vn -0.848578 -0.069343 -0.524507
vn -0.848730 -0.020966 -0.528411
vn -0.848730 -0.020966 -0.528411
vn -0.848729 -0.020966 -0.528411
vn -0.873614 -0.320876 -0.365838
vn -0.873614 -0.320876 -0.365838
vn -0.873614 -0.320876 -0.365838
vn 0.067140 -0.907377 0.414920
vn 0.067140 -0.907377 0.414920
vn 0.067140 -0.907377 0.414920
vn -0.965236 -0.111102 0.236594
vn -0.965236 -0.111102 0.236594
vn -0.965236 -0.111102 0.236594
vn -0.995198 -0.063922 -0.074129
vn -0.995139 -0.021036 -0.096209
vn -0.993636 0.017482 -0.111277
vn -0.997226 -0.021008 -0.071407
vn -0.990194 0.053316 -0.129127
vn -0.641843 -0.111125 -0.758742
vn -0.641843 -0.111125 -0.758742
vn -0.641843 -0.111125 -0.758742
vn 0.298200 -0.907382 -0.296202
vn 0.298200 -0.907382 -0.296202
vn 0.298200 -0.907382 -0.296202
vn -0.921804 -0.320874 -0.217526
vn -0.921804 -0.320874 -0.217526
vn -0.921804 -0.320874 -0.217526
vn 0.232453 -0.964286 -0.126954
vn 0.232453 -0.964287 -0.126954
vn 0.232453 -0.964287 -0.126954
vn 0.113441 -0.964286 0.239340
vn 0.113441 -0.964286 0.239340
vn 0.113441 -0.964286 0.239340
vn 0.383208 -0.792271 -0.474824
vn 0.383208 -0.792271 -0.474824
vn 0.383208 -0.792271 -0.474824
vn 0.030928 -0.792276 0.609379
vn 0.030928 -0.792276 0.609379
vn 0.030928 -0.792276 0.609379
vn -0.711785 0.533454 -0.456934
vn -0.711785 0.533454 -0.456934
vn -0.711785 0.533454 -0.456934
vn -0.715819 0.477217 -0.509772
vn -0.715819 0.477217 -0.509772
vn -0.715819 0.477217 -0.509772
vn -0.655975 0.637830 -0.403571
vn -0.655975 0.637830 -0.403571
vn -0.655975 0.637830 -0.403571
vn -0.561930 0.686805 -0.461014
vn -0.561930 0.686805 -0.461014
vn -0.561930 0.686805 -0.461014
vn -0.637363 0.742215 -0.207091
vn -0.629322 0.749762 -0.204478
vn -0.637363 0.742215 -0.207091
vn -0.661444 0.718543 -0.214917
vn -0.878748 0.477214 -0.008328
vn -0.878748 0.477213 -0.008328
vn -0.878748 0.477214 -0.008328
vn -0.844422 0.533460 -0.048711
vn -0.844422 0.533460 -0.048711
vn -0.844422 0.533460 -0.048711
vn -0.743293 0.668954 0.003980
vn -0.773786 0.632799 0.028652
vn -0.746297 0.665583 0.006337
vn -0.704425 0.709329 -0.025267
vn -0.990194 0.053315 0.129127
vn -0.990194 0.053315 0.129127
vn -0.990194 0.053315 0.129127
vn -0.994813 -0.069307 0.074462
vn -0.994812 -0.069307 0.074462
vn -0.994813 -0.069307 0.074462
vn -0.997226 -0.021008 0.071407
vn -0.997226 -0.021008 0.071407
vn -0.997226 -0.021008 0.071407
vn -0.921804 -0.320874 0.217525
vn -0.921804 -0.320874 0.217525
vn -0.921804 -0.320874 0.217525
vn 0.298200 -0.907382 0.296201
vn 0.298200 -0.907382 0.296201
vn 0.298200 -0.907382 0.296201
vn 0.383208 -0.792271 0.474824
vn 0.383208 -0.792271 0.474824
vn 0.383208 -0.792271 0.474824
vn -0.641845 -0.111125 0.758740
vn -0.641845 -0.111125 0.758740
vn -0.641845 -0.111125 0.758740
vn -0.848695 -0.063949 0.525003
vn -0.861630 -0.021059 0.507101
vn -0.869272 0.017476 0.494026
vn -0.848729 -0.020966 0.528411
vn -0.876982 0.053315 0.477556
vn -0.965235 -0.111101 -0.236596
vn -0.965235 -0.111101 -0.236596
vn -0.965235 -0.111101 -0.236596
vn 0.067140 -0.907377 -0.414921
vn 0.067140 -0.907377 -0.414921
vn 0.067140 -0.907377 -0.414921
vn -0.873614 -0.320876 0.365839
vn -0.873614 -0.320876 0.365839
vn -0.873614 -0.320876 0.365839
vn 0.113441 -0.964286 -0.239340
vn 0.113441 -0.964286 -0.239340
vn 0.113441 -0.964286 -0.239340
vn 0.232453 -0.964286 0.126954
vn 0.232453 -0.964286 0.126954
vn 0.232453 -0.964287 0.126954
vn 0.030928 -0.792275 -0.609380
vn 0.030928 -0.792275 -0.609380
vn 0.030928 -0.792275 -0.609380
vn -0.844422 0.533459 0.048708
vn -0.844422 0.533459 0.048708
vn -0.844422 0.533459 0.048708
vn -0.878748 0.477213 0.008328
vn -0.878748 0.477214 0.008328
vn -0.878748 0.477214 0.008328
vn -0.772152 0.631462 0.070977
vn -0.772151 0.631462 0.070977
vn -0.772151 0.631462 0.070977
vn -0.725587 0.686805 -0.042678
vn -0.725587 0.686805 -0.042678
vn -0.725587 0.686805 -0.042678
vn -0.637363 0.742215 0.207091
vn -0.629322 0.749762 0.204478
vn -0.637363 0.742215 0.207091
vn -0.661444 0.718543 0.214917
vn -0.715819 0.477217 0.509772
vn -0.715819 0.477217 0.509772
vn -0.715819 0.477217 0.509772
vn -0.711785 0.533455 0.456932
vn -0.711785 0.533455 0.456932
vn -0.711785 0.533455 0.456932
vn -0.598996 0.668956 0.440116
vn -0.609162 0.632807 0.477992
vn -0.600040 0.665586 0.443787
vn -0.584743 0.709327 0.393614
vn -0.725178 0.053315 0.686494
vn -0.725178 0.053315 0.686494
vn -0.725178 0.053315 0.686494
vn -0.761058 -0.069360 0.644965
vn -0.761058 -0.069360 0.644965
vn -0.761058 -0.069360 0.644965
vn -0.764808 -0.021061 0.643914
vn -0.764808 -0.021061 0.643915
vn -0.764808 -0.021061 0.643914
vn -0.617909 -0.320894 0.717785
vn -0.617909 -0.320894 0.717785
vn -0.617909 -0.320894 0.717785
vn 0.415361 -0.907377 0.064362
vn 0.415361 -0.907377 0.064362
vn 0.415361 -0.907377 0.064362
vn 0.589110 -0.792277 0.158893
vn 0.589110 -0.792277 0.158893
vn 0.589110 -0.792277 0.158893
vn -0.073303 -0.111121 0.991100
vn -0.073303 -0.111121 0.991100
vn -0.073303 -0.111121 0.991100
vn -0.378027 -0.063946 0.923584
vn -0.399012 -0.021051 0.916704
vn -0.412880 0.017473 0.910618
vn -0.376059 -0.021036 0.926357
vn -0.428797 0.053315 0.901827
vn -0.919951 -0.111161 0.375942
vn -0.919951 -0.111161 0.375942
vn -0.919951 -0.111161 0.375942
vn -0.189575 -0.907373 -0.375148
vn -0.189575 -0.907373 -0.375148
vn -0.189575 -0.907373 -0.375148
vn -0.491722 -0.320891 0.809468
vn -0.491722 -0.320891 0.809468
vn -0.491722 -0.320891 0.809468
vn -0.048900 -0.964287 -0.260305
vn -0.048900 -0.964287 -0.260305
vn -0.048900 -0.964287 -0.260305
vn 0.262679 -0.964287 -0.033928
vn 0.262679 -0.964287 -0.033928
vn 0.262679 -0.964287 -0.033928
vn -0.333160 -0.792280 -0.511172
vn -0.333160 -0.792280 -0.511172
vn -0.333160 -0.792280 -0.511172
vn -0.654515 0.533465 0.535748
vn -0.654515 0.533465 0.535748
vn -0.654515 0.533465 0.535748
vn -0.706012 0.477231 0.523257
vn -0.706012 0.477231 0.523257
vn -0.706012 0.477231 0.523257
vn -0.582967 0.631470 0.511268
vn -0.582967 0.631470 0.511268
vn -0.582967 0.631470 0.511268
vn -0.612094 0.686800 0.391978
vn -0.612094 0.686800 0.391978
vn -0.612094 0.686800 0.391978
vn -0.393919 0.742209 0.542175
vn -0.388952 0.749753 0.535339
vn -0.393919 0.742209 0.542175
vn -0.408794 0.718551 0.562647
vn -0.279482 0.477231 0.833151
vn -0.279482 0.477231 0.833151
vn -0.279482 0.477231 0.833151
vn -0.307268 0.533459 0.788040
vn -0.307268 0.533459 0.788040
vn -0.307268 0.533460 0.788040
vn -0.225915 0.668949 0.708145
vn -0.211879 0.632804 0.744760
vn -0.224602 0.665579 0.711730
vn -0.241715 0.709316 0.662152
vn -0.904826 0.358678 -0.229436
vn -0.904826 0.358678 -0.229436
vn -0.904826 0.358678 -0.229436
vn -0.497840 0.358689 -0.789618
vn -0.497840 0.358689 -0.789618
vn -0.497840 0.358689 -0.789618
vn -0.866881 0.358682 0.346215
vn -0.866881 0.358682 0.346215
vn -0.866881 0.358682 0.346215
vn -0.866883 0.358683 -0.346208
vn -0.866883 0.358683 -0.346208
vn -0.866883 0.358683 -0.346208
vn -0.497837 0.358688 0.789621
vn -0.497837 0.358688 0.789621
vn -0.497837 0.358688 0.789621
vn -0.904825 0.358678 0.229438
vn -0.904825 0.358678 0.229438
vn -0.904825 0.358678 0.229438
vn 0.061354 0.358694 0.931437
vn 0.061354 0.358694 0.931437
vn 0.061354 0.358694 0.931437
vn -0.597120 0.358697 0.717485
vn -0.597120 0.358697 0.717485
vn -0.597120 0.358697 0.717485
vn 0.597117 0.358698 0.717486
vn 0.597117 0.358698 0.717486
vn 0.597117 0.358698 0.717486
vn -0.061353 0.358697 0.931436
vn -0.061353 0.358697 0.931436
vn -0.061353 0.358697 0.931436
vn 0.904826 0.358678 0.229436
vn 0.904826 0.358678 0.229436
vn 0.904826 0.358678 0.229436
vn 0.497840 0.358689 0.789618
vn 0.497840 0.358689 0.789618
vn 0.497840 0.358689 0.789618
vn 0.866881 0.358682 -0.346215
vn 0.866881 0.358682 -0.346215
vn 0.866881 0.358682 -0.346215
vn 0.866883 0.358682 0.346210
vn 0.866883 0.358682 0.346210
vn 0.866883 0.358682 0.346210
vn 0.497837 0.358688 -0.789621
vn 0.497837 0.358688 -0.789621
vn 0.497837 0.358688 -0.789621
vn 0.904825 0.358678 -0.229438
vn 0.904825 0.358678 -0.229438
vn 0.904825 0.358678 -0.229438
vn -0.061354 0.358694 -0.931437
vn -0.061354 0.358694 -0.931437
vn -0.061354 0.358694 -0.931437
vn 0.597117 0.358699 -0.717486
vn 0.597118 0.358699 -0.717486
vn 0.597117 0.358699 -0.717486
vn -0.597120 0.358696 -0.717485
vn -0.597120 0.358696 -0.717485
vn -0.597120 0.358696 -0.717485
vn 0.061352 0.358697 -0.931436
vn 0.061352 0.358697 -0.931436
vn 0.061352 0.358697 -0.931436
vn 0.176904 0.497191 -0.849415
vn 0.041079 0.461169 -0.886361
vn 0.193868 0.171493 -0.965922
vn 0.401439 0.181720 -0.897677
vn 0.336201 0.537098 -0.773624
vn 0.170460 0.021212 -0.985136
vn 0.317105 0.003628 -0.948384
vn 0.376322 0.010307 -0.926432
vn -0.000749 0.011734 -0.999931
vn 0.049727 0.009902 -0.998714
vn 0.087477 0.087573 -0.992310
vn -0.359345 0.487638 -0.795663
vn -0.424936 0.079861 -0.901694
vn -0.642553 0.469701 -0.605398
vn -0.714523 0.025939 -0.699131
vn -0.735488 0.464149 -0.493581
vn -0.824105 0.106496 -0.556337
vn -0.871662 0.483566 0.079810
vn -0.983187 0.147970 0.107000
vn -0.824681 0.446120 0.347676
vn -0.920840 0.118390 0.371535
vn -0.559526 0.490391 0.668166
vn -0.639035 0.132773 0.757631
vn -0.350359 0.448413 0.822298
vn -0.382646 0.119331 0.916156
vn -0.014729 0.503277 0.864000
vn -0.030444 0.181387 0.982940
vn 0.356070 0.475794 0.804260
vn 0.404895 0.133908 0.904505
vn 0.657592 0.524013 0.541279
vn 0.755393 0.148764 0.638162
vn 0.802528 0.462487 0.376901
vn 0.911827 0.084705 0.401741
vn 0.831768 0.554372 -0.028892
vn 0.985936 0.167073 -0.004147
vn 0.824805 0.473785 -0.308585
vn 0.923897 0.110184 -0.366435
vn 0.873456 0.474391 -0.109673
vn 0.981931 0.124711 -0.142332
vn 0.982931 0.016173 -0.183263
vn 0.948373 0.002418 -0.317148
vn 0.999892 0.014708 -0.000488
vn 0.932156 0.015304 0.361733
vn 0.734568 0.023381 0.678132
vn 0.365910 0.014354 0.930539
vn -0.004223 0.018151 0.999826
vn -0.331611 0.015205 0.943294
vn -0.693464 0.045305 0.719066
vn -0.941199 0.043734 0.335009
vn -0.998115 0.057291 0.021992
vn -0.915172 0.060307 -0.398527
vn -0.706022 0.050243 -0.706405
vn -0.372520 0.055327 -0.926374
vn -0.707744 0.013622 -0.706337
vn -0.999901 0.014037 0.001186
vn -0.705301 0.014470 0.708761
vn 0.001048 0.013141 0.999913
vn 0.708576 0.010323 0.705559
vn 0.999969 0.007850 -0.000621
vn 0.926497 0.009576 -0.376181
vn 0.999994 0.003458 -0.000357
vn 0.707355 0.003458 0.706850
vn 0.000357 0.003458 0.999994
vn -0.706850 0.003458 0.707355
vn -0.999994 0.003458 0.000357
vn -0.707355 0.003458 -0.706850
vn -0.000357 0.003458 -0.999994
vn 0.382679 0.003204 -0.923876
vn 0.382681 0.000000 -0.923881
vn 0.000000 0.000000 -1.000000
vn -0.707107 0.000000 -0.707107
vn -1.000000 0.000000 0.000000
vn -0.707107 0.000000 0.707107
vn -0.000000 0.000000 1.000000
vn 0.707107 0.000000 0.707107
vn 1.000000 0.000000 -0.000000
vn 0.923876 0.003184 -0.382679
vn 0.923881 0.000000 -0.382681
s off
g polySurface2
f 36/1/1 38/2/2 1/3/3
f 38/2/4 40/4/5 1/3/6
f 1/3/7 57/5/8 58/6/9
f 57/5/10 55/7/11 58/6/12
f 33/8/13 35/9/14 2/10/15
f 35/9/16 37/11/17 2/10/18
f 2/10/19 78/12/20 79/13/21
f 78/12/22 76/14/23 79/13/24
f 30/15/25 32/16/26 3/17/27
f 32/16/28 34/18/29 3/17/30
f 3/17/31 98/19/32 99/20/33
f 98/19/34 96/21/35 99/20/36
f 6/22/37 29/23/38 4/24/39
f 29/23/40 31/25/41 4/24/42
f 4/24/43 118/26/44 119/27/45
f 118/26/46 116/28/47 119/27/48
s 1
f 5/29/49 6/22/50 7/30/51
f 6/22/50 4/24/52 7/30/51
s off
f 124/31/53 123/32/54 4/24/55
f 123/32/56 7/30/57 4/24/58
s 2
f 8/33/59 5/29/60 9/34/61
f 5/29/60 7/30/62 9/34/61
s 3
f 10/35/63 8/33/64 11/36/65
f 8/33/64 9/34/66 11/36/65
s off
f 144/37/67 143/38/68 9/34/69
f 143/38/70 11/36/71 9/34/72
s 4
f 12/39/73 10/35/74 13/40/75
f 10/35/74 11/36/76 13/40/75
s 5
f 14/41/77 15/42/78 16/43/79
f 15/42/78 17/44/80 16/43/79
s 6
f 18/45/81 19/46/82 20/47/83
f 19/46/82 26/48/84 20/47/83
s off
f 204/49/85 203/50/86 26/48/87
f 203/50/88 20/47/89 26/48/90
f 39/51/91 22/52/92 21/53/93
f 22/52/94 24/54/95 21/53/96
f 21/53/97 238/55/98 60/56/99
f 238/55/100 236/57/101 60/56/102
s 7
f 22/52/103 23/58/104 24/54/105
f 23/58/104 25/59/106 24/54/105
s off
f 224/60/107 223/61/108 25/59/109
f 223/61/110 24/54/111 25/59/112
s 8
f 20/47/113 25/59/114 18/45/115
f 25/59/114 23/58/116 18/45/115
s 9
f 16/43/117 26/48/118 14/41/119
f 26/48/118 19/46/120 14/41/119
s 10
f 27/62/121 12/39/122 28/63/123
f 12/39/122 13/40/124 28/63/123
s 11
f 28/63/125 17/44/126 27/62/127
f 17/44/126 15/42/128 27/62/127
s 12
f 29/23/129 30/15/130 31/25/131
f 30/15/130 3/17/132 31/25/131
s off
f 104/64/133 103/65/134 3/17/135
f 103/65/136 31/25/137 3/17/138
s 13
f 32/16/139 33/8/140 34/18/141
f 33/8/140 2/10/142 34/18/141
s off
f 84/66/143 83/67/144 2/10/145
f 83/67/146 34/18/147 2/10/148
s 14
f 35/9/149 36/1/150 37/11/151
f 36/1/150 1/3/152 37/11/151
s off
f 64/68/153 63/69/154 1/3/155
f 63/69/156 37/11/157 1/3/158
s 15
f 38/70/159 39/51/160 40/71/161
f 39/51/160 21/53/162 40/71/161
s off
f 42/72/163 41/73/164 21/53/165
f 41/73/166 40/71/167 21/53/168
f 41/73/169 42/72/170 43/74/171
f 54/75/172 46/76/173 43/74/174
s 16
f 43/74/175 42/72/176 44/77/177
f 44/77/177 54/75/178 43/74/175
s off
f 59/78/179 46/76/180 54/75/181
f 45/79/182 46/80/183 47/81/184
f 48/82/185 49/83/186 50/84/187
f 50/84/188 49/83/189 51/85/190
f 49/83/191 52/86/192 51/85/193
f 48/82/194 53/87/195 49/83/196
f 52/88/197 55/7/198 56/89/199
s 17
f 55/7/200 57/5/201 43/90/202
f 43/90/202 62/91/203 55/7/200
s off
f 45/79/204 62/91/205 46/80/206
f 43/90/207 57/5/208 41/92/209
f 46/80/210 62/91/211 43/90/212
f 47/93/213 46/76/214 59/78/215
f 60/56/216 44/77/217 42/72/218
f 42/72/219 21/53/220 60/56/221
f 61/94/222 44/77/223 53/95/224
f 48/96/225 61/94/226 53/95/227
f 48/96/228 59/78/229 61/94/230
f 50/97/231 47/93/232 59/78/233
f 50/98/234 45/79/235 47/81/236
f 51/99/237 56/89/238 45/79/239
f 52/88/240 56/89/241 51/99/242
f 60/56/243 53/95/244 44/77/245
f 58/6/246 55/7/247 52/88/248
s 18
f 59/78/249 54/75/250 61/94/251
f 54/75/250 44/77/252 61/94/251
s off
f 50/97/253 59/78/254 48/96/255
f 51/99/256 45/79/257 50/98/258
s 19
f 56/89/259 55/7/260 45/79/261
f 55/7/260 62/91/262 45/79/261
s 20
f 40/4/263 41/92/264 1/3/265
f 41/92/264 57/5/266 1/3/265
s off
f 52/86/267 49/83/268 58/100/269
f 60/101/270 49/83/271 53/87/272
f 63/69/273 64/68/274 65/102/275
f 75/103/276 68/104/277 65/102/278
s 21
f 65/102/279 64/68/280 66/105/281
f 66/105/281 75/103/282 65/102/279
s off
f 80/106/283 68/104/284 75/103/285
f 67/107/286 68/104/287 69/108/288
f 70/109/289 49/83/290 71/110/291
f 71/110/292 49/83/293 72/111/294
f 49/83/295 73/112/296 72/111/297
f 70/109/298 74/113/299 49/83/300
f 73/114/301 76/14/302 77/115/303
s 22
f 76/14/304 78/12/305 65/102/306
f 65/102/306 82/116/307 76/14/304
s off
f 67/107/308 82/116/309 68/104/310
f 65/102/311 78/12/312 63/69/313
f 68/104/314 82/116/315 65/102/316
f 69/108/317 68/104/318 80/106/319
f 58/6/320 66/105/321 64/68/322
f 64/68/323 1/3/324 58/6/325
f 81/117/326 66/105/327 74/118/328
f 70/119/329 81/117/330 74/118/331
f 70/119/332 80/106/333 81/117/334
f 71/120/335 69/108/336 80/106/337
f 71/120/338 67/107/339 69/108/340
f 72/121/341 77/115/342 67/107/343
f 73/114/344 77/115/345 72/121/346
f 58/6/347 74/118/348 66/105/349
f 79/13/350 76/14/351 73/114/352
s 23
f 80/106/353 75/103/354 81/117/355
f 75/103/354 66/105/356 81/117/355
s off
f 71/120/357 80/106/358 70/119/359
f 72/121/360 67/107/361 71/120/362
s 24
f 77/115/363 76/14/364 67/107/365
f 76/14/364 82/116/366 67/107/365
s 25
f 37/11/367 63/69/368 2/10/369
f 63/69/368 78/12/370 2/10/369
s off
f 73/112/371 49/83/372 79/122/373
f 58/100/374 49/83/375 74/113/376
f 83/67/377 84/66/378 85/123/379
f 95/124/380 88/125/381 85/123/382
s 26
f 85/123/383 84/66/384 86/126/385
f 86/126/385 95/124/386 85/123/383
s off
f 100/127/387 88/125/388 95/124/389
f 87/128/390 88/125/391 89/129/392
f 90/130/393 49/83/394 91/131/395
f 91/131/396 49/83/397 92/132/398
f 49/83/399 93/133/400 92/132/401
f 90/130/402 94/134/403 49/83/404
f 93/135/405 96/21/406 97/136/407
s 27
f 96/21/408 98/19/409 85/123/410
f 85/123/410 102/137/411 96/21/408
s off
f 87/128/412 102/137/413 88/125/414
f 85/123/415 98/19/416 83/67/417
f 88/125/418 102/137/419 85/123/420
f 89/129/421 88/125/422 100/127/423
f 79/13/424 86/126/425 84/66/426
f 84/66/427 2/10/428 79/13/429
f 101/138/430 86/126/431 94/139/432
f 90/140/433 101/138/434 94/139/435
f 90/140/436 100/127/437 101/138/438
f 91/141/439 89/129/440 100/127/441
f 91/141/442 87/128/443 89/129/444
f 92/142/445 97/136/446 87/128/447
f 93/135/448 97/136/449 92/142/450
f 79/13/451 94/139/452 86/126/453
f 99/20/454 96/21/455 93/135/456
s 28
f 100/127/457 95/124/458 101/138/459
f 95/124/458 86/126/460 101/138/459
s off
f 91/141/461 100/127/462 90/140/463
f 92/142/464 87/128/465 91/141/466
s 29
f 97/136/467 96/21/468 87/128/469
f 96/21/468 102/137/470 87/128/469
s 30
f 34/18/471 83/67/472 3/17/473
f 83/67/472 98/19/474 3/17/473
s off
f 93/133/475 49/83/476 99/143/477
f 79/122/478 49/83/479 94/134/480
f 103/65/481 104/64/482 105/144/483
f 115/145/484 108/146/485 105/144/486
s 31
f 105/144/487 104/64/488 106/147/489
f 106/147/489 115/145/490 105/144/487
s off
f 120/148/491 108/146/492 115/145/493
f 107/149/494 108/146/495 109/150/496
f 110/151/497 49/83/498 111/152/499
f 111/152/500 49/83/501 112/153/502
f 49/83/503 113/154/504 112/153/505
f 110/151/506 114/155/507 49/83/508
f 113/156/509 116/28/510 117/157/511
s 32
f 116/28/512 118/26/513 105/144/514
f 105/144/514 122/158/515 116/28/512
s off
f 107/149/516 122/158/517 108/146/518
f 105/144/519 118/26/520 103/65/521
f 108/146/522 122/158/523 105/144/524
f 109/150/525 108/146/526 120/148/527
f 99/20/528 106/147/529 104/64/530
f 104/64/531 3/17/532 99/20/533
f 121/159/534 106/147/535 114/160/536
f 110/161/537 121/159/538 114/160/539
f 110/161/540 120/148/541 121/159/542
f 111/162/543 109/150/544 120/148/545
f 111/162/546 107/149/547 109/150/548
f 112/163/549 117/157/550 107/149/551
f 113/156/552 117/157/553 112/163/554
f 99/20/555 114/160/556 106/147/557
f 119/27/558 116/28/559 113/156/560
s 33
f 120/148/561 115/145/562 121/159/563
f 115/145/562 106/147/564 121/159/563
s off
f 111/162/565 120/148/566 110/161/567
f 112/163/568 107/149/569 111/162/570
s 34
f 117/157/571 116/28/572 107/149/573
f 116/28/572 122/158/574 107/149/573
s 35
f 31/25/575 103/65/576 4/24/577
f 103/65/576 118/26/578 4/24/577
s off
f 113/154/579 49/83/580 119/164/581
f 99/143/582 49/83/583 114/155/584
f 123/32/585 124/31/586 125/165/587
f 135/166/588 128/167/589 125/165/590
s 36
f 125/165/591 124/31/592 126/168/593
f 126/168/593 135/166/594 125/165/591
s off
f 140/169/595 128/167/596 135/166/597
f 127/170/598 128/167/599 129/171/600
f 130/172/601 49/83/602 131/173/603
f 131/173/604 49/83/605 132/174/606
f 49/83/607 133/175/608 132/174/609
f 130/172/610 134/176/611 49/83/612
f 133/177/613 136/178/614 137/179/615
f 138/180/616 136/178/617 139/181/618
f 9/34/619 138/180/620 139/181/621
s 37
f 136/178/622 138/180/623 125/165/624
f 125/165/624 142/182/625 136/178/622
s off
f 127/170/626 142/182/627 128/167/628
f 125/165/629 138/180/630 123/32/631
f 128/167/632 142/182/633 125/165/634
f 129/171/635 128/167/636 140/169/637
f 119/27/638 126/168/639 124/31/640
f 124/31/641 4/24/642 119/27/643
f 141/183/644 126/168/645 134/184/646
f 130/185/647 141/183/648 134/184/649
f 130/185/650 140/169/651 141/183/652
f 131/186/653 129/171/654 140/169/655
f 131/186/656 127/170/657 129/171/658
f 132/187/659 137/179/660 127/170/661
f 133/177/662 137/179/663 132/187/664
f 119/27/665 134/184/666 126/168/667
f 139/181/668 136/178/669 133/177/670
s 38
f 140/169/671 135/166/672 141/183/673
f 135/166/672 126/168/674 141/183/673
s off
f 131/186/675 140/169/676 130/185/677
f 132/187/678 127/170/679 131/186/680
s 39
f 137/179/681 136/178/682 127/170/683
f 136/178/682 142/182/684 127/170/683
s 40
f 7/30/685 123/32/686 9/34/687
f 123/32/686 138/180/688 9/34/687
s off
f 133/175/689 49/83/690 139/188/691
f 119/164/692 49/83/693 134/176/694
f 143/38/695 144/37/696 145/189/697
f 155/190/698 148/191/699 145/189/700
s 41
f 145/189/701 144/37/702 146/192/703
f 146/192/703 155/190/704 145/189/701
s off
f 147/193/705 148/191/706 149/194/707
f 150/195/708 49/83/709 151/196/710
f 151/196/711 49/83/712 152/197/713
f 49/83/714 153/198/715 152/197/716
f 150/195/717 154/199/718 49/83/719
f 153/200/720 156/201/721 157/202/722
f 158/203/723 156/201/724 159/204/725
f 13/40/726 158/203/727 159/204/728
s 42
f 156/201/729 158/203/730 145/189/731
f 145/189/731 162/205/732 156/201/729
s off
f 147/193/733 162/205/734 148/191/735
f 145/189/736 158/203/737 143/38/738
f 148/191/739 162/205/740 145/189/741
f 149/194/742 148/191/743 160/206/744
f 139/181/745 146/192/746 144/37/747
f 144/37/748 9/34/749 139/181/750
f 161/207/751 146/192/752 154/208/753
f 150/209/754 161/207/755 154/208/756
f 150/209/757 160/206/758 161/207/759
f 151/210/760 149/194/761 160/206/762
f 151/210/763 147/193/764 149/194/765
f 152/211/766 157/202/767 147/193/768
f 153/200/769 157/202/770 152/211/771
f 160/206/772 148/191/773 155/190/774
f 139/181/775 154/208/776 146/192/777
f 159/204/778 156/201/779 153/200/780
s 43
f 160/206/781 155/190/782 161/207/783
f 155/190/782 146/192/784 161/207/783
s off
f 151/210/785 160/206/786 150/209/787
f 152/211/788 147/193/789 151/210/790
s 44
f 157/202/791 156/201/792 147/193/793
f 156/201/792 162/205/794 147/193/793
s off
f 11/36/795 143/38/796 13/40/797
f 143/38/798 158/203/799 13/40/800
f 164/212/801 163/213/802 13/40/803
f 163/213/804 28/63/805 13/40/806
f 153/198/807 49/83/808 159/214/809
f 139/188/810 49/83/811 154/199/812
f 163/213/813 164/212/814 165/215/815
f 175/216/816 168/217/817 165/215/818
s 45
f 165/215/819 164/212/820 166/218/821
f 166/218/821 175/216/822 165/215/819
s off
f 180/219/823 168/217/824 175/216/825
f 167/220/826 168/217/827 169/221/828
f 170/222/829 49/83/830 171/223/831
f 171/223/832 49/83/833 172/224/834
f 49/83/835 173/225/836 172/224/837
f 170/222/838 174/226/839 49/83/840
f 173/227/841 176/228/842 177/229/843
f 178/230/844 176/228/845 179/231/846
f 17/44/847 178/230/848 179/231/849
s 46
f 176/228/850 178/230/851 165/215/852
f 165/215/852 182/232/853 176/228/850
s off
f 167/220/854 182/232/855 168/217/856
f 165/215/857 178/230/858 163/213/859
f 168/217/860 182/232/861 165/215/862
f 169/221/863 168/217/864 180/219/865
f 159/204/866 166/218/867 164/212/868
f 181/233/869 166/218/870 174/234/871
f 170/235/872 181/233/873 174/234/874
f 170/235/875 180/219/876 181/233/877
f 171/236/878 169/221/879 180/219/880
f 171/236/881 167/220/882 169/221/883
f 172/237/884 177/229/885 167/220/886
f 173/227/887 177/229/888 172/237/889
f 159/204/890 174/234/891 166/218/892
f 179/231/893 176/228/894 173/227/895
s 47
f 180/219/896 175/216/897 181/233/898
f 175/216/897 166/218/899 181/233/898
s off
f 171/236/900 180/219/901 170/235/902
f 172/237/903 167/220/904 171/236/905
s 48
f 177/229/906 176/228/907 167/220/908
f 176/228/907 182/232/909 167/220/908
s off
f 28/63/910 163/213/911 17/44/912
f 163/213/913 178/230/914 17/44/915
f 184/238/916 183/239/917 17/44/918
f 183/239/919 16/43/920 17/44/921
f 173/225/922 49/83/923 179/240/924
f 159/214/925 49/83/926 174/226/927
f 183/239/928 184/238/929 185/241/930
f 195/242/931 188/243/932 185/241/933
s 49
f 185/241/934 184/238/935 186/244/936
f 186/244/936 195/242/937 185/241/934
s off
f 200/245/938 188/243/939 195/242/940
f 187/246/941 188/243/942 189/247/943
f 190/248/944 49/83/945 191/249/946
f 191/249/947 49/83/948 192/250/949
f 49/83/950 193/251/951 192/250/952
f 190/248/953 194/252/954 49/83/955
f 193/253/956 196/254/957 197/255/958
f 198/256/959 196/254/960 199/257/961
f 26/48/962 198/256/963 199/257/964
s 50
f 196/254/965 198/256/966 185/241/967
f 185/241/967 202/258/968 196/254/965
s off
f 187/246/969 202/258/970 188/243/971
f 185/241/972 198/256/973 183/239/974
f 188/243/975 202/258/976 185/241/977
f 189/247/978 188/243/979 200/245/980
f 179/231/981 186/244/982 184/238/983
f 184/238/984 17/44/985 179/231/986
f 201/259/987 186/244/988 194/260/989
f 190/261/990 201/259/991 194/260/992
f 190/261/993 200/245/994 201/259/995
f 191/262/996 189/247/997 200/245/998
f 191/262/999 187/246/1000 189/247/1001
f 192/263/1002 197/255/1003 187/246/1004
f 193/253/1005 197/255/1006 192/263/1007
f 179/231/1008 194/260/1009 186/244/1010
f 199/257/1011 196/254/1012 193/253/1013
s 51
f 200/245/1014 195/242/1015 201/259/1016
f 195/242/1015 186/244/1017 201/259/1016
s off
f 191/262/1018 200/245/1019 190/261/1020
f 192/263/1021 187/246/1022 191/262/1023
s 52
f 197/255/1024 196/254/1025 187/246/1026
f 196/254/1025 202/258/1027 187/246/1026
s 53
f 16/43/1028 183/239/1029 26/48/1030
f 183/239/1029 198/256/1031 26/48/1030
s off
f 193/251/1032 49/83/1033 199/264/1034
f 179/240/1035 49/83/1036 194/252/1037
f 203/50/1038 204/49/1039 205/265/1040
f 215/266/1041 208/267/1042 205/265/1043
s 54
f 205/265/1044 204/49/1045 206/268/1046
f 206/268/1046 215/266/1047 205/265/1044
s off
f 220/269/1048 208/267/1049 215/266/1050
f 207/270/1051 208/267/1052 209/271/1053
f 210/272/1054 49/83/1055 211/273/1056
f 211/273/1057 49/83/1058 212/274/1059
f 49/83/1060 213/275/1061 212/274/1062
f 210/272/1063 214/276/1064 49/83/1065
f 213/277/1066 216/278/1067 217/279/1068
f 218/280/1069 216/278/1070 219/281/1071
f 25/59/1072 218/280/1073 219/281/1074
s 55
f 216/278/1075 218/280/1076 205/265/1077
f 205/265/1077 222/282/1078 216/278/1075
s off
f 207/270/1079 222/282/1080 208/267/1081
f 205/265/1082 218/280/1083 203/50/1084
f 208/267/1085 222/282/1086 205/265/1087
f 209/271/1088 208/267/1089 220/269/1090
f 199/257/1091 206/268/1092 204/49/1093
f 204/49/1094 26/48/1095 199/257/1096
f 221/283/1097 206/268/1098 214/284/1099
f 210/285/1100 221/283/1101 214/284/1102
f 210/285/1103 220/269/1104 221/283/1105
f 211/286/1106 209/271/1107 220/269/1108
f 211/286/1109 207/270/1110 209/271/1111
f 212/287/1112 217/279/1113 207/270/1114
f 213/277/1115 217/279/1116 212/287/1117
f 199/257/1118 214/284/1119 206/268/1120
f 219/281/1121 216/278/1122 213/277/1123
s 56
f 220/269/1124 215/266/1125 221/283/1126
f 215/266/1125 206/268/1127 221/283/1126
s off
f 211/286/1128 220/269/1129 210/285/1130
f 212/287/1131 207/270/1132 211/286/1133
s 57
f 217/279/1134 216/278/1135 207/270/1136
f 216/278/1135 222/282/1137 207/270/1136
s 58
f 20/47/1138 203/50/1139 25/59/1140
f 203/50/1139 218/280/1141 25/59/1140
s off
f 213/275/1142 49/83/1143 219/288/1144
f 199/264/1145 49/83/1146 214/276/1147
f 223/61/1148 224/60/1149 225/289/1150
f 235/290/1151 228/291/1152 225/289/1153
s 59
f 225/289/1154 224/60/1155 226/292/1156
f 226/292/1156 235/290/1157 225/289/1154
s off
f 227/293/1158 228/291/1159 229/294/1160
f 230/295/1161 49/83/1162 231/296/1163
f 231/296/1164 49/83/1165 232/297/1166
f 49/83/1167 233/298/1168 232/297/1169
f 230/295/1170 234/299/1171 49/83/1172
f 233/300/1173 236/57/1174 237/301/1175
s 60
f 236/57/1176 238/55/1177 225/289/1178
f 225/289/1178 241/302/1179 236/57/1176
s off
f 227/293/1180 241/302/1181 228/291/1182
f 225/289/1183 238/55/1184 223/61/1185
f 228/291/1186 241/302/1187 225/289/1188
f 229/294/1189 228/291/1190 239/303/1191
f 219/281/1192 226/292/1193 224/60/1194
f 224/60/1195 25/59/1196 219/281/1197
f 240/304/1198 226/292/1199 234/305/1200
f 230/306/1201 240/304/1202 234/305/1203
f 230/306/1204 239/303/1205 240/304/1206
f 231/307/1207 229/294/1208 239/303/1209
f 231/307/1210 227/293/1211 229/294/1212
f 232/308/1213 237/301/1214 227/293/1215
f 233/300/1216 237/301/1217 232/308/1218
f 239/303/1219 228/291/1220 235/290/1221
f 219/281/1222 234/305/1223 226/292/1224
f 60/56/1225 236/57/1226 233/300/1227
s 61
f 239/303/1228 235/290/1229 240/304/1230
f 235/290/1229 226/292/1231 240/304/1230
s off
f 231/307/1232 239/303/1233 230/306/1234
f 232/308/1235 227/293/1236 231/307/1237
s 62
f 237/301/1238 236/57/1239 227/293/1240
f 236/57/1239 241/302/1241 227/293/1240
s 63
f 24/54/1242 223/61/1243 21/53/1244
f 223/61/1243 238/55/1245 21/53/1244
s off
f 233/298/1246 49/83/1247 60/101/1248
f 219/288/1249 49/83/1250 234/299/1251
f 164/212/1252 13/40/1253 159/204/1254
f 275/309/1255 249/310/1256 242/311/1257
f 249/310/1258 251/312/1259 242/311/1260
f 251/312/1261 277/313/1262 242/311/1263
f 277/313/1264 286/314/1265 242/311/1266
f 279/315/1267 286/314/1268 277/313/1269
f 282/316/1270 285/317/1271 279/315/1272
f 272/318/1273 274/319/1274 373/320/1275
f 274/319/1276 276/321/1277 373/320/1278
f 276/321/1279 289/322/1280 373/320/1281
f 289/322/1282 297/323/1283 373/320/1284
f 291/324/1285 297/323/1286 289/322/1287
f 270/325/1288 271/326/1289 374/327/1290
f 271/326/1291 273/328/1292 374/327/1293
f 273/328/1294 379/329/1295 374/327/1296
f 379/329/1297 306/330/1298 374/327/1299
f 299/331/1300 306/330/1301 379/329/1302
s 64
f 243/332/1303 244/333/1304 245/334/1305
f 244/333/1304 246/335/1306 245/334/1305
s off
f 266/336/1307 268/337/1308 375/338/1309
f 268/337/1310 269/339/1311 375/338/1312
f 269/339/1313 317/340/1314 375/338/1315
f 317/340/1316 325/341/1317 375/338/1318
f 263/342/1319 265/343/1320 376/344/1321
f 265/343/1322 267/345/1323 376/344/1324
f 267/345/1325 380/346/1326 376/344/1327
f 380/346/1328 332/347/1329 376/344/1330
f 327/348/1331 332/347/1332 380/346/1333
f 330/349/1334 332/347/1335 327/348/1336
f 327/348/1337 331/350/1338 330/349/1339
f 329/351/1340 331/350/1341 327/348/1342
f 260/352/1343 262/353/1344 377/354/1345
f 262/353/1346 264/355/1347 377/354/1348
f 264/355/1349 381/356/1350 377/354/1351
f 381/356/1352 343/357/1353 377/354/1354
f 336/358/1355 343/357/1356 381/356/1357
f 341/359/1358 343/357/1359 336/358/1360
f 336/358/1361 342/360/1362 341/359/1363
f 256/361/1364 259/362/1365 258/363/1366
f 259/362/1367 261/364/1368 258/363/1369
f 261/364/1370 382/365/1371 258/363/1372
f 382/365/1373 352/366/1374 258/363/1375
f 345/367/1376 352/366/1377 382/365/1378
f 253/368/1379 255/369/1380 247/370/1381
f 255/369/1382 257/371/1383 247/370/1384
f 257/371/1385 354/372/1386 247/370/1387
f 354/372/1388 362/373/1389 247/370/1390
f 356/374/1391 362/373/1392 354/372/1393
f 360/375/1394 362/373/1395 356/374/1396
f 356/374/1397 361/376/1398 360/375/1399
f 250/377/1400 252/378/1401 248/379/1402
f 252/378/1403 254/380/1404 248/379/1405
f 254/380/1406 364/381/1407 248/379/1408
f 364/381/1409 372/382/1410 248/379/1411
f 366/383/1412 372/382/1413 364/381/1414
f 369/384/1415 371/385/1416 366/383/1417
s 65
f 249/310/1418 250/386/1419 251/312/1420
f 250/386/1419 248/387/1421 251/312/1420
s off
f 278/388/1422 277/313/1423 248/387/1424
f 277/313/1425 251/312/1426 248/387/1427
s 66
f 277/313/1428 278/388/1429 279/315/1430
f 279/315/1430 278/388/1429 280/389/1431
f 280/389/1431 281/390/1432 279/315/1430
s 67
f 252/378/1433 253/368/1434 254/380/1435
f 253/368/1434 247/370/1436 254/380/1435
s off
f 365/391/1437 364/381/1438 247/370/1439
f 364/381/1440 254/380/1441 247/370/1442
s 68
f 364/381/1443 365/391/1444 366/383/1445
f 366/383/1445 365/391/1444 367/392/1446
f 367/392/1446 368/393/1447 366/383/1445
s 69
f 255/369/1448 256/361/1449 257/371/1450
f 256/361/1449 258/363/1451 257/371/1450
s off
f 355/394/1452 354/372/1453 258/363/1454
f 354/372/1455 257/371/1456 258/363/1457
f 354/372/1458 355/394/1459 356/374/1460
s 70
f 356/374/1461 355/394/1462 357/395/1463
f 357/395/1463 358/396/1464 356/374/1461
s 71
f 259/362/1465 260/352/1466 261/364/1467
f 260/352/1466 377/354/1468 261/364/1467
s off
f 346/397/1469 382/365/1470 377/354/1471
f 382/365/1472 346/397/1473 345/367/1474
f 382/365/1475 261/364/1476 377/354/1477
s 72
f 262/353/1478 263/342/1479 264/355/1480
f 263/342/1479 376/344/1481 264/355/1480
s off
f 337/398/1482 381/356/1483 376/344/1484
f 381/356/1485 337/398/1486 336/358/1487
f 381/356/1488 264/355/1489 376/344/1490
s 73
f 265/343/1491 266/336/1492 267/345/1493
f 266/336/1492 375/338/1494 267/345/1493
s off
f 335/399/1495 380/346/1496 375/338/1497
f 380/346/1498 335/399/1499 327/348/1500
f 380/346/1501 267/345/1502 375/338/1503
s 74
f 268/337/1504 243/332/1505 269/339/1506
f 243/332/1505 245/334/1507 269/339/1506
s 75
f 244/333/1508 270/325/1509 246/335/1510
f 270/325/1509 374/327/1511 246/335/1510
s off
f 309/400/1512 378/401/1513 374/327/1514
f 378/401/1515 309/400/1516 308/402/1517
f 378/401/1518 246/335/1519 374/327/1520
s 76
f 271/326/1521 272/318/1522 273/328/1523
f 272/318/1522 373/320/1524 273/328/1523
s off
f 300/403/1525 379/329/1526 373/320/1527
f 379/329/1528 300/403/1529 299/331/1530
f 379/329/1531 273/328/1532 373/320/1533
s 77
f 274/319/1534 275/309/1535 276/321/1536
f 275/309/1535 242/311/1537 276/321/1536
s off
f 290/404/1538 289/322/1539 242/311/1540
f 289/322/1541 276/321/1542 242/311/1543
f 289/322/1544 290/404/1545 291/324/1546
s 78
f 291/324/1547 290/404/1548 292/405/1549
f 292/405/1549 293/406/1550 291/324/1547
s off
f 281/390/1551 282/316/1552 279/315/1553
f 283/407/1554 284/408/1555 285/409/1556
f 283/407/1557 285/409/1558 282/410/1559
f 286/314/1560 284/411/1561 287/412/1562
s 79
f 284/411/1563 286/314/1564 279/315/1565
f 279/315/1565 285/317/1566 284/411/1563
s off
f 288/413/1567 280/389/1568 278/388/1569
s 80
f 280/414/1570 283/407/1571 281/415/1572
f 283/407/1571 282/410/1573 281/415/1572
s off
f 288/416/1574 283/407/1575 280/414/1576
f 287/417/1577 284/408/1578 283/407/1579
f 293/406/1580 294/418/1581 291/324/1582
f 283/407/1583 295/419/1584 296/420/1585
f 283/407/1586 296/420/1587 294/421/1588
f 297/323/1589 295/422/1590 298/423/1591
f 373/320/1592 297/323/1593 298/423/1594
s 81
f 295/422/1595 297/323/1596 291/324/1597
f 291/324/1597 296/424/1598 295/422/1595
s off
f 287/412/1599 292/405/1600 290/404/1601
f 290/404/1602 242/311/1603 287/412/1604
s 82
f 292/425/1605 283/407/1606 293/426/1607
f 283/407/1606 294/421/1608 293/426/1607
s off
f 294/418/1609 296/424/1610 291/324/1611
f 287/417/1612 283/407/1613 292/425/1614
f 298/427/1615 295/419/1616 283/407/1617
f 299/331/1618 300/403/1619 301/428/1620
f 301/428/1621 302/429/1622 299/331/1623
f 302/429/1624 303/430/1625 299/331/1626
f 283/407/1627 304/431/1628 305/432/1629
f 283/407/1630 305/432/1631 303/433/1632
f 306/330/1633 304/434/1634 307/435/1635
f 374/327/1636 306/330/1637 307/435/1638
f 304/434/1639 306/330/1640 299/331/1641
f 299/331/1642 305/436/1643 304/434/1644
f 298/423/1645 301/428/1646 300/403/1647
f 300/403/1648 373/320/1649 298/423/1650
s 83
f 301/437/1651 283/407/1652 302/438/1653
f 283/407/1652 303/433/1654 302/438/1653
s off
f 303/430/1655 305/436/1656 299/331/1657
f 298/427/1658 283/407/1659 301/437/1660
f 307/439/1661 304/431/1662 283/407/1663
f 308/402/1664 309/400/1665 310/440/1666
f 310/440/1667 311/441/1668 308/402/1669
f 311/441/1670 312/442/1671 308/402/1672
f 283/407/1673 313/443/1674 314/444/1675
f 316/445/1676 313/443/1677 283/407/1678
f 315/446/1679 313/447/1680 316/448/1681
s 84
f 313/447/1682 315/446/1683 308/402/1684
f 308/402/1684 314/449/1685 313/447/1682
s off
f 308/402/1686 315/446/1687 378/401/1688
f 246/335/1689 378/401/1690 245/334/1691
f 378/401/1692 315/446/1693 245/334/1694
f 307/435/1695 310/440/1696 309/400/1697
f 309/400/1698 374/327/1699 307/435/1700
s 85
f 310/450/1701 283/407/1702 311/451/1703
f 283/407/1702 312/452/1704 311/451/1703
s off
f 312/442/1705 314/449/1706 308/402/1707
f 283/407/1708 314/444/1709 312/452/1710
f 307/439/1711 283/407/1712 310/450/1713
f 317/340/1714 318/453/1715 319/454/1716
f 318/453/1717 245/334/1718 316/448/1719
f 319/454/1720 318/453/1721 320/455/1722
f 320/455/1723 321/456/1724 319/454/1725
f 321/456/1726 322/457/1727 319/454/1728
f 283/407/1729 323/458/1730 324/459/1731
f 325/341/1732 323/460/1733 326/461/1734
f 375/338/1735 325/341/1736 326/461/1737
s 86
f 323/460/1738 325/341/1739 319/454/1740
f 319/454/1740 324/462/1741 323/460/1738
s off
f 319/454/1742 325/341/1743 317/340/1744
f 316/448/1745 320/455/1746 318/453/1747
f 320/463/1748 283/407/1749 321/464/1750
f 322/457/1751 324/462/1752 319/454/1753
f 283/407/1754 322/465/1755 321/464/1756
f 283/407/1757 324/459/1758 322/465/1759
f 316/445/1760 283/407/1761 320/463/1762
f 326/466/1763 323/458/1764 283/407/1765
s 87
f 318/453/1766 317/340/1767 245/334/1768
f 317/340/1767 269/339/1769 245/334/1768
s off
f 327/348/1770 335/399/1771 334/467/1772
f 334/467/1773 328/468/1774 327/348/1775
f 328/468/1776 329/351/1777 327/348/1778
f 283/407/1779 330/469/1780 331/470/1781
f 332/347/1782 330/349/1783 333/471/1784
f 376/344/1785 332/347/1786 333/471/1787
f 326/461/1788 334/467/1789 335/399/1790
f 335/399/1791 375/338/1792 326/461/1793
f 334/472/1794 283/407/1795 328/473/1796
f 283/407/1797 329/474/1798 328/473/1799
f 283/407/1800 331/470/1801 329/474/1802
f 326/466/1803 283/407/1804 334/472/1805
f 333/475/1806 330/469/1807 283/407/1808
f 336/358/1809 337/398/1810 338/476/1811
f 339/477/1812 340/478/1813 336/358/1814
f 283/407/1815 341/479/1816 342/480/1817
f 343/357/1818 341/359/1819 344/481/1820
f 377/354/1821 343/357/1822 344/481/1823
f 333/471/1824 338/476/1825 337/398/1826
f 337/398/1827 376/344/1828 333/471/1829
f 338/482/1830 283/407/1831 339/483/1832
f 283/407/1833 340/484/1834 339/483/1835
f 340/478/1836 342/360/1837 336/358/1838
f 283/407/1839 342/480/1840 340/484/1841
f 333/475/1842 283/407/1843 338/482/1844
f 344/485/1845 341/479/1846 283/407/1847
f 338/476/1848 339/477/1849 336/358/1850
f 345/367/1851 346/397/1852 347/486/1853
f 347/486/1854 348/487/1855 345/367/1856
f 348/487/1857 349/488/1858 345/367/1859
f 283/407/1860 350/489/1861 351/490/1862
f 283/407/1863 351/490/1864 349/491/1865
f 352/366/1866 350/492/1867 353/493/1868
f 258/363/1869 352/366/1870 353/493/1871
f 350/492/1872 352/366/1873 345/367/1874
f 345/367/1875 351/494/1876 350/492/1877
f 344/481/1878 347/486/1879 346/397/1880
f 346/397/1881 377/354/1882 344/481/1883
s 88
f 347/495/1884 283/407/1885 348/496/1886
f 283/407/1885 349/491/1887 348/496/1886
s off
f 349/488/1888 351/494/1889 345/367/1890
f 344/485/1891 283/407/1892 347/495/1893
f 353/497/1894 350/489/1895 283/407/1896
f 358/396/1897 359/498/1898 356/374/1899
f 283/407/1900 360/499/1901 361/500/1902
f 283/407/1903 361/500/1904 359/501/1905
f 362/373/1906 360/375/1907 363/502/1908
f 353/493/1909 357/395/1910 355/394/1911
f 355/394/1912 258/363/1913 353/493/1914
s 89
f 357/503/1915 283/407/1916 358/504/1917
f 283/407/1916 359/501/1918 358/504/1917
s off
f 359/498/1919 361/376/1920 356/374/1921
f 353/497/1922 283/407/1923 357/503/1924
f 363/505/1925 360/499/1926 283/407/1927
f 368/393/1928 369/384/1929 366/383/1930
f 283/407/1931 370/506/1932 371/507/1933
f 283/407/1934 371/507/1935 369/508/1936
f 372/382/1937 370/509/1938 288/510/1939
s 90
f 370/509/1940 372/382/1941 366/383/1942
f 366/383/1942 371/385/1943 370/509/1940
s off
f 363/502/1944 367/392/1945 365/391/1946
s 91
f 367/511/1947 283/407/1948 368/512/1949
f 283/407/1948 369/508/1950 368/512/1949
s off
f 363/505/1951 283/407/1952 367/511/1953
f 288/416/1954 370/506/1955 283/407/1956
f 248/379/1957 372/382/1958 288/510/1959
f 278/388/1960 248/387/1961 288/413/1962
f 242/311/1963 286/314/1964 287/412/1965
f 245/334/1966 315/446/1967 316/448/1968
f 247/370/1969 362/373/1970 363/502/1971
f 365/391/1972 247/370/1973 363/502/1974
f 383/513/1975 384/514/1976 385/515/1977
f 385/515/1978 384/514/1979 386/516/1980
f 396/517/1981 386/516/1982 384/514/1983
f 387/518/1984 385/515/1985 386/516/1986
f 389/519/1987 394/520/1988 385/515/1989
f 394/520/1990 389/519/1991 395/521/1992
s 92
f 388/522/1993 389/519/1994 390/523/1995
f 389/519/1994 387/518/1996 390/523/1995
s 93
f 391/524/1997 392/525/1998 393/526/1999
f 544/527/2000 391/528/1997 393/529/1999
f 545/530/2001 544/527/2000 393/529/1999
f 544/527/2000 545/530/2001 401/531/2002
f 545/530/2001 400/532/2003 401/531/2002
f 400/532/2003 399/533/2004 401/531/2002
s off
f 385/515/2005 394/520/2006 383/513/2007
s 94
f 386/516/2008 397/534/2009 387/518/2010
f 397/534/2009 390/523/2011 387/518/2010
s off
f 385/515/2012 387/518/2013 389/519/2014
f 396/517/2015 397/534/2016 386/516/2017
f 395/521/2018 389/519/2019 388/522/2020
s 95
f 384/514/2021 383/513/2022 398/535/2023
f 383/513/2022 399/533/2024 398/535/2023
s 96
f 399/533/2025 383/513/2026 402/536/2027
f 383/513/2026 394/520/2028 402/536/2027
s off
f 388/522/2029 403/537/2030 395/521/2031
f 396/517/2032 404/538/2033 397/534/2034
f 405/539/2035 406/540/2036 407/541/2037
f 407/541/2038 406/540/2039 408/542/2040
f 395/521/2041 408/542/2042 406/540/2043
f 409/543/2044 407/541/2045 408/542/2046
f 411/544/2047 414/545/2048 407/541/2049
f 414/545/2050 411/544/2051 415/546/2052
s 97
f 410/547/2053 411/544/2054 412/548/2055
f 411/544/2054 409/543/2056 412/548/2055
s 98
f 413/549/2057 392/525/2058 391/524/2059
f 546/550/2060 413/551/2057 391/528/2059
f 544/527/2061 546/550/2060 391/528/2059
f 546/550/2060 544/527/2061 418/552/2062
f 544/527/2061 401/531/2063 418/552/2062
f 401/531/2063 417/553/2064 418/552/2062
s off
f 407/541/2065 414/545/2066 405/539/2067
s 99
f 408/542/2068 416/554/2069 409/543/2070
f 416/554/2069 412/548/2071 409/543/2070
s off
f 407/541/2072 409/543/2073 411/544/2074
f 395/521/2075 416/554/2076 408/542/2077
f 415/546/2078 411/544/2079 410/547/2080
s 100
f 406/540/2081 405/539/2082 402/536/2083
f 405/539/2082 417/553/2084 402/536/2083
s 101
f 417/553/2085 405/539/2086 419/555/2087
f 405/539/2086 414/545/2088 419/555/2087
s off
f 419/555/2089 414/545/2090 415/546/2091
f 410/547/2092 420/556/2093 415/546/2094
f 395/521/2095 403/537/2096 416/554/2097
f 421/557/2098 422/558/2099 423/559/2100
f 423/559/2101 422/558/2102 424/560/2103
f 415/546/2104 424/560/2105 422/558/2106
f 425/561/2107 423/559/2108 424/560/2109
f 427/562/2110 430/563/2111 423/559/2112
f 430/563/2113 427/562/2114 431/564/2115
s 102
f 426/565/2116 427/562/2117 428/566/2118
f 427/562/2117 425/561/2119 428/566/2118
s 103
f 429/567/2120 392/525/2121 413/549/2122
f 547/568/2123 429/569/2120 413/551/2122
f 546/550/2124 547/568/2123 413/551/2122
f 547/568/2123 546/550/2124 434/570/2125
f 546/550/2124 418/552/2126 434/570/2125
f 418/552/2126 433/571/2127 434/570/2125
s off
f 423/559/2128 430/563/2129 421/557/2130
s 104
f 424/560/2131 432/572/2132 425/561/2133
f 432/572/2132 428/566/2134 425/561/2133
s off
f 423/559/2135 425/561/2136 427/562/2137
f 415/546/2138 432/572/2139 424/560/2140
f 431/564/2141 427/562/2142 426/565/2143
s 105
f 422/558/2144 421/557/2145 419/555/2146
f 421/557/2145 433/571/2147 419/555/2146
s 106
f 433/571/2148 421/557/2149 435/573/2150
f 421/557/2149 430/563/2151 435/573/2150
s off
f 426/565/2152 436/574/2153 431/564/2154
f 415/546/2155 420/556/2156 432/572/2157
f 437/575/2158 438/576/2159 439/577/2160
f 439/577/2161 438/576/2162 440/578/2163
f 431/564/2164 440/578/2165 438/576/2166
f 441/579/2167 439/577/2168 440/578/2169
f 443/580/2170 446/581/2171 439/577/2172
f 446/581/2173 443/580/2174 447/582/2175
s 107
f 442/583/2176 443/580/2177 444/584/2178
f 443/580/2177 441/579/2179 444/584/2178
s 108
f 445/585/2180 392/525/2181 429/567/2182
f 548/586/2183 445/587/2180 429/569/2182
f 547/568/2184 548/586/2183 429/569/2182
f 548/586/2183 547/568/2184 450/588/2185
f 547/568/2184 434/570/2186 450/588/2185
f 434/570/2186 449/589/2187 450/588/2185
s off
f 439/577/2188 446/581/2189 437/575/2190
s 109
f 440/578/2191 448/590/2192 441/579/2193
f 448/590/2192 444/584/2194 441/579/2193
s off
f 439/577/2195 441/579/2196 443/580/2197
f 431/564/2198 448/590/2199 440/578/2200
f 447/582/2201 443/580/2202 442/583/2203
s 110
f 438/576/2204 437/575/2205 435/573/2206
f 437/575/2205 449/589/2207 435/573/2206
s 111
f 449/589/2208 437/575/2209 451/591/2210
f 437/575/2209 446/581/2211 451/591/2210
s off
f 442/583/2212 452/592/2213 447/582/2214
f 431/564/2215 436/574/2216 448/590/2217
f 453/593/2218 454/594/2219 455/595/2220
f 455/595/2221 454/594/2222 456/596/2223
f 447/582/2224 456/596/2225 454/594/2226
f 457/597/2227 455/595/2228 456/596/2229
f 459/598/2230 462/599/2231 455/595/2232
f 462/599/2233 459/598/2234 463/600/2235
s 112
f 458/601/2236 459/598/2237 460/602/2238
f 459/598/2237 457/597/2239 460/602/2238
s 113
f 461/603/2240 392/525/2241 445/585/2242
f 549/604/2243 461/605/2240 445/587/2242
f 548/586/2244 549/604/2243 445/587/2242
f 549/604/2243 548/586/2244 466/606/2245
f 548/586/2244 450/588/2246 466/606/2245
f 450/588/2246 465/607/2247 466/606/2245
s off
f 455/595/2248 462/599/2249 453/593/2250
s 114
f 456/596/2251 464/608/2252 457/597/2253
f 464/608/2252 460/602/2254 457/597/2253
s off
f 455/595/2255 457/597/2256 459/598/2257
f 447/582/2258 464/608/2259 456/596/2260
f 463/600/2261 459/598/2262 458/601/2263
s 115
f 454/594/2264 453/593/2265 451/591/2266
f 453/593/2265 465/607/2267 451/591/2266
s 116
f 465/607/2268 453/593/2269 467/609/2270
f 453/593/2269 462/599/2271 467/609/2270
s off
f 458/601/2272 468/610/2273 463/600/2274
f 447/582/2275 452/592/2276 464/608/2277
f 469/611/2278 470/612/2279 471/613/2280
f 471/613/2281 470/612/2282 472/614/2283
f 463/600/2284 472/614/2285 470/612/2286
f 473/615/2287 471/613/2288 472/614/2289
s 117
f 474/616/2290 475/617/2291 473/615/2292
f 475/617/2291 476/618/2293 473/615/2292
s 118
f 477/619/2294 392/525/2295 461/603/2296
f 550/620/2297 477/621/2294 461/605/2296
f 549/604/2298 550/620/2297 461/605/2296
f 550/620/2297 549/604/2298 482/622/2299
f 549/604/2298 466/606/2300 482/622/2299
f 466/606/2300 481/623/2301 482/622/2299
s off
f 478/624/2302 476/618/2303 479/625/2304
f 476/618/2305 478/624/2306 471/613/2307
f 471/613/2308 478/624/2309 469/611/2310
s 119
f 472/614/2311 480/626/2312 473/615/2313
f 480/626/2312 474/616/2314 473/615/2313
s off
f 471/613/2315 473/615/2316 476/618/2317
f 463/600/2318 480/626/2319 472/614/2320
f 479/625/2321 476/618/2322 475/617/2323
s 120
f 470/612/2324 469/611/2325 467/609/2326
f 469/611/2325 481/623/2327 467/609/2326
s 121
f 481/623/2328 469/611/2329 483/627/2330
f 469/611/2329 478/624/2331 483/627/2330
s off
f 475/617/2332 484/628/2333 479/625/2334
f 463/600/2335 468/610/2336 480/626/2337
f 485/629/2338 486/630/2339 487/631/2340
f 487/631/2341 486/630/2342 488/632/2343
f 479/625/2344 488/632/2345 486/630/2346
f 489/633/2347 487/631/2348 488/632/2349
f 491/634/2350 494/635/2351 487/631/2352
f 494/635/2353 491/634/2354 495/636/2355
s 122
f 490/637/2356 491/634/2357 492/638/2358
f 491/634/2357 489/633/2359 492/638/2358
s 123
f 493/639/2360 392/525/2361 477/619/2362
f 551/640/2363 493/641/2360 477/621/2362
f 550/620/2364 551/640/2363 477/621/2362
f 551/640/2363 550/620/2364 498/642/2365
f 550/620/2364 482/622/2366 498/642/2365
f 482/622/2366 497/643/2367 498/642/2365
s off
f 487/631/2368 494/635/2369 485/629/2370
s 124
f 488/632/2371 496/644/2372 489/633/2373
f 496/644/2372 492/638/2374 489/633/2373
s off
f 487/631/2375 489/633/2376 491/634/2377
f 479/625/2378 496/644/2379 488/632/2380
f 495/636/2381 491/634/2382 490/637/2383
s 125
f 486/630/2384 485/629/2385 483/627/2386
f 485/629/2385 497/643/2387 483/627/2386
s 126
f 497/643/2388 485/629/2389 499/645/2390
f 485/629/2389 494/635/2391 499/645/2390
s off
f 490/637/2392 500/646/2393 495/636/2394
f 479/625/2395 484/628/2396 496/644/2397
f 501/647/2398 502/648/2399 503/649/2400
f 503/649/2401 502/648/2402 504/650/2403
f 495/636/2404 504/650/2405 502/648/2406
f 505/651/2407 503/649/2408 504/650/2409
f 507/652/2410 510/653/2411 503/649/2412
f 510/653/2413 507/652/2414 511/654/2415
s 127
f 506/655/2416 507/652/2417 508/656/2418
f 507/652/2417 505/651/2419 508/656/2418
s 128
f 509/657/2420 392/525/2421 493/639/2422
f 552/658/2423 509/659/2420 493/641/2422
f 551/640/2424 552/658/2423 493/641/2422
f 552/658/2423 551/640/2424 514/660/2425
f 551/640/2424 498/642/2426 514/660/2425
f 498/642/2426 513/661/2427 514/660/2425
s off
f 503/649/2428 510/653/2429 501/647/2430
s 129
f 504/650/2431 512/662/2432 505/651/2433
f 512/662/2432 508/656/2434 505/651/2433
s off
f 503/649/2435 505/651/2436 507/652/2437
f 495/636/2438 512/662/2439 504/650/2440
f 511/654/2441 507/652/2442 506/655/2443
s 130
f 502/648/2444 501/647/2445 499/645/2446
f 501/647/2445 513/661/2447 499/645/2446
s 131
f 513/661/2448 501/647/2449 515/663/2450
f 501/647/2449 510/653/2451 515/663/2450
s off
f 506/655/2452 516/664/2453 511/654/2454
f 495/636/2455 500/646/2456 512/662/2457
f 517/665/2458 518/666/2459 519/667/2460
f 519/667/2461 518/666/2462 520/668/2463
f 511/654/2464 520/668/2465 518/666/2466
f 521/669/2467 519/667/2468 520/668/2469
f 523/670/2470 526/671/2471 519/667/2472
f 526/671/2473 523/670/2474 527/672/2475
s 132
f 522/673/2476 523/670/2477 524/674/2478
f 523/670/2477 521/669/2479 524/674/2478
s 133
f 525/675/2480 392/525/2481 509/657/2482
f 553/676/2483 525/677/2480 509/659/2482
f 552/658/2484 553/676/2483 509/659/2482
f 553/676/2483 552/658/2484 530/678/2485
f 552/658/2484 514/660/2486 530/678/2485
f 514/660/2486 529/679/2487 530/678/2485
s off
f 519/667/2488 526/671/2489 517/665/2490
s 134
f 520/668/2491 528/680/2492 521/669/2493
f 528/680/2492 524/674/2494 521/669/2493
s off
f 519/667/2495 521/669/2496 523/670/2497
f 511/654/2498 528/680/2499 520/668/2500
f 527/672/2501 523/670/2502 522/673/2503
s 135
f 518/666/2504 517/665/2505 515/663/2506
f 517/665/2505 529/679/2507 515/663/2506
s 136
f 529/679/2508 517/665/2509 531/681/2510
f 517/665/2509 526/671/2511 531/681/2510
s off
f 522/673/2512 532/682/2513 527/672/2514
f 511/654/2515 516/664/2516 528/680/2517
f 533/683/2518 534/684/2519 535/685/2520
f 535/685/2521 534/684/2522 536/686/2523
f 527/672/2524 536/686/2525 534/684/2526
f 537/687/2527 535/685/2528 536/686/2529
f 539/688/2530 541/689/2531 535/685/2532
f 541/689/2533 539/688/2534 396/690/2535
s 137
f 538/691/2536 539/688/2537 540/692/2538
f 539/688/2537 537/687/2539 540/692/2538
s 138
f 393/526/2540 392/525/2541 525/675/2542
f 545/693/2543 393/694/2540 525/677/2542
f 553/676/2544 545/693/2543 525/677/2542
f 545/693/2543 553/676/2544 400/695/2545
f 553/676/2544 530/678/2546 400/695/2545
f 530/678/2546 543/696/2547 400/695/2545
s off
f 535/685/2548 541/689/2549 533/683/2550
s 139
f 536/686/2551 542/697/2552 537/687/2553
f 542/697/2552 540/692/2554 537/687/2553
s off
f 535/685/2555 537/687/2556 539/688/2557
f 527/672/2558 542/697/2559 536/686/2560
f 396/690/2561 539/688/2562 538/691/2563
s 140
f 534/684/2564 533/683/2565 531/681/2566
f 533/683/2565 543/696/2567 531/681/2566
s 141
f 543/696/2568 533/683/2569 398/698/2570
f 533/683/2569 541/689/2571 398/698/2570
s off
f 538/691/2572 404/699/2573 396/690/2574
f 527/672/2575 532/682/2576 542/697/2577
f 481/623/2578 466/606/2579 467/609/2580
f 482/622/2581 481/623/2582 483/627/2583
f 422/558/2584 419/555/2585 415/546/2586
f 435/573/2587 430/563/2588 431/564/2589
f 438/576/2590 435/573/2591 431/564/2592
f 451/591/2593 446/581/2594 447/582/2595
f 454/594/2596 451/591/2597 447/582/2598
f 467/609/2599 462/599/2600 463/600/2601
f 470/612/2602 467/609/2603 463/600/2604
f 483/627/2605 478/624/2606 479/625/2607
f 486/630/2608 483/627/2609 479/625/2610
f 499/645/2611 494/635/2612 495/636/2613
f 502/648/2614 499/645/2615 495/636/2616
f 515/663/2617 510/653/2618 511/654/2619
f 518/666/2620 515/663/2621 511/654/2622
f 531/681/2623 526/671/2624 527/672/2625
f 534/684/2626 531/681/2627 527/672/2628
f 398/698/2629 541/689/2630 396/690/2631
f 384/514/2632 398/535/2633 396/517/2634
f 402/536/2635 394/520/2636 395/521/2637
f 406/540/2638 402/536/2639 395/521/2640
f 497/643/2641 482/622/2642 483/627/2643
f 498/642/2644 497/643/2645 499/645/2646
f 513/661/2647 498/642/2648 499/645/2649
f 514/660/2650 513/661/2651 515/663/2652
f 529/679/2653 514/660/2654 515/663/2655
f 530/678/2656 529/679/2657 531/681/2658
f 543/696/2659 530/678/2660 531/681/2661
f 400/695/2662 543/696/2663 398/698/2664
f 399/533/2665 400/532/2666 398/535/2667
f 401/531/2668 399/533/2669 402/536/2670
f 417/553/2671 401/531/2672 402/536/2673
f 418/552/2674 417/553/2675 419/555/2676
f 433/571/2677 418/552/2678 419/555/2679
f 434/570/2680 433/571/2681 435/573/2682
f 449/589/2683 434/570/2684 435/573/2685
f 450/588/2686 449/589/2687 451/591/2688
f 465/607/2689 450/588/2690 451/591/2691
f 466/606/2692 465/607/2693 467/609/2694
f 562/700/2695 565/701/2696 554/702/2697
f 554/702/2698 565/701/2699 564/703/2700
f 564/703/2701 555/704/2702 554/702/2703
f 555/704/2704 556/705/2705 554/702/2706
f 557/706/2707 558/707/2708 559/708/2709
f 561/709/2710 558/707/2711 557/706/2712
f 560/710/2713 558/711/2714 561/712/2715
s 142
f 558/711/2716 560/710/2717 554/713/2718
f 554/713/2718 559/714/2719 558/711/2716
f 554/713/2718 560/710/2717 562/715/2720
s off
f 563/716/2721 564/703/2722 565/701/2723
f 564/717/2724 557/706/2725 555/718/2726
f 556/719/2727 559/714/2728 554/713/2729
f 557/706/2730 556/720/2731 555/718/2732
f 557/706/2733 559/708/2734 556/720/2735
f 563/721/2736 557/706/2737 564/717/2738
f 565/701/2739 562/700/2740 674/722/2741
f 562/700/2742 566/723/2743 674/722/2744
f 540/692/2745 674/722/2746 538/691/2747
f 674/722/2748 566/723/2749 538/691/2750
s 143
f 538/691/2751 566/723/2752 397/724/2753
f 404/699/2754 538/691/2751 397/724/2753
s off
f 566/725/2755 562/715/2756 567/726/2757
f 562/715/2758 560/710/2759 567/726/2760
s 144
f 566/725/2761 567/726/2762 390/523/2763
f 397/534/2764 566/725/2761 390/523/2763
s off
f 575/727/2765 577/728/2766 568/729/2767
f 568/729/2768 577/728/2769 576/730/2770
f 576/730/2771 569/731/2772 568/729/2773
f 569/731/2774 570/732/2775 568/729/2776
f 557/706/2777 571/733/2778 572/734/2779
f 573/735/2780 571/736/2781 574/737/2782
s 145
f 571/736/2783 573/735/2784 568/729/2785
f 568/729/2785 572/738/2786 571/736/2783
f 568/729/2785 573/735/2784 575/727/2787
s off
f 561/712/2788 576/730/2789 577/728/2790
f 576/739/2791 557/706/2792 569/740/2793
f 570/732/2794 572/738/2795 568/729/2796
f 557/706/2797 570/741/2798 569/740/2799
f 557/706/2800 572/734/2801 570/741/2802
f 561/709/2803 557/706/2804 576/739/2805
f 574/742/2806 571/733/2807 557/706/2808
f 577/728/2809 575/727/2810 567/726/2811
f 575/727/2812 578/743/2813 567/726/2814
f 390/523/2815 567/726/2816 388/522/2817
f 567/726/2818 578/743/2819 388/522/2820
s 146
f 388/522/2821 578/743/2822 416/554/2823
f 403/537/2824 388/522/2821 416/554/2823
s off
f 578/743/2825 575/727/2826 579/744/2827
f 575/727/2828 573/735/2829 579/744/2830
s 147
f 578/743/2831 579/744/2832 412/548/2833
f 416/554/2834 578/743/2831 412/548/2833
s off
f 587/745/2835 589/746/2836 580/747/2837
f 580/747/2838 589/746/2839 588/748/2840
f 588/748/2841 581/749/2842 580/747/2843
f 581/749/2844 582/750/2845 580/747/2846
f 557/706/2847 583/751/2848 584/752/2849
f 585/753/2850 583/754/2851 586/755/2852
s 148
f 583/754/2853 585/753/2854 580/747/2855
f 580/747/2855 584/756/2856 583/754/2853
f 580/747/2855 585/753/2854 587/745/2857
s off
f 574/737/2858 588/748/2859 589/746/2860
f 588/757/2861 557/706/2862 581/758/2863
f 582/750/2864 584/756/2865 580/747/2866
f 557/706/2867 582/759/2868 581/758/2869
f 557/706/2870 584/752/2871 582/759/2872
f 574/742/2873 557/706/2874 588/757/2875
f 586/760/2876 583/751/2877 557/706/2878
f 589/746/2879 587/745/2880 579/744/2881
f 587/745/2882 590/761/2883 579/744/2884
f 412/548/2885 579/744/2886 410/547/2887
f 579/744/2888 590/761/2889 410/547/2890
s 149
f 410/547/2891 590/761/2892 432/572/2893
f 420/556/2894 410/547/2891 432/572/2893
s off
f 590/761/2895 587/745/2896 591/762/2897
f 587/745/2898 585/753/2899 591/762/2900
s 150
f 590/761/2901 591/762/2902 428/566/2903
f 432/572/2904 590/761/2901 428/566/2903
s off
f 599/763/2905 601/764/2906 592/765/2907
f 592/765/2908 601/764/2909 600/766/2910
f 600/766/2911 593/767/2912 592/765/2913
f 593/767/2914 594/768/2915 592/765/2916
f 557/706/2917 595/769/2918 596/770/2919
f 597/771/2920 595/772/2921 598/773/2922
s 151
f 595/772/2923 597/771/2924 592/765/2925
f 592/765/2925 596/774/2926 595/772/2923
f 592/765/2925 597/771/2924 599/763/2927
s off
f 586/755/2928 600/766/2929 601/764/2930
f 600/775/2931 557/706/2932 593/776/2933
f 594/768/2934 596/774/2935 592/765/2936
f 557/706/2937 594/777/2938 593/776/2939
f 557/706/2940 596/770/2941 594/777/2942
f 586/760/2943 557/706/2944 600/775/2945
f 598/778/2946 595/769/2947 557/706/2948
f 601/764/2949 599/763/2950 591/762/2951
f 599/763/2952 602/779/2953 591/762/2954
f 428/566/2955 591/762/2956 426/565/2957
f 591/762/2958 602/779/2959 426/565/2960
s 152
f 426/565/2961 602/779/2962 448/590/2963
f 436/574/2964 426/565/2961 448/590/2963
s off
f 602/779/2965 599/763/2966 603/780/2967
f 599/763/2968 597/771/2969 603/780/2970
s 153
f 602/779/2971 603/780/2972 444/584/2973
f 448/590/2974 602/779/2971 444/584/2973
s off
f 611/781/2975 613/782/2976 604/783/2977
f 604/783/2978 613/782/2979 612/784/2980
f 612/784/2981 605/785/2982 604/783/2983
f 605/785/2984 606/786/2985 604/783/2986
f 557/706/2987 607/787/2988 608/788/2989
f 609/789/2990 607/790/2991 610/791/2992
s 154
f 607/790/2993 609/789/2994 604/783/2995
f 604/783/2995 608/792/2996 607/790/2993
f 604/783/2995 609/789/2994 611/781/2997
s off
f 598/773/2998 612/784/2999 613/782/3000
f 612/793/3001 557/706/3002 605/794/3003
f 606/786/3004 608/792/3005 604/783/3006
f 557/706/3007 606/795/3008 605/794/3009
f 557/706/3010 608/788/3011 606/795/3012
f 598/778/3013 557/706/3014 612/793/3015
f 610/796/3016 607/787/3017 557/706/3018
f 613/782/3019 611/781/3020 603/780/3021
f 611/781/3022 614/797/3023 603/780/3024
f 444/584/3025 603/780/3026 442/583/3027
f 603/780/3028 614/797/3029 442/583/3030
s 155
f 442/583/3031 614/797/3032 464/608/3033
f 452/592/3034 442/583/3031 464/608/3033
s off
f 614/797/3035 611/781/3036 615/798/3037
f 611/781/3038 609/789/3039 615/798/3040
s 156
f 614/797/3041 615/798/3042 460/602/3043
f 464/608/3044 614/797/3041 460/602/3043
s off
f 623/799/3045 625/800/3046 616/801/3047
f 616/801/3048 625/800/3049 624/802/3050
f 624/802/3051 617/803/3052 616/801/3053
f 617/803/3054 618/804/3055 616/801/3056
f 557/706/3057 619/805/3058 620/806/3059
f 622/807/3060 619/805/3061 557/706/3062
f 621/808/3063 619/809/3064 622/810/3065
s 157
f 619/809/3066 621/808/3067 616/801/3068
f 616/801/3068 620/811/3069 619/809/3066
f 616/801/3068 621/808/3067 623/799/3070
s off
f 610/791/3071 624/802/3072 625/800/3073
f 624/812/3074 557/706/3075 617/813/3076
f 618/804/3077 620/811/3078 616/801/3079
f 557/706/3080 618/814/3081 617/813/3082
f 557/706/3083 620/806/3084 618/814/3085
f 610/796/3086 557/706/3087 624/812/3088
f 625/800/3089 623/799/3090 615/798/3091
f 623/799/3092 626/815/3093 615/798/3094
f 460/602/3095 615/798/3096 458/601/3097
f 615/798/3098 626/815/3099 458/601/3100
s 158
f 458/601/3101 626/815/3102 480/626/3103
f 468/610/3104 458/601/3101 480/626/3103
s off
f 626/815/3105 623/799/3106 627/816/3107
f 623/799/3108 621/808/3109 627/816/3110
s 159
f 626/815/3111 627/816/3112 474/616/3113
f 480/626/3114 626/815/3111 474/616/3113
s off
f 635/817/3115 637/818/3116 628/819/3117
f 628/819/3118 637/818/3119 636/820/3120
f 636/820/3121 629/821/3122 628/819/3123
f 629/821/3124 630/822/3125 628/819/3126
f 557/706/3127 631/823/3128 632/824/3129
f 633/825/3130 631/826/3131 634/827/3132
s 160
f 631/826/3133 633/825/3134 628/819/3135
f 628/819/3135 632/828/3136 631/826/3133
f 628/819/3135 633/825/3134 635/817/3137
s off
f 622/810/3138 636/820/3139 637/818/3140
f 636/829/3141 557/706/3142 629/830/3143
f 630/822/3144 632/828/3145 628/819/3146
f 557/706/3147 630/831/3148 629/830/3149
f 557/706/3150 632/824/3151 630/831/3152
f 622/807/3153 557/706/3154 636/829/3155
f 634/832/3156 631/823/3157 557/706/3158
f 637/818/3159 635/817/3160 627/816/3161
f 635/817/3162 638/833/3163 627/816/3164
f 474/616/3165 627/816/3166 475/617/3167
f 627/816/3168 638/833/3169 475/617/3170
s 161
f 475/617/3171 638/833/3172 496/644/3173
f 484/628/3174 475/617/3171 496/644/3173
s off
f 638/833/3175 635/817/3176 639/834/3177
f 635/817/3178 633/825/3179 639/834/3180
s 162
f 638/833/3181 639/834/3182 492/638/3183
f 496/644/3184 638/833/3181 492/638/3183
s off
f 647/835/3185 649/836/3186 640/837/3187
f 640/837/3188 649/836/3189 648/838/3190
f 648/838/3191 641/839/3192 640/837/3193
f 641/839/3194 642/840/3195 640/837/3196
f 557/706/3197 643/841/3198 644/842/3199
f 645/843/3200 643/844/3201 646/845/3202
s 163
f 643/844/3203 645/843/3204 640/837/3205
f 640/837/3205 644/846/3206 643/844/3203
f 640/837/3205 645/843/3204 647/835/3207
s off
f 634/827/3208 648/838/3209 649/836/3210
f 648/847/3211 557/706/3212 641/848/3213
f 642/840/3214 644/846/3215 640/837/3216
f 557/706/3217 642/849/3218 641/848/3219
f 557/706/3220 644/842/3221 642/849/3222
f 634/832/3223 557/706/3224 648/847/3225
f 646/850/3226 643/841/3227 557/706/3228
f 649/836/3229 647/835/3230 639/834/3231
f 647/835/3232 650/851/3233 639/834/3234
f 492/638/3235 639/834/3236 490/637/3237
f 639/834/3238 650/851/3239 490/637/3240
s 164
f 490/637/3241 650/851/3242 512/662/3243
f 500/646/3244 490/637/3241 512/662/3243
s off
f 650/851/3245 647/835/3246 651/852/3247
f 647/835/3248 645/843/3249 651/852/3250
s 165
f 650/851/3251 651/852/3252 508/656/3253
f 512/662/3254 650/851/3251 508/656/3253
s off
f 659/853/3255 661/854/3256 652/855/3257
f 652/855/3258 661/854/3259 660/856/3260
f 660/856/3261 653/857/3262 652/855/3263
f 653/857/3264 654/858/3265 652/855/3266
f 557/706/3267 655/859/3268 656/860/3269
f 658/861/3270 655/859/3271 557/706/3272
f 657/862/3273 655/863/3274 658/864/3275
s 166
f 655/863/3276 657/862/3277 652/855/3278
f 652/855/3278 656/865/3279 655/863/3276
f 652/855/3278 657/862/3277 659/853/3280
s off
f 646/845/3281 660/856/3282 661/854/3283
f 660/866/3284 557/706/3285 653/867/3286
f 654/858/3287 656/865/3288 652/855/3289
f 557/706/3290 654/868/3291 653/867/3292
f 557/706/3293 656/860/3294 654/868/3295
f 646/850/3296 557/706/3297 660/866/3298
f 661/854/3299 659/853/3300 651/852/3301
f 659/853/3302 662/869/3303 651/852/3304
f 508/656/3305 651/852/3306 506/655/3307
f 651/852/3308 662/869/3309 506/655/3310
s 167
f 506/655/3311 662/869/3312 528/680/3313
f 506/655/3311 528/680/3313 516/664/3314
s off
f 662/869/3315 659/853/3316 663/870/3317
f 659/853/3318 657/862/3319 663/870/3320
s 168
f 662/869/3321 663/870/3322 524/674/3323
f 528/680/3324 662/869/3321 524/674/3323
s off
f 670/871/3325 672/872/3326 664/873/3327
f 664/873/3328 672/872/3329 671/874/3330
f 671/874/3331 665/875/3332 664/873/3333
f 665/875/3334 666/876/3335 664/873/3336
f 557/706/3337 667/877/3338 668/878/3339
f 563/721/3340 667/877/3341 557/706/3342
f 669/879/3343 667/880/3344 563/716/3345
s 169
f 667/880/3346 669/879/3347 664/873/3348
f 664/873/3348 668/881/3349 667/880/3346
f 664/873/3348 669/879/3347 670/871/3350
s off
f 658/864/3351 671/874/3352 672/872/3353
f 671/882/3354 557/706/3355 665/883/3356
f 666/876/3357 668/881/3358 664/873/3359
f 557/706/3360 666/884/3361 665/883/3362
f 557/706/3363 668/878/3364 666/884/3365
f 658/861/3366 557/706/3367 671/882/3368
f 672/872/3369 670/871/3370 663/870/3371
f 670/871/3372 673/885/3373 663/870/3374
f 524/674/3375 663/870/3376 522/673/3377
f 663/870/3378 673/885/3379 522/673/3380
s 170
f 522/673/3381 673/885/3382 542/697/3383
f 532/682/3384 522/673/3381 542/697/3383
s off
f 673/885/3385 670/871/3386 674/722/3387
f 670/871/3388 669/879/3389 674/722/3390
s 171
f 673/885/3391 674/722/3392 540/692/3393
f 542/697/3394 673/885/3391 540/692/3393
s off
f 639/834/3395 633/825/3396 634/827/3397
f 649/836/3398 639/834/3399 634/827/3400
f 651/852/3401 645/843/3402 646/845/3403
f 661/854/3404 651/852/3405 646/845/3406
f 663/870/3407 657/862/3408 658/864/3409
f 672/872/3410 663/870/3411 658/864/3412
f 674/722/3413 669/879/3414 563/716/3415
f 565/701/3416 674/722/3417 563/716/3418
f 567/726/3419 560/710/3420 561/712/3421
f 577/728/3422 567/726/3423 561/712/3424
f 579/744/3425 573/735/3426 574/737/3427
f 589/746/3428 579/744/3429 574/737/3430
f 591/762/3431 585/753/3432 586/755/3433
f 601/764/3434 591/762/3435 586/755/3436
f 603/780/3437 597/771/3438 598/773/3439
f 613/782/3440 603/780/3441 598/773/3442
f 615/798/3443 609/789/3444 610/791/3445
f 625/800/3446 615/798/3447 610/791/3448
f 627/816/3449 621/808/3450 622/810/3451
f 637/818/3452 627/816/3453 622/810/3454
s 172
f 675/886/3455 676/887/3456 677/888/3457
f 675/886/3455 677/888/3457 751/889/3458
f 752/890/3459 675/886/3455 751/889/3458
f 750/891/3460 751/889/3458 707/892/3461
f 750/891/3460 707/892/3461 739/893/3462
f 707/892/3461 740/894/3463 739/893/3462
f 707/892/3461 708/895/3464 740/894/3463
f 707/892/3461 678/896/3465 708/895/3464
f 707/892/3461 677/888/3457 678/896/3465
f 751/889/3458 677/888/3457 707/892/3461
f 676/887/3456 678/896/3465 677/888/3457
f 676/887/3456 679/897/3466 678/896/3465
f 679/897/3466 681/898/3467 678/896/3465
f 679/897/3466 680/899/3468 681/898/3467
f 680/899/3468 682/900/3469 681/898/3467
f 680/899/3468 683/901/3470 682/900/3469
f 683/901/3470 685/902/3471 682/900/3469
f 683/901/3470 684/903/3472 685/902/3471
f 684/903/3472 686/904/3473 685/902/3471
f 684/903/3472 687/905/3474 686/904/3473
f 687/905/3474 689/906/3475 686/904/3473
f 687/905/3474 688/907/3476 689/906/3475
f 688/907/3476 690/908/3477 689/906/3475
f 688/907/3476 691/909/3478 690/908/3477
f 691/909/3478 693/910/3479 690/908/3477
f 691/909/3478 692/911/3480 693/910/3479
f 692/911/3480 694/912/3481 693/910/3479
f 692/911/3480 695/913/3482 694/912/3481
f 695/913/3482 697/914/3483 694/912/3481
f 695/913/3482 696/915/3484 697/914/3483
f 696/915/3484 698/916/3485 697/914/3483
f 696/915/3484 699/917/3486 698/916/3485
f 699/917/3486 701/918/3487 698/916/3485
f 699/917/3486 700/919/3488 701/918/3487
f 700/919/3488 702/920/3489 701/918/3487
f 700/919/3488 703/921/3490 702/920/3489
f 703/921/3490 705/922/3491 702/920/3489
f 703/921/3490 704/923/3492 705/922/3491
f 704/923/3492 706/924/3493 705/922/3491
f 705/922/3491 706/924/3493 749/925/3494
f 705/922/3491 749/925/3494 720/926/3495
f 705/922/3491 720/926/3495 719/927/3496
f 702/920/3489 705/922/3491 719/927/3496
f 718/928/3497 702/920/3489 719/927/3496
f 718/928/3497 701/918/3487 702/920/3489
f 698/916/3485 701/918/3487 718/928/3497
f 716/929/3498 698/916/3485 718/928/3497
f 697/914/3483 698/916/3485 716/929/3498
f 697/914/3483 716/929/3498 717/930/3499
f 697/914/3483 717/930/3499 714/931/3500
f 694/912/3481 697/914/3483 714/931/3500
f 693/910/3479 694/912/3481 714/931/3500
f 693/910/3479 714/931/3500 715/932/3501
f 693/910/3479 715/932/3501 712/933/3502
f 690/908/3477 693/910/3479 712/933/3502
f 689/906/3475 690/908/3477 712/933/3502
f 689/906/3475 712/933/3502 713/934/3503
f 689/906/3475 713/934/3503 711/935/3504
f 686/904/3473 689/906/3475 711/935/3504
f 685/902/3471 686/904/3473 711/935/3504
f 748/936/3505 685/902/3471 711/935/3504
f 709/937/3506 685/902/3471 748/936/3505
f 682/900/3469 685/902/3471 709/937/3506
f 681/898/3467 682/900/3469 709/937/3506
f 681/898/3467 709/937/3506 710/938/3507
f 681/898/3467 710/938/3507 708/895/3464
f 678/896/3465 681/898/3467 708/895/3464
f 708/895/3464 710/938/3507 740/894/3463
f 710/938/3507 741/939/3508 740/894/3463
f 710/938/3507 709/937/3506 741/939/3508
f 709/937/3506 748/936/3505 741/939/3508
f 748/936/3505 742/940/3509 741/939/3508
f 748/936/3505 711/935/3504 742/940/3509
f 711/935/3504 713/934/3503 742/940/3509
f 713/934/3503 743/941/3510 742/940/3509
f 713/934/3503 712/933/3502 743/941/3510
f 712/933/3502 715/932/3501 743/941/3510
f 715/932/3501 744/942/3511 743/941/3510
f 715/932/3501 714/931/3500 744/942/3511
f 714/931/3500 717/930/3499 744/942/3511
f 717/930/3499 745/943/3512 744/942/3511
f 717/930/3499 716/929/3498 745/943/3512
f 716/929/3498 718/928/3497 745/943/3512
f 718/928/3497 746/944/3513 745/943/3512
f 718/928/3497 719/927/3496 746/944/3513
f 719/927/3496 720/926/3495 746/944/3513
f 746/944/3513 720/926/3495 747/945/3514
f 746/944/3513 747/945/3514 735/946/3515
f 746/944/3513 735/946/3515 733/947/3516
f 745/943/3512 746/944/3513 733/947/3516
f 745/943/3512 733/947/3516 731/948/3517
f 744/942/3511 745/943/3512 731/948/3517
f 744/942/3511 731/948/3517 729/949/3518
f 743/941/3510 744/942/3511 729/949/3518
f 743/941/3510 729/949/3518 727/950/3519
f 742/940/3509 743/941/3510 727/950/3519
f 742/940/3509 727/950/3519 725/951/3520
f 741/939/3508 742/940/3509 725/951/3520
f 741/939/3508 725/951/3520 722/952/3521
f 740/894/3463 741/939/3508 722/952/3521
f 740/894/3463 722/952/3521 721/953/3522
f 739/893/3462 740/894/3463 721/953/3522
f 721/953/3522 722/952/3521 723/954/3523
f 722/952/3521 724/955/3524 723/954/3523
f 722/952/3521 725/951/3520 724/955/3524
f 725/951/3520 726/956/3525 724/955/3524
f 725/951/3520 727/950/3519 726/956/3525
f 727/950/3519 728/957/3526 726/956/3525
f 727/950/3519 729/949/3518 728/957/3526
f 729/949/3518 730/958/3527 728/957/3526
f 729/949/3518 731/948/3517 730/958/3527
f 731/948/3517 732/959/3528 730/958/3527
f 731/948/3517 733/947/3516 732/959/3528
f 733/947/3516 734/960/3529 732/959/3528
f 733/947/3516 735/946/3515 734/960/3529
f 735/946/3515 736/961/3530 734/960/3529
f 735/946/3515 737/962/3531 736/961/3530
f 747/945/3514 737/962/3531 735/946/3515
f 747/945/3514 720/926/3495 749/925/3494
f 737/962/3531 738/963/3532 736/961/3530
g default
v 41.779972 208.884293 128.585403
v 109.381073 208.884293 79.470284
v 135.202682 208.884293 0.000001
v 109.381073 208.884293 -79.470284
v 71.905472 259.421906 -98.886826
v 101.685982 250.065933 -74.031845
v 81.115883 213.465805 -111.646500
v 37.264259 250.065933 -116.761177
v 41.779976 208.884323 -128.585419
v -0.000009 259.421906 -122.250511
v 0.000006 213.465805 -138.002640
v -38.008476 250.065933 -117.687073
v -42.164654 209.091354 -129.769028
v -116.345161 259.421906 -37.720444
v -100.180214 250.065933 -72.481377
v -131.248550 213.465805 -42.645176
v -109.381073 208.884293 -79.470284
v -116.345963 259.421906 37.885498
v -125.693985 250.065933 0.071100
v -131.248550 213.465805 42.645176
v -41.779972 208.884293 128.585403
v -71.905472 259.421906 99.052284
v -101.688370 250.065933 73.952301
v -81.115883 213.465805 111.646500
v -109.381088 208.884323 79.470284
v -135.202682 208.884323 0.000001
v -71.905472 259.421906 -98.886826
v -81.115883 213.465805 -111.646500
v 116.345978 259.421906 -37.720444
v 125.693985 250.065933 0.071100
v 131.248550 213.465805 -42.645176
v 116.345978 259.421906 37.885502
v 102.094048 250.065933 74.258392
v 131.248550 213.465805 42.645176
v 71.905563 259.421906 99.052284
v 38.841618 250.065933 119.613625
v 81.115883 213.465805 111.646500
v 0.000005 259.421906 122.415169
v -38.996571 250.065933 120.102036
v 0.000006 213.465805 138.002640
v 0.000006 192.057388 138.988190
v -29.817261 188.941086 133.628510
v 0.000006 177.474823 135.210632
v -26.415400 175.978577 128.632355
v 9.886615 165.970337 123.945610
v 0.000006 168.954849 130.194595
v 0.000006 163.732773 125.219894
v -15.415486 167.442703 117.596390
v 0.000007 232.971161 -0.025012
v 0.000006 165.267197 117.025261
v 15.415486 167.442703 117.596390
v 30.111097 173.829300 119.332840
v -30.111097 173.829300 119.332840
v -14.139757 171.314911 129.999710
v 26.415400 175.978577 128.632355
v 21.566948 169.960266 120.767029
v 29.817261 188.941086 133.628510
v 41.005848 185.828491 126.203072
v -9.886615 165.970337 123.945610
v -41.005848 185.828491 126.203072
v -21.566948 169.960266 120.767029
v 14.139757 171.314911 129.999710
v 81.694962 192.057388 112.443527
v 54.422237 188.941086 125.634315
v 79.475044 177.474823 109.388237
v 54.237457 175.978577 119.592155
v 80.851791 165.970337 94.462585
v 76.526512 168.954849 105.329903
v 73.602623 163.732773 101.304970
v 56.650108 167.442703 104.198776
v 68.785919 165.267197 94.675766
v 81.593147 167.442703 86.076248
v 94.502365 173.829300 78.843544
v 45.781761 173.829300 114.241219
v 64.972412 171.314911 113.483177
v 96.978561 175.978577 88.538933
v 88.433144 169.960266 85.026268
v 102.667564 188.941086 90.581627
v 107.355087 185.828491 77.997757
v 64.855003 165.970337 106.085571
v 53.537231 169.960266 110.379356
v 87.850883 171.314911 96.860840
v 132.185577 192.057388 42.949673
v 117.874001 188.941086 69.651436
v 128.593353 177.474823 41.782524
v 114.173630 175.978577 64.871948
v 120.934059 165.970337 28.898527
v 123.822304 168.954849 40.232368
v 119.091827 163.732773 38.695175
v 107.077484 167.442703 51.000328
v 111.298088 165.267197 36.162895
v 116.604485 167.442703 21.678312
v 122.796989 173.829300 8.238620
v 104.187645 173.829300 65.513229
v 119.267609 171.314911 53.619717
v 130.499252 175.978577 14.626966
v 121.521103 169.960266 16.807747
v 136.301987 188.941086 12.935618
v 132.697830 185.828491 0.000000
v 114.824295 165.970337 47.704025
v 108.191895 169.960266 57.830544
v 128.006332 171.314911 26.724270
v 132.185577 192.057388 -42.949673
v 136.302780 188.941086 -12.935618
v 128.593353 177.474823 -41.782524
v 130.499252 175.978577 -14.626966
v 114.824295 165.970337 -47.704025
v 123.822304 168.954849 -40.232368
v 119.091827 163.732773 -38.695175
v 116.604485 167.442703 -21.678312
v 111.298088 165.267197 -36.162895
v 107.077484 167.442703 -51.000328
v 104.187645 173.829300 -65.513229
v 122.796989 173.829300 -8.238620
v 128.006332 171.314911 -26.724270
v 114.173630 175.978577 -64.871948
v 108.191895 169.960266 -57.830620
v 117.874001 188.941086 -69.651436
v 107.355087 185.828491 -77.997757
v 120.934059 165.970337 -28.898607
v 121.521103 169.960266 -16.807747
v 119.267609 171.314911 -53.619717
v 81.694962 192.057388 -112.443527
v 102.667564 188.941086 -90.581627
v 79.475044 177.474823 -109.388237
v 96.978561 175.978577 -88.538933
v 64.855003 165.970337 -106.085571
v 76.526512 168.954849 -105.329903
v 73.602623 163.732773 -101.304970
v 81.593147 167.442703 -86.076248
v 68.785919 165.267197 -94.675766
v 56.650108 167.442703 -104.198776
v 45.781761 173.829300 -114.241219
v 94.502365 173.829300 -78.843544
v 87.850883 171.314911 -96.860840
v 54.237457 175.978577 -119.592155
v 53.537231 169.960266 -110.379356
v 54.422237 188.941086 -125.634315
v 41.005848 185.828491 -126.203072
v 80.851791 165.970337 -94.462585
v 88.433144 169.960266 -85.026268
v 64.972412 171.314911 -113.483177
v 0.000006 192.057404 -138.988190
v 29.817261 188.941086 -133.628510
v 0.000006 177.474823 -135.210632
v 26.415400 175.978577 -128.632355
v -9.886615 165.970337 -123.945610
v 0.000006 168.954849 -130.194595
v 0.000006 163.732773 -125.219894
v 15.415486 167.442703 -117.596390
v 0.000006 165.267197 -117.025261
v -15.415486 167.442703 -117.596390
v -30.111097 173.829300 -119.332840
v 30.111097 173.829300 -119.332840
v 14.139757 171.314911 -129.999710
v -26.415400 175.978577 -128.632355
v -21.566948 169.960266 -120.767029
v -29.817261 188.941086 -133.628510
v -40.808979 185.775238 -125.596931
v 9.886615 165.970337 -123.945610
v 21.566948 169.960266 -120.767029
v -14.139757 171.314911 -129.999710
v -81.694962 192.057404 -112.443527
v -54.422237 188.941086 -125.634315
v -79.475044 177.474823 -109.388237
v -54.237537 175.978577 -119.592155
v -80.851791 165.970337 -94.462585
v -76.526512 168.954849 -105.329903
v -73.602623 163.732773 -101.304970
v -56.650108 167.442703 -104.198776
v -68.785919 165.267197 -94.675766
v -81.593147 167.442703 -86.076248
v -94.502365 173.829300 -78.843544
v -45.781761 173.829300 -114.241219
v -64.972412 171.314911 -113.483177
v -96.978561 175.978577 -88.538933
v -88.433144 169.960266 -85.026268
v -102.667564 188.941086 -90.581627
v -107.355087 185.828491 -77.997757
v -64.855003 165.970337 -106.085571
v -53.537231 169.960266 -110.379356
v -87.850883 171.314911 -96.860840
v -132.185577 192.057388 -42.949673
v -117.874001 188.941086 -69.651436
v -128.593353 177.474823 -41.782524
v -114.173630 175.978577 -64.871948
v -120.934059 165.970337 -28.898527
v -123.822304 168.954849 -40.232368
v -119.091827 163.732773 -38.695175
v -107.077484 167.442703 -51.000328
v -111.298088 165.267197 -36.162895
v -116.604485 167.442703 -21.678312
v -122.796989 173.829300 -8.238620
v -104.187645 173.829300 -65.513229
v -119.267609 171.314911 -53.619717
v -130.499252 175.978577 -14.626966
v -121.521103 169.960266 -16.807747
v -136.302780 188.941086 -12.935618
v -132.697830 185.828491 0.000000
v -114.824295 165.970337 -47.704025
v -108.191895 169.960266 -57.830544
v -128.006332 171.314911 -26.724270
v -132.185577 192.057388 42.949673
v -136.302780 188.941086 12.935618
v -128.593353 177.474823 41.782444
v -130.499252 175.978577 14.626966
v -114.824295 165.970337 47.704025
v -123.822304 168.954849 40.232368
v -119.091827 163.732773 38.695175
v -116.604485 167.442703 21.678312
v -111.298088 165.267197 36.162895
v -107.077484 167.442703 51.000328
v -104.187645 173.829300 65.513229
v -122.796989 173.829300 8.238620
v -128.006332 171.314911 26.724270
v -114.173630 175.978577 64.871948
v -108.191895 169.960266 57.830620
v -117.874001 188.941086 69.651436
v -107.355087 185.828491 77.997757
v -120.934059 165.970337 28.898607
v -121.521103 169.960266 16.807747
v -119.267609 171.314911 53.619717
v -81.694962 192.057388 112.443527
v -102.667564 188.941086 90.581627
v -79.475044 177.474823 109.388237
v -96.978561 175.978577 88.538933
v -64.854927 165.970337 106.085571
v -76.526512 168.954849 105.329903
v -73.602623 163.732773 101.304970
v -81.593147 167.442703 86.076248
v -68.785919 165.267197 94.675766
v -56.650108 167.442703 104.198776
v -45.781761 173.829300 114.241219
v -94.502365 173.829300 78.843544
v -87.850883 171.314911 96.860840
v -54.237537 175.978577 119.592155
v -53.537231 169.960266 110.379356
v -54.422237 188.941086 125.634315
v -80.851791 165.970337 94.462585
v -88.433144 169.960266 85.026268
v -64.972412 171.314911 113.483177
v 76.934639 284.908875 105.944778
v 62.098797 325.567596 -85.451836
v 82.850739 335.756409 -60.183857
v 78.609375 281.107727 -105.761841
v 110.128006 290.142487 -79.959312
v -76.934639 284.908875 105.944778
v 0.000006 284.908875 130.942291
v 31.655207 335.756409 97.379463
v 0.014661 325.567596 105.623413
v 41.168999 289.788513 126.758286
v -31.625858 335.756409 97.379463
v -62.069450 325.567596 85.451836
v -41.168999 289.788513 126.758286
v -82.821320 335.756409 60.183857
v -100.439529 325.567596 32.639565
v -107.781441 289.788513 78.361351
v -127.192589 285.156647 41.380669
v -102.376434 335.756409 0.000001
v -100.439529 325.567596 -32.639565
v -136.125397 290.142487 0.053302
v -82.821320 335.756409 -60.183857
v -62.069450 325.567596 -85.451836
v -110.128006 290.142487 -79.959312
v -31.625858 335.756409 -97.379463
v 0.014661 325.567596 -105.623413
v -42.065144 290.142487 -129.410278
v 31.655207 335.756409 -97.379463
v 42.065224 291.593048 -124.923996
v 100.468956 325.567596 -32.639565
v 102.405853 335.756409 0.000001
v 100.468956 325.567596 32.639565
v 136.125397 290.142487 0.053308
v 82.850746 335.756409 60.183857
v 62.098797 325.567596 85.451836
v 110.128006 290.142487 80.065903
v 43.228001 261.949768 133.107498
v 13.019458 258.781830 137.250946
v 43.521996 247.348724 134.012695
v 15.235955 245.774536 135.997330
v 28.160200 240.913605 134.949753
v 42.394058 238.401596 130.541397
v 0.099976 260.814453 0.382285
v 67.572868 245.774536 118.992393
v 56.500725 240.913605 125.740913
v 70.102760 258.781830 118.703644
v 78.503258 255.617340 108.115540
v 0.000006 255.617340 133.622925
v 115.331772 261.845306 83.846626
v 92.908295 258.616913 105.357750
v 113.942154 247.348724 82.849159
v 92.225014 245.774536 101.081444
v 102.064613 240.913605 92.637054
v 110.989456 238.401596 80.703842
v 124.570824 245.774536 56.561020
v 119.580223 240.913605 68.528824
v 128.860641 258.617035 55.873524
v 129.444504 255.392242 42.112556
v 140.839966 247.348724 0.065440
v 137.060837 258.616913 30.636566
v 133.987244 245.774536 27.580566
v 136.984482 240.913605 14.964949
v 137.190491 238.401596 0.065439
v 133.987244 245.774536 -27.449711
v 136.984482 240.913605 -14.834019
v 137.060837 258.617035 -30.529657
v 129.444504 255.392242 -42.005562
v 113.942154 247.348724 -82.718689
v 128.860641 258.616913 -55.766617
v 124.570824 245.774536 -56.430176
v 119.580223 240.913605 -68.397987
v 110.989456 238.401596 -80.572594
v 92.225014 245.774536 -100.950203
v 102.064613 240.913605 -92.505798
v 92.908295 258.617035 -105.251144
v 80.001472 255.392242 -110.058792
v 44.052792 265.958038 -138.378082
v 71.440384 258.926117 -125.095016
v 43.522079 247.348724 -133.881470
v 67.572784 245.774536 -118.861137
v 56.500725 240.913605 -125.610458
v 41.936520 238.401596 -130.479355
v 15.235955 245.774536 -135.866882
v 28.160200 240.913605 -134.818481
v 13.267875 258.617035 -139.749420
v 0.000006 255.392242 -136.052216
v -43.521992 247.348724 -133.881470
v -28.160200 240.913605 -134.818481
v -42.841572 238.401596 -132.060699
v -67.572784 245.774536 -118.861137
v -56.500725 240.913605 -125.610458
v -71.440384 258.617035 -120.848167
v -80.001472 255.392242 -110.058792
v -15.235955 245.774536 -135.866882
v -13.267875 258.616913 -139.750214
v -113.942139 247.348724 -82.718681
v -92.908295 258.616913 -105.251144
v -92.225014 245.774536 -100.950203
v -102.064613 240.913605 -92.505798
v -111.984558 238.401596 -81.306793
v -124.570824 245.774536 -56.430176
v -119.580223 240.913605 -68.397980
v -128.860641 258.617035 -55.766529
v -129.444504 255.392242 -42.005562
v -140.839966 247.348724 0.065432
v -137.060837 258.616913 -30.529657
v -133.987244 245.774536 -27.449711
v -136.984482 240.913605 -14.834019
v -137.190491 238.401596 0.065432
v -133.987244 245.774536 27.580566
v -136.984482 240.913605 14.964949
v -137.060837 258.617035 30.636566
v -129.444504 255.392242 42.112556
v -115.331772 261.845306 83.846626
v -128.860641 258.616913 55.873524
v -113.942154 247.348724 82.849159
v -124.570824 245.774536 56.561020
v -119.580223 240.913605 68.528824
v -110.989456 238.401596 80.703842
v -92.225014 245.774536 101.081451
v -102.064613 240.913605 92.637047
v -91.168671 258.781830 103.398567
v -78.503258 255.617340 108.115540
v -43.228001 261.949768 133.107498
v -70.102760 258.781830 118.703644
v -43.521996 247.348724 134.012695
v -67.572784 245.774536 118.992393
v -56.500725 240.913605 125.740913
v -42.394058 238.401596 130.541397
v -15.235955 245.774536 135.997330
v -28.160200 240.913605 134.949738
v -13.019458 258.781830 137.250946
v 127.192589 285.156647 41.380669
v 127.192589 285.156616 -41.274078
v 0.000006 285.156647 -133.684967
v -78.609367 285.156647 -108.143372
v -127.192589 285.156647 -41.274078
v 115.331772 261.845306 -83.740051
v 142.558121 261.845306 0.053480
v -44.052792 261.845306 -135.527222
v -115.331772 261.845306 -83.740051
v -142.558121 261.845306 0.053474
v 29.486198 398.895325 90.749466
v 8.880700 396.581787 93.575676
v 29.686810 388.232513 91.366730
v 10.392594 387.082977 92.720573
v 29.538937 382.045654 90.911736
v 46.547695 385.431580 74.026039
v 46.092064 387.082977 81.121452
v 28.410364 379.092102 87.438049
v 15.589926 451.459808 21.457655
v 0.000006 455.773041 0.000007
v 0.000006 451.459808 26.523102
v 47.817776 396.581787 80.924179
v 53.547806 394.270874 73.702217
v 0.000036 394.270874 91.101051
v 5.853602 385.431580 87.248726
v 0.000036 411.639893 83.374939
v 26.384377 415.899567 81.202583
v 0.000006 429.636261 69.337555
v 40.755608 429.636261 56.095291
v 49.006638 411.639893 67.451881
v 46.293629 393.647888 63.717758
v 0.000036 393.647888 78.759468
v 77.195869 398.895325 56.086060
v 62.187012 396.581787 70.484344
v 77.721016 388.232513 56.467560
v 62.907600 387.082977 68.903954
v 77.333954 382.045654 56.186443
v 81.169174 385.431580 32.528286
v 84.971382 387.082977 38.536091
v 74.379211 379.092102 54.039631
v 25.225021 451.459808 8.196064
v 86.251251 396.581787 37.362495
v 86.641800 394.270874 28.151768
v 56.018929 385.431580 67.144760
v 69.075211 415.899567 50.186035
v 65.943962 429.636261 21.426474
v 79.294403 411.639893 25.764330
v 74.904762 393.647888 24.338026
v 95.419502 398.895325 -0.000025
v 91.739799 396.581787 20.470432
v 96.068581 388.232513 -0.000009
v 91.393768 387.082977 18.768270
v 95.589722 382.045654 -0.000008
v 84.786842 385.431580 -21.394178
v 91.393768 387.082977 -18.768349
v 91.937859 379.092102 -0.000025
v 25.225021 451.459808 -8.196064
v 91.739799 396.581787 -20.470432
v 86.641800 394.270874 -28.151768
v 84.786842 385.431580 21.394178
v 85.381836 415.899567 -0.000017
v 65.943878 429.636261 -21.426474
v 79.294403 411.639893 -25.764330
v 74.904686 393.647888 -24.338026
v 77.195869 398.895325 -56.086060
v 86.251251 396.581787 -37.362495
v 77.721016 388.232513 -56.467640
v 84.971382 387.082977 -38.536171
v 77.333954 382.045654 -56.186443
v 56.018929 385.431580 -67.144760
v 62.907600 387.082977 -68.903954
v 74.379211 379.092102 -54.039631
v 15.589848 451.459808 -21.457655
v 62.187012 396.581787 -70.484344
v 53.547806 394.270874 -73.702217
v 81.169174 385.431580 -32.528282
v 69.075211 415.899567 -50.186119
v 40.755608 429.636261 -56.095291
v 49.006638 411.639893 -67.451881
v 46.293629 393.647888 -63.717758
v 29.486198 398.895325 -90.749466
v 47.817776 396.581787 -80.924179
v 29.686731 388.232513 -91.366730
v 46.092064 387.082977 -81.121452
v 29.538937 382.045654 -90.911736
v 5.853571 385.431580 -87.248726
v 10.392515 387.082977 -92.720573
v 28.410286 379.092102 -87.438049
v 0.000006 451.459808 -26.523102
v 8.880621 396.581787 -93.575676
v -0.000024 394.270874 -91.101051
v 46.547695 385.431580 -74.026123
v 26.384377 415.899567 -81.202583
v 0.000006 429.636261 -69.337555
v -0.000055 411.639893 -83.374939
v -0.000024 393.647888 -78.759468
v -29.486198 398.895325 -90.749466
v -8.880700 396.581787 -93.575676
v -29.686810 388.232513 -91.366730
v -10.392594 387.082977 -92.720573
v -29.538937 382.045654 -90.911736
v -28.410364 379.092102 -87.438049
v -46.547695 385.431580 -74.026039
v -46.092064 387.082977 -81.121452
v -15.589926 451.459808 -21.457655
v -47.817776 396.581787 -80.924179
v -53.547821 394.270874 -73.702217
v -5.853594 385.431580 -87.248726
v -26.385973 415.891418 -81.207359
v -40.755608 429.636261 -56.095291
v -49.006638 411.639893 -67.451881
v -46.293629 393.647888 -63.717758
v -77.195869 398.895325 -56.086060
v -62.187012 396.581787 -70.484344
v -77.721016 388.232513 -56.467560
v -62.907600 387.082977 -68.903954
v -77.333954 382.045654 -56.186443
v -81.169174 385.431580 -32.528286
v -84.971382 387.082977 -38.536091
v -74.154587 379.138245 -53.876404
v -25.225021 451.459808 -8.196064
v -86.251251 396.581787 -37.362495
v -86.641800 394.270874 -28.151768
v -56.018929 385.431580 -67.144760
v -69.075211 415.899567 -50.186035
v -65.943962 429.636261 -21.426474
v -79.294403 411.639893 -25.764330
v -74.904762 393.647888 -24.338026
v -95.419502 398.895325 0.000025
v -91.739799 396.581787 -20.470432
v -96.068581 388.232513 0.000009
v -91.393768 387.082977 -18.768270
v -95.589722 382.045654 0.000024
v -84.786842 385.431580 21.394178
v -91.393768 387.082977 18.768349
v -91.937859 379.092102 0.000024
v -25.225021 451.459808 8.196064
v -91.739799 396.581787 20.470432
v -86.641800 394.270874 28.151768
v -84.786842 385.431580 -21.394178
v -85.381836 415.899567 0.000022
v -65.943878 429.636261 21.426474
v -79.294403 411.639893 25.764330
v -74.904762 393.647888 24.338026
v -77.195869 398.895325 56.086060
v -86.251251 396.581787 37.362495
v -77.721016 388.232513 56.467640
v -84.971382 387.082977 38.536171
v -77.334038 382.045654 56.186443
v -56.018929 385.431580 67.144760
v -62.907600 387.082977 68.903954
v -74.379211 379.092102 54.039631
v -15.589926 451.459808 21.457655
v -62.186935 396.581787 70.484344
v -53.547806 394.270874 73.702217
v -81.169174 385.431580 32.528282
v -69.075211 415.899567 50.186119
v -40.755608 429.636261 56.095291
v -49.006638 411.639893 67.451881
v -46.293629 393.647888 63.717758
v -29.486198 398.895325 90.749466
v -47.817776 396.581787 80.924179
v -29.686649 388.232513 91.366730
v -46.092064 387.082977 81.121452
v -29.538937 382.045654 90.911736
v -5.853562 385.431580 87.248726
v -10.392515 387.082977 92.720573
v -28.410364 379.092102 87.438049
v -8.880621 396.581787 93.575676
v -46.547695 385.431580 74.026123
v -26.384377 415.899567 81.202583
v 27.888395 443.945740 38.385036
v 0.000006 443.945740 47.446541
v 45.124329 443.945740 14.661806
v 45.124329 443.945740 -14.661806
v 27.888395 443.945740 -38.385036
v 0.000006 443.945740 -47.446541
v -27.888395 443.945740 -38.385036
v -45.124329 443.945740 -14.661806
v -45.124329 443.945740 14.661806
v -27.888395 443.945740 38.385036
v 0.000006 323.937744 125.140373
v -13.238604 317.077087 121.714394
v 0.000006 314.398834 121.897339
v 0.000000 337.386627 0.000000
v 24.447956 322.259369 119.051262
v 13.238604 317.077087 121.714394
v 26.665167 336.128418 119.502266
v 36.671021 332.754181 112.861931
v 0.000006 339.506042 124.294815
v -36.670940 332.754181 112.861931
v -24.447958 322.259369 119.051262
v -26.665167 336.128357 119.502266
v 0.000006 366.093567 109.159157
v 33.138069 360.383881 101.989044
v 73.555779 323.937744 101.240540
v 60.831665 317.077087 106.250229
v 71.649422 314.398834 98.617172
v 89.755165 322.259369 81.944733
v 82.251770 317.077087 90.687424
v 91.814568 336.128418 81.006111
v 96.005737 332.754181 69.752373
v 73.058792 339.506042 100.556465
v 50.197891 322.259369 110.684807
v 48.669056 336.128357 112.352852
v 64.162254 366.093567 88.311440
v 86.757149 360.383881 63.032482
v 119.015465 323.937744 38.670521
v 111.666382 317.077087 50.202503
v 115.931534 314.398834 37.668343
v 120.779747 322.259369 13.537529
v 119.848289 317.077087 25.021151
v 121.893372 336.128418 11.568097
v 118.669456 332.754181 0.000000
v 118.211266 339.506042 38.409298
v 105.669548 322.259369 60.040356
v 105.413422 336.128357 62.288277
v 103.816971 366.093567 33.732101
v 107.237366 360.383881 0.000000
v 119.015465 323.937744 -38.670521
v 119.848289 317.077087 -25.021151
v 115.931534 314.398834 -37.668343
v 105.669548 322.259369 -60.040356
v 111.666382 317.077087 -50.202503
v 105.413422 336.128418 -62.288277
v 96.005737 332.754181 -69.752373
v 118.211266 339.506042 -38.409298
v 120.779747 322.259369 -13.537529
v 121.893372 336.128357 -11.568098
v 103.816971 366.093567 -33.732101
v 86.757149 360.383881 -63.032482
v 73.555779 323.937744 -101.240540
v 82.251770 317.077087 -90.687424
v 71.649422 314.398834 -98.617172
v 50.197887 322.259369 -110.684807
v 60.831665 317.077087 -106.250229
v 48.669052 336.128418 -112.352852
v 36.671021 332.754181 -112.861931
v 73.058792 339.506042 -100.556465
v 89.755165 322.259369 -81.944733
v 91.814568 336.128357 -81.006119
v 64.162254 366.093567 -88.311440
v 33.138069 360.383881 -101.989044
v 0.000006 323.937744 -125.140373
v 13.238604 317.077087 -121.714394
v 0.000006 314.398834 -121.897339
v -24.447956 322.259369 -119.051262
v -13.238604 317.077087 -121.714394
v -26.665167 336.128418 -119.502266
v -36.670940 332.754181 -112.861931
v 0.000006 339.506042 -124.294815
v 24.447958 322.259369 -119.051262
v 26.665167 336.128357 -119.502266
v 0.000006 366.093567 -109.159157
v -33.138069 360.383881 -101.989044
v -73.555779 323.937744 -101.240540
v -60.831665 317.077087 -106.250229
v -71.649422 314.398834 -98.617172
v -89.755165 322.259369 -81.944733
v -82.251770 317.077087 -90.687424
v -91.814568 336.128418 -81.006111
v -96.005737 332.754181 -69.752373
v -73.058792 339.506042 -100.556465
v -50.197891 322.259369 -110.684807
v -48.669056 336.128357 -112.352852
v -64.162254 366.093567 -88.311440
v -86.757149 360.383881 -63.032482
v -119.015465 323.937744 -38.670521
v -111.666382 317.077087 -50.202503
v -115.931534 314.398834 -37.668343
v -120.779747 322.259369 -13.537529
v -119.848289 317.077087 -25.021151
v -121.893372 336.128418 -11.568097
v -118.669456 332.754181 0.000000
v -118.211266 339.506042 -38.409298
v -105.669548 322.259369 -60.040356
v -105.413422 336.128357 -62.288277
v -103.816971 366.093567 -33.732101
v -107.237366 360.383881 0.000000
v -119.015465 323.937744 38.670521
v -119.848289 317.077087 25.021151
v -115.931534 314.398834 37.668343
v -105.669548 322.259369 60.040356
v -111.666382 317.077087 50.202503
v -105.413422 336.128418 62.288277
v -96.005737 332.754181 69.752373
v -118.211266 339.506042 38.409298
v -120.779747 322.259369 13.537529
v -121.893372 336.128357 11.568177
v -103.816971 366.093567 33.732101
v -86.757149 360.383881 63.032482
v -73.555779 323.937744 101.240540
v -82.251770 317.077087 90.687424
v -71.649422 314.398834 98.617172
v -50.197887 322.259369 110.684807
v -60.831665 317.077087 106.250229
v -48.669052 336.128418 112.352852
v -73.058792 339.506042 100.556465
v -89.755165 322.259369 81.944733
v -91.814568 336.128357 81.006119
v -64.162254 366.093567 88.311440
v -33.138069 360.383881 101.989044
v 11.234172 -0.000000 -24.878290
v -0.424879 -0.000000 -24.601793
v 9.151071 7.970397 -20.799030
v -0.417536 7.970397 -20.414196
v -11.364942 -0.000000 -25.908545
v -17.469473 0.000001 -17.059265
v -9.712016 7.970397 -21.895386
v -14.483865 7.970397 -13.783241
v -25.741661 -0.000001 -11.096719
v -29.195147 -0.000000 0.415789
v -22.321981 7.970397 -9.011392
v -24.625498 7.970397 0.420165
v -24.262697 -0.000003 10.046101
v -20.532955 -0.000003 20.665873
v -20.540352 7.970397 8.755259
v -17.747559 7.970397 17.218988
v -10.188167 -0.000003 22.641829
v 0.156704 0.000003 29.398779
v -8.478605 7.970397 19.035378
v -0.006392 7.970397 24.817757
v 9.338396 -0.000000 23.653866
v 20.113758 -0.000003 20.670406
v 7.643503 7.970397 19.583597
v 16.651125 7.970397 17.223204
v 21.938580 -0.000000 8.713737
v 29.295292 -0.000000 0.415789
v 18.060646 7.970397 7.110716
v 23.980078 7.970397 0.420165
v 22.231619 -0.000000 -8.756771
v 20.943005 -0.000000 -20.659033
v 18.334755 7.970397 -6.955637
v 16.895563 7.970397 -16.884426
v 7.871866 41.770748 -18.696680
v -0.009514 41.770748 -22.795588
v -16.294210 41.770748 -16.285858
v -7.909976 41.572369 -19.074512
v -23.446018 41.770748 -0.001160
v -17.634527 41.770748 16.648340
v -18.806053 41.615559 8.547569
v -0.009514 41.770748 22.671101
v -7.905259 41.649208 19.060833
v 16.212677 41.770748 16.342571
v 7.886479 41.643955 19.061468
v 18.497263 41.770748 7.502631
v 22.418468 41.770748 -0.001160
v 18.686020 41.770748 -7.693743
v 14.877371 143.179367 -14.877371
v 0.000000 143.179367 -21.039730
v 14.877371 384.713409 -14.877371
v 0.000000 384.713409 -21.039730
v -14.877371 143.179367 -14.877371
v -14.877371 384.713409 -14.877371
v -21.039730 143.179367 0.000000
v -21.039730 384.713409 0.000000
v -14.877371 143.179367 14.877371
v -14.877371 384.713409 14.877371
v 0.000000 143.179367 21.039730
v 0.000000 384.713409 21.039730
v 14.877371 143.179367 14.877371
v 14.877371 384.713409 14.877371
v 21.039730 143.179367 0.000000
v 21.039730 384.713409 0.000000
v 14.877371 143.179367 -14.877371
v 14.877371 384.713409 -14.877371
v 15.628584 75.574921 -15.628584
v 0.000000 75.574921 -22.102201
v -15.628584 75.574921 -15.628584
v -22.102201 75.574921 0.000000
v -15.628584 75.574921 15.628584
v 0.000000 75.574921 22.102201
v 15.628584 75.574921 15.628584
v 22.102201 75.574921 0.000000
v 15.628584 75.574921 -15.628584
v -19.082390 41.575310 -7.901392
v 16.883074 41.770748 -17.137455
v 16.883074 41.770748 -17.137455
v 16.895563 7.970397 -16.884426
v 20.943005 -0.000000 -20.659033
vt 0.051556 0.119347
vt 0.009766 0.125420
vt 0.055585 0.074777
vt 0.011272 0.073531
vt 0.045510 0.052104
vt 0.059621 0.049492
vt 0.045708 0.037635
vt 0.138212 0.129584
vt 0.094019 0.135352
vt 0.142653 0.085503
vt 0.098413 0.085602
vt 0.131676 0.063405
vt 0.145379 0.059660
vt 0.130408 0.048757
vt 0.226201 0.137228
vt 0.182026 0.144484
vt 0.229344 0.092875
vt 0.185228 0.094614
vt 0.217634 0.071118
vt 0.231173 0.066901
vt 0.215825 0.056482
vt 0.314669 0.141816
vt 0.270471 0.150524
vt 0.316139 0.097373
vt 0.272121 0.100553
vt 0.303728 0.075996
vt 0.317115 0.071334
vt 0.301437 0.061420
vt 0.359259 0.153675
vt 0.359115 0.103632
vt 0.330043 0.076844
vt 0.359690 0.082143
vt 0.403218 0.144311
vt 0.402912 0.098987
vt 0.447057 0.154220
vt 0.445949 0.104171
vt 0.416227 0.078117
vt 0.445983 0.082661
vt 0.489976 0.143589
vt 0.489672 0.098521
vt 0.623230 0.149122
vt 0.578321 0.141074
vt 0.619688 0.099281
vt 0.576431 0.096127
vt 0.711722 0.143031
vt 0.666078 0.135929
vt 0.706541 0.093397
vt 0.663125 0.091575
vt 0.674849 0.069755
vt 0.704919 0.071999
vt 0.840590 0.117813
vt 0.799301 0.133829
vt 0.836902 0.074231
vt 0.793386 0.084703
vt 0.820697 0.055566
vt 0.833193 0.049052
vt 0.815795 0.041573
vt 0.753989 0.128381
vt 0.749783 0.084293
vt 0.760861 0.062235
vt 0.791138 0.063553
vt 0.535224 0.152722
vt 0.532882 0.102761
vt 0.243921 0.072831
vt 0.273397 0.079108
vt 0.157928 0.065987
vt 0.187205 0.073236
vt 0.071953 0.056129
vt 0.101099 0.064440
vt 0.882344 0.124433
vt 0.881243 0.073461
vt 0.847288 0.051763
vt 0.878712 0.050728
vt 0.875567 0.034852
vt 0.859014 0.030577
vt 0.872451 0.024452
vt 0.847338 0.037287
vt 0.860026 0.021342
vt 0.033365 0.021496
vt 0.020832 0.024353
vt 0.023751 0.017026
vt 0.215595 0.621207
vt 0.159242 0.760088
vt 0.201170 0.616529
vt 0.186496 0.612707
vt 0.171111 0.609558
vt 0.230256 0.626832
vt 0.054405 0.031622
vt 0.045678 0.026509
vt 0.017483 0.034786
vt 0.034082 0.030765
vt 0.014104 0.050690
vt 0.869738 0.017092
vt 0.847549 0.026100
vt 0.838727 0.031101
vt 0.851214 0.019256
vt 0.864691 0.009766
vt 0.028990 0.009822
vt 0.042183 0.019616
vt 0.154562 0.604570
vt 0.246889 0.631535
vt 0.103109 0.049651
vt 0.090370 0.040000
vt 0.104511 0.039957
vt 0.077182 0.042098
vt 0.095483 0.031996
vt 0.115583 0.034583
vt 0.105557 0.033000
vt 0.123176 0.614615
vt 0.108758 0.619315
vt 0.094641 0.624852
vt 0.080346 0.631351
vt 0.138342 0.610544
vt 0.137987 0.041417
vt 0.128409 0.037454
vt 0.118018 0.043603
vt 0.082197 0.031383
vt 0.071858 0.032887
vt 0.088738 0.026259
vt 0.106831 0.024463
vt 0.123616 0.030910
vt 0.064026 0.637048
vt 0.188635 0.058351
vt 0.175540 0.049174
vt 0.189640 0.048602
vt 0.162490 0.051759
vt 0.180301 0.040983
vt 0.200473 0.042822
vt 0.190398 0.041609
vt 0.044546 0.663628
vt 0.035647 0.675907
vt 0.027485 0.688687
vt 0.019744 0.702350
vt 0.054420 0.651418
vt 0.223112 0.048852
vt 0.213391 0.045232
vt 0.203260 0.051764
vt 0.167015 0.040880
vt 0.156758 0.042786
vt 0.173321 0.035513
vt 0.191319 0.033025
vt 0.208347 0.038853
vt 0.009894 0.716554
vt 0.274332 0.064181
vt 0.260942 0.055441
vt 0.275011 0.054404
vt 0.247993 0.058457
vt 0.265424 0.047098
vt 0.285644 0.048270
vt 0.275535 0.047389
vt 0.009766 0.749508
vt 0.009787 0.764673
vt 0.010701 0.779810
vt 0.012474 0.795413
vt 0.010573 0.733826
vt 0.308467 0.053553
vt 0.298632 0.050254
vt 0.288726 0.057117
vt 0.252145 0.047436
vt 0.241960 0.049682
vt 0.258264 0.041863
vt 0.276168 0.038779
vt 0.293380 0.044043
vt 0.012860 0.812694
vt 0.360146 0.067192
vt 0.346489 0.058896
vt 0.360514 0.057399
vt 0.333645 0.062337
vt 0.350699 0.050410
vt 0.370948 0.050924
vt 0.360815 0.050371
vt 0.032133 0.839425
vt 0.041068 0.851679
vt 0.050708 0.863385
vt 0.061317 0.874964
vt 0.023565 0.826266
vt 0.393931 0.055471
vt 0.387150 0.063554
vt 0.383994 0.052488
vt 0.389891 0.078040
vt 0.403145 0.072961
vt 0.374309 0.059665
vt 0.337440 0.051182
vt 0.327333 0.053761
vt 0.343376 0.045411
vt 0.361173 0.041745
vt 0.378548 0.046450
vt 0.071792 0.888714
vt 0.446068 0.067709
vt 0.432210 0.059759
vt 0.446197 0.057912
vt 0.419455 0.063524
vt 0.456476 0.051187
vt 0.446329 0.050879
vt 0.103101 0.899004
vt 0.117533 0.903661
vt 0.132215 0.907463
vt 0.147604 0.910591
vt 0.088432 0.893398
vt 0.479575 0.055233
vt 0.472963 0.063427
vt 0.469563 0.052455
vt 0.476083 0.077829
vt 0.489305 0.071986
vt 0.460042 0.059846
vt 0.436213 0.051169
vt 0.422970 0.052275
vt 0.412925 0.055112
vt 0.428765 0.046354
vt 0.446479 0.042246
vt 0.463975 0.046536
vt 0.502603 0.077323
vt 0.532480 0.081252
vt 0.163916 0.914936
vt 0.532231 0.066302
vt 0.518188 0.058656
vt 0.532129 0.056503
vt 0.505533 0.062693
vt 0.521983 0.049983
vt 0.542243 0.049550
vt 0.532091 0.049469
vt 0.195110 0.905567
vt 0.209536 0.900889
vt 0.223662 0.895371
vt 0.237967 0.888891
vt 0.179936 0.909616
vt 0.565421 0.053036
vt 0.559030 0.061429
vt 0.555352 0.050513
vt 0.562449 0.075785
vt 0.575451 0.070115
vt 0.546017 0.058132
vt 0.508767 0.051396
vt 0.498786 0.054488
vt 0.514418 0.045339
vt 0.532034 0.040835
vt 0.549623 0.044729
vt 0.588766 0.074668
vt 0.618728 0.077822
vt 0.254295 0.883214
vt 0.618095 0.062883
vt 0.603860 0.055596
vt 0.617746 0.053093
vt 0.591297 0.059951
vt 0.607442 0.046831
vt 0.627680 0.045887
vt 0.617531 0.046064
vt 0.273814 0.856661
vt 0.282732 0.844395
vt 0.290912 0.831626
vt 0.298673 0.817974
vt 0.263922 0.868857
vt 0.650938 0.048776
vt 0.644769 0.057333
vt 0.640809 0.046514
vt 0.648568 0.071598
vt 0.661408 0.065592
vt 0.631673 0.054368
vt 0.594267 0.048559
vt 0.584370 0.051864
vt 0.599768 0.042376
vt 0.617257 0.037435
vt 0.634934 0.040879
vt 0.308542 0.803782
vt 0.703819 0.057092
vt 0.689358 0.050242
vt 0.703161 0.047316
vt 0.676933 0.054975
vt 0.692664 0.041374
vt 0.712864 0.039805
vt 0.702724 0.040297
vt 0.308715 0.770827
vt 0.308716 0.755663
vt 0.307824 0.740525
vt 0.306075 0.724919
vt 0.307885 0.786509
vt 0.736208 0.041963
vt 0.730318 0.050713
vt 0.726009 0.040020
vt 0.734579 0.064846
vt 0.747245 0.058488
vt 0.717126 0.048158
vt 0.679549 0.043502
vt 0.669761 0.047103
vt 0.684855 0.037156
vt 0.702177 0.031681
vt 0.719954 0.034571
vt 0.305713 0.707637
vt 0.789485 0.048747
vt 0.774718 0.042373
vt 0.788438 0.039021
vt 0.762437 0.047473
vt 0.797846 0.031204
vt 0.787718 0.032027
vt 0.286474 0.680881
vt 0.277557 0.668615
vt 0.267935 0.656895
vt 0.257344 0.645301
vt 0.295024 0.694052
vt 0.821294 0.032586
vt 0.811011 0.030988
vt 0.802463 0.039422
vt 0.777688 0.033430
vt 0.764637 0.035974
vt 0.754974 0.039881
vt 0.769709 0.029481
vt 0.786821 0.023443
vt 0.804718 0.025731
vt 0.706348 0.205646
vt 0.719294 0.171281
vt 0.744725 0.238787
vt 0.767532 0.202881
vt 0.791310 0.219946
vt 0.775011 0.246732
vt 0.803449 0.228806
vt 0.811377 0.234603
vt 0.799371 0.245500
vt 0.651857 0.255417
vt 0.672554 0.224182
vt 0.682527 0.297237
vt 0.712678 0.266709
vt 0.732399 0.288497
vt 0.710647 0.311414
vt 0.742533 0.299616
vt 0.588146 0.293166
vt 0.614901 0.266813
vt 0.609363 0.340526
vt 0.645197 0.317010
vt 0.660034 0.342608
vt 0.633868 0.360348
vt 0.667560 0.355597
vt 0.518066 0.316740
vt 0.549645 0.296715
vt 0.530494 0.369852
vt 0.568752 0.351937
vt 0.444664 0.324317
vt 0.479888 0.311547
vt 0.444151 0.376180
vt 0.487463 0.366250
vt 0.487936 0.395544
vt 0.457926 0.404623
vt 0.371183 0.316281
vt 0.408339 0.311318
vt 0.359557 0.366875
vt 0.402346 0.369669
vt 0.398817 0.399109
vt 0.367220 0.397470
vt 0.397008 0.414060
vt 0.367107 0.411507
vt 0.380152 0.418497
vt 0.395980 0.423356
vt 0.301046 0.292791
vt 0.338437 0.295832
vt 0.278952 0.339758
vt 0.320156 0.351572
vt 0.310475 0.379569
vt 0.279948 0.371285
vt 0.305531 0.393776
vt 0.276868 0.384987
vt 0.288146 0.394576
vt 0.237288 0.255156
vt 0.273289 0.265923
vt 0.205920 0.296140
vt 0.243711 0.316426
vt 0.228370 0.341696
vt 0.200310 0.327175
vt 0.220555 0.354508
vt 0.183210 0.205640
vt 0.215989 0.223428
vt 0.144682 0.237885
vt 0.177123 0.265405
vt 0.156579 0.287200
vt 0.132701 0.266775
vt 0.146253 0.297987
vt 0.124439 0.277994
vt 0.130416 0.291467
vt 0.142552 0.146544
vt 0.169794 0.170733
vt 0.096399 0.167567
vt 0.122400 0.202188
vt 0.098444 0.218760
vt 0.078932 0.194310
vt 0.086200 0.227425
vt 0.078202 0.233111
vt 0.071948 0.218102
vt 0.746974 0.146480
vt 0.793779 0.168966
vt 0.811034 0.195845
vt 0.821185 0.205447
vt 0.817777 0.219692
vt 0.114564 0.245533
vt 0.102384 0.252050
vt 0.090133 0.244103
vt 0.177802 0.310110
vt 0.167006 0.319174
vt 0.153356 0.313645
vt 0.254215 0.359447
vt 0.339545 0.391379
vt 0.429728 0.404442
vt 0.608070 0.372102
vt 0.577694 0.380032
vt 0.582301 0.394330
vt 0.687979 0.328392
vt 0.756503 0.268797
vt 0.765001 0.279999
vt 0.758603 0.293414
vt 0.764263 0.734947
vt 0.655752 0.634085
vt 0.664376 0.623259
vt 0.676261 0.613948
vt 0.787086 0.253362
vt 0.768645 0.259700
vt 0.821161 0.185727
vt 0.701738 0.600642
vt 0.688781 0.605510
vt 0.719826 0.597929
vt 0.647598 0.650457
vt 0.749152 0.306871
vt 0.617051 0.717386
vt 0.617657 0.703559
vt 0.621791 0.689039
vt 0.721253 0.320635
vt 0.701568 0.322991
vt 0.735043 0.315266
vt 0.634568 0.663293
vt 0.626954 0.674851
vt 0.617438 0.735382
vt 0.693676 0.341352
vt 0.684570 0.353031
vt 0.672482 0.364101
vt 0.634702 0.807423
vt 0.627067 0.795878
vt 0.621882 0.781700
vt 0.642296 0.371611
vt 0.622524 0.369720
vt 0.656919 0.369294
vt 0.617091 0.753360
vt 0.617722 0.767187
vt 0.645584 0.821761
vt 0.610892 0.385960
vt 0.599502 0.395430
vt 0.585323 0.403678
vt 0.701897 0.869899
vt 0.688936 0.865044
vt 0.719122 0.875112
vt 0.548409 0.391731
vt 0.554182 0.404565
vt 0.535384 0.398358
vt 0.568989 0.405430
vt 0.655876 0.836506
vt 0.664513 0.847322
vt 0.676407 0.856619
vt 0.517955 0.398489
vt 0.490515 0.415056
vt 0.520842 0.413401
vt 0.507295 0.420038
vt 0.490854 0.424908
vt 0.792986 0.880960
vt 0.779645 0.884649
vt 0.460761 0.418474
vt 0.443785 0.408309
vt 0.474992 0.422761
vt 0.736121 0.880988
vt 0.749466 0.884663
vt 0.765005 0.885117
vt 0.809982 0.875059
vt 0.426552 0.418215
vt 0.412286 0.422141
vt 0.873133 0.836425
vt 0.864503 0.847246
vt 0.352523 0.398129
vt 0.827195 0.869821
vt 0.840150 0.864949
vt 0.853607 0.858002
vt 0.883421 0.821672
vt 0.333481 0.404159
vt 0.318694 0.404939
vt 0.302441 0.402708
vt 0.911849 0.753295
vt 0.911221 0.767122
vt 0.265448 0.368812
vt 0.894282 0.807322
vt 0.901907 0.795771
vt 0.908282 0.782014
vt 0.911503 0.735316
vt 0.245545 0.370638
vt 0.230943 0.368224
vt 0.215448 0.362901
vt 0.894327 0.663233
vt 0.901946 0.674789
vt 0.907116 0.688974
vt 0.194433 0.339962
vt 0.186719 0.321681
vt 0.203452 0.351708
vt 0.911873 0.717319
vt 0.911259 0.703492
vt 0.883475 0.648895
vt 0.139462 0.305064
vt 0.827224 0.600660
vt 0.840180 0.605532
vt 0.852699 0.613971
vt 0.121030 0.258410
vt 0.873205 0.634111
vt 0.864583 0.623284
vt 0.809137 0.597939
vt 0.736053 0.589488
vt 0.749396 0.585806
vt 0.764484 0.585266
vt 0.068681 0.203789
vt 0.068931 0.184048
vt 0.792914 0.589491
vt 0.779572 0.585807
vt 0.617460 0.444464
vt 0.620849 0.424533
vt 0.629016 0.446055
vt 0.630920 0.427096
vt 0.624185 0.415275
vt 0.635917 0.447154
vt 0.627138 0.464924
vt 0.617243 0.464916
vt 0.617701 0.474721
vt 0.630741 0.471248
vt 0.641093 0.447965
vt 0.939149 0.052472
vt 0.916705 0.036178
vt 0.944439 0.036169
vt 0.543166 0.463521
vt 0.518482 0.464162
vt 0.516051 0.445881
vt 0.539578 0.432378
vt 0.571562 0.465140
vt 0.569916 0.420520
vt 0.596514 0.442703
vt 0.636376 0.421951
vt 0.598897 0.414984
vt 0.596496 0.469555
vt 0.625147 0.476647
vt 0.635667 0.407906
vt 0.605588 0.501492
vt 0.613322 0.483215
vt 0.615748 0.505963
vt 0.621895 0.488040
vt 0.621804 0.508751
vt 0.608842 0.523256
vt 0.599632 0.520482
vt 0.597201 0.529789
vt 0.610460 0.530251
vt 0.626323 0.510829
vt 0.925285 0.062553
vt 0.533146 0.493719
vt 0.511373 0.483886
vt 0.557638 0.506253
vt 0.587138 0.494002
vt 0.628006 0.484261
vt 0.579104 0.518622
vt 0.603623 0.533744
vt 0.577628 0.551059
vt 0.590566 0.536409
vt 0.585826 0.558409
vt 0.597149 0.543491
vt 0.590696 0.562885
vt 0.573802 0.572337
vt 0.565967 0.566771
vt 0.560679 0.574649
vt 0.573099 0.579400
vt 0.594331 0.566213
vt 0.908144 0.062559
vt 0.513007 0.518456
vt 0.496820 0.500899
vt 0.531176 0.539245
vt 0.562691 0.538102
vt 0.604055 0.541759
vt 0.547211 0.558218
vt 0.565488 0.580442
vt 0.535213 0.587955
vt 0.552250 0.578620
vt 0.540570 0.597580
vt 0.556185 0.587415
vt 0.543729 0.603392
vt 0.524596 0.606529
vt 0.519021 0.598660
vt 0.511421 0.604226
vt 0.521594 0.612899
vt 0.546094 0.607716
vt 0.894273 0.052489
vt 0.485699 0.534803
vt 0.476971 0.512445
vt 0.495445 0.560829
vt 0.525386 0.570746
vt 0.563304 0.588080
vt 0.504151 0.584214
vt 0.514047 0.611287
vt 0.482938 0.607944
vt 0.502134 0.605053
vt 0.484791 0.618806
vt 0.502934 0.614640
vt 0.485845 0.625335
vt 0.466733 0.621695
vt 0.464105 0.612396
vt 0.455088 0.614995
vt 0.461768 0.626631
vt 0.486647 0.630199
vt 0.888970 0.036188
vt 0.454526 0.540909
vt 0.454269 0.516885
vt 0.454667 0.568740
vt 0.479435 0.588414
vt 0.509448 0.617701
vt 0.454936 0.593710
vt 0.455197 0.622522
vt 0.427018 0.608658
vt 0.446052 0.612574
vt 0.425122 0.619540
vt 0.443605 0.621854
vt 0.423918 0.626079
vt 0.423035 0.630737
vt 0.400846 0.618933
vt 0.407166 0.615739
vt 0.894261 0.019884
vt 0.423136 0.536066
vt 0.431385 0.513641
vt 0.413673 0.562071
vt 0.430291 0.589108
vt 0.407821 0.606199
vt 0.398482 0.605610
vt 0.448722 0.626959
vt 0.405484 0.585530
vt 0.396044 0.612752
vt 0.374315 0.589762
vt 0.390843 0.600155
vt 0.368977 0.599267
vt 0.385429 0.608026
vt 0.365739 0.604942
vt 0.353304 0.589818
vt 0.357073 0.580930
vt 0.348549 0.577058
vt 0.346427 0.590429
vt 0.363263 0.609356
vt 0.908125 0.009804
vt 0.395238 0.520820
vt 0.411032 0.503201
vt 0.377300 0.541528
vt 0.383877 0.572588
vt 0.388466 0.614671
vt 0.361706 0.560593
vt 0.343944 0.582969
vt 0.330998 0.553677
vt 0.343146 0.569262
vt 0.322846 0.560900
vt 0.335501 0.574863
vt 0.317935 0.565223
vt 0.311335 0.546401
vt 0.317781 0.539245
vt 0.311054 0.532581
vt 0.304718 0.544585
vt 0.314293 0.568471
vt 0.925266 0.009798
vt 0.374354 0.496899
vt 0.395791 0.487106
vt 0.350008 0.509218
vt 0.345705 0.540776
vt 0.336220 0.582198
vt 0.328854 0.521504
vt 0.304801 0.536658
vt 0.302062 0.504103
vt 0.308491 0.523273
vt 0.292005 0.508363
vt 0.299468 0.526060
vt 0.285986 0.510954
vt 0.285553 0.490570
vt 0.294041 0.485747
vt 0.289560 0.477059
vt 0.279722 0.486674
vt 0.281513 0.512930
vt 0.939137 0.019868
vt 0.363896 0.467303
vt 0.388132 0.468061
vt 0.335616 0.468499
vt 0.320356 0.496895
vt 0.297780 0.533337
vt 0.310713 0.472357
vt 0.282204 0.479043
vt 0.289734 0.446474
vt 0.289973 0.467212
vt 0.278001 0.447349
vt 0.280141 0.467055
vt 0.271087 0.448050
vt 0.276324 0.427699
vt 0.287205 0.426378
vt 0.285217 0.417282
vt 0.271136 0.421263
vt 0.265947 0.448670
vt 0.367973 0.437150
vt 0.390554 0.450342
vt 0.338792 0.424081
vt 0.311130 0.445561
vt 0.276310 0.473639
vt 0.310149 0.418132
vt 0.278126 0.407961
vt 0.203915 0.422960
vt 0.206690 0.450704
vt 0.187558 0.426939
vt 0.192405 0.452955
vt 0.184183 0.442708
vt 0.177449 0.430292
vt 0.453851 0.857018
vt 0.332283 0.800068
vt 0.336489 0.788362
vt 0.329807 0.816879
vt 0.700158 0.444683
vt 0.714584 0.445755
vt 0.700718 0.457507
vt 0.717394 0.419231
vt 0.721992 0.434776
vt 0.700805 0.416468
vt 0.206906 0.463250
vt 0.361886 0.759220
vt 0.352070 0.766861
vt 0.727727 0.421790
vt 0.343801 0.777265
vt 0.377090 0.751634
vt 0.239566 0.455026
vt 0.236825 0.419685
vt 0.265983 0.409566
vt 0.667729 0.415667
vt 0.668004 0.451145
vt 0.687724 0.495144
vt 0.696387 0.469293
vt 0.703159 0.499941
vt 0.710550 0.474536
vt 0.713291 0.488085
vt 0.712963 0.503005
vt 0.322026 0.882400
vt 0.318548 0.870458
vt 0.682446 0.522365
vt 0.696502 0.525833
vt 0.680274 0.535241
vt 0.705570 0.515823
vt 0.321965 0.831954
vt 0.318516 0.843905
vt 0.317940 0.857182
vt 0.329904 0.897456
vt 0.657961 0.486061
vt 0.650573 0.521034
vt 0.657655 0.568824
vt 0.673037 0.545827
vt 0.671096 0.577651
vt 0.685234 0.554765
vt 0.684123 0.568790
vt 0.679635 0.583287
vt 0.362122 0.955038
vt 0.352288 0.947421
vt 0.644421 0.593580
vt 0.657006 0.600843
vt 0.638297 0.605388
vt 0.668744 0.593671
vt 0.332421 0.914261
vt 0.336654 0.925957
vt 0.343993 0.937037
vt 0.377345 0.962587
vt 0.631741 0.551940
vt 0.614268 0.583161
vt 0.605757 0.630532
vt 0.627911 0.613379
vt 0.615748 0.643095
vt 0.636633 0.625665
vt 0.631036 0.638694
vt 0.622082 0.651111
vt 0.437255 0.990234
vt 0.424822 0.989852
vt 0.584976 0.649696
vt 0.594709 0.660593
vt 0.575177 0.658862
vt 0.608296 0.657524
vt 0.389258 0.974704
vt 0.399558 0.981677
vt 0.412008 0.986327
vt 0.454008 0.987394
vt 0.586400 0.606473
vt 0.559535 0.630170
vt 0.535748 0.671763
vt 0.562560 0.662976
vt 0.541067 0.686898
vt 0.566716 0.677394
vt 0.557048 0.687809
vt 0.544415 0.696544
vt 0.518727 0.974547
vt 0.508444 0.981546
vt 0.509632 0.682761
vt 0.515277 0.696316
vt 0.497269 0.688034
vt 0.529201 0.697984
vt 0.470769 0.990194
vt 0.483200 0.989781
vt 0.496005 0.986226
vt 0.530611 0.962403
vt 0.525295 0.642717
vt 0.491930 0.655820
vt 0.455637 0.686724
vt 0.483931 0.687593
vt 0.455654 0.702760
vt 0.483056 0.702502
vt 0.470455 0.709014
vt 0.455623 0.712970
vt 0.575419 0.913968
vt 0.571213 0.925674
vt 0.577895 0.897157
vt 0.427363 0.688149
vt 0.428207 0.702886
vt 0.413977 0.688872
vt 0.440791 0.709187
vt 0.545816 0.954816
vt 0.555631 0.947175
vt 0.563901 0.936772
vt 0.455370 0.655873
vt 0.419572 0.656700
vt 0.375237 0.673438
vt 0.401567 0.683890
vt 0.369954 0.688579
vt 0.395848 0.697599
vt 0.381837 0.699473
vt 0.366558 0.698206
vt 0.585676 0.831636
vt 0.589154 0.843578
vt 0.348241 0.665150
vt 0.344118 0.679404
vt 0.335486 0.661241
vt 0.353855 0.689627
vt 0.585736 0.882082
vt 0.589186 0.870132
vt 0.589761 0.856854
vt 0.577797 0.816580
vt 0.385175 0.644254
vt 0.351313 0.632743
vt 0.304512 0.633380
vt 0.325574 0.652265
vt 0.294537 0.645943
vt 0.315704 0.663230
vt 0.302004 0.660250
vt 0.288148 0.653912
vt 0.545580 0.758999
vt 0.555414 0.766616
vt 0.282178 0.616533
vt 0.273497 0.628683
vt 0.271700 0.608665
vt 0.279146 0.641585
vt 0.575281 0.799775
vt 0.571047 0.788079
vt 0.563708 0.776999
vt 0.530357 0.751449
vt 0.323426 0.609057
vt 0.295742 0.586633
vt 0.251951 0.572401
vt 0.265475 0.596995
vt 0.238614 0.581356
vt 0.252858 0.604342
vt 0.241044 0.597280
vt 0.230088 0.587014
vt 0.470447 0.723802
vt 0.482880 0.724184
vt 0.453694 0.726642
vt 0.236391 0.549742
vt 0.224290 0.558716
vt 0.229117 0.539350
vt 0.225505 0.572630
vt 0.518443 0.739333
vt 0.508144 0.732359
vt 0.495694 0.727709
vt 0.277296 0.554970
vt 0.258467 0.524824
vt 0.221034 0.499569
vt 0.226802 0.526631
vt 0.205790 0.505000
vt 0.212918 0.530522
vt 0.203710 0.520864
vt 0.196075 0.508399
vt 0.388975 0.739489
vt 0.399258 0.732490
vt 0.211666 0.474509
vt 0.197655 0.480256
vt 0.195316 0.493693
vt 0.436933 0.723842
vt 0.424502 0.724255
vt 0.411696 0.727810
vt 0.250169 0.488988
vt 0.823016 0.253629
vt 0.834106 0.253629
vt 0.823016 0.260074
vt 0.811926 0.260074
vt 0.811926 0.253629
vt 0.811926 0.287409
vt 0.823016 0.287409
vt 0.811926 0.314744
vt 0.834106 0.314744
vt 0.834106 0.287409
vt 0.834106 0.260074
vt 0.845196 0.253629
vt 0.845196 0.260074
vt 0.856287 0.253629
vt 0.856287 0.260074
vt 0.867377 0.253629
vt 0.867377 0.260074
vt 0.878467 0.253629
vt 0.878467 0.260074
vt 0.889557 0.253629
vt 0.889557 0.260074
vt 0.900647 0.253629
vt 0.900647 0.260074
vt 0.911737 0.253629
vt 0.911737 0.260074
vt 0.922827 0.253629
vt 0.922827 0.260074
vt 0.933917 0.253629
vt 0.933917 0.260074
vt 0.945008 0.253629
vt 0.945008 0.260074
vt 0.956098 0.253629
vt 0.956098 0.260074
vt 0.967188 0.253629
vt 0.967188 0.260074
vt 0.978278 0.253629
vt 0.978278 0.260074
vt 0.989368 0.253629
vt 0.989368 0.260074
vt 0.989368 0.287409
vt 0.978278 0.287409
vt 0.967188 0.287409
vt 0.956098 0.287409
vt 0.945008 0.287409
vt 0.933917 0.287409
vt 0.922827 0.287409
vt 0.911737 0.287409
vt 0.900647 0.287409
vt 0.890412 0.287409
vt 0.878467 0.287409
vt 0.867377 0.287409
vt 0.856287 0.287409
vt 0.845196 0.287409
vt 0.856287 0.314744
vt 0.878467 0.314744
vt 0.900647 0.314744
vt 0.922827 0.314744
vt 0.945008 0.314744
vt 0.967188 0.314744
vt 0.989368 0.314744
vt 0.967188 0.369413
vt 0.945008 0.369413
vt 0.922827 0.369413
vt 0.900647 0.369413
vt 0.878467 0.369413
vt 0.856287 0.369413
vt 0.834106 0.369413
vt 0.811926 0.369413
vt 0.811926 0.564732
vt 0.834106 0.564732
vt 0.856287 0.564732
vt 0.878467 0.564732
vt 0.900647 0.564732
vt 0.922827 0.564732
vt 0.945008 0.564732
vt 0.967188 0.564732
vt 0.989368 0.369413
vt 0.989368 0.564732
vn 0.122706 0.219608 0.967841
vn 0.122706 0.219608 0.967841
vn 0.122706 0.219608 0.967841
vn 0.241329 0.311714 0.919018
vn 0.241329 0.311714 0.919018
vn 0.241329 0.311714 0.919018
vn 0.529527 -0.104762 0.841799
vn 0.529527 -0.104762 0.841799
vn 0.529527 -0.104762 0.841799
vn 0.417757 -0.420133 0.805585
vn 0.417757 -0.420133 0.805586
vn 0.417757 -0.420133 0.805585
vn 0.658493 0.208054 0.723257
vn 0.658493 0.208054 0.723257
vn 0.658493 0.208054 0.723257
vn 0.735336 0.312213 0.601501
vn 0.735336 0.312213 0.601501
vn 0.735336 0.312213 0.601501
vn 0.923189 -0.104742 0.369798
vn 0.923189 -0.104742 0.369798
vn 0.923189 -0.104742 0.369798
vn 0.811467 -0.420148 0.406198
vn 0.811467 -0.420148 0.406198
vn 0.811467 -0.420148 0.406198
vn 0.958124 0.220913 0.182198
vn 0.958124 0.220913 0.182198
vn 0.958124 0.220913 0.182198
vn 0.948170 0.313093 0.054279
vn 0.948170 0.313093 0.054279
vn 0.948170 0.313093 0.054279
vn 0.964239 -0.104758 -0.243452
vn 0.964239 -0.104758 -0.243452
vn 0.964239 -0.104758 -0.243452
vn 0.895259 -0.420123 -0.148348
vn 0.895259 -0.420123 -0.148348
vn 0.895259 -0.420123 -0.148348
vn 0.883659 0.219708 -0.413370
vn 0.883660 0.219708 -0.413370
vn 0.883660 0.219708 -0.413370
vn 0.798678 0.314004 -0.513337
vn 0.798678 0.314004 -0.513337
vn 0.798678 0.314004 -0.513337
vn 0.636983 -0.104751 -0.763727
vn 0.636984 -0.104751 -0.763727
vn 0.636984 -0.104751 -0.763727
vn 0.637078 -0.420140 -0.646230
vn 0.637078 -0.420140 -0.646231
vn 0.637078 -0.420140 -0.646231
vn 0.664279 0.320611 -0.675234
vn 0.703473 0.277206 -0.654433
vn 0.708621 0.271188 -0.651393
vn 0.747963 0.222351 -0.625388
vn 0.724629 0.132822 -0.676218
vn 0.724629 0.132822 -0.676218
vn 0.724629 0.132822 -0.676218
vn 0.753691 0.044798 -0.655701
vn 0.753691 0.044798 -0.655701
vn 0.753691 0.044798 -0.655701
vn 0.374518 0.293596 -0.879510
vn 0.357473 0.305533 -0.882532
vn 0.355752 0.306725 -0.882814
vn 0.344281 0.314605 -0.884587
vn 0.215568 0.316623 -0.923732
vn 0.227062 0.305496 -0.924724
vn 0.228988 0.303619 -0.924868
vn 0.240666 0.292151 -0.925596
vn 0.188778 0.132808 -0.972998
vn 0.188778 0.132808 -0.972998
vn 0.188778 0.132808 -0.972998
vn 0.224337 0.044815 -0.973481
vn 0.224337 0.044815 -0.973481
vn 0.224337 0.044815 -0.973481
vn -0.185196 0.295169 -0.937325
vn -0.201507 0.307723 -0.929893
vn -0.203162 0.308993 -0.929112
vn -0.213336 0.316782 -0.924196
vn -0.824266 0.317541 -0.468777
vn -0.819644 0.295860 -0.490561
vn -0.818873 0.292544 -0.493826
vn -0.812997 0.269257 -0.516272
vn -0.935404 0.319104 0.152287
vn -0.954020 0.277263 0.113889
vn -0.956250 0.271597 0.108727
vn -0.972262 0.224377 0.066044
vn -0.983705 0.132842 0.121148
vn -0.983705 0.132842 0.121148
vn -0.983705 0.132842 0.121148
vn -0.995160 0.044801 0.087460
vn -0.995160 0.044801 0.087460
vn -0.995160 0.044801 0.087460
vn -0.484469 0.207796 0.849771
vn -0.484469 0.207796 0.849771
vn -0.484469 0.207796 0.849771
vn -0.344936 0.311758 0.885340
vn -0.344936 0.311758 0.885340
vn -0.344936 0.311758 0.885340
vn -0.066369 -0.104760 0.992280
vn -0.066369 -0.104760 0.992281
vn -0.066369 -0.104760 0.992281
vn -0.135517 -0.420171 0.897269
vn -0.135517 -0.420171 0.897269
vn -0.135517 -0.420171 0.897269
vn -0.667391 0.318267 0.673273
vn -0.705007 0.276379 0.653131
vn -0.709830 0.270721 0.650270
vn -0.747849 0.223460 0.625130
vn -0.724628 0.132821 0.676219
vn -0.724628 0.132821 0.676219
vn -0.724628 0.132821 0.676219
vn -0.753691 0.044798 0.655701
vn -0.753691 0.044798 0.655701
vn -0.753691 0.044798 0.655701
vn -0.799241 0.312357 0.513465
vn -0.832322 0.279271 0.478798
vn -0.836679 0.274617 0.473871
vn -0.882321 0.220529 0.415784
vn -0.948109 0.313282 -0.054254
vn -0.954525 0.280233 -0.101740
vn -0.955161 0.275565 -0.108312
vn -0.957995 0.221512 -0.182148
vn -0.391149 0.318166 -0.863582
vn -0.383970 0.308611 -0.870245
vn -0.382927 0.307225 -0.871195
vn -0.375190 0.296974 -0.878088
vn -0.734988 0.314149 -0.600919
vn -0.723846 0.297605 -0.622477
vn -0.722093 0.295059 -0.625718
vn -0.703425 0.268824 -0.657972
vn 0.935248 0.319593 -0.152220
vn 0.953913 0.277647 -0.113852
vn 0.956157 0.271944 -0.108674
vn 0.972214 0.224595 -0.066016
vn 0.983705 0.132843 -0.121148
vn 0.983705 0.132843 -0.121148
vn 0.983705 0.132843 -0.121148
vn 0.995160 0.044801 -0.087460
vn 0.995160 0.044801 -0.087460
vn 0.995160 0.044801 -0.087460
vn 0.851597 0.319218 0.415791
vn 0.843590 0.272120 0.462933
vn 0.842272 0.265918 0.468899
vn 0.828432 0.212190 0.518339
vn 0.867040 0.132803 0.480214
vn 0.867040 0.132803 0.480214
vn 0.867040 0.132803 0.480214
vn 0.856508 0.044802 0.514186
vn 0.856508 0.044802 0.514186
vn 0.856508 0.044802 0.514186
vn 0.434156 0.317992 0.842846
vn 0.403386 0.276018 0.872407
vn 0.399175 0.270348 0.876111
vn 0.363526 0.222992 0.904502
vn 0.419207 0.132842 0.898119
vn 0.419207 0.132842 0.898119
vn 0.419207 0.132842 0.898119
vn 0.390707 0.044798 0.919425
vn 0.390707 0.044798 0.919425
vn 0.390707 0.044798 0.919424
vn -0.132070 0.318395 0.938713
vn -0.179472 0.271268 0.945623
vn -0.185549 0.265078 0.946206
vn -0.236915 0.211354 0.948262
vn -0.188777 0.132809 0.972998
vn -0.188777 0.132809 0.972998
vn -0.188777 0.132809 0.972998
vn -0.224338 0.044815 0.973481
vn -0.224338 0.044815 0.973481
vn -0.224338 0.044815 0.973481
vn -0.146210 -0.248074 0.957644
vn -0.146210 -0.248074 0.957644
vn -0.146210 -0.248074 0.957644
vn -0.096109 -0.504994 0.857755
vn -0.096110 -0.504994 0.857755
vn -0.096110 -0.504994 0.857755
vn -0.204067 -0.374298 0.904576
vn -0.200445 -0.397702 0.895352
vn -0.201930 -0.388239 0.899163
vn -0.215301 -0.293650 0.931351
vn -0.139938 -0.789009 0.598232
vn -0.139938 -0.789009 0.598232
vn -0.139938 -0.789009 0.598232
vn 0.242015 -0.669248 0.702521
vn 0.242015 -0.669248 0.702521
vn 0.242015 -0.669248 0.702521
vn -0.139338 -0.857181 -0.495809
vn -0.139338 -0.857181 -0.495809
vn -0.139338 -0.857181 -0.495809
vn 0.139339 -0.857181 -0.495809
vn 0.139339 -0.857181 -0.495809
vn 0.139339 -0.857181 -0.495809
vn 0.396017 -0.779113 -0.485956
vn 0.396017 -0.779113 -0.485956
vn 0.396017 -0.779113 -0.485956
vn -0.396017 -0.779113 -0.485957
vn -0.396017 -0.779113 -0.485957
vn -0.396017 -0.779113 -0.485957
vn 0.434247 -0.824372 0.363098
vn 0.434247 -0.824372 0.363098
vn 0.434247 -0.824372 0.363098
vn 0.201930 -0.388239 0.899164
vn 0.200445 -0.397701 0.895353
vn 0.204067 -0.374298 0.904576
vn 0.215303 -0.293652 0.931350
vn 0.139939 -0.789009 0.598233
vn 0.139939 -0.789009 0.598233
vn 0.139939 -0.789009 0.598233
vn 0.146210 -0.248074 0.957644
vn 0.146210 -0.248074 0.957644
vn 0.146210 -0.248074 0.957644
vn 0.096109 -0.504994 0.857755
vn 0.096109 -0.504994 0.857755
vn 0.096109 -0.504994 0.857755
vn -0.242014 -0.669247 0.702523
vn -0.242014 -0.669247 0.702523
vn -0.242014 -0.669247 0.702523
vn -0.417757 -0.420133 0.805585
vn -0.417757 -0.420133 0.805586
vn -0.417757 -0.420133 0.805585
vn -0.529527 -0.104762 0.841799
vn -0.529527 -0.104762 0.841800
vn -0.529527 -0.104762 0.841800
vn -0.434247 -0.824372 0.363098
vn -0.434247 -0.824372 0.363098
vn -0.434247 -0.824372 0.363098
vn -0.403683 -0.913045 -0.058222
vn -0.403683 -0.913045 -0.058222
vn -0.403683 -0.913045 -0.058222
vn -0.341743 -0.936344 0.080452
vn -0.341743 -0.936344 0.080452
vn -0.341743 -0.936344 0.080452
vn -0.194922 -0.964063 -0.180520
vn -0.194922 -0.964063 -0.180520
vn -0.194922 -0.964063 -0.180520
vn 0.194922 -0.964064 -0.180517
vn 0.194922 -0.964064 -0.180517
vn 0.194922 -0.964064 -0.180517
vn 0.341743 -0.936343 0.080454
vn 0.341743 -0.936343 0.080454
vn 0.341743 -0.936344 0.080454
vn 0.403683 -0.913045 -0.058222
vn 0.403683 -0.913045 -0.058222
vn 0.403683 -0.913045 -0.058222
vn -0.558805 -0.731292 0.391088
vn -0.558805 -0.731292 0.391088
vn -0.558805 -0.731292 0.391088
vn 0.558805 -0.731292 0.391088
vn 0.558805 -0.731292 0.391088
vn 0.558805 -0.731292 0.391088
vn -0.394913 -0.808502 0.436313
vn -0.380530 -0.820541 0.426508
vn -0.374125 -0.825740 0.422118
vn -0.363179 -0.834399 0.414582
vn -0.142758 -0.984285 -0.103938
vn -0.142758 -0.984285 -0.103938
vn -0.142758 -0.984285 -0.103938
vn 0.142758 -0.984285 -0.103938
vn 0.142758 -0.984285 -0.103938
vn 0.142758 -0.984285 -0.103938
vn 0.391380 -0.831242 0.394788
vn 0.381406 -0.825095 0.416832
vn 0.377196 -0.822392 0.425905
vn 0.359403 -0.810310 0.462846
vn 0.224338 0.044815 0.973480
vn 0.216611 0.064403 0.974131
vn 0.207429 0.087332 0.974344
vn 0.188778 0.132809 0.972998
vn 0.777803 -0.462618 -0.425448
vn 0.777803 -0.462618 -0.425448
vn 0.777803 -0.462618 -0.425448
vn -0.777803 -0.462618 -0.425448
vn -0.777803 -0.462618 -0.425448
vn -0.777803 -0.462618 -0.425448
vn 0.444626 -0.248016 0.860695
vn 0.444626 -0.248016 0.860695
vn 0.444626 -0.248016 0.860695
vn 0.426394 -0.505018 0.750430
vn 0.426394 -0.505018 0.750430
vn 0.426394 -0.505018 0.750430
vn 0.366572 -0.374338 0.851761
vn 0.364081 -0.397745 0.842166
vn 0.365120 -0.388281 0.846124
vn 0.373222 -0.293674 0.880035
vn 0.238416 -0.788999 0.566249
vn 0.238416 -0.788999 0.566249
vn 0.238416 -0.788999 0.566249
vn 0.608744 -0.669244 0.426079
vn 0.608744 -0.669244 0.426079
vn 0.608744 -0.669244 0.426079
vn -0.404168 -0.857166 -0.319241
vn -0.404168 -0.857166 -0.319241
vn -0.404168 -0.857166 -0.319241
vn -0.178716 -0.857182 -0.483011
vn -0.178716 -0.857182 -0.483011
vn -0.178716 -0.857182 -0.483011
vn 0.034773 -0.779119 -0.625911
vn 0.034773 -0.779119 -0.625911
vn 0.034773 -0.779119 -0.625911
vn -0.606046 -0.779085 -0.160421
vn -0.606046 -0.779085 -0.160421
vn -0.606046 -0.779085 -0.160421
vn 0.564749 -0.824364 0.038511
vn 0.564749 -0.824363 0.038511
vn 0.564749 -0.824363 0.038511
vn 0.691889 -0.388264 0.608721
vn 0.688448 -0.397724 0.606511
vn 0.696798 -0.374327 0.611843
vn 0.721620 -0.293706 0.626898
vn 0.464854 -0.789014 0.401707
vn 0.464854 -0.789014 0.401707
vn 0.464853 -0.789014 0.401707
vn 0.681181 -0.248016 0.688826
vn 0.681181 -0.248016 0.688826
vn 0.681181 -0.248016 0.688826
vn 0.581946 -0.505018 0.637413
vn 0.581946 -0.505018 0.637413
vn 0.581946 -0.505018 0.637413
vn 0.217144 -0.669268 0.710583
vn 0.217144 -0.669268 0.710583
vn 0.217144 -0.669268 0.710583
vn 0.135516 -0.420171 0.897269
vn 0.135516 -0.420171 0.897269
vn 0.135516 -0.420171 0.897269
vn 0.066369 -0.104760 0.992280
vn 0.066369 -0.104760 0.992280
vn 0.066369 -0.104760 0.992281
vn -0.137881 -0.824370 0.549002
vn -0.137881 -0.824370 0.549002
vn -0.137881 -0.824370 0.549002
vn -0.360788 -0.913047 0.190202
vn -0.360788 -0.913047 0.190201
vn -0.360788 -0.913047 0.190201
vn -0.229189 -0.936339 0.265972
vn -0.229189 -0.936339 0.265972
vn -0.229189 -0.936339 0.265972
vn -0.263799 -0.964064 -0.031473
vn -0.263799 -0.964064 -0.031473
vn -0.263799 -0.964064 -0.031473
vn 0.051576 -0.964062 -0.260621
vn 0.051576 -0.964062 -0.260621
vn 0.051576 -0.964063 -0.260621
vn 0.323792 -0.936337 -0.135763
vn 0.323792 -0.936337 -0.135763
vn 0.323792 -0.936337 -0.135763
vn 0.292415 -0.913047 -0.284322
vn 0.292415 -0.913047 -0.284322
vn 0.292415 -0.913047 -0.284322
vn -0.222199 -0.731291 0.644857
vn -0.222199 -0.731291 0.644857
vn -0.222199 -0.731291 0.644857
vn 0.681945 -0.731304 -0.012053
vn 0.681945 -0.731304 -0.012053
vn 0.681945 -0.731304 -0.012053
vn -0.063040 -0.808496 0.585116
vn -0.057167 -0.820535 0.568731
vn -0.054565 -0.825734 0.561414
vn -0.050138 -0.834394 0.548884
vn -0.176588 -0.984285 -0.000181
vn -0.176588 -0.984285 -0.000181
vn -0.176588 -0.984285 -0.000181
vn 0.054391 -0.984285 -0.168000
vn 0.054391 -0.984285 -0.168000
vn 0.054391 -0.984285 -0.168000
vn 0.548688 -0.831238 0.089356
vn 0.553578 -0.825087 0.113062
vn 0.555505 -0.822383 0.122880
vn 0.562824 -0.810300 0.163226
vn 0.753691 0.044798 0.655701
vn 0.747820 0.064393 0.660771
vn 0.740515 0.087330 0.666342
vn 0.724629 0.132822 0.676218
vn 0.379214 -0.462672 -0.801331
vn 0.379214 -0.462672 -0.801331
vn 0.379214 -0.462672 -0.801331
vn -0.879366 -0.462565 0.112911
vn -0.879366 -0.462565 0.112911
vn -0.879366 -0.462565 0.112911
vn 0.865596 -0.248043 0.434993
vn 0.865596 -0.248043 0.434993
vn 0.865596 -0.248043 0.434993
vn 0.786050 -0.505033 0.356464
vn 0.786050 -0.505034 0.356464
vn 0.786050 -0.505033 0.356464
vn 0.797228 -0.374309 0.473625
vn 0.789575 -0.397710 0.467330
vn 0.792741 -0.388249 0.469920
vn 0.819218 -0.293671 0.492584
vn 0.525721 -0.788999 0.317958
vn 0.525721 -0.788999 0.317958
vn 0.525721 -0.788999 0.317958
vn 0.742985 -0.669180 -0.013124
vn 0.742985 -0.669180 -0.013124
vn 0.742985 -0.669180 -0.013124
vn -0.514669 -0.857139 -0.020723
vn -0.514669 -0.857139 -0.020723
vn -0.514669 -0.857139 -0.020723
vn -0.428520 -0.857163 -0.285730
vn -0.428520 -0.857164 -0.285730
vn -0.428520 -0.857163 -0.285730
vn -0.339789 -0.779117 -0.526802
vn -0.339789 -0.779117 -0.526802
vn -0.339789 -0.779117 -0.526802
vn -0.584650 -0.779051 0.226416
vn -0.584650 -0.779051 0.226416
vn -0.584650 -0.779051 0.226416
vn 0.479527 -0.824360 -0.300805
vn 0.479527 -0.824360 -0.300805
vn 0.479527 -0.824360 -0.300805
vn 0.917557 -0.388238 0.085790
vn 0.913476 -0.397696 0.086024
vn 0.923363 -0.374303 0.085429
vn 0.952289 -0.293691 0.083018
vn 0.612183 -0.789020 0.051765
vn 0.612183 -0.789020 0.051765
vn 0.612183 -0.789020 0.051765
vn 0.955964 -0.248044 0.156864
vn 0.955964 -0.248044 0.156864
vn 0.955964 -0.248044 0.156864
vn 0.845455 -0.505032 0.173636
vn 0.845455 -0.505032 0.173636
vn 0.845455 -0.505032 0.173636
vn 0.593385 -0.669194 0.447296
vn 0.593385 -0.669194 0.447296
vn 0.593385 -0.669194 0.447296
vn 0.637078 -0.420140 0.646231
vn 0.637078 -0.420140 0.646231
vn 0.637078 -0.420140 0.646230
vn 0.636983 -0.104751 0.763728
vn 0.636983 -0.104751 0.763728
vn 0.636983 -0.104751 0.763728
vn 0.211155 -0.824361 0.525208
vn 0.211155 -0.824361 0.525208
vn 0.211155 -0.824361 0.525208
vn -0.180127 -0.913044 0.365930
vn -0.180127 -0.913044 0.365930
vn -0.180127 -0.913044 0.365930
vn -0.029090 -0.936344 0.349877
vn -0.029090 -0.936344 0.349877
vn -0.029090 -0.936344 0.349877
vn -0.231910 -0.964066 0.129596
vn -0.231910 -0.964066 0.129596
vn -0.231910 -0.964066 0.129596
vn -0.111452 -0.964066 -0.241154
vn -0.111452 -0.964066 -0.241154
vn -0.111452 -0.964066 -0.241154
vn 0.182119 -0.936345 -0.300151
vn 0.182119 -0.936345 -0.300151
vn 0.182119 -0.936345 -0.300151
vn 0.069373 -0.913043 -0.401921
vn 0.069373 -0.913043 -0.401921
vn 0.069373 -0.913043 -0.401921
vn 0.199285 -0.731292 0.652302
vn 0.199285 -0.731292 0.652302
vn 0.199285 -0.731292 0.652302
vn 0.544620 -0.731298 -0.410599
vn 0.544620 -0.731298 -0.410600
vn 0.544620 -0.731298 -0.410600
vn 0.292938 -0.808496 0.510414
vn 0.288059 -0.820532 0.493709
vn 0.285863 -0.825731 0.486262
vn 0.282079 -0.834389 0.473526
vn -0.142971 -0.984285 0.103648
vn -0.142971 -0.984285 0.103648
vn -0.142971 -0.984285 0.103648
vn -0.054745 -0.984285 -0.167887
vn -0.054745 -0.984285 -0.167887
vn -0.054746 -0.984285 -0.167887
vn 0.496428 -0.831238 -0.250204
vn 0.514304 -0.825092 -0.233912
vn 0.521629 -0.822390 -0.227108
vn 0.551247 -0.810315 -0.198789
vn 0.995160 0.044801 0.087460
vn 0.993392 0.064388 0.095009
vn 0.990757 0.087316 0.103807
vn 0.983715 0.132791 0.121128
vn -0.164205 -0.462668 -0.871192
vn -0.164205 -0.462668 -0.871192
vn -0.164205 -0.462668 -0.871192
vn -0.645123 -0.462506 0.608198
vn -0.645123 -0.462506 0.608198
vn -0.645123 -0.462506 0.608198
vn 0.955960 -0.248045 -0.156889
vn 0.955960 -0.248045 -0.156889
vn 0.955960 -0.248045 -0.156889
vn 0.845454 -0.505032 -0.173636
vn 0.845454 -0.505032 -0.173636
vn 0.845454 -0.505032 -0.173636
vn 0.923348 -0.374340 -0.085430
vn 0.913455 -0.397744 -0.086025
vn 0.917539 -0.388281 -0.085790
vn 0.952289 -0.293691 -0.083018
vn 0.612184 -0.789019 -0.051766
vn 0.612184 -0.789019 -0.051766
vn 0.612184 -0.789019 -0.051766
vn 0.593385 -0.669194 -0.447296
vn 0.593385 -0.669194 -0.447296
vn 0.593385 -0.669194 -0.447296
vn -0.428608 -0.857111 0.285754
vn -0.428608 -0.857111 0.285754
vn -0.428608 -0.857111 0.285754
vn -0.514675 -0.857135 0.020726
vn -0.514675 -0.857135 0.020726
vn -0.514675 -0.857135 0.020726
vn -0.584584 -0.779091 -0.226447
vn -0.584584 -0.779091 -0.226447
vn -0.584584 -0.779091 -0.226447
vn -0.339956 -0.779022 0.526834
vn -0.339956 -0.779022 0.526834
vn -0.339956 -0.779022 0.526834
vn 0.211154 -0.824359 -0.525211
vn 0.211154 -0.824358 -0.525211
vn 0.211154 -0.824359 -0.525211
vn 0.792741 -0.388249 -0.469920
vn 0.789575 -0.397710 -0.467330
vn 0.797228 -0.374309 -0.473625
vn 0.819218 -0.293671 -0.492584
vn 0.525721 -0.788999 -0.317958
vn 0.525721 -0.788999 -0.317958
vn 0.525721 -0.788999 -0.317958
vn 0.865596 -0.248043 -0.434993
vn 0.865596 -0.248043 -0.434993
vn 0.865596 -0.248043 -0.434993
vn 0.786050 -0.505034 -0.356464
vn 0.786050 -0.505034 -0.356464
vn 0.786050 -0.505034 -0.356464
vn 0.742986 -0.669179 0.013124
vn 0.742986 -0.669179 0.013124
vn 0.742986 -0.669179 0.013124
vn 0.895231 -0.420171 0.148384
vn 0.895231 -0.420171 0.148384
vn 0.895231 -0.420171 0.148384
vn 0.964225 -0.104757 0.243507
vn 0.964225 -0.104756 0.243507
vn 0.964225 -0.104756 0.243507
vn 0.479527 -0.824360 0.300805
vn 0.479527 -0.824360 0.300805
vn 0.479527 -0.824360 0.300805
vn 0.069373 -0.913043 0.401921
vn 0.069373 -0.913043 0.401921
vn 0.069373 -0.913043 0.401921
vn 0.182121 -0.936345 0.300149
vn 0.182121 -0.936346 0.300149
vn 0.182121 -0.936345 0.300149
vn -0.111451 -0.964066 0.241155
vn -0.111451 -0.964066 0.241155
vn -0.111451 -0.964066 0.241155
vn -0.231910 -0.964066 -0.129596
vn -0.231910 -0.964066 -0.129596
vn -0.231910 -0.964066 -0.129596
vn -0.029091 -0.936345 -0.349874
vn -0.029091 -0.936345 -0.349874
vn -0.029091 -0.936345 -0.349874
vn -0.180137 -0.913044 -0.365925
vn -0.180137 -0.913044 -0.365925
vn -0.180137 -0.913044 -0.365925
vn 0.544621 -0.731298 0.410600
vn 0.544621 -0.731298 0.410600
vn 0.544621 -0.731298 0.410600
vn 0.199284 -0.731292 -0.652302
vn 0.199284 -0.731292 -0.652302
vn 0.199284 -0.731292 -0.652302
vn 0.536987 -0.808513 0.240732
vn 0.523229 -0.820542 0.230092
vn 0.517080 -0.825737 0.225361
vn 0.506538 -0.834390 0.217285
vn -0.054744 -0.984285 0.167887
vn -0.054744 -0.984285 0.167887
vn -0.054744 -0.984285 0.167887
vn -0.142971 -0.984285 -0.103648
vn -0.142971 -0.984285 -0.103648
vn -0.142971 -0.984285 -0.103648
vn 0.254546 -0.831233 -0.494224
vn 0.278590 -0.825085 -0.491551
vn 0.288521 -0.822381 -0.490352
vn 0.329146 -0.810300 -0.484848
vn 0.856508 0.044802 -0.514186
vn 0.859515 0.064392 -0.507038
vn 0.862556 0.087323 -0.498370
vn 0.867039 0.132803 -0.480215
vn -0.644954 -0.462635 -0.608279
vn -0.644954 -0.462635 -0.608279
vn -0.644954 -0.462635 -0.608279
vn -0.164468 -0.462484 0.871240
vn -0.164468 -0.462484 0.871240
vn -0.164468 -0.462484 0.871240
vn 0.681181 -0.248016 -0.688826
vn 0.681181 -0.248016 -0.688826
vn 0.681181 -0.248016 -0.688826
vn 0.581946 -0.505018 -0.637413
vn 0.581946 -0.505018 -0.637413
vn 0.581946 -0.505018 -0.637413
vn 0.696798 -0.374327 -0.611843
vn 0.688448 -0.397724 -0.606511
vn 0.691889 -0.388264 -0.608721
vn 0.721620 -0.293706 -0.626898
vn 0.464854 -0.789014 -0.401706
vn 0.464854 -0.789014 -0.401706
vn 0.464854 -0.789014 -0.401706
vn 0.217144 -0.669268 -0.710583
vn 0.217144 -0.669268 -0.710583
vn 0.217144 -0.669268 -0.710583
vn -0.178812 -0.857093 0.483133
vn -0.178812 -0.857093 0.483133
vn -0.178812 -0.857093 0.483133
vn -0.404225 -0.857107 0.319326
vn -0.404225 -0.857107 0.319327
vn -0.404225 -0.857107 0.319327
vn -0.606071 -0.779056 0.160466
vn -0.606071 -0.779056 0.160466
vn -0.606071 -0.779056 0.160466
vn 0.034635 -0.779006 0.626059
vn 0.034635 -0.779006 0.626059
vn 0.034635 -0.779006 0.626059
vn -0.137881 -0.824370 -0.549002
vn -0.137881 -0.824370 -0.549002
vn -0.137881 -0.824370 -0.549002
vn 0.135516 -0.420171 -0.897269
vn 0.135516 -0.420171 -0.897269
vn 0.135516 -0.420171 -0.897269
vn 0.066369 -0.104760 -0.992280
vn 0.066369 -0.104760 -0.992280
vn 0.066369 -0.104760 -0.992280
vn 0.365120 -0.388281 -0.846124
vn 0.364081 -0.397745 -0.842166
vn 0.366572 -0.374338 -0.851761
vn 0.373222 -0.293674 -0.880035
vn 0.238416 -0.788998 -0.566250
vn 0.238416 -0.788998 -0.566250
vn 0.238416 -0.788998 -0.566250
vn 0.444626 -0.248016 -0.860695
vn 0.444626 -0.248016 -0.860695
vn 0.444626 -0.248016 -0.860695
vn 0.426394 -0.505017 -0.750430
vn 0.426394 -0.505017 -0.750431
vn 0.426394 -0.505017 -0.750430
vn 0.608744 -0.669244 -0.426079
vn 0.608744 -0.669244 -0.426079
vn 0.608744 -0.669244 -0.426079
vn 0.811467 -0.420148 -0.406198
vn 0.811467 -0.420148 -0.406198
vn 0.811467 -0.420148 -0.406198
vn 0.923189 -0.104742 -0.369798
vn 0.923189 -0.104742 -0.369798
vn 0.923189 -0.104742 -0.369798
vn 0.564749 -0.824363 -0.038511
vn 0.564749 -0.824364 -0.038511
vn 0.564749 -0.824363 -0.038511
vn 0.292415 -0.913047 0.284322
vn 0.292415 -0.913047 0.284322
vn 0.292415 -0.913047 0.284322
vn 0.323792 -0.936337 0.135763
vn 0.323792 -0.936337 0.135763
vn 0.323792 -0.936337 0.135763
vn 0.051576 -0.964063 0.260620
vn 0.051576 -0.964063 0.260620
vn 0.051576 -0.964063 0.260620
vn -0.263799 -0.964064 0.031473
vn -0.263799 -0.964064 0.031473
vn -0.263799 -0.964064 0.031473
vn -0.229189 -0.936340 -0.265971
vn -0.229189 -0.936340 -0.265971
vn -0.229189 -0.936340 -0.265971
vn -0.360788 -0.913047 -0.190201
vn -0.360788 -0.913047 -0.190201
vn -0.360788 -0.913047 -0.190202
vn 0.681945 -0.731304 0.012053
vn 0.681945 -0.731304 0.012053
vn 0.681945 -0.731305 0.012053
vn -0.222200 -0.731290 -0.644858
vn -0.222200 -0.731290 -0.644858
vn -0.222200 -0.731290 -0.644858
vn 0.575954 -0.808495 -0.120879
vn 0.558557 -0.820534 -0.121403
vn 0.550795 -0.825733 -0.121617
vn 0.537510 -0.834392 -0.121955
vn 0.054391 -0.984285 0.168000
vn 0.054391 -0.984285 0.168000
vn 0.054391 -0.984285 0.168000
vn -0.176588 -0.984285 0.000181
vn -0.176588 -0.984285 0.000181
vn -0.176588 -0.984285 0.000181
vn -0.084595 -0.831238 -0.549442
vn -0.063563 -0.825089 -0.561416
vn -0.054822 -0.822385 -0.566284
vn -0.018706 -0.810301 -0.585716
vn 0.390707 0.044798 -0.919424
vn 0.397345 0.064398 -0.915407
vn 0.404902 0.087340 -0.910179
vn 0.419208 0.132841 -0.898119
vn -0.879350 -0.462589 -0.112942
vn -0.879350 -0.462589 -0.112942
vn -0.879350 -0.462589 -0.112942
vn 0.379044 -0.462503 0.801509
vn 0.379044 -0.462503 0.801509
vn 0.379044 -0.462503 0.801509
vn 0.146210 -0.248074 -0.957644
vn 0.146210 -0.248074 -0.957644
vn 0.146210 -0.248074 -0.957644
vn 0.096110 -0.504994 -0.857755
vn 0.096110 -0.504994 -0.857755
vn 0.096110 -0.504994 -0.857755
vn 0.204067 -0.374298 -0.904576
vn 0.200445 -0.397701 -0.895353
vn 0.201930 -0.388239 -0.899164
vn 0.215303 -0.293652 -0.931350
vn -0.242014 -0.669247 -0.702523
vn -0.242014 -0.669247 -0.702523
vn -0.242014 -0.669247 -0.702523
vn 0.139332 -0.857090 0.495968
vn 0.139332 -0.857090 0.495968
vn 0.139332 -0.857090 0.495968
vn -0.139332 -0.857090 0.495968
vn -0.139332 -0.857090 0.495968
vn -0.139332 -0.857090 0.495968
vn -0.395998 -0.779025 0.486112
vn -0.395998 -0.779025 0.486112
vn -0.395998 -0.779025 0.486112
vn 0.395998 -0.779026 0.486112
vn 0.395998 -0.779026 0.486112
vn 0.395998 -0.779026 0.486112
vn -0.434247 -0.824372 -0.363098
vn -0.434247 -0.824372 -0.363098
vn -0.434247 -0.824372 -0.363098
vn -0.452667 -0.421630 -0.785698
vn -0.452667 -0.421630 -0.785698
vn -0.452667 -0.421629 -0.785698
vn -0.546559 -0.178192 -0.818242
vn -0.546559 -0.178192 -0.818242
vn -0.546559 -0.178192 -0.818242
vn -0.201930 -0.388239 -0.899163
vn -0.200445 -0.397702 -0.895352
vn -0.204067 -0.374298 -0.904576
vn -0.215301 -0.293650 -0.931351
vn -0.139939 -0.789009 -0.598232
vn -0.139939 -0.789009 -0.598232
vn -0.139939 -0.789009 -0.598233
vn -0.146210 -0.248074 -0.957644
vn -0.146210 -0.248074 -0.957644
vn -0.146210 -0.248074 -0.957644
vn -0.096109 -0.504994 -0.857755
vn -0.096109 -0.504994 -0.857755
vn -0.096109 -0.504994 -0.857755
vn 0.242015 -0.669248 -0.702521
vn 0.242015 -0.669248 -0.702521
vn 0.242015 -0.669248 -0.702521
vn 0.417757 -0.420133 -0.805585
vn 0.417757 -0.420133 -0.805586
vn 0.417757 -0.420133 -0.805585
vn 0.529526 -0.104762 -0.841800
vn 0.529526 -0.104762 -0.841800
vn 0.529526 -0.104762 -0.841800
vn 0.434247 -0.824372 -0.363098
vn 0.434247 -0.824372 -0.363098
vn 0.434247 -0.824372 -0.363098
vn 0.403683 -0.913045 0.058222
vn 0.403683 -0.913045 0.058222
vn 0.403683 -0.913045 0.058222
vn 0.341743 -0.936344 -0.080452
vn 0.341743 -0.936344 -0.080452
vn 0.341743 -0.936344 -0.080452
vn 0.194922 -0.964064 0.180517
vn 0.194922 -0.964064 0.180517
vn 0.194922 -0.964064 0.180517
vn -0.194922 -0.964063 0.180520
vn -0.194922 -0.964063 0.180520
vn -0.194922 -0.964063 0.180520
vn -0.341743 -0.936343 -0.080454
vn -0.341743 -0.936343 -0.080454
vn -0.341743 -0.936344 -0.080454
vn -0.403683 -0.913045 0.058222
vn -0.403683 -0.913045 0.058222
vn -0.403683 -0.913045 0.058222
vn 0.139938 -0.789009 -0.598233
vn 0.139938 -0.789009 -0.598233
vn 0.139938 -0.789009 -0.598233
vn 0.558805 -0.731292 -0.391088
vn 0.558805 -0.731292 -0.391088
vn 0.558805 -0.731292 -0.391088
vn -0.572516 -0.719166 -0.393732
vn -0.572516 -0.719166 -0.393732
vn -0.572516 -0.719166 -0.393732
vn 0.394913 -0.808502 -0.436313
vn 0.380530 -0.820541 -0.426508
vn 0.374125 -0.825740 -0.422118
vn 0.363179 -0.834399 -0.414582
vn 0.142758 -0.984285 0.103938
vn 0.142758 -0.984285 0.103938
vn 0.142758 -0.984285 0.103938
vn -0.142758 -0.984285 0.103938
vn -0.142758 -0.984285 0.103938
vn -0.142758 -0.984285 0.103938
vn -0.391380 -0.831242 -0.394788
vn -0.381406 -0.825095 -0.416832
vn -0.377196 -0.822392 -0.425905
vn -0.359403 -0.810310 -0.462846
vn -0.195963 0.045095 -0.979574
vn -0.195963 0.045095 -0.979574
vn -0.195963 0.045095 -0.979574
vn -0.184002 0.074966 -0.980063
vn -0.184002 0.074966 -0.980063
vn -0.184002 0.074966 -0.980063
vn -0.427225 0.074998 -0.901030
vn -0.427225 0.074998 -0.901030
vn -0.427225 0.074998 -0.901030
vn -0.417244 0.045078 -0.907676
vn -0.417244 0.045078 -0.907676
vn -0.417244 0.045078 -0.907676
vn -0.773284 -0.468403 0.427353
vn -0.773284 -0.468403 0.427353
vn -0.773284 -0.468403 0.427353
vn 0.777786 -0.462528 0.425578
vn 0.777786 -0.462528 0.425578
vn 0.777786 -0.462528 0.425578
vn -0.444626 -0.248016 -0.860695
vn -0.444626 -0.248016 -0.860695
vn -0.444626 -0.248016 -0.860695
vn -0.426394 -0.505018 -0.750430
vn -0.426394 -0.505018 -0.750430
vn -0.426394 -0.505018 -0.750430
vn -0.366574 -0.374337 -0.851760
vn -0.364082 -0.397743 -0.842167
vn -0.365121 -0.388279 -0.846124
vn -0.373224 -0.293678 -0.880032
vn -0.238416 -0.788999 -0.566249
vn -0.238416 -0.788999 -0.566249
vn -0.238416 -0.788999 -0.566249
vn -0.608744 -0.669244 -0.426079
vn -0.608744 -0.669244 -0.426079
vn -0.608744 -0.669244 -0.426079
vn 0.404225 -0.857107 0.319327
vn 0.404225 -0.857107 0.319327
vn 0.404225 -0.857107 0.319326
vn 0.178812 -0.857093 0.483133
vn 0.178812 -0.857093 0.483133
vn 0.178812 -0.857093 0.483133
vn -0.034635 -0.779007 0.626058
vn -0.034635 -0.779007 0.626058
vn -0.034635 -0.779007 0.626058
vn 0.606071 -0.779056 0.160466
vn 0.606071 -0.779056 0.160466
vn 0.606071 -0.779056 0.160466
vn -0.564749 -0.824364 -0.038511
vn -0.564749 -0.824363 -0.038511
vn -0.564749 -0.824363 -0.038511
vn -0.811467 -0.420148 -0.406198
vn -0.811467 -0.420148 -0.406198
vn -0.811467 -0.420148 -0.406198
vn -0.923189 -0.104742 -0.369798
vn -0.923189 -0.104742 -0.369798
vn -0.923189 -0.104742 -0.369798
vn -0.691889 -0.388264 -0.608721
vn -0.688448 -0.397724 -0.606511
vn -0.696798 -0.374327 -0.611843
vn -0.721620 -0.293706 -0.626898
vn -0.464854 -0.789014 -0.401707
vn -0.464854 -0.789014 -0.401707
vn -0.464853 -0.789014 -0.401707
vn -0.681181 -0.248016 -0.688825
vn -0.681181 -0.248016 -0.688825
vn -0.681181 -0.248016 -0.688825
vn -0.581946 -0.505018 -0.637413
vn -0.581946 -0.505018 -0.637413
vn -0.581946 -0.505018 -0.637413
vn -0.217144 -0.669268 -0.710583
vn -0.217144 -0.669268 -0.710583
vn -0.217144 -0.669268 -0.710583
vn -0.095584 -0.421668 -0.901699
vn -0.095584 -0.421668 -0.901699
vn -0.095584 -0.421668 -0.901699
vn 0.137881 -0.824368 -0.549004
vn 0.137881 -0.824369 -0.549004
vn 0.137881 -0.824369 -0.549004
vn 0.360788 -0.913047 -0.190202
vn 0.360788 -0.913047 -0.190201
vn 0.360788 -0.913047 -0.190201
vn 0.229189 -0.936339 -0.265972
vn 0.229189 -0.936339 -0.265972
vn 0.229189 -0.936339 -0.265972
vn 0.263799 -0.964064 0.031473
vn 0.263799 -0.964064 0.031473
vn 0.263799 -0.964064 0.031473
vn -0.051576 -0.964062 0.260621
vn -0.051576 -0.964062 0.260621
vn -0.051576 -0.964063 0.260621
vn -0.323792 -0.936337 0.135763
vn -0.323792 -0.936337 0.135763
vn -0.323792 -0.936337 0.135763
vn -0.292415 -0.913047 0.284322
vn -0.292415 -0.913047 0.284322
vn -0.292415 -0.913047 0.284322
vn 0.231736 -0.719161 -0.655061
vn 0.231736 -0.719161 -0.655061
vn 0.231736 -0.719161 -0.655061
vn -0.681945 -0.731304 0.012053
vn -0.681945 -0.731304 0.012053
vn -0.681945 -0.731304 0.012053
vn 0.063040 -0.808496 -0.585116
vn 0.057167 -0.820535 -0.568730
vn 0.054565 -0.825734 -0.561414
vn 0.050138 -0.834394 -0.548883
vn 0.176588 -0.984285 0.000181
vn 0.176588 -0.984285 0.000181
vn 0.176588 -0.984285 0.000181
vn -0.054391 -0.984285 0.168000
vn -0.054391 -0.984285 0.168000
vn -0.054391 -0.984285 0.168000
vn -0.548688 -0.831238 -0.089356
vn -0.553578 -0.825087 -0.113062
vn -0.555505 -0.822383 -0.122880
vn -0.562824 -0.810300 -0.163226
vn -0.753691 0.044798 -0.655701
vn -0.753691 0.044798 -0.655701
vn -0.753691 0.044798 -0.655701
vn -0.724628 0.132822 -0.676219
vn -0.724628 0.132822 -0.676219
vn -0.724628 0.132822 -0.676219
vn -0.867040 0.132803 -0.480214
vn -0.867040 0.132803 -0.480214
vn -0.867040 0.132803 -0.480214
vn -0.856508 0.044802 -0.514186
vn -0.856508 0.044802 -0.514186
vn -0.856508 0.044802 -0.514186
vn -0.379044 -0.462502 0.801510
vn -0.379044 -0.462502 0.801510
vn -0.379044 -0.462502 0.801510
vn 0.876754 -0.468455 -0.108864
vn 0.876754 -0.468455 -0.108864
vn 0.876754 -0.468455 -0.108864
vn -0.865596 -0.248043 -0.434993
vn -0.865596 -0.248043 -0.434993
vn -0.865596 -0.248043 -0.434993
vn -0.786050 -0.505033 -0.356464
vn -0.786050 -0.505034 -0.356464
vn -0.786050 -0.505033 -0.356464
vn -0.797228 -0.374309 -0.473625
vn -0.789575 -0.397710 -0.467330
vn -0.792741 -0.388249 -0.469920
vn -0.819218 -0.293671 -0.492584
vn -0.525721 -0.788999 -0.317958
vn -0.525721 -0.788999 -0.317958
vn -0.525721 -0.788999 -0.317958
vn -0.742985 -0.669180 0.013124
vn -0.742985 -0.669180 0.013124
vn -0.742985 -0.669180 0.013124
vn 0.514675 -0.857135 0.020726
vn 0.514675 -0.857135 0.020726
vn 0.514675 -0.857135 0.020726
vn 0.428608 -0.857111 0.285756
vn 0.428608 -0.857111 0.285756
vn 0.428608 -0.857111 0.285756
vn 0.339957 -0.779023 0.526833
vn 0.339957 -0.779023 0.526833
vn 0.339957 -0.779023 0.526833
vn 0.584584 -0.779091 -0.226447
vn 0.584584 -0.779091 -0.226447
vn 0.584584 -0.779091 -0.226447
vn -0.479527 -0.824360 0.300805
vn -0.479527 -0.824360 0.300805
vn -0.479527 -0.824360 0.300805
vn -0.895231 -0.420171 0.148384
vn -0.895231 -0.420171 0.148384
vn -0.895231 -0.420171 0.148384
vn -0.964225 -0.104756 0.243507
vn -0.964225 -0.104756 0.243507
vn -0.964225 -0.104756 0.243507
vn -0.917539 -0.388281 -0.085790
vn -0.913455 -0.397744 -0.086025
vn -0.923348 -0.374340 -0.085430
vn -0.952289 -0.293691 -0.083018
vn -0.612183 -0.789020 -0.051765
vn -0.612183 -0.789020 -0.051765
vn -0.612183 -0.789020 -0.051765
vn -0.955960 -0.248045 -0.156889
vn -0.955960 -0.248045 -0.156889
vn -0.955960 -0.248045 -0.156889
vn -0.845455 -0.505032 -0.173636
vn -0.845455 -0.505032 -0.173636
vn -0.845455 -0.505032 -0.173636
vn -0.593385 -0.669194 -0.447296
vn -0.593385 -0.669194 -0.447296
vn -0.593385 -0.669194 -0.447296
vn -0.637078 -0.420140 -0.646231
vn -0.637078 -0.420140 -0.646231
vn -0.637078 -0.420140 -0.646230
vn -0.636983 -0.104751 -0.763728
vn -0.636983 -0.104751 -0.763728
vn -0.636983 -0.104751 -0.763728
vn -0.211155 -0.824361 -0.525208
vn -0.211155 -0.824361 -0.525208
vn -0.211155 -0.824361 -0.525208
vn 0.180127 -0.913044 -0.365930
vn 0.180127 -0.913044 -0.365930
vn 0.180127 -0.913044 -0.365930
vn 0.029090 -0.936344 -0.349877
vn 0.029090 -0.936344 -0.349877
vn 0.029090 -0.936344 -0.349877
vn 0.231910 -0.964066 -0.129596
vn 0.231910 -0.964066 -0.129596
vn 0.231910 -0.964066 -0.129596
vn 0.111452 -0.964066 0.241154
vn 0.111452 -0.964066 0.241154
vn 0.111452 -0.964066 0.241154
vn -0.182119 -0.936345 0.300151
vn -0.182119 -0.936345 0.300151
vn -0.182119 -0.936345 0.300151
vn -0.069373 -0.913043 0.401921
vn -0.069373 -0.913043 0.401921
vn -0.069373 -0.913043 0.401921
vn -0.199285 -0.731292 -0.652302
vn -0.199285 -0.731292 -0.652302
vn -0.199285 -0.731292 -0.652302
vn -0.544620 -0.731298 0.410599
vn -0.544620 -0.731298 0.410600
vn -0.544620 -0.731298 0.410600
vn -0.292938 -0.808496 -0.510414
vn -0.288059 -0.820532 -0.493709
vn -0.285863 -0.825731 -0.486262
vn -0.282079 -0.834389 -0.473526
vn 0.142971 -0.984285 -0.103648
vn 0.142971 -0.984285 -0.103648
vn 0.142971 -0.984285 -0.103648
vn 0.054745 -0.984285 0.167887
vn 0.054745 -0.984285 0.167887
vn 0.054746 -0.984285 0.167887
vn -0.496428 -0.831238 0.250204
vn -0.514304 -0.825092 0.233912
vn -0.521629 -0.822390 0.227108
vn -0.551247 -0.810315 0.198789
vn -0.995160 0.044801 -0.087460
vn -0.993391 0.064400 -0.095014
vn -0.990754 0.087341 -0.103817
vn -0.983705 0.132842 -0.121148
vn 0.164468 -0.462485 0.871239
vn 0.164468 -0.462485 0.871239
vn 0.164468 -0.462485 0.871239
vn 0.644954 -0.462634 -0.608280
vn 0.644954 -0.462634 -0.608280
vn 0.644954 -0.462634 -0.608280
vn -0.955960 -0.248045 0.156889
vn -0.955960 -0.248045 0.156889
vn -0.955960 -0.248045 0.156889
vn -0.845456 -0.505030 0.173636
vn -0.845456 -0.505030 0.173636
vn -0.845456 -0.505030 0.173636
vn -0.923348 -0.374340 0.085430
vn -0.913455 -0.397744 0.086025
vn -0.917539 -0.388281 0.085790
vn -0.952288 -0.293692 0.083019
vn -0.612184 -0.789019 0.051766
vn -0.612184 -0.789019 0.051766
vn -0.612184 -0.789019 0.051766
vn -0.593385 -0.669194 0.447296
vn -0.593385 -0.669194 0.447296
vn -0.593385 -0.669194 0.447296
vn 0.428520 -0.857163 -0.285732
vn 0.428520 -0.857163 -0.285732
vn 0.428520 -0.857163 -0.285732
vn 0.514669 -0.857139 -0.020723
vn 0.514669 -0.857139 -0.020723
vn 0.514669 -0.857139 -0.020723
vn 0.584650 -0.779051 0.226416
vn 0.584650 -0.779051 0.226416
vn 0.584650 -0.779051 0.226416
vn 0.339790 -0.779117 -0.526801
vn 0.339790 -0.779118 -0.526801
vn 0.339790 -0.779117 -0.526801
vn -0.211154 -0.824359 0.525211
vn -0.211154 -0.824358 0.525211
vn -0.211154 -0.824359 0.525211
vn -0.637078 -0.420140 0.646230
vn -0.637078 -0.420140 0.646231
vn -0.637078 -0.420140 0.646231
vn -0.636984 -0.104751 0.763727
vn -0.636984 -0.104751 0.763727
vn -0.636984 -0.104751 0.763727
vn -0.792742 -0.388248 0.469919
vn -0.789576 -0.397710 0.467329
vn -0.797228 -0.374309 0.473624
vn -0.819219 -0.293671 0.492583
vn -0.525721 -0.788999 0.317958
vn -0.525721 -0.788999 0.317958
vn -0.525721 -0.788999 0.317958
vn -0.865595 -0.248046 0.434992
vn -0.865595 -0.248046 0.434992
vn -0.865596 -0.248046 0.434992
vn -0.786052 -0.505031 0.356464
vn -0.786051 -0.505031 0.356464
vn -0.786052 -0.505031 0.356464
vn -0.742986 -0.669179 -0.013124
vn -0.742986 -0.669179 -0.013124
vn -0.742986 -0.669179 -0.013124
vn -0.895231 -0.420171 -0.148384
vn -0.895231 -0.420171 -0.148384
vn -0.895231 -0.420171 -0.148384
vn -0.964225 -0.104756 -0.243507
vn -0.964225 -0.104756 -0.243507
vn -0.964225 -0.104756 -0.243507
vn -0.479527 -0.824360 -0.300805
vn -0.479527 -0.824360 -0.300805
vn -0.479527 -0.824360 -0.300805
vn -0.069373 -0.913043 -0.401921
vn -0.069373 -0.913043 -0.401921
vn -0.069373 -0.913043 -0.401921
vn -0.182121 -0.936345 -0.300149
vn -0.182121 -0.936346 -0.300149
vn -0.182121 -0.936345 -0.300149
vn 0.111451 -0.964066 -0.241155
vn 0.111451 -0.964066 -0.241155
vn 0.111451 -0.964066 -0.241155
vn 0.231910 -0.964066 0.129596
vn 0.231910 -0.964066 0.129596
vn 0.231910 -0.964066 0.129596
vn 0.029091 -0.936345 0.349874
vn 0.029091 -0.936345 0.349874
vn 0.029091 -0.936345 0.349874
vn 0.180137 -0.913044 0.365925
vn 0.180137 -0.913044 0.365925
vn 0.180137 -0.913044 0.365925
vn -0.544621 -0.731298 -0.410600
vn -0.544621 -0.731298 -0.410600
vn -0.544621 -0.731298 -0.410600
vn -0.199284 -0.731292 0.652302
vn -0.199284 -0.731292 0.652302
vn -0.199284 -0.731292 0.652302
vn -0.536987 -0.808513 -0.240732
vn -0.523229 -0.820542 -0.230092
vn -0.517080 -0.825737 -0.225361
vn -0.506538 -0.834390 -0.217285
vn 0.054744 -0.984285 -0.167887
vn 0.054744 -0.984285 -0.167887
vn 0.054744 -0.984285 -0.167887
vn 0.142971 -0.984285 0.103648
vn 0.142971 -0.984285 0.103648
vn 0.142971 -0.984285 0.103648
vn -0.254546 -0.831233 0.494224
vn -0.278590 -0.825085 0.491551
vn -0.288521 -0.822381 0.490352
vn -0.329146 -0.810300 0.484848
vn -0.856508 0.044802 0.514186
vn -0.859515 0.064392 0.507037
vn -0.862556 0.087323 0.498370
vn -0.867040 0.132803 0.480214
vn 0.645122 -0.462505 0.608199
vn 0.645122 -0.462505 0.608199
vn 0.645122 -0.462506 0.608199
vn 0.164205 -0.462669 -0.871191
vn 0.164205 -0.462669 -0.871191
vn 0.164205 -0.462669 -0.871191
vn -0.681181 -0.248016 0.688826
vn -0.681181 -0.248016 0.688826
vn -0.681181 -0.248016 0.688826
vn -0.581946 -0.505018 0.637413
vn -0.581946 -0.505018 0.637413
vn -0.581946 -0.505018 0.637413
vn -0.696798 -0.374327 0.611843
vn -0.688448 -0.397724 0.606511
vn -0.691889 -0.388264 0.608721
vn -0.721620 -0.293706 0.626898
vn -0.217142 -0.669267 0.710585
vn -0.217142 -0.669267 0.710585
vn -0.217142 -0.669267 0.710585
vn 0.178716 -0.857182 -0.483011
vn 0.178716 -0.857182 -0.483011
vn 0.178716 -0.857182 -0.483011
vn 0.404168 -0.857166 -0.319241
vn 0.404168 -0.857166 -0.319241
vn 0.404168 -0.857166 -0.319241
vn 0.606046 -0.779085 -0.160421
vn 0.606046 -0.779085 -0.160421
vn 0.606046 -0.779085 -0.160421
vn -0.034773 -0.779119 -0.625911
vn -0.034773 -0.779119 -0.625911
vn -0.034773 -0.779119 -0.625911
vn 0.137881 -0.824369 0.549004
vn 0.137881 -0.824369 0.549004
vn 0.137881 -0.824369 0.549004
vn -0.365121 -0.388279 0.846124
vn -0.364082 -0.397743 0.842167
vn -0.366574 -0.374337 0.851760
vn -0.373224 -0.293678 0.880032
vn -0.238415 -0.789001 0.566247
vn -0.238415 -0.789001 0.566247
vn -0.238415 -0.789001 0.566247
vn -0.444626 -0.248016 0.860695
vn -0.444626 -0.248016 0.860695
vn -0.444626 -0.248016 0.860695
vn -0.426394 -0.505017 0.750430
vn -0.426394 -0.505017 0.750431
vn -0.426394 -0.505017 0.750430
vn -0.608744 -0.669244 0.426079
vn -0.608744 -0.669244 0.426079
vn -0.608744 -0.669244 0.426079
vn -0.811467 -0.420148 0.406198
vn -0.811467 -0.420148 0.406198
vn -0.811467 -0.420148 0.406198
vn -0.923189 -0.104742 0.369798
vn -0.923190 -0.104742 0.369798
vn -0.923189 -0.104742 0.369798
vn -0.564749 -0.824363 0.038511
vn -0.564749 -0.824364 0.038511
vn -0.564749 -0.824363 0.038511
vn -0.292415 -0.913047 -0.284322
vn -0.292415 -0.913047 -0.284322
vn -0.292415 -0.913047 -0.284322
vn -0.323792 -0.936337 -0.135763
vn -0.323792 -0.936337 -0.135763
vn -0.323792 -0.936337 -0.135763
vn -0.051576 -0.964063 -0.260620
vn -0.051576 -0.964063 -0.260620
vn -0.051576 -0.964063 -0.260620
vn 0.263797 -0.964065 -0.031474
vn 0.263797 -0.964065 -0.031474
vn 0.263797 -0.964065 -0.031474
vn 0.229190 -0.936339 0.265973
vn 0.229191 -0.936339 0.265973
vn 0.229190 -0.936339 0.265973
vn 0.360788 -0.913047 0.190201
vn 0.360788 -0.913047 0.190201
vn 0.360788 -0.913047 0.190202
vn -0.464854 -0.789014 0.401706
vn -0.464854 -0.789014 0.401706
vn -0.464854 -0.789014 0.401706
vn -0.681945 -0.731304 -0.012053
vn -0.681945 -0.731304 -0.012053
vn -0.681945 -0.731305 -0.012053
vn 0.222198 -0.731290 0.644859
vn 0.222198 -0.731290 0.644859
vn 0.222198 -0.731290 0.644859
vn -0.575954 -0.808495 0.120879
vn -0.558557 -0.820534 0.121403
vn -0.550795 -0.825733 0.121617
vn -0.537510 -0.834392 0.121955
vn -0.054391 -0.984285 -0.168000
vn -0.054391 -0.984285 -0.168000
vn -0.054391 -0.984285 -0.168000
vn 0.176590 -0.984285 -0.000183
vn 0.176590 -0.984285 -0.000183
vn 0.176590 -0.984285 -0.000183
vn 0.084595 -0.831239 0.549442
vn 0.063563 -0.825089 0.561417
vn 0.054822 -0.822385 0.566284
vn 0.018706 -0.810299 0.585717
vn -0.390707 0.044798 0.919425
vn -0.397345 0.064398 0.915407
vn -0.404902 0.087340 0.910179
vn -0.419208 0.132842 0.898119
vn 0.879366 -0.462565 0.112911
vn 0.879366 -0.462565 0.112911
vn 0.879366 -0.462565 0.112911
vn -0.379214 -0.462672 -0.801331
vn -0.379214 -0.462672 -0.801331
vn -0.379214 -0.462672 -0.801331
vn -0.038738 -0.178188 -0.983234
vn -0.038738 -0.178188 -0.983234
vn -0.038738 -0.178188 -0.983234
vn 0.457114 0.527663 0.715974
vn 0.457114 0.527663 0.715974
vn 0.457114 0.527663 0.715974
vn 0.476862 0.541300 0.692529
vn 0.476862 0.541300 0.692529
vn 0.476862 0.541300 0.692529
vn 0.512797 0.226774 0.828018
vn 0.512797 0.226774 0.828018
vn 0.512797 0.226774 0.828018
vn 0.478883 0.280937 0.831713
vn 0.478883 0.280937 0.831713
vn 0.478883 0.280937 0.831713
vn 0.477269 0.063944 0.876428
vn 0.477269 0.063944 0.876428
vn 0.477269 0.063944 0.876428
vn 0.357839 -0.376625 0.854462
vn 0.357839 -0.376625 0.854462
vn 0.357839 -0.376625 0.854462
vn 0.771063 0.570903 0.282015
vn 0.771063 0.570903 0.282015
vn 0.771063 0.570903 0.282015
vn 0.771823 0.577509 0.266031
vn 0.771823 0.577509 0.266031
vn 0.771823 0.577509 0.266031
vn 0.903371 0.215655 0.370694
vn 0.903371 0.215655 0.370694
vn 0.903371 0.215655 0.370694
vn 0.878603 0.270236 0.393739
vn 0.878603 0.270236 0.393739
vn 0.878603 0.270236 0.393739
vn 0.888895 -0.115707 0.443258
vn 0.888895 -0.115707 0.443258
vn 0.888895 -0.115707 0.443258
vn 0.789933 0.570444 -0.224946
vn 0.789933 0.570444 -0.224946
vn 0.789933 0.570444 -0.224946
vn 0.781072 0.577119 -0.238452
vn 0.781072 0.577120 -0.238452
vn 0.781072 0.577119 -0.238452
vn 0.948729 0.215670 -0.231084
vn 0.948729 0.215670 -0.231084
vn 0.948729 0.215670 -0.231084
vn 0.942237 0.270238 -0.197891
vn 0.942237 0.270238 -0.197892
vn 0.942237 0.270238 -0.197892
vn 0.979619 -0.116241 -0.163815
vn 0.979619 -0.116241 -0.163815
vn 0.979619 -0.116241 -0.163815
vn 0.554348 0.507280 -0.659823
vn 0.483534 0.538205 -0.690312
vn 0.457715 0.548244 -0.699947
vn 0.422075 0.561104 -0.712050
vn 0.030332 0.570105 -0.821012
vn 0.030332 0.570105 -0.821012
vn 0.030332 0.570105 -0.821012
vn 0.090963 0.542358 -0.835209
vn 0.090963 0.542357 -0.835209
vn 0.090963 0.542357 -0.835209
vn 0.110841 0.468579 -0.876441
vn 0.110841 0.468579 -0.876441
vn 0.110841 0.468579 -0.876441
vn -0.008670 0.218635 -0.975768
vn -0.008670 0.218635 -0.975768
vn -0.008670 0.218635 -0.975768
vn -0.458027 0.570341 -0.681852
vn -0.458027 0.570341 -0.681852
vn -0.458027 0.570341 -0.681852
vn -0.468167 0.577062 -0.669193
vn -0.468167 0.577063 -0.669193
vn -0.468167 0.577062 -0.669193
vn -0.512956 0.215642 -0.830888
vn -0.512956 0.215642 -0.830888
vn -0.512956 0.215642 -0.830888
vn -0.479376 0.270220 -0.834973
vn -0.479376 0.270220 -0.834973
vn -0.479376 0.270220 -0.834973
vn -0.458436 -0.116806 -0.881018
vn -0.458436 -0.116806 -0.881018
vn -0.458436 -0.116806 -0.881018
vn -0.495931 -0.276704 -0.823096
vn -0.495931 -0.276704 -0.823096
vn -0.495931 -0.276704 -0.823096
vn -0.528358 -0.025139 -0.848649
vn -0.528358 -0.025139 -0.848649
vn -0.528358 -0.025139 -0.848649
vn -0.448849 -0.210852 -0.868376
vn -0.448849 -0.210852 -0.868376
vn -0.448849 -0.210852 -0.868376
vn -0.771123 0.570779 -0.282100
vn -0.771124 0.570779 -0.282100
vn -0.771123 0.570779 -0.282100
vn -0.771872 0.577428 -0.266063
vn -0.771872 0.577428 -0.266063
vn -0.771872 0.577428 -0.266063
vn -0.903371 0.215655 -0.370694
vn -0.903371 0.215655 -0.370694
vn -0.903371 0.215655 -0.370694
vn -0.878606 0.270229 -0.393736
vn -0.878606 0.270229 -0.393736
vn -0.878606 0.270229 -0.393736
vn -0.888788 -0.116430 -0.443283
vn -0.888788 -0.116430 -0.443283
vn -0.888788 -0.116430 -0.443282
vn -0.885135 -0.276316 -0.374413
vn -0.885135 -0.276316 -0.374413
vn -0.885135 -0.276316 -0.374413
vn -0.926272 -0.025226 -0.376011
vn -0.926272 -0.025226 -0.376011
vn -0.926272 -0.025226 -0.376011
vn -0.789298 0.571238 0.225157
vn -0.789298 0.571238 0.225157
vn -0.789298 0.571238 0.225157
vn -0.780570 0.577809 0.238427
vn -0.780570 0.577809 0.238427
vn -0.780570 0.577809 0.238427
vn -0.948728 0.215673 0.231085
vn -0.948728 0.215673 0.231085
vn -0.948728 0.215673 0.231085
vn -0.942236 0.270240 0.197892
vn -0.942236 0.270240 0.197892
vn -0.942236 0.270240 0.197892
vn -0.979645 -0.115973 0.163848
vn -0.979645 -0.115973 0.163848
vn -0.979645 -0.115973 0.163848
vn -0.539524 0.527868 0.655949
vn -0.539524 0.527868 0.655949
vn -0.539524 0.527868 0.655949
vn -0.511175 0.541497 0.667444
vn -0.511175 0.541497 0.667444
vn -0.511175 0.541496 0.667444
vn -0.606694 0.307804 0.732925
vn -0.606694 0.307804 0.732925
vn -0.606694 0.307804 0.732925
vn -0.590469 0.246804 0.768397
vn -0.590469 0.246804 0.768397
vn -0.590470 0.246804 0.768397
vn -0.633621 -0.113394 0.765288
vn -0.633622 -0.113394 0.765288
vn -0.633622 -0.113394 0.765288
vn -0.644285 -0.083109 0.760257
vn -0.644285 -0.083109 0.760257
vn -0.644285 -0.083109 0.760257
vn -0.643850 -0.025206 0.764736
vn -0.643850 -0.025206 0.764736
vn -0.643850 -0.025206 0.764736
vn -0.050881 0.527933 0.847760
vn -0.050881 0.527933 0.847760
vn -0.050881 0.527933 0.847760
vn -0.021225 0.541529 0.840414
vn -0.021225 0.541529 0.840414
vn -0.021225 0.541529 0.840414
vn -0.071826 0.226834 0.971281
vn -0.071826 0.226834 0.971281
vn -0.071826 0.226834 0.971282
vn -0.101431 0.280979 0.954339
vn -0.101431 0.280979 0.954339
vn -0.101431 0.280979 0.954339
vn -0.129027 0.063947 0.989577
vn -0.129027 0.063947 0.989577
vn -0.129027 0.063947 0.989577
vn -0.212766 -0.376625 0.901601
vn -0.212766 -0.376625 0.901601
vn -0.212766 -0.376625 0.901601
vn 0.042997 0.544330 0.837768
vn 0.034983 0.537812 0.842339
vn 0.030928 0.534489 0.844609
vn 0.023611 0.528451 0.848636
vn 0.101432 0.280980 0.954338
vn 0.101432 0.280980 0.954338
vn 0.101432 0.280980 0.954338
vn 0.071826 0.226834 0.971281
vn 0.071826 0.226834 0.971281
vn 0.071826 0.226834 0.971281
vn 0.129027 0.063947 0.989577
vn 0.093578 -0.032188 0.995092
vn 0.113753 0.027041 0.993141
vn 0.074081 -0.077667 0.994223
vn 0.071360 -0.025155 0.997133
vn -0.457628 0.544335 0.703048
vn -0.466804 0.537808 0.702038
vn -0.471422 0.534481 0.701492
vn -0.479717 0.528432 0.700450
vn -0.478883 0.280937 0.831713
vn -0.478883 0.280937 0.831713
vn -0.478883 0.280937 0.831713
vn -0.512797 0.226774 0.828018
vn -0.512797 0.226774 0.828018
vn -0.512797 0.226774 0.828018
vn -0.477269 0.063944 0.876428
vn -0.509187 -0.032181 0.860054
vn -0.491719 0.027034 0.870334
vn -0.524447 -0.077665 0.847893
vn -0.528346 -0.025259 0.848653
vn -0.783583 0.544088 0.299943
vn -0.771630 0.555133 0.310506
vn -0.765410 0.560697 0.315859
vn -0.754774 0.569934 0.324795
vn -0.878603 0.270234 0.393739
vn -0.878603 0.270234 0.393739
vn -0.878603 0.270234 0.393739
vn -0.856735 0.312095 0.410611
vn -0.856735 0.312095 0.410611
vn -0.856735 0.312095 0.410611
vn -0.888895 -0.115707 0.443258
vn -0.888895 -0.115707 0.443258
vn -0.888895 -0.115707 0.443258
vn -0.901011 -0.214365 0.377130
vn -0.885315 -0.275682 0.374455
vn -0.891510 -0.253226 0.375615
vn -0.926270 -0.025217 0.376015
vn -0.782986 0.579053 -0.227223
vn -0.784048 0.575712 -0.232001
vn -0.784591 0.573960 -0.234492
vn -0.785486 0.571007 -0.238668
vn -0.942238 0.270236 -0.197892
vn -0.942238 0.270236 -0.197892
vn -0.942238 0.270236 -0.197892
vn -0.979619 -0.116239 -0.163815
vn -0.979619 -0.116239 -0.163815
vn -0.979619 -0.116239 -0.163815
vn -0.948729 0.215670 -0.231085
vn -0.948729 0.215670 -0.231085
vn -0.948729 0.215670 -0.231085
vn -0.500190 0.578698 -0.644142
vn -0.498218 0.575319 -0.648681
vn -0.497183 0.573550 -0.651037
vn -0.495433 0.570563 -0.654984
vn -0.645973 0.270232 -0.713928
vn -0.645973 0.270232 -0.713928
vn -0.645973 0.270232 -0.713928
vn -0.696242 -0.116644 -0.708266
vn -0.696242 -0.116644 -0.708266
vn -0.696242 -0.116644 -0.708266
vn -0.631712 0.215655 -0.744603
vn -0.631712 0.215655 -0.744603
vn -0.631712 0.215655 -0.744603
vn -0.026139 0.578482 -0.815277
vn -0.021852 0.575085 -0.817802
vn -0.019619 0.573308 -0.819105
vn -0.015862 0.570306 -0.821279
vn -0.102975 0.270248 -0.957268
vn -0.102975 0.270248 -0.957268
vn -0.102975 0.270248 -0.957268
vn -0.146995 -0.116889 -0.982206
vn -0.146995 -0.116889 -0.982207
vn -0.146995 -0.116889 -0.982207
vn -0.073390 0.215640 -0.973711
vn -0.073390 0.215640 -0.973711
vn -0.073390 0.215640 -0.973711
vn 0.457661 0.545695 -0.701971
vn 0.481398 0.528517 -0.699232
vn 0.492671 0.520088 -0.697699
vn 0.509888 0.506865 -0.695055
vn 0.767179 0.578710 -0.276642
vn 0.770881 0.575340 -0.273363
vn 0.772800 0.573574 -0.271650
vn 0.776005 0.570596 -0.268767
vn 0.878606 0.270229 -0.393736
vn 0.878606 0.270229 -0.393736
vn 0.878606 0.270229 -0.393736
vn 0.888788 -0.116429 -0.443284
vn 0.888788 -0.116429 -0.443284
vn 0.888788 -0.116429 -0.443284
vn 0.903371 0.215655 -0.370694
vn 0.903371 0.215655 -0.370694
vn 0.903371 0.215655 -0.370694
vn 0.782973 0.579069 0.227227
vn 0.784029 0.575737 0.232004
vn 0.784569 0.573989 0.234495
vn 0.785458 0.571046 0.238667
vn 0.942237 0.270237 0.197892
vn 0.942237 0.270237 0.197892
vn 0.942237 0.270237 0.197892
vn 0.979645 -0.115971 0.163848
vn 0.979645 -0.115971 0.163848
vn 0.979645 -0.115971 0.163848
vn 0.948728 0.215673 0.231085
vn 0.948728 0.215673 0.231085
vn 0.948728 0.215673 0.231085
vn 0.499588 0.579436 0.643946
vn 0.487417 0.558833 0.670917
vn 0.480938 0.548001 0.684393
vn 0.468832 0.527980 0.708120
vn 0.618326 0.360066 0.698588
vn 0.618326 0.360066 0.698588
vn 0.618326 0.360066 0.698588
vn 0.579928 0.211751 0.786667
vn 0.579928 0.211751 0.786667
vn 0.579928 0.211751 0.786667
vn 0.696251 -0.115488 0.708447
vn 0.696251 -0.115488 0.708447
vn 0.696251 -0.115488 0.708447
vn 0.637127 -0.214135 0.740416
vn 0.629754 -0.275368 0.726348
vn 0.632766 -0.252917 0.731874
vn 0.643850 -0.025204 0.764736
vn 0.212768 -0.376625 0.901601
vn 0.212768 -0.376625 0.901601
vn 0.212768 -0.376625 0.901601
vn 0.250441 -0.932373 -0.260692
vn 0.250441 -0.932373 -0.260692
vn 0.250441 -0.932373 -0.260692
vn 0.104763 -0.973822 -0.201730
vn 0.104763 -0.973822 -0.201730
vn 0.104763 -0.973822 -0.201730
vn 0.756700 -0.132967 0.640098
vn 0.756700 -0.132967 0.640098
vn 0.756700 -0.132967 0.640098
vn 0.524446 -0.077663 0.847894
vn 0.523959 -0.083091 0.847681
vn 0.525263 -0.068160 0.848206
vn 0.528346 -0.025263 0.848653
vn -0.235927 -0.132979 0.962629
vn -0.235927 -0.132979 0.962629
vn -0.235927 -0.132979 0.962629
vn -0.355837 -0.932375 -0.063687
vn -0.273339 -0.958181 -0.084706
vn -0.274167 -0.957963 -0.084501
vn -0.203333 -0.973822 -0.101617
vn -0.538679 -0.841855 -0.033241
vn -0.538679 -0.841855 -0.033241
vn -0.538679 -0.841855 -0.033241
vn 0.416243 -0.841860 -0.343533
vn 0.416242 -0.841860 -0.343533
vn 0.416242 -0.841860 -0.343533
vn 0.702077 -0.376609 0.604362
vn 0.702077 -0.376609 0.604362
vn 0.702077 -0.376609 0.604362
vn 0.049033 -0.932341 -0.358239
vn 0.049033 -0.932341 -0.358239
vn 0.049033 -0.932341 -0.358239
vn -0.033942 -0.973798 -0.224870
vn -0.033942 -0.973798 -0.224870
vn -0.033942 -0.973798 -0.224870
vn 0.944251 -0.309385 0.112566
vn 0.944251 -0.309385 0.112566
vn 0.944251 -0.309385 0.112566
vn 0.996806 0.076019 0.024479
vn 0.996806 0.076019 0.024479
vn 0.996806 0.076019 0.024479
vn 0.891511 -0.253224 0.375614
vn 0.885316 -0.275680 0.374454
vn 0.901012 -0.214364 0.377128
vn 0.926270 -0.025217 0.376015
vn 0.241743 -0.318113 0.916714
vn 0.241743 -0.318113 0.916714
vn 0.241743 -0.318113 0.916714
vn 0.170919 0.081919 0.981874
vn 0.170919 0.081919 0.981874
vn 0.170919 0.081919 0.981874
vn -0.324987 -0.932417 0.158055
vn -0.270635 -0.958236 0.092412
vn -0.271138 -0.958036 0.093012
vn -0.223989 -0.973871 0.037484
vn 0.791739 -0.376609 0.480952
vn 0.791739 -0.376609 0.480952
vn 0.791739 -0.376609 0.480952
vn -0.454941 -0.841816 0.290474
vn -0.454941 -0.841816 0.290474
vn -0.454941 -0.841816 0.290474
vn 0.131732 -0.845107 -0.518113
vn 0.131732 -0.845107 -0.518113
vn 0.131732 -0.845107 -0.518113
vn 0.936299 -0.275823 0.217407
vn 0.936299 -0.275823 0.217407
vn 0.936299 -0.275822 0.217407
vn 0.970388 -0.025155 0.240240
vn 0.970388 -0.025155 0.240240
vn 0.970388 -0.025155 0.240240
vn 0.923239 -0.376582 0.076256
vn 0.923239 -0.376582 0.076256
vn 0.923239 -0.376582 0.076256
vn -0.170965 -0.932338 -0.318617
vn -0.170965 -0.932338 -0.318617
vn -0.170965 -0.932338 -0.318617
vn -0.159581 -0.973806 -0.161972
vn -0.159581 -0.973806 -0.161972
vn -0.159581 -0.973806 -0.161972
vn 0.829996 -0.309868 -0.463776
vn 0.829996 -0.309868 -0.463776
vn 0.829996 -0.309868 -0.463776
vn 0.820812 0.076014 -0.566118
vn 0.820812 0.076014 -0.566118
vn 0.820812 0.076014 -0.566118
vn 0.936201 -0.276191 -0.217362
vn 0.936201 -0.276191 -0.217362
vn 0.936201 -0.276191 -0.217362
vn 0.970388 -0.025155 -0.240240
vn 0.970388 -0.025155 -0.240240
vn 0.970388 -0.025155 -0.240240
vn 0.830116 -0.309104 0.464072
vn 0.830116 -0.309104 0.464072
vn 0.830116 -0.309104 0.464072
vn 0.820813 0.076021 0.566115
vn 0.820813 0.076021 0.566115
vn 0.820813 0.076021 0.566115
vn -0.169550 -0.932464 0.319005
vn -0.164238 -0.958289 0.233896
vn -0.164289 -0.958102 0.234627
vn -0.158851 -0.973921 0.162001
vn 0.923239 -0.376583 -0.076256
vn 0.923239 -0.376583 -0.076256
vn 0.923239 -0.376583 -0.076256
vn -0.196035 -0.844820 0.497846
vn -0.196035 -0.844820 0.497846
vn -0.196035 -0.844820 0.497846
vn -0.198152 -0.845089 -0.496548
vn -0.198152 -0.845089 -0.496548
vn -0.198152 -0.845089 -0.496548
vn 0.885133 -0.276322 -0.374415
vn 0.885133 -0.276322 -0.374415
vn 0.885133 -0.276322 -0.374415
vn 0.926272 -0.025229 -0.376011
vn 0.926272 -0.025229 -0.376011
vn 0.926272 -0.025229 -0.376011
vn 0.791724 -0.376644 -0.480950
vn 0.791724 -0.376644 -0.480950
vn 0.791724 -0.376644 -0.480950
vn -0.325441 -0.932355 -0.157490
vn -0.325441 -0.932355 -0.157490
vn -0.325441 -0.932355 -0.157490
vn -0.452078 -0.845027 -0.285577
vn -0.452078 -0.845027 -0.285577
vn -0.452078 -0.845027 -0.285577
vn 0.398933 -0.310213 -0.862914
vn 0.398933 -0.310213 -0.862914
vn 0.398933 -0.310213 -0.862914
vn 0.632600 -0.254112 -0.731604
vn 0.629557 -0.276643 -0.726035
vn 0.637011 -0.215140 -0.740224
vn 0.643836 -0.025254 -0.764747
vn 0.696241 -0.116642 -0.708268
vn 0.696241 -0.116642 -0.708268
vn 0.696241 -0.116642 -0.708268
vn 0.581975 0.211920 -0.785108
vn 0.581975 0.211920 -0.785108
vn 0.581975 0.211920 -0.785108
vn 0.613370 0.374169 -0.695539
vn 0.613370 0.374169 -0.695539
vn 0.613370 0.374169 -0.695539
vn 0.944185 -0.309574 -0.112603
vn 0.944185 -0.309574 -0.112603
vn 0.944185 -0.309574 -0.112603
vn 0.996806 0.076019 -0.024479
vn 0.996806 0.076019 -0.024479
vn 0.996806 0.076019 -0.024479
vn 0.050572 -0.932483 0.357655
vn 0.004824 -0.958319 0.285660
vn 0.005211 -0.958133 0.286278
vn -0.033096 -0.973955 0.224313
vn 0.702057 -0.376654 -0.604358
vn 0.702057 -0.376654 -0.604358
vn 0.702057 -0.376654 -0.604358
vn -0.224121 -0.973844 -0.037379
vn -0.224121 -0.973844 -0.037379
vn -0.224121 -0.973844 -0.037379
vn 0.134311 -0.844825 0.517911
vn 0.134311 -0.844825 0.517911
vn 0.134311 -0.844825 0.517911
vn 0.376976 -0.227689 -0.897801
vn 0.376976 -0.227689 -0.897801
vn 0.376976 -0.227689 -0.897801
vn 0.874537 0.125612 -0.468408
vn 0.874537 0.125612 -0.468408
vn 0.874537 0.125612 -0.468408
vn 0.439496 -0.487006 -0.754764
vn 0.439496 -0.487006 -0.754764
vn 0.439496 -0.487006 -0.754764
vn 0.528358 -0.025143 -0.848649
vn 0.528358 -0.025143 -0.848649
vn 0.528358 -0.025143 -0.848649
vn 0.351693 -0.386521 -0.852592
vn 0.351693 -0.386521 -0.852592
vn 0.351693 -0.386521 -0.852592
vn -0.355827 -0.932399 0.063394
vn -0.355827 -0.932399 0.063394
vn -0.355827 -0.932399 0.063394
vn -0.184478 -0.310214 -0.932596
vn -0.184478 -0.310214 -0.932596
vn -0.184478 -0.310214 -0.932596
vn -0.284753 0.076000 -0.955583
vn -0.284753 0.076000 -0.955583
vn -0.284753 0.076000 -0.955583
vn 0.081789 -0.254227 -0.963680
vn 0.082602 -0.276776 -0.957378
vn 0.080292 -0.215248 -0.973253
vn 0.071393 -0.025239 -0.997129
vn 0.099425 -0.236387 -0.966559
vn 0.099425 -0.236387 -0.966559
vn 0.099425 -0.236387 -0.966559
vn 0.721862 -0.458138 -0.518675
vn 0.721862 -0.458138 -0.518675
vn 0.721862 -0.458138 -0.518675
vn 0.251084 -0.932481 0.259685
vn 0.251084 -0.932481 0.259685
vn 0.251084 -0.932481 0.259685
vn 0.214109 -0.380098 -0.899824
vn 0.214109 -0.380098 -0.899824
vn 0.214109 -0.380098 -0.899824
vn 0.101458 -0.974659 0.199366
vn 0.101458 -0.974659 0.199367
vn 0.101458 -0.974659 0.199366
vn -0.208841 -0.972839 0.099853
vn -0.208841 -0.972839 0.099853
vn -0.208841 -0.972839 0.099853
vn 0.412868 -0.844878 0.340179
vn 0.412868 -0.844878 0.340179
vn 0.412868 -0.844878 0.340179
vn -0.533782 -0.844940 0.033971
vn -0.533782 -0.844939 0.033971
vn -0.533782 -0.844940 0.033971
vn 0.479368 0.483458 -0.732445
vn 0.502921 0.446350 -0.740163
vn 0.498818 0.452994 -0.738902
vn 0.512952 0.429767 -0.743088
vn -0.082604 -0.276832 -0.957361
vn -0.082604 -0.276832 -0.957361
vn -0.082604 -0.276832 -0.957361
vn -0.071393 -0.025238 -0.997129
vn -0.071393 -0.025238 -0.997129
vn -0.071393 -0.025238 -0.997129
vn -0.146098 -0.207933 -0.967171
vn -0.146098 -0.207933 -0.967171
vn -0.146098 -0.207933 -0.967171
vn -0.250885 -0.932450 0.259988
vn -0.250885 -0.932450 0.259988
vn -0.250885 -0.932450 0.259988
vn -0.697473 -0.310013 -0.646084
vn -0.697473 -0.310013 -0.646084
vn -0.697473 -0.310013 -0.646084
vn -0.792029 0.076025 -0.605731
vn -0.792029 0.076025 -0.605731
vn -0.792029 0.076025 -0.605731
vn 0.184515 -0.310271 -0.932570
vn 0.184515 -0.310271 -0.932570
vn 0.184515 -0.310271 -0.932570
vn 0.284806 0.075999 -0.955568
vn 0.284806 0.075999 -0.955568
vn 0.284806 0.075999 -0.955568
vn 0.355802 -0.932444 0.062880
vn 0.355802 -0.932444 0.062880
vn 0.355802 -0.932444 0.062880
vn 0.186805 -0.976798 0.104733
vn 0.186805 -0.976798 0.104733
vn 0.186805 -0.976798 0.104733
vn -0.088116 -0.977053 0.193913
vn -0.088116 -0.977053 0.193913
vn -0.088116 -0.977053 0.193913
vn 0.533789 -0.844966 0.033190
vn 0.533789 -0.844966 0.033190
vn 0.533789 -0.844966 0.033190
vn -0.412508 -0.844857 0.340666
vn -0.412508 -0.844857 0.340666
vn -0.412508 -0.844857 0.340666
vn -0.629559 -0.276646 -0.726032
vn -0.629559 -0.276646 -0.726032
vn -0.629559 -0.276646 -0.726032
vn -0.693797 -0.257906 -0.672406
vn -0.693797 -0.257906 -0.672406
vn -0.693797 -0.257906 -0.672406
vn -0.050504 -0.932477 0.357681
vn -0.050504 -0.932477 0.357681
vn -0.050504 -0.932477 0.357681
vn -0.944186 -0.309570 -0.112607
vn -0.944185 -0.309570 -0.112607
vn -0.944185 -0.309570 -0.112607
vn -0.996806 0.076018 -0.024479
vn -0.996806 0.076018 -0.024479
vn -0.996806 0.076018 -0.024479
vn -0.398931 -0.310216 -0.862914
vn -0.398931 -0.310216 -0.862914
vn -0.398931 -0.310216 -0.862913
vn -0.331316 0.076016 -0.940453
vn -0.331316 0.076016 -0.940453
vn -0.331316 0.076016 -0.940453
vn 0.325146 -0.932395 -0.157857
vn 0.325146 -0.932395 -0.157857
vn 0.325146 -0.932395 -0.157857
vn 0.215578 -0.976086 -0.027985
vn 0.215578 -0.976086 -0.027985
vn 0.215578 -0.976085 -0.027985
vn -0.853775 -0.258150 -0.452136
vn -0.853775 -0.258150 -0.452136
vn -0.853775 -0.258150 -0.452136
vn 0.039720 -0.976172 0.213331
vn 0.039720 -0.976172 0.213331
vn 0.039720 -0.976172 0.213331
vn 0.451694 -0.845050 -0.286118
vn 0.451694 -0.845050 -0.286118
vn 0.451694 -0.845050 -0.286118
vn -0.134123 -0.844818 0.517970
vn -0.134123 -0.844818 0.517970
vn -0.134123 -0.844818 0.517970
vn -0.643833 -0.025251 -0.764750
vn -0.643833 -0.025251 -0.764750
vn -0.643833 -0.025251 -0.764750
vn -0.936200 -0.276194 -0.217361
vn -0.936200 -0.276194 -0.217361
vn -0.936200 -0.276194 -0.217361
vn -0.970388 -0.025155 -0.240240
vn -0.970388 -0.025155 -0.240240
vn -0.970388 -0.025155 -0.240240
vn -0.923239 -0.376582 -0.076257
vn -0.923239 -0.376582 -0.076257
vn -0.923239 -0.376582 -0.076257
vn 0.169313 -0.932484 0.319071
vn 0.169313 -0.932484 0.319071
vn 0.169313 -0.932484 0.319071
vn 0.158626 -0.973956 0.162009
vn 0.158626 -0.973956 0.162009
vn 0.158626 -0.973956 0.162009
vn -0.830118 -0.309101 0.464069
vn -0.830118 -0.309101 0.464069
vn -0.830118 -0.309101 0.464069
vn -0.820813 0.076021 0.566116
vn -0.820813 0.076021 0.566116
vn -0.820813 0.076021 0.566116
vn -0.936300 -0.275820 0.217408
vn -0.936300 -0.275820 0.217408
vn -0.936300 -0.275820 0.217408
vn -0.970388 -0.025155 0.240240
vn -0.970388 -0.025155 0.240240
vn -0.970388 -0.025155 0.240240
vn -0.829993 -0.309871 -0.463779
vn -0.829993 -0.309871 -0.463779
vn -0.829993 -0.309871 -0.463779
vn -0.820813 0.076014 -0.566117
vn -0.820813 0.076014 -0.566117
vn -0.820813 0.076014 -0.566117
vn 0.170726 -0.932359 -0.318685
vn 0.165050 -0.958178 -0.233781
vn 0.165121 -0.957932 -0.234737
vn 0.159355 -0.973842 -0.161980
vn -0.923239 -0.376583 0.076256
vn -0.923239 -0.376583 0.076256
vn -0.923239 -0.376583 0.076256
vn 0.197877 -0.845100 -0.496640
vn 0.197877 -0.845100 -0.496640
vn 0.197877 -0.845100 -0.496640
vn 0.195762 -0.844829 0.497937
vn 0.195762 -0.844829 0.497937
vn 0.195762 -0.844829 0.497937
vn -0.791739 -0.376609 0.480953
vn -0.791739 -0.376609 0.480953
vn -0.791739 -0.376609 0.480953
vn 0.324691 -0.932458 0.158424
vn 0.324691 -0.932458 0.158424
vn 0.324691 -0.932458 0.158424
vn 0.223739 -0.973921 0.037680
vn 0.223739 -0.973921 0.037680
vn 0.223739 -0.973921 0.037680
vn -0.374920 -0.132990 0.917469
vn -0.374920 -0.132990 0.917469
vn -0.374920 -0.132990 0.917469
vn -0.944250 -0.309388 0.112563
vn -0.944250 -0.309388 0.112563
vn -0.944250 -0.309388 0.112563
vn -0.996806 0.076019 0.024480
vn -0.996806 0.076019 0.024480
vn -0.996806 0.076019 0.024480
vn -0.048966 -0.932335 -0.358265
vn -0.003675 -0.958145 -0.286261
vn -0.004182 -0.957898 -0.287080
vn 0.033902 -0.973805 -0.224842
vn -0.702077 -0.376608 0.604363
vn -0.702077 -0.376608 0.604363
vn -0.702077 -0.376608 0.604363
vn -0.131547 -0.845100 -0.518172
vn -0.131547 -0.845100 -0.518172
vn -0.131547 -0.845100 -0.518172
vn 0.454610 -0.841786 0.291078
vn 0.454610 -0.841786 0.291078
vn 0.454610 -0.841786 0.291078
vn -0.357838 -0.376625 0.854462
vn -0.357838 -0.376625 0.854462
vn -0.357838 -0.376625 0.854462
vn 0.355812 -0.932420 -0.063170
vn 0.355812 -0.932420 -0.063170
vn 0.355812 -0.932420 -0.063170
vn 0.203255 -0.973868 -0.101339
vn 0.203255 -0.973868 -0.101339
vn 0.203255 -0.973868 -0.101339
vn 0.235927 -0.132979 0.962629
vn 0.235927 -0.132979 0.962629
vn 0.235927 -0.132979 0.962629
vn -0.074081 -0.077668 0.994223
vn -0.074351 -0.083107 0.993763
vn -0.073602 -0.068144 0.994957
vn -0.071362 -0.025157 0.997133
vn -0.756699 -0.132971 0.640097
vn -0.756700 -0.132971 0.640097
vn -0.756700 -0.132971 0.640097
vn -0.250242 -0.932341 -0.260996
vn -0.171233 -0.958147 -0.229420
vn -0.172089 -0.957910 -0.229769
vn -0.104711 -0.973799 -0.201870
vn -0.415809 -0.841887 -0.343991
vn -0.415809 -0.841887 -0.343991
vn -0.415809 -0.841887 -0.343991
vn 0.538782 -0.841821 -0.032431
vn 0.538782 -0.841820 -0.032431
vn 0.538782 -0.841821 -0.032431
vn 0.287044 0.087300 0.953931
vn 0.287044 0.087300 0.953931
vn 0.287044 0.087300 0.953931
vn -0.287044 0.087300 0.953931
vn -0.287044 0.087300 0.953931
vn -0.287044 0.087300 0.953931
vn 0.792927 0.087154 0.603052
vn 0.792927 0.087154 0.603052
vn 0.792927 0.087154 0.603052
vn 0.305548 0.172998 -0.936329
vn 0.305548 0.172998 -0.936329
vn 0.305548 0.172998 -0.936329
vn -0.328454 0.087287 0.940478
vn -0.328454 0.087287 0.940478
vn -0.328454 0.087287 0.940478
vn -0.792926 0.087154 0.603052
vn -0.792926 0.087154 0.603052
vn -0.792926 0.087154 0.603052
vn 0.129058 0.059729 0.989837
vn 0.129058 0.059729 0.989837
vn 0.129058 0.059729 0.989837
vn 0.074388 -0.077660 0.994201
vn 0.074388 -0.077660 0.994201
vn 0.074388 -0.077660 0.994201
vn -0.236185 -0.124349 0.963719
vn -0.236185 -0.124349 0.963719
vn -0.236185 -0.124349 0.963719
vn 0.074240 -0.074907 0.994423
vn 0.074240 -0.074907 0.994423
vn 0.074240 -0.074907 0.994423
vn 0.524184 -0.077620 0.848060
vn 0.524184 -0.077620 0.848060
vn 0.524184 -0.077620 0.848060
vn 0.757550 -0.124320 0.640830
vn 0.757550 -0.124320 0.640830
vn 0.757550 -0.124320 0.640830
vn 0.467592 -0.853835 0.228745
vn 0.470982 -0.846829 0.247098
vn 0.492737 -0.770247 0.404884
vn 0.497040 -0.734080 0.462685
vn 0.083948 0.962392 0.258368
vn 0.052083 0.985694 0.160296
vn 0.089230 0.957403 0.274621
vn 0.154667 0.865728 0.476018
vn 0.155610 0.863957 0.478919
vn 0.176429 0.820994 0.542993
vn 0.176282 0.821324 0.542543
vn 0.178344 0.816649 0.548888
vn 0.477404 0.059731 0.876652
vn 0.477404 0.059731 0.876652
vn 0.477404 0.059731 0.876652
vn -0.192284 -0.883921 0.426276
vn -0.195831 -0.859894 0.471415
vn -0.204495 -0.750127 0.628881
vn -0.205629 -0.711590 0.671831
vn 0.524432 -0.074909 0.848151
vn 0.524432 -0.074909 0.848151
vn 0.524432 -0.074909 0.848151
vn -0.513366 -0.605147 0.608484
vn -0.513366 -0.605147 0.608484
vn -0.513366 -0.605147 0.608484
vn 0.772975 -0.605166 0.190483
vn 0.772975 -0.605166 0.190483
vn 0.772975 -0.605166 0.190483
vn 0.046647 0.578954 0.814025
vn 0.011092 0.519910 0.854149
vn 0.016567 0.529209 0.848330
vn -0.007041 0.488572 0.872495
vn 0.518534 0.488568 0.701729
vn 0.493082 0.519905 0.697545
vn 0.485233 0.529204 0.696054
vn 0.440738 0.578946 0.685983
vn 0.686255 -0.560451 -0.463626
vn 0.686255 -0.560451 -0.463626
vn 0.686255 -0.560451 -0.463626
vn -0.827703 -0.560452 0.028289
vn -0.827703 -0.560452 0.028289
vn -0.827703 -0.560452 0.028289
vn 0.686231 0.059734 0.724927
vn 0.686231 0.059734 0.724927
vn 0.686231 0.059734 0.724927
vn 0.644568 -0.077647 0.760594
vn 0.644568 -0.077647 0.760594
vn 0.644568 -0.077647 0.760594
vn 0.375376 -0.124341 0.918494
vn 0.375376 -0.124341 0.918495
vn 0.375376 -0.124341 0.918494
vn 0.644582 -0.074899 0.760858
vn 0.644582 -0.074899 0.760857
vn 0.644582 -0.074899 0.760858
vn 0.922549 -0.077602 0.377997
vn 0.922549 -0.077602 0.377997
vn 0.922549 -0.077602 0.377997
vn 0.989546 -0.124293 0.073143
vn 0.989546 -0.124293 0.073143
vn 0.989546 -0.124293 0.073143
vn 0.512725 -0.853844 -0.089792
vn 0.526257 -0.846838 -0.076935
vn 0.636615 -0.770248 0.037940
vn 0.674076 -0.734077 0.082178
vn 0.219779 0.962393 0.159678
vn 0.136355 0.985694 0.099068
vn 0.233606 0.957404 0.169725
vn 0.404924 0.865728 0.294198
vn 0.407393 0.863957 0.295988
vn 0.461896 0.820995 0.335587
vn 0.461513 0.821325 0.335307
vn 0.466909 0.816652 0.339228
vn 0.901508 0.059735 0.428620
vn 0.901508 0.059735 0.428620
vn 0.901508 0.059735 0.428620
vn 0.094977 -0.883936 0.457862
vn 0.118642 -0.859908 0.496470
vn 0.204210 -0.750118 0.628985
vn 0.228546 -0.711566 0.664410
vn 0.922802 -0.074904 0.377924
vn 0.922802 -0.074904 0.377924
vn 0.922802 -0.074904 0.377924
vn -0.057695 -0.605164 0.794008
vn -0.057695 -0.605164 0.794008
vn -0.057695 -0.605164 0.794008
vn 0.737303 -0.605158 -0.300279
vn 0.737303 -0.605158 -0.300279
vn 0.737303 -0.605158 -0.300279
vn 0.516221 0.578949 0.631137
vn 0.511040 0.519897 0.684504
vn 0.512048 0.529198 0.676576
vn 0.507152 0.488554 0.710008
vn 0.831978 0.488553 0.262925
vn 0.808925 0.519893 0.274502
vn 0.801698 0.529194 0.277911
vn 0.759776 0.578941 0.295918
vn 0.922278 0.382330 -0.056818
vn 0.922277 0.382330 -0.056818
vn 0.922277 0.382330 -0.056818
vn 0.282691 -0.560447 -0.778450
vn 0.282691 -0.560447 -0.778450
vn 0.282691 -0.560447 -0.778450
vn -0.652995 -0.560453 0.509402
vn -0.652995 -0.560453 0.509402
vn -0.652995 -0.560453 0.509402
vn 0.981270 0.059733 0.183140
vn 0.981270 0.059733 0.183140
vn 0.981270 0.059733 0.183140
vn 0.968526 -0.077661 0.236486
vn 0.968526 -0.077661 0.236486
vn 0.968526 -0.077661 0.236486
vn 0.843556 -0.124350 0.522446
vn 0.843556 -0.124350 0.522446
vn 0.843556 -0.124350 0.522446
vn 0.968689 -0.074975 0.236686
vn 0.968689 -0.074975 0.236686
vn 0.968689 -0.074975 0.236686
vn 0.968527 -0.077658 -0.236485
vn 0.968527 -0.077658 -0.236485
vn 0.968527 -0.077658 -0.236485
vn 0.843556 -0.124345 -0.522447
vn 0.843556 -0.124345 -0.522447
vn 0.843556 -0.124345 -0.522447
vn 0.362064 -0.853825 -0.374022
vn 0.380566 -0.846818 -0.371576
vn 0.537373 -0.770215 -0.343510
vn 0.593679 -0.734041 -0.329742
vn 0.271662 0.962393 0.000000
vn 0.168544 0.985694 0.000000
vn 0.288754 0.957403 0.000000
vn 0.500516 0.865728 0.000000
vn 0.503565 0.863957 -0.000001
vn 0.570933 0.820997 -0.000001
vn 0.570459 0.821326 -0.000001
vn 0.577127 0.816655 0.000000
vn 0.981270 0.059732 -0.183140
vn 0.981270 0.059732 -0.183140
vn 0.981270 0.059732 -0.183141
vn 0.345971 -0.883932 0.314591
vn 0.387813 -0.859902 0.331917
vn 0.534953 -0.750086 0.388839
vn 0.575469 -0.711526 0.403195
vn 0.968689 -0.074973 -0.236688
vn 0.968689 -0.074973 -0.236688
vn 0.968689 -0.074973 -0.236688
vn 0.420042 -0.605155 0.676279
vn 0.420042 -0.605155 0.676279
vn 0.420042 -0.605155 0.676279
vn 0.420035 -0.605156 -0.676282
vn 0.420035 -0.605156 -0.676282
vn 0.420035 -0.605156 -0.676282
vn 0.788608 0.578939 0.207188
vn 0.815782 0.519891 0.253404
vn 0.811939 0.529192 0.246398
vn 0.827627 0.488550 0.276320
vn 0.827626 0.488551 -0.276320
vn 0.815782 0.519891 -0.253404
vn 0.811939 0.529192 -0.246398
vn 0.788609 0.578938 -0.207189
vn -0.228874 -0.560455 -0.795932
vn -0.228874 -0.560455 -0.795931
vn -0.228874 -0.560455 -0.795932
vn -0.228876 -0.560456 0.795930
vn -0.228876 -0.560456 0.795930
vn -0.228876 -0.560456 0.795930
vn 0.901508 0.059738 -0.428620
vn 0.901508 0.059738 -0.428620
vn 0.901508 0.059738 -0.428620
vn 0.922549 -0.077598 -0.377997
vn 0.922549 -0.077598 -0.377997
vn 0.922549 -0.077598 -0.377997
vn 0.989546 -0.124293 -0.073143
vn 0.989546 -0.124293 -0.073143
vn 0.989546 -0.124293 -0.073143
vn 0.922801 -0.074912 -0.377924
vn 0.922801 -0.074912 -0.377924
vn 0.922801 -0.074912 -0.377924
vn 0.644565 -0.077648 -0.760596
vn 0.644565 -0.077648 -0.760596
vn 0.644565 -0.077648 -0.760596
vn 0.375376 -0.124341 -0.918494
vn 0.375376 -0.124341 -0.918495
vn 0.375376 -0.124341 -0.918495
vn 0.073066 -0.853832 -0.515395
vn 0.089472 -0.846826 -0.524291
vn 0.232803 -0.770240 -0.593746
vn 0.286439 -0.734074 -0.615701
vn 0.219778 0.962393 -0.159680
vn 0.136355 0.985694 -0.099070
vn 0.233606 0.957403 -0.169726
vn 0.404925 0.865728 -0.294194
vn 0.407393 0.863957 -0.295988
vn 0.461896 0.820996 -0.335587
vn 0.461513 0.821324 -0.335309
vn 0.466908 0.816653 -0.339228
vn 0.686230 0.059740 -0.724927
vn 0.686230 0.059740 -0.724927
vn 0.686230 0.059740 -0.724927
vn 0.464772 -0.883951 0.051162
vn 0.508806 -0.859924 0.040586
vn 0.661299 -0.750122 0.000153
vn 0.702521 -0.711561 -0.012048
vn 0.644580 -0.074909 -0.760858
vn 0.644580 -0.074909 -0.760858
vn 0.644580 -0.074909 -0.760858
vn 0.737305 -0.605158 0.300275
vn 0.737305 -0.605158 0.300275
vn 0.737305 -0.605158 0.300275
vn -0.057695 -0.605162 -0.794009
vn -0.057695 -0.605162 -0.794009
vn -0.057695 -0.605162 -0.794009
vn 0.759776 0.578941 -0.295918
vn 0.808926 0.519892 -0.274502
vn 0.801699 0.529193 -0.277911
vn 0.831979 0.488551 -0.262924
vn 0.507152 0.488551 -0.710010
vn 0.511039 0.519895 -0.684505
vn 0.512048 0.529197 -0.676578
vn 0.516220 0.578949 -0.631137
vn -0.652995 -0.560453 -0.509402
vn -0.652995 -0.560453 -0.509402
vn -0.652995 -0.560453 -0.509402
vn 0.282689 -0.560446 0.778452
vn 0.282689 -0.560446 0.778452
vn 0.282689 -0.560446 0.778452
vn 0.477404 0.059728 -0.876652
vn 0.477404 0.059728 -0.876652
vn 0.477404 0.059728 -0.876652
vn 0.524182 -0.077619 -0.848062
vn 0.524182 -0.077619 -0.848062
vn 0.524182 -0.077619 -0.848062
vn 0.757550 -0.124320 -0.640830
vn 0.757550 -0.124320 -0.640830
vn 0.757550 -0.124320 -0.640830
vn 0.524432 -0.074903 -0.848151
vn 0.524432 -0.074903 -0.848151
vn 0.524432 -0.074903 -0.848151
vn 0.074388 -0.077660 -0.994201
vn 0.074388 -0.077660 -0.994201
vn 0.074388 -0.077660 -0.994201
vn -0.236186 -0.124349 -0.963719
vn -0.236186 -0.124349 -0.963718
vn -0.236186 -0.124349 -0.963718
vn -0.243823 -0.853819 -0.459940
vn -0.235779 -0.846812 -0.476778
vn -0.160651 -0.770236 -0.617193
vn -0.130171 -0.734081 -0.666468
vn 0.083948 0.962393 -0.258366
vn 0.052083 0.985694 -0.160294
vn 0.089230 0.957404 -0.274620
vn 0.154668 0.865729 -0.476016
vn 0.155610 0.863957 -0.478919
vn 0.176429 0.820994 -0.542993
vn 0.176282 0.821323 -0.542544
vn 0.178344 0.816649 -0.548888
vn 0.129058 0.059728 -0.989837
vn 0.129058 0.059728 -0.989837
vn 0.129058 0.059728 -0.989837
vn 0.406097 -0.883940 -0.231809
vn 0.435503 -0.859912 -0.266248
vn 0.535088 -0.750127 -0.388575
vn 0.561259 -0.711575 -0.422669
vn 0.074240 -0.074906 -0.994423
vn 0.074240 -0.074906 -0.994423
vn 0.074240 -0.074906 -0.994423
vn 0.772976 -0.605164 -0.190485
vn 0.772976 -0.605164 -0.190485
vn 0.772976 -0.605164 -0.190485
vn -0.513366 -0.605147 -0.608484
vn -0.513366 -0.605147 -0.608484
vn -0.513366 -0.605147 -0.608484
vn 0.440737 0.578945 -0.685983
vn 0.493082 0.519905 -0.697545
vn 0.485233 0.529204 -0.696055
vn 0.518535 0.488568 -0.701729
vn -0.007041 0.488570 -0.872496
vn 0.011092 0.519908 -0.854150
vn 0.016567 0.529208 -0.848330
vn 0.046647 0.578953 -0.814026
vn -0.827702 -0.560454 -0.028289
vn -0.827702 -0.560454 -0.028289
vn -0.827702 -0.560454 -0.028289
vn 0.686253 -0.560454 0.463625
vn 0.686253 -0.560454 0.463625
vn 0.686253 -0.560454 0.463625
vn -0.129058 0.059729 -0.989837
vn -0.129058 0.059729 -0.989837
vn -0.129058 0.059729 -0.989837
vn -0.074388 -0.077660 -0.994201
vn -0.074388 -0.077660 -0.994201
vn -0.074388 -0.077660 -0.994201
vn 0.236185 -0.124349 -0.963719
vn 0.236185 -0.124349 -0.963719
vn 0.236185 -0.124349 -0.963719
vn -0.074240 -0.074907 -0.994423
vn -0.074240 -0.074907 -0.994423
vn -0.074240 -0.074907 -0.994423
vn -0.561265 -0.711568 -0.422672
vn -0.435503 -0.859913 -0.266246
vn -0.535092 -0.750123 -0.388577
vn -0.406096 -0.883941 -0.231807
vn -0.083948 0.962392 -0.258367
vn -0.052083 0.985694 -0.160296
vn -0.089230 0.957404 -0.274621
vn -0.154668 0.865730 -0.476013
vn -0.155610 0.863957 -0.478919
vn -0.176446 0.820956 -0.543045
vn -0.176298 0.821288 -0.542592
vn -0.178384 0.816558 -0.549010
vn -0.757547 -0.124320 -0.640833
vn -0.757547 -0.124320 -0.640833
vn -0.757547 -0.124320 -0.640833
vn -0.524184 -0.077620 -0.848060
vn -0.524184 -0.077620 -0.848060
vn -0.524184 -0.077620 -0.848060
vn -0.477404 0.059731 -0.876652
vn -0.477404 0.059731 -0.876652
vn -0.477404 0.059731 -0.876652
vn 0.192284 -0.883921 -0.426276
vn 0.195831 -0.859895 -0.471415
vn 0.204495 -0.750127 -0.628881
vn 0.205629 -0.711590 -0.671831
vn -0.524432 -0.074909 -0.848151
vn -0.524432 -0.074909 -0.848151
vn -0.524432 -0.074909 -0.848151
vn 0.513367 -0.605149 -0.608480
vn 0.513367 -0.605149 -0.608480
vn 0.513367 -0.605149 -0.608480
vn -0.772974 -0.605166 -0.190489
vn -0.772974 -0.605166 -0.190489
vn -0.772974 -0.605166 -0.190489
vn -0.046647 0.578955 -0.814024
vn -0.011095 0.519913 -0.854147
vn -0.016578 0.529227 -0.848318
vn 0.007046 0.488560 -0.872502
vn -0.518541 0.488558 -0.701731
vn -0.493078 0.519908 -0.697545
vn -0.485217 0.529222 -0.696052
vn -0.440738 0.578946 -0.685983
vn -0.686253 -0.560451 0.463629
vn -0.686253 -0.560451 0.463629
vn -0.686253 -0.560451 0.463629
vn 0.827703 -0.560453 -0.028293
vn 0.827703 -0.560453 -0.028293
vn 0.827703 -0.560453 -0.028293
vn -0.686231 0.059734 -0.724927
vn -0.686231 0.059734 -0.724927
vn -0.686231 0.059734 -0.724927
vn -0.644568 -0.077647 -0.760594
vn -0.644568 -0.077647 -0.760594
vn -0.644568 -0.077647 -0.760594
vn -0.375374 -0.124340 -0.918495
vn -0.375374 -0.124340 -0.918495
vn -0.375374 -0.124340 -0.918495
vn -0.644582 -0.074899 -0.760858
vn -0.644582 -0.074899 -0.760857
vn -0.644582 -0.074899 -0.760858
vn -0.922549 -0.077602 -0.377997
vn -0.922549 -0.077602 -0.377997
vn -0.922549 -0.077602 -0.377997
vn -0.989546 -0.124293 -0.073143
vn -0.989546 -0.124293 -0.073143
vn -0.989546 -0.124293 -0.073143
vn -0.507867 -0.857151 0.085812
vn -0.520374 -0.850754 0.073679
vn -0.615539 -0.787674 -0.026099
vn -0.647871 -0.759081 -0.063708
vn -0.219779 0.962393 -0.159677
vn -0.136355 0.985694 -0.099066
vn -0.233606 0.957404 -0.169724
vn -0.404924 0.865728 -0.294198
vn -0.407393 0.863957 -0.295988
vn -0.461896 0.820995 -0.335587
vn -0.461513 0.821325 -0.335307
vn -0.466909 0.816652 -0.339228
vn -0.901508 0.059735 -0.428620
vn -0.901508 0.059735 -0.428620
vn -0.901508 0.059735 -0.428620
vn -0.094977 -0.883936 -0.457862
vn -0.116789 -0.861884 -0.493474
vn -0.190269 -0.770638 -0.608206
vn -0.211340 -0.739194 -0.639474
vn -0.922802 -0.074904 -0.377924
vn -0.922802 -0.074904 -0.377924
vn -0.922802 -0.074904 -0.377924
vn 0.057695 -0.605163 -0.794008
vn 0.057695 -0.605163 -0.794008
vn 0.057695 -0.605163 -0.794008
vn -0.737303 -0.605158 0.300279
vn -0.737303 -0.605158 0.300279
vn -0.737303 -0.605158 0.300279
vn -0.516221 0.578949 -0.631137
vn -0.511040 0.519897 -0.684504
vn -0.512048 0.529198 -0.676576
vn -0.507152 0.488554 -0.710008
vn -0.831978 0.488553 -0.262925
vn -0.808925 0.519893 -0.274502
vn -0.801698 0.529194 -0.277911
vn -0.759776 0.578941 -0.295918
vn -0.282691 -0.560447 0.778450
vn -0.282691 -0.560447 0.778450
vn -0.282691 -0.560447 0.778450
vn 0.652994 -0.560452 -0.509403
vn 0.652994 -0.560452 -0.509403
vn 0.652994 -0.560452 -0.509403
vn -0.981270 0.059732 -0.183140
vn -0.981271 0.059732 -0.183140
vn -0.981271 0.059732 -0.183140
vn -0.968526 -0.077661 -0.236486
vn -0.968526 -0.077661 -0.236486
vn -0.968526 -0.077661 -0.236486
vn -0.843556 -0.124350 -0.522446
vn -0.843556 -0.124350 -0.522446
vn -0.843556 -0.124350 -0.522446
vn -0.968689 -0.074975 -0.236686
vn -0.968689 -0.074975 -0.236686
vn -0.968689 -0.074975 -0.236686
vn -0.968527 -0.077658 0.236485
vn -0.968527 -0.077658 0.236485
vn -0.968527 -0.077658 0.236485
vn -0.843556 -0.124345 0.522447
vn -0.843556 -0.124345 0.522447
vn -0.843556 -0.124345 0.522447
vn -0.362064 -0.853825 0.374022
vn -0.380566 -0.846818 0.371576
vn -0.537371 -0.770217 0.343510
vn -0.593677 -0.734042 0.329741
vn -0.271662 0.962393 0.000000
vn -0.168544 0.985694 0.000000
vn -0.288754 0.957403 0.000000
vn -0.500516 0.865728 0.000000
vn -0.503565 0.863957 0.000001
vn -0.570933 0.820997 0.000001
vn -0.570459 0.821326 0.000001
vn -0.577127 0.816655 -0.000000
vn -0.981270 0.059734 0.183140
vn -0.981270 0.059734 0.183140
vn -0.981270 0.059734 0.183140
vn -0.345971 -0.883932 -0.314591
vn -0.387813 -0.859902 -0.331917
vn -0.534954 -0.750085 -0.388839
vn -0.575470 -0.711525 -0.403196
vn -0.968689 -0.074975 0.236688
vn -0.968689 -0.074975 0.236688
vn -0.968689 -0.074975 0.236688
vn -0.420042 -0.605155 -0.676279
vn -0.420042 -0.605155 -0.676279
vn -0.420042 -0.605155 -0.676279
vn -0.420035 -0.605156 0.676282
vn -0.420035 -0.605156 0.676282
vn -0.420035 -0.605156 0.676282
vn -0.788608 0.578939 -0.207188
vn -0.815782 0.519891 -0.253404
vn -0.811939 0.529192 -0.246398
vn -0.827627 0.488550 -0.276320
vn -0.827626 0.488551 0.276320
vn -0.815782 0.519891 0.253404
vn -0.811939 0.529192 0.246398
vn -0.788609 0.578938 0.207189
vn 0.228876 -0.560456 0.795930
vn 0.228876 -0.560456 0.795930
vn 0.228876 -0.560456 0.795930
vn 0.228876 -0.560456 -0.795930
vn 0.228876 -0.560456 -0.795930
vn 0.228876 -0.560456 -0.795930
vn -0.901508 0.059738 0.428620
vn -0.901508 0.059738 0.428620
vn -0.901508 0.059738 0.428620
vn -0.922549 -0.077598 0.377997
vn -0.922549 -0.077598 0.377997
vn -0.922549 -0.077598 0.377997
vn -0.989546 -0.124293 0.073143
vn -0.989546 -0.124293 0.073143
vn -0.989546 -0.124293 0.073143
vn -0.922802 -0.074898 0.377924
vn -0.922802 -0.074898 0.377924
vn -0.922802 -0.074898 0.377924
vn -0.644566 -0.077644 0.760596
vn -0.644566 -0.077644 0.760596
vn -0.644566 -0.077644 0.760596
vn -0.375378 -0.124338 0.918494
vn -0.375378 -0.124338 0.918494
vn -0.375378 -0.124338 0.918494
vn -0.073066 -0.853832 0.515395
vn -0.089472 -0.846826 0.524291
vn -0.232802 -0.770243 0.593741
vn -0.286437 -0.734080 0.615696
vn -0.219779 0.962393 0.159679
vn -0.136355 0.985694 0.099066
vn -0.233606 0.957404 0.169724
vn -0.404925 0.865728 0.294195
vn -0.407393 0.863957 0.295988
vn -0.461896 0.820996 0.335587
vn -0.461513 0.821324 0.335309
vn -0.466908 0.816653 0.339228
vn -0.686228 0.059740 0.724929
vn -0.686228 0.059740 0.724929
vn -0.686228 0.059740 0.724929
vn -0.464772 -0.883951 -0.051162
vn -0.508805 -0.859924 -0.040587
vn -0.661294 -0.750127 -0.000158
vn -0.702514 -0.711568 0.012041
vn -0.644580 -0.074900 0.760859
vn -0.644580 -0.074900 0.760859
vn -0.644580 -0.074900 0.760859
vn -0.737305 -0.605158 -0.300275
vn -0.737305 -0.605158 -0.300275
vn -0.737305 -0.605158 -0.300275
vn 0.057695 -0.605162 0.794009
vn 0.057695 -0.605162 0.794009
vn 0.057695 -0.605162 0.794009
vn -0.759776 0.578941 0.295918
vn -0.808926 0.519892 0.274502
vn -0.801699 0.529193 0.277911
vn -0.831979 0.488551 0.262924
vn -0.507152 0.488551 0.710010
vn -0.511040 0.519895 0.684506
vn -0.512048 0.529197 0.676578
vn -0.516221 0.578948 0.631138
vn 0.652995 -0.560453 0.509402
vn 0.652995 -0.560453 0.509402
vn 0.652995 -0.560453 0.509402
vn -0.282691 -0.560447 -0.778450
vn -0.282691 -0.560447 -0.778450
vn -0.282691 -0.560447 -0.778450
vn -0.477402 0.059724 0.876653
vn -0.477402 0.059724 0.876653
vn -0.477402 0.059724 0.876653
vn -0.524182 -0.077619 0.848062
vn -0.524182 -0.077619 0.848062
vn -0.524182 -0.077619 0.848062
vn -0.757550 -0.124320 0.640830
vn -0.757550 -0.124320 0.640830
vn -0.757550 -0.124320 0.640830
vn -0.524429 -0.074896 0.848154
vn -0.524429 -0.074896 0.848154
vn -0.524429 -0.074896 0.848154
vn -0.074388 -0.077660 0.994201
vn -0.074388 -0.077660 0.994201
vn -0.074388 -0.077660 0.994201
vn 0.236185 -0.124349 0.963719
vn 0.236185 -0.124349 0.963719
vn 0.236185 -0.124349 0.963719
vn 0.243824 -0.853825 0.459928
vn 0.235780 -0.846818 0.476767
vn 0.160652 -0.770238 0.617191
vn 0.130171 -0.734081 0.666469
vn -0.083948 0.962393 0.258367
vn -0.052083 0.985694 0.160296
vn -0.089230 0.957403 0.274621
vn -0.154668 0.865729 0.476016
vn -0.155610 0.863958 0.478919
vn -0.176429 0.820995 0.542992
vn -0.176282 0.821323 0.542543
vn -0.178344 0.816649 0.548888
vn -0.129058 0.059727 0.989837
vn -0.129058 0.059727 0.989837
vn -0.129058 0.059727 0.989837
vn -0.406097 -0.883940 0.231809
vn -0.435504 -0.859912 0.266248
vn -0.535091 -0.750123 0.388578
vn -0.561264 -0.711569 0.422672
vn -0.074241 -0.074905 0.994423
vn -0.074241 -0.074905 0.994423
vn -0.074241 -0.074905 0.994423
vn -0.772976 -0.605164 0.190485
vn -0.772976 -0.605164 0.190485
vn -0.772976 -0.605164 0.190485
vn 0.513368 -0.605149 0.608480
vn 0.513368 -0.605149 0.608480
vn 0.513368 -0.605149 0.608480
vn -0.440737 0.578945 0.685983
vn -0.493082 0.519905 0.697545
vn -0.485233 0.529204 0.696055
vn -0.518535 0.488568 0.701729
vn 0.007041 0.488569 0.872497
vn -0.011092 0.519908 0.854150
vn -0.016567 0.529208 0.848330
vn -0.046647 0.578953 0.814026
vn 0.827702 -0.560454 0.028293
vn 0.827702 -0.560454 0.028293
vn 0.827702 -0.560454 0.028293
vn -0.686253 -0.560454 -0.463625
vn -0.686253 -0.560454 -0.463625
vn -0.686253 -0.560454 -0.463625
vn 0.034306 0.614675 -0.788034
vn 0.034306 0.614675 -0.788034
vn 0.034306 0.614675 -0.788034
vn -0.490945 0.614680 -0.617367
vn -0.490946 0.614680 -0.617367
vn -0.490946 0.614680 -0.617367
vn 0.712743 0.382333 0.588064
vn 0.712742 0.382333 0.588064
vn 0.712742 0.382333 0.588064
vn 0.712742 0.382333 -0.588064
vn 0.712742 0.382333 -0.588064
vn 0.712742 0.382333 -0.588064
vn 0.922278 0.382330 0.056817
vn 0.922278 0.382330 0.056817
vn 0.922278 0.382330 0.056817
vn 0.230973 0.382346 -0.894686
vn 0.230973 0.382346 -0.894686
vn 0.230973 0.382346 -0.894686
vn 0.779522 0.382347 -0.496141
vn 0.779522 0.382347 -0.496141
vn 0.779522 0.382347 -0.496141
vn -0.339022 0.382358 -0.859573
vn -0.339022 0.382358 -0.859573
vn -0.339022 0.382358 -0.859573
vn 0.339019 0.382357 -0.859575
vn 0.339019 0.382357 -0.859575
vn 0.339019 0.382357 -0.859575
vn -0.779522 0.382348 -0.496141
vn -0.779522 0.382348 -0.496141
vn -0.779522 0.382348 -0.496141
vn -0.230974 0.382346 -0.894686
vn -0.230974 0.382346 -0.894686
vn -0.230974 0.382346 -0.894686
vn -0.922278 0.382330 0.056818
vn -0.922277 0.382330 0.056818
vn -0.922277 0.382330 0.056818
vn -0.712743 0.382333 -0.588064
vn -0.712742 0.382333 -0.588064
vn -0.712742 0.382333 -0.588064
vn -0.712742 0.382333 0.588064
vn -0.712742 0.382333 0.588064
vn -0.712742 0.382333 0.588064
vn -0.922278 0.382330 -0.056817
vn -0.922278 0.382330 -0.056817
vn -0.922278 0.382330 -0.056817
vn -0.230975 0.382346 0.894685
vn -0.230975 0.382346 0.894685
vn -0.230975 0.382346 0.894685
vn -0.779522 0.382347 0.496141
vn -0.779522 0.382347 0.496141
vn -0.779522 0.382347 0.496141
vn 0.339021 0.382358 0.859574
vn 0.339021 0.382358 0.859574
vn 0.339021 0.382358 0.859574
vn -0.339021 0.382358 0.859574
vn -0.339021 0.382358 0.859574
vn -0.339021 0.382358 0.859574
vn 0.779522 0.382347 0.496142
vn 0.779522 0.382347 0.496142
vn 0.779522 0.382347 0.496142
vn 0.230974 0.382346 0.894686
vn 0.230974 0.382346 0.894686
vn 0.230974 0.382346 0.894686
vn -0.435398 0.614678 -0.657723
vn -0.435398 0.614678 -0.657723
vn -0.435398 0.614678 -0.657723
vn -0.760078 0.614678 -0.210838
vn -0.760078 0.614678 -0.210838
vn -0.760078 0.614678 -0.210838
vn -0.738842 0.614678 -0.276194
vn -0.738842 0.614678 -0.276194
vn -0.738842 0.614678 -0.276194
vn -0.738840 0.614679 0.276197
vn -0.738840 0.614679 0.276197
vn -0.738840 0.614679 0.276197
vn -0.760077 0.614680 0.210837
vn -0.760077 0.614680 0.210837
vn -0.760077 0.614680 0.210837
vn -0.435396 0.614678 0.657725
vn -0.435396 0.614678 0.657725
vn -0.435396 0.614678 0.657725
vn -0.490983 0.614677 0.617339
vn -0.490983 0.614677 0.617339
vn -0.490983 0.614677 0.617339
vn 0.034355 0.614674 0.788033
vn 0.034355 0.614674 0.788033
vn 0.034355 0.614674 0.788033
vn -0.034355 0.614673 0.788033
vn -0.034355 0.614673 0.788033
vn -0.034355 0.614673 0.788033
vn 0.490983 0.614677 0.617339
vn 0.490983 0.614677 0.617339
vn 0.490983 0.614677 0.617339
vn 0.435398 0.614678 0.657723
vn 0.435398 0.614678 0.657723
vn 0.435398 0.614678 0.657723
vn 0.760078 0.614678 0.210838
vn 0.760078 0.614678 0.210838
vn 0.760078 0.614678 0.210838
vn 0.738842 0.614678 0.276194
vn 0.738842 0.614678 0.276194
vn 0.738842 0.614678 0.276194
vn 0.738840 0.614679 -0.276197
vn 0.738840 0.614679 -0.276197
vn 0.738840 0.614679 -0.276197
vn 0.760077 0.614680 -0.210837
vn 0.760077 0.614680 -0.210837
vn 0.760077 0.614680 -0.210837
vn 0.435396 0.614678 -0.657725
vn 0.435396 0.614678 -0.657725
vn 0.435396 0.614678 -0.657725
vn 0.490983 0.614677 -0.617339
vn 0.490983 0.614677 -0.617339
vn 0.490983 0.614677 -0.617339
vn -0.034355 0.614674 -0.788033
vn -0.034355 0.614674 -0.788033
vn -0.034355 0.614674 -0.788033
vn -0.183182 0.053315 0.981632
vn -0.183182 0.053315 0.981632
vn -0.183182 0.053315 0.981632
vn -0.236614 -0.069342 0.969126
vn -0.236614 -0.069342 0.969126
vn -0.236614 -0.069342 0.969126
vn -0.240269 -0.020988 0.970479
vn -0.240269 -0.020988 0.970479
vn -0.240269 -0.020988 0.970479
vn -0.077965 -0.320907 0.943896
vn -0.077965 -0.320907 0.943896
vn -0.077965 -0.320907 0.943896
vn 0.373864 -0.907378 -0.192071
vn 0.373864 -0.907378 -0.192071
vn 0.373864 -0.907378 -0.192071
vn 0.570002 -0.792271 -0.217724
vn 0.570002 -0.792271 -0.217724
vn 0.570002 -0.792271 -0.217724
vn 0.523244 -0.111125 0.844906
vn 0.523244 -0.111125 0.844906
vn 0.523244 -0.111125 0.844906
vn 0.237050 -0.063950 0.969390
vn 0.216027 -0.021058 0.976160
vn 0.201228 0.017475 0.979388
vn 0.240270 -0.020988 0.970479
vn 0.183182 0.053315 0.981632
vn -0.523247 -0.111126 0.844905
vn -0.523247 -0.111126 0.844904
vn -0.523247 -0.111126 0.844904
vn -0.373864 -0.907378 -0.192072
vn -0.373864 -0.907378 -0.192072
vn -0.373864 -0.907378 -0.192072
vn 0.077966 -0.320907 0.943896
vn 0.077966 -0.320907 0.943896
vn 0.077966 -0.320907 0.943896
vn -0.192568 -0.964287 -0.181849
vn -0.192568 -0.964287 -0.181849
vn -0.192568 -0.964287 -0.181849
vn 0.192568 -0.964287 -0.181848
vn 0.192568 -0.964287 -0.181848
vn 0.192568 -0.964287 -0.181848
vn -0.570005 -0.792270 -0.217724
vn -0.570005 -0.792270 -0.217724
vn -0.570005 -0.792270 -0.217724
vn -0.214619 0.533453 0.818148
vn -0.214619 0.533453 0.818148
vn -0.214619 0.533453 0.818148
vn -0.263612 0.477230 0.838308
vn -0.263612 0.477230 0.838308
vn -0.263612 0.477230 0.838308
vn -0.171124 0.631471 0.756281
vn -0.171124 0.631471 0.756281
vn -0.171124 0.631471 0.756281
vn -0.264796 0.686794 0.676903
vn -0.264796 0.686794 0.676903
vn -0.264796 0.686794 0.676903
vn 0.000000 0.742209 0.670169
vn 0.000000 0.749748 0.661724
vn 0.000000 0.742209 0.670169
vn 0.000000 0.718565 0.695460
vn 0.263612 0.477230 0.838308
vn 0.263612 0.477230 0.838308
vn 0.263612 0.477230 0.838308
vn 0.214619 0.533457 0.818146
vn 0.214619 0.533457 0.818146
vn 0.214619 0.533457 0.818146
vn 0.233473 0.668947 0.705692
vn 0.266347 0.632804 0.727062
vn 0.236641 0.665576 0.707820
vn 0.193660 0.709310 0.677772
vn 0.428797 0.053315 0.901826
vn 0.428797 0.053315 0.901826
vn 0.428797 0.053315 0.901826
vn 0.378223 -0.069331 0.923114
vn 0.378223 -0.069331 0.923114
vn 0.378223 -0.069331 0.923114
vn 0.376061 -0.021036 0.926356
vn 0.376061 -0.021036 0.926356
vn 0.376061 -0.021036 0.926356
vn 0.491723 -0.320891 0.809467
vn 0.491723 -0.320891 0.809467
vn 0.491723 -0.320891 0.809467
vn 0.189575 -0.907373 -0.375147
vn 0.189575 -0.907373 -0.375147
vn 0.189575 -0.907373 -0.375147
vn 0.919951 -0.111161 0.375942
vn 0.919951 -0.111161 0.375942
vn 0.919951 -0.111161 0.375942
vn 0.761567 -0.063974 0.644921
vn 0.748537 -0.021067 0.662758
vn 0.738461 0.017464 0.674070
vn 0.764808 -0.021061 0.643915
vn 0.725178 0.053314 0.686494
vn 0.073303 -0.111120 0.991100
vn 0.073303 -0.111120 0.991100
vn 0.073303 -0.111120 0.991100
vn -0.415361 -0.907377 0.064363
vn -0.415361 -0.907377 0.064363
vn -0.415361 -0.907377 0.064363
vn 0.617909 -0.320894 0.717785
vn 0.617909 -0.320894 0.717785
vn 0.617909 -0.320894 0.717785
vn -0.262679 -0.964287 -0.033928
vn -0.262679 -0.964287 -0.033928
vn -0.262679 -0.964287 -0.033928
vn 0.048900 -0.964287 -0.260305
vn 0.048900 -0.964287 -0.260305
vn 0.048900 -0.964287 -0.260305
vn -0.589112 -0.792275 0.158894
vn -0.589112 -0.792275 0.158894
vn -0.589112 -0.792275 0.158894
vn 0.333160 -0.792281 -0.511171
vn 0.333160 -0.792281 -0.511171
vn 0.333160 -0.792280 -0.511171
vn 0.307268 0.533457 0.788042
vn 0.307268 0.533457 0.788042
vn 0.307268 0.533457 0.788042
vn 0.279482 0.477231 0.833151
vn 0.279482 0.477231 0.833151
vn 0.279482 0.477231 0.833151
vn 0.306102 0.631469 0.712424
vn 0.306102 0.631469 0.712424
vn 0.306102 0.631469 0.712424
vn 0.183649 0.686797 0.703266
vn 0.183649 0.686797 0.703265
vn 0.183649 0.686797 0.703266
vn 0.393916 0.742209 0.542177
vn 0.388949 0.749753 0.535341
vn 0.393916 0.742209 0.542177
vn 0.408792 0.718550 0.562650
vn 0.706012 0.477231 0.523257
vn 0.706012 0.477231 0.523257
vn 0.706012 0.477231 0.523257
vn 0.654514 0.533466 0.535749
vn 0.654514 0.533466 0.535749
vn 0.654514 0.533466 0.535749
vn 0.603673 0.668952 0.433684
vn 0.642834 0.632807 0.431649
vn 0.607488 0.665582 0.433543
vn 0.555048 0.709318 0.434498
vn 0.876982 0.053315 0.477556
vn 0.876982 0.053315 0.477556
vn 0.876982 0.053315 0.477556
vn 0.848578 -0.069343 0.524507
vn 0.848578 -0.069343 0.524507
vn 0.848578 -0.069343 0.524507
vn 0.848730 -0.020966 0.528411
vn 0.848730 -0.020966 0.528411
vn 0.848729 -0.020966 0.528411
vn 0.873614 -0.320876 0.365838
vn 0.873614 -0.320876 0.365838
vn 0.873614 -0.320876 0.365838
vn -0.067140 -0.907377 -0.414920
vn -0.067140 -0.907377 -0.414920
vn -0.067140 -0.907377 -0.414920
vn 0.965236 -0.111102 -0.236594
vn 0.965236 -0.111102 -0.236594
vn 0.965236 -0.111102 -0.236594
vn 0.995198 -0.063922 0.074129
vn 0.995139 -0.021036 0.096209
vn 0.993636 0.017482 0.111277
vn 0.997226 -0.021008 0.071407
vn 0.990194 0.053316 0.129127
vn 0.641843 -0.111125 0.758742
vn 0.641843 -0.111125 0.758742
vn 0.641843 -0.111125 0.758742
vn -0.298200 -0.907382 0.296202
vn -0.298200 -0.907382 0.296202
vn -0.298200 -0.907382 0.296202
vn 0.921804 -0.320874 0.217526
vn 0.921804 -0.320874 0.217526
vn 0.921804 -0.320874 0.217526
vn -0.232453 -0.964286 0.126954
vn -0.232453 -0.964287 0.126954
vn -0.232453 -0.964287 0.126954
vn -0.113441 -0.964286 -0.239340
vn -0.113441 -0.964286 -0.239340
vn -0.113441 -0.964286 -0.239340
vn -0.383208 -0.792271 0.474824
vn -0.383208 -0.792271 0.474824
vn -0.383208 -0.792271 0.474824
vn -0.030928 -0.792276 -0.609379
vn -0.030928 -0.792276 -0.609379
vn -0.030928 -0.792276 -0.609379
vn 0.711785 0.533454 0.456934
vn 0.711785 0.533454 0.456934
vn 0.711785 0.533454 0.456934
vn 0.715819 0.477217 0.509772
vn 0.715819 0.477217 0.509772
vn 0.715819 0.477217 0.509772
vn 0.666392 0.631471 0.396442
vn 0.666392 0.631471 0.396442
vn 0.666392 0.631471 0.396442
vn 0.561930 0.686805 0.461014
vn 0.561930 0.686805 0.461014
vn 0.561930 0.686805 0.461014
vn 0.637363 0.742215 0.207091
vn 0.629322 0.749762 0.204478
vn 0.637363 0.742215 0.207091
vn 0.661444 0.718543 0.214917
vn 0.878748 0.477214 0.008328
vn 0.878748 0.477213 0.008328
vn 0.878748 0.477214 0.008328
vn 0.844422 0.533460 0.048711
vn 0.844422 0.533460 0.048711
vn 0.844422 0.533460 0.048711
vn 0.743293 0.668954 -0.003980
vn 0.773786 0.632799 -0.028652
vn 0.746297 0.665583 -0.006337
vn 0.704425 0.709329 0.025267
vn 0.990194 0.053316 -0.129127
vn 0.990194 0.053316 -0.129127
vn 0.990194 0.053316 -0.129127
vn 0.994813 -0.069307 -0.074462
vn 0.994813 -0.069307 -0.074462
vn 0.994813 -0.069307 -0.074462
vn 0.997226 -0.021008 -0.071407
vn 0.997226 -0.021008 -0.071407
vn 0.997226 -0.021008 -0.071407
vn 0.921804 -0.320874 -0.217525
vn 0.921804 -0.320874 -0.217525
vn 0.921804 -0.320874 -0.217525
vn -0.298200 -0.907382 -0.296201
vn -0.298200 -0.907382 -0.296201
vn -0.298200 -0.907382 -0.296201
vn 0.641845 -0.111125 -0.758740
vn 0.641845 -0.111125 -0.758740
vn 0.641845 -0.111125 -0.758740
vn 0.848695 -0.063949 -0.525003
vn 0.861630 -0.021059 -0.507101
vn 0.869272 0.017476 -0.494026
vn 0.848729 -0.020966 -0.528411
vn 0.876982 0.053315 -0.477556
vn 0.965235 -0.111102 0.236597
vn 0.965235 -0.111102 0.236597
vn 0.965235 -0.111102 0.236597
vn -0.067140 -0.907377 0.414921
vn -0.067140 -0.907377 0.414921
vn -0.067140 -0.907377 0.414921
vn 0.873614 -0.320876 -0.365839
vn 0.873614 -0.320876 -0.365839
vn 0.873614 -0.320876 -0.365839
vn -0.113441 -0.964286 0.239340
vn -0.113441 -0.964286 0.239340
vn -0.113441 -0.964286 0.239340
vn -0.232453 -0.964286 -0.126954
vn -0.232453 -0.964286 -0.126954
vn -0.232453 -0.964287 -0.126954
vn -0.030928 -0.792275 0.609380
vn -0.030928 -0.792275 0.609380
vn -0.030928 -0.792275 0.609380
vn -0.383208 -0.792271 -0.474824
vn -0.383208 -0.792271 -0.474824
vn -0.383208 -0.792271 -0.474824
vn 0.844423 0.533459 -0.048708
vn 0.844423 0.533459 -0.048708
vn 0.844423 0.533459 -0.048708
vn 0.878748 0.477213 -0.008328
vn 0.878748 0.477214 -0.008328
vn 0.878748 0.477214 -0.008328
vn 0.772151 0.631462 -0.070977
vn 0.772151 0.631462 -0.070977
vn 0.772151 0.631462 -0.070977
vn 0.725587 0.686805 0.042678
vn 0.725587 0.686805 0.042678
vn 0.725587 0.686805 0.042678
vn 0.637362 0.742215 -0.207091
vn 0.629322 0.749762 -0.204478
vn 0.637362 0.742215 -0.207091
vn 0.661440 0.718546 -0.214915
vn 0.715819 0.477217 -0.509772
vn 0.715819 0.477217 -0.509772
vn 0.715819 0.477217 -0.509772
vn 0.711785 0.533455 -0.456932
vn 0.711785 0.533455 -0.456932
vn 0.711785 0.533455 -0.456932
vn 0.598996 0.668956 -0.440116
vn 0.609162 0.632807 -0.477992
vn 0.600040 0.665586 -0.443787
vn 0.584743 0.709327 -0.393614
vn 0.725178 0.053315 -0.686494
vn 0.725178 0.053315 -0.686494
vn 0.725178 0.053315 -0.686494
vn 0.761058 -0.069360 -0.644965
vn 0.761058 -0.069360 -0.644965
vn 0.761058 -0.069360 -0.644965
vn 0.764808 -0.021061 -0.643914
vn 0.764808 -0.021061 -0.643915
vn 0.764808 -0.021061 -0.643914
vn 0.617909 -0.320894 -0.717785
vn 0.617909 -0.320894 -0.717785
vn 0.617909 -0.320894 -0.717785
vn -0.415361 -0.907377 -0.064362
vn -0.415361 -0.907377 -0.064362
vn -0.415361 -0.907377 -0.064362
vn 0.073303 -0.111120 -0.991100
vn 0.073303 -0.111120 -0.991100
vn 0.073303 -0.111120 -0.991100
vn 0.378027 -0.063946 -0.923584
vn 0.399012 -0.021051 -0.916704
vn 0.412880 0.017473 -0.910618
vn 0.376059 -0.021036 -0.926357
vn 0.428797 0.053315 -0.901827
vn 0.919951 -0.111161 -0.375942
vn 0.919951 -0.111161 -0.375942
vn 0.919951 -0.111161 -0.375942
vn 0.189575 -0.907373 0.375148
vn 0.189575 -0.907373 0.375148
vn 0.189575 -0.907373 0.375148
vn 0.491722 -0.320891 -0.809468
vn 0.491722 -0.320891 -0.809468
vn 0.491722 -0.320891 -0.809468
vn 0.048900 -0.964287 0.260305
vn 0.048900 -0.964287 0.260305
vn 0.048900 -0.964287 0.260305
vn -0.262679 -0.964287 0.033928
vn -0.262679 -0.964287 0.033928
vn -0.262679 -0.964287 0.033928
vn 0.333160 -0.792280 0.511172
vn 0.333160 -0.792280 0.511172
vn 0.333160 -0.792280 0.511172
vn -0.589112 -0.792275 -0.158895
vn -0.589112 -0.792275 -0.158895
vn -0.589112 -0.792275 -0.158895
vn 0.654515 0.533465 -0.535748
vn 0.654515 0.533465 -0.535748
vn 0.654515 0.533465 -0.535748
vn 0.706012 0.477231 -0.523257
vn 0.706012 0.477231 -0.523257
vn 0.706012 0.477231 -0.523257
vn 0.582967 0.631470 -0.511268
vn 0.582967 0.631470 -0.511268
vn 0.582967 0.631470 -0.511268
vn 0.612094 0.686800 -0.391978
vn 0.612094 0.686800 -0.391978
vn 0.612094 0.686800 -0.391978
vn 0.393919 0.742209 -0.542175
vn 0.388952 0.749753 -0.535339
vn 0.393919 0.742209 -0.542175
vn 0.408794 0.718551 -0.562647
vn 0.279482 0.477231 -0.833151
vn 0.279482 0.477231 -0.833151
vn 0.279482 0.477231 -0.833151
vn 0.307268 0.533459 -0.788040
vn 0.307268 0.533459 -0.788040
vn 0.307268 0.533460 -0.788040
vn 0.225915 0.668950 -0.708145
vn 0.211879 0.632806 -0.744758
vn 0.224602 0.665579 -0.711729
vn 0.241714 0.709315 -0.662154
vn 0.183182 0.053315 -0.981632
vn 0.183182 0.053315 -0.981632
vn 0.183182 0.053315 -0.981632
vn 0.236615 -0.069342 -0.969126
vn 0.236615 -0.069342 -0.969126
vn 0.236615 -0.069342 -0.969126
vn 0.240267 -0.020988 -0.970480
vn 0.240267 -0.020988 -0.970480
vn 0.240267 -0.020988 -0.970480
vn 0.077965 -0.320907 -0.943896
vn 0.077966 -0.320907 -0.943896
vn 0.077965 -0.320907 -0.943896
vn -0.373864 -0.907378 0.192071
vn -0.373864 -0.907378 0.192071
vn -0.373864 -0.907378 0.192071
vn -0.570005 -0.792270 0.217724
vn -0.570005 -0.792270 0.217724
vn -0.570005 -0.792270 0.217724
vn -0.523247 -0.111125 -0.844905
vn -0.523247 -0.111125 -0.844905
vn -0.523247 -0.111125 -0.844905
vn -0.237051 -0.063950 -0.969390
vn -0.216027 -0.021058 -0.976160
vn -0.201228 0.017475 -0.979389
vn -0.240267 -0.020988 -0.970480
vn -0.183181 0.053315 -0.981632
vn 0.523243 -0.111125 -0.844907
vn 0.523243 -0.111125 -0.844907
vn 0.523243 -0.111125 -0.844907
vn 0.373864 -0.907378 0.192072
vn 0.373864 -0.907378 0.192072
vn 0.373864 -0.907378 0.192072
vn -0.077966 -0.320907 -0.943896
vn -0.077966 -0.320907 -0.943896
vn -0.077966 -0.320907 -0.943896
vn 0.192568 -0.964287 0.181848
vn 0.192568 -0.964287 0.181848
vn 0.192568 -0.964287 0.181848
vn -0.192568 -0.964287 0.181849
vn -0.192568 -0.964287 0.181849
vn -0.192568 -0.964287 0.181849
vn 0.570002 -0.792271 0.217724
vn 0.570002 -0.792271 0.217724
vn 0.570002 -0.792271 0.217724
vn 0.214620 0.533455 -0.818147
vn 0.214620 0.533455 -0.818147
vn 0.214620 0.533455 -0.818147
vn 0.263612 0.477230 -0.838308
vn 0.263612 0.477230 -0.838308
vn 0.263612 0.477230 -0.838308
vn 0.171125 0.631469 -0.756282
vn 0.171125 0.631469 -0.756282
vn 0.171125 0.631469 -0.756282
vn 0.264796 0.686793 -0.676904
vn 0.264796 0.686793 -0.676904
vn 0.264796 0.686793 -0.676904
vn 0.000000 0.742208 -0.670169
vn 0.000000 0.749748 -0.661724
vn 0.000000 0.742208 -0.670169
vn 0.000000 0.718563 -0.695462
vn -0.263612 0.477230 -0.838308
vn -0.263612 0.477230 -0.838308
vn -0.263612 0.477230 -0.838308
vn -0.214618 0.533455 -0.818147
vn -0.214618 0.533455 -0.818147
vn -0.214618 0.533455 -0.818147
vn -0.233473 0.668948 -0.705691
vn -0.266347 0.632806 -0.727059
vn -0.236642 0.665578 -0.707818
vn -0.193660 0.709310 -0.677772
vn -0.428797 0.053315 -0.901826
vn -0.428797 0.053315 -0.901826
vn -0.428797 0.053315 -0.901826
vn -0.378223 -0.069331 -0.923114
vn -0.378223 -0.069331 -0.923114
vn -0.378223 -0.069331 -0.923114
vn -0.376061 -0.021036 -0.926356
vn -0.376061 -0.021036 -0.926356
vn -0.376061 -0.021036 -0.926356
vn -0.491723 -0.320891 -0.809467
vn -0.491723 -0.320891 -0.809467
vn -0.491723 -0.320891 -0.809467
vn -0.189575 -0.907373 0.375147
vn -0.189575 -0.907373 0.375147
vn -0.189575 -0.907373 0.375147
vn -0.919951 -0.111161 -0.375942
vn -0.919951 -0.111161 -0.375942
vn -0.919951 -0.111161 -0.375942
vn -0.761567 -0.063974 -0.644921
vn -0.748537 -0.021067 -0.662758
vn -0.738461 0.017464 -0.674070
vn -0.764808 -0.021061 -0.643915
vn -0.725178 0.053314 -0.686494
vn -0.073302 -0.111120 -0.991100
vn -0.073302 -0.111120 -0.991100
vn -0.073302 -0.111120 -0.991100
vn 0.415361 -0.907377 -0.064363
vn 0.415361 -0.907377 -0.064363
vn 0.415361 -0.907377 -0.064363
vn -0.617909 -0.320894 -0.717785
vn -0.617909 -0.320894 -0.717785
vn -0.617909 -0.320894 -0.717785
vn 0.262679 -0.964287 0.033928
vn 0.262679 -0.964287 0.033928
vn 0.262679 -0.964287 0.033928
vn -0.048900 -0.964287 0.260305
vn -0.048900 -0.964287 0.260305
vn -0.048900 -0.964287 0.260305
vn 0.589110 -0.792277 -0.158892
vn 0.589110 -0.792277 -0.158892
vn 0.589110 -0.792277 -0.158893
vn -0.333160 -0.792281 0.511171
vn -0.333160 -0.792281 0.511171
vn -0.333160 -0.792280 0.511171
vn -0.307268 0.533457 -0.788042
vn -0.307268 0.533457 -0.788042
vn -0.307268 0.533457 -0.788042
vn -0.279482 0.477231 -0.833151
vn -0.279482 0.477231 -0.833151
vn -0.279482 0.477231 -0.833151
vn -0.306102 0.631469 -0.712424
vn -0.306102 0.631469 -0.712424
vn -0.306102 0.631469 -0.712424
vn -0.183649 0.686797 -0.703266
vn -0.183649 0.686797 -0.703265
vn -0.183649 0.686797 -0.703266
vn -0.393916 0.742209 -0.542177
vn -0.388949 0.749753 -0.535341
vn -0.393916 0.742209 -0.542177
vn -0.408792 0.718550 -0.562650
vn -0.706012 0.477231 -0.523257
vn -0.706012 0.477231 -0.523257
vn -0.706012 0.477231 -0.523257
vn -0.654514 0.533466 -0.535749
vn -0.654514 0.533466 -0.535749
vn -0.654514 0.533466 -0.535749
vn -0.604874 0.670541 -0.429538
vn -0.639760 0.638656 -0.427582
vn -0.607998 0.667796 -0.429404
vn -0.560520 0.707378 -0.430621
vn -0.876982 0.053315 -0.477556
vn -0.876982 0.053315 -0.477556
vn -0.876982 0.053315 -0.477556
vn -0.848578 -0.069343 -0.524507
vn -0.848578 -0.069343 -0.524507
vn -0.848578 -0.069343 -0.524507
vn -0.848730 -0.020966 -0.528411
vn -0.848730 -0.020966 -0.528411
vn -0.848729 -0.020966 -0.528411
vn -0.873614 -0.320876 -0.365838
vn -0.873614 -0.320876 -0.365838
vn -0.873614 -0.320876 -0.365838
vn 0.067140 -0.907377 0.414920
vn 0.067140 -0.907377 0.414920
vn 0.067140 -0.907377 0.414920
vn -0.965236 -0.111102 0.236594
vn -0.965236 -0.111102 0.236594
vn -0.965236 -0.111102 0.236594
vn -0.995198 -0.063922 -0.074129
vn -0.995139 -0.021036 -0.096209
vn -0.993636 0.017482 -0.111277
vn -0.997226 -0.021008 -0.071407
vn -0.990194 0.053316 -0.129127
vn -0.641843 -0.111125 -0.758742
vn -0.641843 -0.111125 -0.758742
vn -0.641843 -0.111125 -0.758742
vn 0.298200 -0.907382 -0.296202
vn 0.298200 -0.907382 -0.296202
vn 0.298200 -0.907382 -0.296202
vn -0.921804 -0.320874 -0.217526
vn -0.921804 -0.320874 -0.217526
vn -0.921804 -0.320874 -0.217526
vn 0.232453 -0.964286 -0.126954
vn 0.232453 -0.964287 -0.126954
vn 0.232453 -0.964287 -0.126954
vn 0.113441 -0.964286 0.239340
vn 0.113441 -0.964286 0.239340
vn 0.113441 -0.964286 0.239340
vn 0.383208 -0.792271 -0.474824
vn 0.383208 -0.792271 -0.474824
vn 0.383208 -0.792271 -0.474824
vn 0.030928 -0.792276 0.609379
vn 0.030928 -0.792276 0.609379
vn 0.030928 -0.792276 0.609379
vn -0.711785 0.533454 -0.456934
vn -0.711785 0.533454 -0.456934
vn -0.711785 0.533454 -0.456934
vn -0.715819 0.477217 -0.509772
vn -0.715819 0.477217 -0.509772
vn -0.715819 0.477217 -0.509772
vn -0.655975 0.637830 -0.403571
vn -0.655975 0.637830 -0.403571
vn -0.655975 0.637830 -0.403571
vn -0.561930 0.686805 -0.461014
vn -0.561930 0.686805 -0.461014
vn -0.561930 0.686805 -0.461014
vn -0.637363 0.742215 -0.207091
vn -0.629322 0.749762 -0.204478
vn -0.637363 0.742215 -0.207091
vn -0.661444 0.718543 -0.214917
vn -0.878748 0.477214 -0.008328
vn -0.878748 0.477213 -0.008328
vn -0.878748 0.477214 -0.008328
vn -0.844422 0.533460 -0.048711
vn -0.844422 0.533460 -0.048711
vn -0.844422 0.533460 -0.048711
vn -0.743293 0.668954 0.003980
vn -0.773786 0.632799 0.028652
vn -0.746297 0.665583 0.006337
vn -0.704425 0.709329 -0.025267
vn -0.990194 0.053315 0.129127
vn -0.990194 0.053315 0.129127
vn -0.990194 0.053315 0.129127
vn -0.994813 -0.069307 0.074462
vn -0.994812 -0.069307 0.074462
vn -0.994813 -0.069307 0.074462
vn -0.997226 -0.021008 0.071407
vn -0.997226 -0.021008 0.071407
vn -0.997226 -0.021008 0.071407
vn -0.921804 -0.320874 0.217525
vn -0.921804 -0.320874 0.217525
vn -0.921804 -0.320874 0.217525
vn 0.298200 -0.907382 0.296201
vn 0.298200 -0.907382 0.296201
vn 0.298200 -0.907382 0.296201
vn 0.383208 -0.792271 0.474824
vn 0.383208 -0.792271 0.474824
vn 0.383208 -0.792271 0.474824
vn -0.641845 -0.111125 0.758740
vn -0.641845 -0.111125 0.758740
vn -0.641845 -0.111125 0.758740
vn -0.848695 -0.063949 0.525003
vn -0.861630 -0.021059 0.507101
vn -0.869272 0.017476 0.494026
vn -0.848729 -0.020966 0.528411
vn -0.876982 0.053315 0.477556
vn -0.965235 -0.111101 -0.236596
vn -0.965235 -0.111101 -0.236596
vn -0.965235 -0.111101 -0.236596
vn 0.067140 -0.907377 -0.414921
vn 0.067140 -0.907377 -0.414921
vn 0.067140 -0.907377 -0.414921
vn -0.873614 -0.320876 0.365839
vn -0.873614 -0.320876 0.365839
vn -0.873614 -0.320876 0.365839
vn 0.113441 -0.964286 -0.239340
vn 0.113441 -0.964286 -0.239340
vn 0.113441 -0.964286 -0.239340
vn 0.232453 -0.964286 0.126954
vn 0.232453 -0.964286 0.126954
vn 0.232453 -0.964287 0.126954
vn 0.030928 -0.792275 -0.609380
vn 0.030928 -0.792275 -0.609380
vn 0.030928 -0.792275 -0.609380
vn -0.844422 0.533459 0.048708
vn -0.844422 0.533459 0.048708
vn -0.844422 0.533459 0.048708
vn -0.878748 0.477213 0.008328
vn -0.878748 0.477214 0.008328
vn -0.878748 0.477214 0.008328
vn -0.772152 0.631462 0.070977
vn -0.772151 0.631462 0.070977
vn -0.772151 0.631462 0.070977
vn -0.725587 0.686805 -0.042678
vn -0.725587 0.686805 -0.042678
vn -0.725587 0.686805 -0.042678
vn -0.637363 0.742215 0.207091
vn -0.629322 0.749762 0.204478
vn -0.637363 0.742215 0.207091
vn -0.661444 0.718543 0.214917
vn -0.715819 0.477217 0.509772
vn -0.715819 0.477217 0.509772
vn -0.715819 0.477217 0.509772
vn -0.711785 0.533455 0.456932
vn -0.711785 0.533455 0.456932
vn -0.711785 0.533455 0.456932
vn -0.598996 0.668956 0.440116
vn -0.609162 0.632807 0.477992
vn -0.600040 0.665586 0.443787
vn -0.584743 0.709327 0.393614
vn -0.725178 0.053315 0.686494
vn -0.725178 0.053315 0.686494
vn -0.725178 0.053315 0.686494
vn -0.761058 -0.069360 0.644965
vn -0.761058 -0.069360 0.644965
vn -0.761058 -0.069360 0.644965
vn -0.764808 -0.021061 0.643914
vn -0.764808 -0.021061 0.643915
vn -0.764808 -0.021061 0.643914
vn -0.617909 -0.320894 0.717785
vn -0.617909 -0.320894 0.717785
vn -0.617909 -0.320894 0.717785
vn 0.415361 -0.907377 0.064362
vn 0.415361 -0.907377 0.064362
vn 0.415361 -0.907377 0.064362
vn 0.589110 -0.792277 0.158893
vn 0.589110 -0.792277 0.158893
vn 0.589110 -0.792277 0.158893
vn -0.073303 -0.111121 0.991100
vn -0.073303 -0.111121 0.991100
vn -0.073303 -0.111121 0.991100
vn -0.378027 -0.063946 0.923584
vn -0.399012 -0.021051 0.916704
vn -0.412880 0.017473 0.910618
vn -0.376059 -0.021036 0.926357
vn -0.428797 0.053315 0.901827
vn -0.919951 -0.111161 0.375942
vn -0.919951 -0.111161 0.375942
vn -0.919951 -0.111161 0.375942
vn -0.189575 -0.907373 -0.375148
vn -0.189575 -0.907373 -0.375148
vn -0.189575 -0.907373 -0.375148
vn -0.491722 -0.320891 0.809468
vn -0.491722 -0.320891 0.809468
vn -0.491722 -0.320891 0.809468
vn -0.048900 -0.964287 -0.260305
vn -0.048900 -0.964287 -0.260305
vn -0.048900 -0.964287 -0.260305
vn 0.262679 -0.964287 -0.033928
vn 0.262679 -0.964287 -0.033928
vn 0.262679 -0.964287 -0.033928
vn -0.333160 -0.792280 -0.511172
vn -0.333160 -0.792280 -0.511172
vn -0.333160 -0.792280 -0.511172
vn -0.654515 0.533465 0.535748
vn -0.654515 0.533465 0.535748
vn -0.654515 0.533465 0.535748
vn -0.706012 0.477231 0.523257
vn -0.706012 0.477231 0.523257
vn -0.706012 0.477231 0.523257
vn -0.582967 0.631470 0.511268
vn -0.582967 0.631470 0.511268
vn -0.582967 0.631470 0.511268
vn -0.612094 0.686800 0.391978
vn -0.612094 0.686800 0.391978
vn -0.612094 0.686800 0.391978
vn -0.393919 0.742209 0.542175
vn -0.388952 0.749753 0.535339
vn -0.393919 0.742209 0.542175
vn -0.408794 0.718551 0.562647
vn -0.279482 0.477231 0.833151
vn -0.279482 0.477231 0.833151
vn -0.279482 0.477231 0.833151
vn -0.307268 0.533459 0.788040
vn -0.307268 0.533459 0.788040
vn -0.307268 0.533460 0.788040
vn -0.225915 0.668949 0.708145
vn -0.211879 0.632804 0.744760
vn -0.224602 0.665579 0.711730
vn -0.241715 0.709316 0.662152
vn -0.904826 0.358678 -0.229436
vn -0.904826 0.358678 -0.229436
vn -0.904826 0.358678 -0.229436
vn -0.497840 0.358689 -0.789618
vn -0.497840 0.358689 -0.789618
vn -0.497840 0.358689 -0.789618
vn -0.866881 0.358682 0.346215
vn -0.866881 0.358682 0.346215
vn -0.866881 0.358682 0.346215
vn -0.866883 0.358683 -0.346208
vn -0.866883 0.358683 -0.346208
vn -0.866883 0.358683 -0.346208
vn -0.497837 0.358688 0.789621
vn -0.497837 0.358688 0.789621
vn -0.497837 0.358688 0.789621
vn -0.904825 0.358678 0.229438
vn -0.904825 0.358678 0.229438
vn -0.904825 0.358678 0.229438
vn 0.061354 0.358694 0.931437
vn 0.061354 0.358694 0.931437
vn 0.061354 0.358694 0.931437
vn -0.597120 0.358697 0.717485
vn -0.597120 0.358697 0.717485
vn -0.597120 0.358697 0.717485
vn 0.597117 0.358698 0.717486
vn 0.597117 0.358698 0.717486
vn 0.597117 0.358698 0.717486
vn -0.061353 0.358697 0.931436
vn -0.061353 0.358697 0.931436
vn -0.061353 0.358697 0.931436
vn 0.904826 0.358678 0.229436
vn 0.904826 0.358678 0.229436
vn 0.904826 0.358678 0.229436
vn 0.497840 0.358689 0.789618
vn 0.497840 0.358689 0.789618
vn 0.497840 0.358689 0.789618
vn 0.866881 0.358682 -0.346215
vn 0.866881 0.358682 -0.346215
vn 0.866881 0.358682 -0.346215
vn 0.866883 0.358682 0.346210
vn 0.866883 0.358682 0.346210
vn 0.866883 0.358682 0.346210
vn 0.497837 0.358688 -0.789621
vn 0.497837 0.358688 -0.789621
vn 0.497837 0.358688 -0.789621
vn 0.904825 0.358678 -0.229438
vn 0.904825 0.358678 -0.229438
vn 0.904825 0.358678 -0.229438
vn -0.061354 0.358694 -0.931437
vn -0.061354 0.358694 -0.931437
vn -0.061354 0.358694 -0.931437
vn 0.597117 0.358699 -0.717486
vn 0.597118 0.358699 -0.717486
vn 0.597117 0.358699 -0.717486
vn -0.597120 0.358696 -0.717485
vn -0.597120 0.358696 -0.717485
vn -0.597120 0.358696 -0.717485
vn 0.061352 0.358697 -0.931436
vn 0.061352 0.358697 -0.931436
vn 0.061352 0.358697 -0.931436
vn 0.176904 0.497191 -0.849415
vn 0.041079 0.461169 -0.886361
vn 0.193868 0.171493 -0.965922
vn 0.401439 0.181720 -0.897677
vn 0.336201 0.537098 -0.773624
vn 0.170460 0.021212 -0.985136
vn 0.317105 0.003628 -0.948384
vn 0.376322 0.010307 -0.926432
vn -0.000749 0.011734 -0.999931
vn 0.049727 0.009902 -0.998714
vn 0.087477 0.087573 -0.992310
vn -0.359345 0.487638 -0.795663
vn -0.424936 0.079861 -0.901694
vn -0.642553 0.469701 -0.605398
vn -0.714523 0.025939 -0.699131
vn -0.735488 0.464149 -0.493581
vn -0.824105 0.106496 -0.556337
vn -0.871662 0.483566 0.079810
vn -0.983187 0.147970 0.107000
vn -0.824681 0.446120 0.347676
vn -0.920840 0.118390 0.371535
vn -0.559526 0.490391 0.668166
vn -0.639035 0.132773 0.757631
vn -0.350359 0.448413 0.822298
vn -0.382646 0.119331 0.916156
vn -0.014729 0.503277 0.864000
vn -0.030444 0.181387 0.982940
vn 0.356070 0.475794 0.804260
vn 0.404895 0.133908 0.904505
vn 0.657592 0.524013 0.541279
vn 0.755393 0.148764 0.638162
vn 0.802528 0.462487 0.376901
vn 0.911827 0.084705 0.401741
vn 0.831768 0.554372 -0.028892
vn 0.985936 0.167073 -0.004147
vn 0.824805 0.473785 -0.308585
vn 0.923897 0.110184 -0.366435
vn 0.873456 0.474391 -0.109673
vn 0.981931 0.124711 -0.142332
vn 0.982931 0.016173 -0.183263
vn 0.948373 0.002418 -0.317148
vn 0.999892 0.014708 -0.000488
vn 0.932156 0.015304 0.361733
vn 0.734568 0.023381 0.678132
vn 0.365910 0.014354 0.930539
vn -0.004223 0.018151 0.999826
vn -0.331611 0.015205 0.943294
vn -0.693464 0.045305 0.719066
vn -0.941199 0.043734 0.335009
vn -0.998115 0.057291 0.021992
vn -0.915172 0.060307 -0.398527
vn -0.706022 0.050243 -0.706405
vn -0.372520 0.055327 -0.926374
vn -0.707744 0.013622 -0.706337
vn -0.999901 0.014037 0.001186
vn -0.705301 0.014470 0.708761
vn 0.001048 0.013141 0.999913
vn 0.708576 0.010323 0.705559
vn 0.999969 0.007850 -0.000621
vn 0.926497 0.009576 -0.376181
vn 0.999994 0.003458 -0.000357
vn 0.707355 0.003458 0.706850
vn 0.000357 0.003458 0.999994
vn -0.706850 0.003458 0.707355
vn -0.999994 0.003458 0.000357
vn -0.707355 0.003458 -0.706850
vn -0.000357 0.003458 -0.999994
vn 0.382679 0.003204 -0.923876
vn 0.382681 0.000000 -0.923881
vn 0.000000 0.000000 -1.000000
vn -0.707107 0.000000 -0.707107
vn -1.000000 0.000000 0.000000
vn -0.707107 0.000000 0.707107
vn -0.000000 0.000000 1.000000
vn 0.707107 0.000000 0.707107
vn 1.000000 0.000000 -0.000000
vn 0.923876 0.003184 -0.382679
vn 0.923881 0.000000 -0.382681
s off
g polySurface2
f 788/964/3533 790/965/3534 753/966/3535
f 790/965/3536 792/967/3537 753/966/3538
f 753/966/3539 809/968/3540 810/969/3541
f 809/968/3542 807/970/3543 810/969/3544
f 785/971/3545 787/972/3546 754/973/3547
f 787/972/3548 789/974/3549 754/973/3550
f 754/973/3551 830/975/3552 831/976/3553
f 830/975/3554 828/977/3555 831/976/3556
f 782/978/3557 784/979/3558 755/980/3559
f 784/979/3560 786/981/3561 755/980/3562
f 755/980/3563 850/982/3564 851/983/3565
f 850/982/3566 848/984/3567 851/983/3568
f 758/985/3569 781/986/3570 756/987/3571
f 781/986/3572 783/988/3573 756/987/3574
f 756/987/3575 870/989/3576 871/990/3577
f 870/989/3578 868/991/3579 871/990/3580
s 1
f 757/992/3581 758/985/3582 759/993/3583
f 758/985/3582 756/987/3584 759/993/3583
s off
f 876/994/3585 875/995/3586 756/987/3587
f 875/995/3588 759/993/3589 756/987/3590
s 2
f 760/996/3591 757/992/3592 761/997/3593
f 757/992/3592 759/993/3594 761/997/3593
s 3
f 762/998/3595 760/996/3596 763/999/3597
f 760/996/3596 761/997/3598 763/999/3597
s off
f 896/1000/3599 895/1001/3600 761/997/3601
f 895/1001/3602 763/999/3603 761/997/3604
s 4
f 764/1002/3605 762/998/3606 765/1003/3607
f 762/998/3606 763/999/3608 765/1003/3607
s 5
f 766/1004/3609 767/1005/3610 768/1006/3611
f 767/1005/3610 769/1007/3612 768/1006/3611
s 6
f 770/1008/3613 771/1009/3614 772/1010/3615
f 771/1009/3614 778/1011/3616 772/1010/3615
s off
f 956/1012/3617 955/1013/3618 778/1011/3619
f 955/1013/3620 772/1010/3621 778/1011/3622
f 791/1014/3623 774/1015/3624 773/1016/3625
f 774/1015/3626 776/1017/3627 773/1016/3628
f 773/1016/3629 990/1018/3630 812/1019/3631
f 990/1018/3632 988/1020/3633 812/1019/3634
s 7
f 774/1015/3635 775/1021/3636 776/1017/3637
f 775/1021/3636 777/1022/3638 776/1017/3637
s off
f 976/1023/3639 975/1024/3640 777/1022/3641
f 975/1024/3642 776/1017/3643 777/1022/3644
s 8
f 772/1010/3645 777/1022/3646 770/1008/3647
f 777/1022/3646 775/1021/3648 770/1008/3647
s 9
f 768/1006/3649 778/1011/3650 766/1004/3651
f 778/1011/3650 771/1009/3652 766/1004/3651
s 10
f 779/1025/3653 764/1002/3654 780/1026/3655
f 764/1002/3654 765/1003/3656 780/1026/3655
s 11
f 780/1026/3657 769/1007/3658 779/1025/3659
f 769/1007/3658 767/1005/3660 779/1025/3659
s 12
f 781/986/3661 782/978/3662 783/988/3663
f 782/978/3662 755/980/3664 783/988/3663
s off
f 856/1027/3665 855/1028/3666 755/980/3667
f 855/1028/3668 783/988/3669 755/980/3670
s 13
f 784/979/3671 785/971/3672 786/981/3673
f 785/971/3672 754/973/3674 786/981/3673
s off
f 836/1029/3675 835/1030/3676 754/973/3677
f 835/1030/3678 786/981/3679 754/973/3680
s 14
f 787/972/3681 788/964/3682 789/974/3683
f 788/964/3682 753/966/3684 789/974/3683
s off
f 816/1031/3685 815/1032/3686 753/966/3687
f 815/1032/3688 789/974/3689 753/966/3690
s 15
f 790/1033/3691 791/1014/3692 792/1034/3693
f 791/1014/3692 773/1016/3694 792/1034/3693
s off
f 794/1035/3695 793/1036/3696 773/1016/3697
f 793/1036/3698 792/1034/3699 773/1016/3700
f 793/1036/3701 794/1035/3702 795/1037/3703
f 806/1038/3704 798/1039/3705 795/1037/3706
s 16
f 795/1037/3707 794/1035/3708 796/1040/3709
f 796/1040/3709 806/1038/3710 795/1037/3707
s off
f 811/1041/3711 798/1039/3712 806/1038/3713
f 797/1042/3714 798/1043/3715 799/1044/3716
f 800/1045/3717 801/1046/3718 802/1047/3719
f 802/1047/3720 801/1046/3721 803/1048/3722
f 801/1046/3723 804/1049/3724 803/1048/3725
f 800/1045/3726 805/1050/3727 801/1046/3728
f 804/1051/3729 807/970/3730 808/1052/3731
s 17
f 807/970/3732 809/968/3733 795/1053/3734
f 795/1053/3734 814/1054/3735 807/970/3732
s off
f 797/1042/3736 814/1054/3737 798/1043/3738
f 795/1053/3739 809/968/3740 793/1055/3741
f 798/1043/3742 814/1054/3743 795/1053/3744
f 799/1056/3745 798/1039/3746 811/1041/3747
f 812/1019/3748 796/1040/3749 794/1035/3750
f 794/1035/3751 773/1016/3752 812/1019/3753
f 813/1057/3754 796/1040/3755 805/1058/3756
f 800/1059/3757 813/1057/3758 805/1058/3759
f 800/1059/3760 811/1041/3761 813/1057/3762
f 802/1060/3763 799/1056/3764 811/1041/3765
f 802/1061/3766 797/1042/3767 799/1044/3768
f 803/1062/3769 808/1052/3770 797/1042/3771
f 804/1051/3772 808/1052/3773 803/1062/3774
f 812/1019/3775 805/1058/3776 796/1040/3777
f 810/969/3778 807/970/3779 804/1051/3780
s 18
f 811/1041/3781 806/1038/3782 813/1057/3783
f 806/1038/3782 796/1040/3784 813/1057/3783
s off
f 802/1060/3785 811/1041/3786 800/1059/3787
f 803/1062/3788 797/1042/3789 802/1061/3790
s 19
f 808/1052/3791 807/970/3792 797/1042/3793
f 807/970/3792 814/1054/3794 797/1042/3793
s 20
f 792/967/3795 793/1055/3796 753/966/3797
f 793/1055/3796 809/968/3798 753/966/3797
s off
f 804/1049/3799 801/1046/3800 810/1063/3801
f 812/1064/3802 801/1046/3803 805/1050/3804
f 815/1032/3805 816/1031/3806 817/1065/3807
f 827/1066/3808 820/1067/3809 817/1065/3810
s 21
f 817/1065/3811 816/1031/3812 818/1068/3813
f 818/1068/3813 827/1066/3814 817/1065/3811
s off
f 832/1069/3815 820/1067/3816 827/1066/3817
f 819/1070/3818 820/1067/3819 821/1071/3820
f 822/1072/3821 801/1046/3822 823/1073/3823
f 823/1073/3824 801/1046/3825 824/1074/3826
f 801/1046/3827 825/1075/3828 824/1074/3829
f 822/1072/3830 826/1076/3831 801/1046/3832
f 825/1077/3833 828/977/3834 829/1078/3835
s 22
f 828/977/3836 830/975/3837 817/1065/3838
f 817/1065/3838 834/1079/3839 828/977/3836
s off
f 819/1070/3840 834/1079/3841 820/1067/3842
f 817/1065/3843 830/975/3844 815/1032/3845
f 820/1067/3846 834/1079/3847 817/1065/3848
f 821/1071/3849 820/1067/3850 832/1069/3851
f 810/969/3852 818/1068/3853 816/1031/3854
f 816/1031/3855 753/966/3856 810/969/3857
f 833/1080/3858 818/1068/3859 826/1081/3860
f 822/1082/3861 833/1080/3862 826/1081/3863
f 822/1082/3864 832/1069/3865 833/1080/3866
f 823/1083/3867 821/1071/3868 832/1069/3869
f 823/1083/3870 819/1070/3871 821/1071/3872
f 824/1084/3873 829/1078/3874 819/1070/3875
f 825/1077/3876 829/1078/3877 824/1084/3878
f 810/969/3879 826/1081/3880 818/1068/3881
f 831/976/3882 828/977/3883 825/1077/3884
s 23
f 832/1069/3885 827/1066/3886 833/1080/3887
f 827/1066/3886 818/1068/3888 833/1080/3887
s off
f 823/1083/3889 832/1069/3890 822/1082/3891
f 824/1084/3892 819/1070/3893 823/1083/3894
s 24
f 829/1078/3895 828/977/3896 819/1070/3897
f 828/977/3896 834/1079/3898 819/1070/3897
s 25
f 789/974/3899 815/1032/3900 754/973/3901
f 815/1032/3900 830/975/3902 754/973/3901
s off
f 825/1075/3903 801/1046/3904 831/1085/3905
f 810/1063/3906 801/1046/3907 826/1076/3908
f 835/1030/3909 836/1029/3910 837/1086/3911
f 847/1087/3912 840/1088/3913 837/1086/3914
s 26
f 837/1086/3915 836/1029/3916 838/1089/3917
f 838/1089/3917 847/1087/3918 837/1086/3915
s off
f 852/1090/3919 840/1088/3920 847/1087/3921
f 839/1091/3922 840/1088/3923 841/1092/3924
f 842/1093/3925 801/1046/3926 843/1094/3927
f 843/1094/3928 801/1046/3929 844/1095/3930
f 801/1046/3931 845/1096/3932 844/1095/3933
f 842/1093/3934 846/1097/3935 801/1046/3936
f 845/1098/3937 848/984/3938 849/1099/3939
s 27
f 848/984/3940 850/982/3941 837/1086/3942
f 837/1086/3942 854/1100/3943 848/984/3940
s off
f 839/1091/3944 854/1100/3945 840/1088/3946
f 837/1086/3947 850/982/3948 835/1030/3949
f 840/1088/3950 854/1100/3951 837/1086/3952
f 841/1092/3953 840/1088/3954 852/1090/3955
f 831/976/3956 838/1089/3957 836/1029/3958
f 836/1029/3959 754/973/3960 831/976/3961
f 853/1101/3962 838/1089/3963 846/1102/3964
f 842/1103/3965 853/1101/3966 846/1102/3967
f 842/1103/3968 852/1090/3969 853/1101/3970
f 843/1104/3971 841/1092/3972 852/1090/3973
f 843/1104/3974 839/1091/3975 841/1092/3976
f 844/1105/3977 849/1099/3978 839/1091/3979
f 845/1098/3980 849/1099/3981 844/1105/3982
f 831/976/3983 846/1102/3984 838/1089/3985
f 851/983/3986 848/984/3987 845/1098/3988
s 28
f 852/1090/3989 847/1087/3990 853/1101/3991
f 847/1087/3990 838/1089/3992 853/1101/3991
s off
f 843/1104/3993 852/1090/3994 842/1103/3995
f 844/1105/3996 839/1091/3997 843/1104/3998
s 29
f 849/1099/3999 848/984/4000 839/1091/4001
f 848/984/4000 854/1100/4002 839/1091/4001
s 30
f 786/981/4003 835/1030/4004 755/980/4005
f 835/1030/4004 850/982/4006 755/980/4005
s off
f 845/1096/4007 801/1046/4008 851/1106/4009
f 831/1085/4010 801/1046/4011 846/1097/4012
f 855/1028/4013 856/1027/4014 857/1107/4015
f 867/1108/4016 860/1109/4017 857/1107/4018
s 31
f 857/1107/4019 856/1027/4020 858/1110/4021
f 858/1110/4021 867/1108/4022 857/1107/4019
s off
f 872/1111/4023 860/1109/4024 867/1108/4025
f 859/1112/4026 860/1109/4027 861/1113/4028
f 862/1114/4029 801/1046/4030 863/1115/4031
f 863/1115/4032 801/1046/4033 864/1116/4034
f 801/1046/4035 865/1117/4036 864/1116/4037
f 862/1114/4038 866/1118/4039 801/1046/4040
f 865/1119/4041 868/991/4042 869/1120/4043
s 32
f 868/991/4044 870/989/4045 857/1107/4046
f 857/1107/4046 874/1121/4047 868/991/4044
s off
f 859/1112/4048 874/1121/4049 860/1109/4050
f 857/1107/4051 870/989/4052 855/1028/4053
f 860/1109/4054 874/1121/4055 857/1107/4056
f 861/1113/4057 860/1109/4058 872/1111/4059
f 851/983/4060 858/1110/4061 856/1027/4062
f 856/1027/4063 755/980/4064 851/983/4065
f 873/1122/4066 858/1110/4067 866/1123/4068
f 862/1124/4069 873/1122/4070 866/1123/4071
f 862/1124/4072 872/1111/4073 873/1122/4074
f 863/1125/4075 861/1113/4076 872/1111/4077
f 863/1125/4078 859/1112/4079 861/1113/4080
f 864/1126/4081 869/1120/4082 859/1112/4083
f 865/1119/4084 869/1120/4085 864/1126/4086
f 851/983/4087 866/1123/4088 858/1110/4089
f 871/990/4090 868/991/4091 865/1119/4092
s 33
f 872/1111/4093 867/1108/4094 873/1122/4095
f 867/1108/4094 858/1110/4096 873/1122/4095
s off
f 863/1125/4097 872/1111/4098 862/1124/4099
f 864/1126/4100 859/1112/4101 863/1125/4102
s 34
f 869/1120/4103 868/991/4104 859/1112/4105
f 868/991/4104 874/1121/4106 859/1112/4105
s 35
f 783/988/4107 855/1028/4108 756/987/4109
f 855/1028/4108 870/989/4110 756/987/4109
s off
f 865/1117/4111 801/1046/4112 871/1127/4113
f 851/1106/4114 801/1046/4115 866/1118/4116
f 875/995/4117 876/994/4118 877/1128/4119
f 887/1129/4120 880/1130/4121 877/1128/4122
s 36
f 877/1128/4123 876/994/4124 878/1131/4125
f 878/1131/4125 887/1129/4126 877/1128/4123
s off
f 892/1132/4127 880/1130/4128 887/1129/4129
f 879/1133/4130 880/1130/4131 881/1134/4132
f 882/1135/4133 801/1046/4134 883/1136/4135
f 883/1136/4136 801/1046/4137 884/1137/4138
f 801/1046/4139 885/1138/4140 884/1137/4141
f 882/1135/4142 886/1139/4143 801/1046/4144
f 885/1140/4145 888/1141/4146 889/1142/4147
f 890/1143/4148 888/1141/4149 891/1144/4150
f 761/997/4151 890/1143/4152 891/1144/4153
s 37
f 888/1141/4154 890/1143/4155 877/1128/4156
f 877/1128/4156 894/1145/4157 888/1141/4154
s off
f 879/1133/4158 894/1145/4159 880/1130/4160
f 877/1128/4161 890/1143/4162 875/995/4163
f 880/1130/4164 894/1145/4165 877/1128/4166
f 881/1134/4167 880/1130/4168 892/1132/4169
f 871/990/4170 878/1131/4171 876/994/4172
f 876/994/4173 756/987/4174 871/990/4175
f 893/1146/4176 878/1131/4177 886/1147/4178
f 882/1148/4179 893/1146/4180 886/1147/4181
f 882/1148/4182 892/1132/4183 893/1146/4184
f 883/1149/4185 881/1134/4186 892/1132/4187
f 883/1149/4188 879/1133/4189 881/1134/4190
f 884/1150/4191 889/1142/4192 879/1133/4193
f 885/1140/4194 889/1142/4195 884/1150/4196
f 871/990/4197 886/1147/4198 878/1131/4199
f 891/1144/4200 888/1141/4201 885/1140/4202
s 38
f 892/1132/4203 887/1129/4204 893/1146/4205
f 887/1129/4204 878/1131/4206 893/1146/4205
s off
f 883/1149/4207 892/1132/4208 882/1148/4209
f 884/1150/4210 879/1133/4211 883/1149/4212
s 39
f 889/1142/4213 888/1141/4214 879/1133/4215
f 888/1141/4214 894/1145/4216 879/1133/4215
s 40
f 759/993/4217 875/995/4218 761/997/4219
f 875/995/4218 890/1143/4220 761/997/4219
s off
f 885/1138/4221 801/1046/4222 891/1151/4223
f 871/1127/4224 801/1046/4225 886/1139/4226
f 895/1001/4227 896/1000/4228 897/1152/4229
f 907/1153/4230 900/1154/4231 897/1152/4232
s 41
f 897/1152/4233 896/1000/4234 898/1155/4235
f 898/1155/4235 907/1153/4236 897/1152/4233
s off
f 899/1156/4237 900/1154/4238 901/1157/4239
f 902/1158/4240 801/1046/4241 903/1159/4242
f 903/1159/4243 801/1046/4244 904/1160/4245
f 801/1046/4246 905/1161/4247 904/1160/4248
f 902/1158/4249 906/1162/4250 801/1046/4251
f 905/1163/4252 908/1164/4253 909/1165/4254
f 910/1166/4255 908/1164/4256 911/1167/4257
f 765/1003/4258 910/1166/4259 911/1167/4260
s 42
f 908/1164/4261 910/1166/4262 897/1152/4263
f 897/1152/4263 914/1168/4264 908/1164/4261
s off
f 899/1156/4265 914/1168/4266 900/1154/4267
f 897/1152/4268 910/1166/4269 895/1001/4270
f 900/1154/4271 914/1168/4272 897/1152/4273
f 901/1157/4274 900/1154/4275 912/1169/4276
f 891/1144/4277 898/1155/4278 896/1000/4279
f 896/1000/4280 761/997/4281 891/1144/4282
f 913/1170/4283 898/1155/4284 906/1171/4285
f 902/1172/4286 913/1170/4287 906/1171/4288
f 902/1172/4289 912/1169/4290 913/1170/4291
f 903/1173/4292 901/1157/4293 912/1169/4294
f 903/1173/4295 899/1156/4296 901/1157/4297
f 904/1174/4298 909/1165/4299 899/1156/4300
f 905/1163/4301 909/1165/4302 904/1174/4303
f 912/1169/4304 900/1154/4305 907/1153/4306
f 891/1144/4307 906/1171/4308 898/1155/4309
f 911/1167/4310 908/1164/4311 905/1163/4312
s 43
f 912/1169/4313 907/1153/4314 913/1170/4315
f 907/1153/4314 898/1155/4316 913/1170/4315
s off
f 903/1173/4317 912/1169/4318 902/1172/4319
f 904/1174/4320 899/1156/4321 903/1173/4322
s 44
f 909/1165/4323 908/1164/4324 899/1156/4325
f 908/1164/4324 914/1168/4326 899/1156/4325
s off
f 763/999/4327 895/1001/4328 765/1003/4329
f 895/1001/4330 910/1166/4331 765/1003/4332
f 916/1175/4333 915/1176/4334 765/1003/4335
f 915/1176/4336 780/1026/4337 765/1003/4338
f 905/1161/4339 801/1046/4340 911/1177/4341
f 891/1151/4342 801/1046/4343 906/1162/4344
f 915/1176/4345 916/1175/4346 917/1178/4347
f 927/1179/4348 920/1180/4349 917/1178/4350
s 45
f 917/1178/4351 916/1175/4352 918/1181/4353
f 918/1181/4353 927/1179/4354 917/1178/4351
s off
f 932/1182/4355 920/1180/4356 927/1179/4357
f 919/1183/4358 920/1180/4359 921/1184/4360
f 922/1185/4361 801/1046/4362 923/1186/4363
f 923/1186/4364 801/1046/4365 924/1187/4366
f 801/1046/4367 925/1188/4368 924/1187/4369
f 922/1185/4370 926/1189/4371 801/1046/4372
f 925/1190/4373 928/1191/4374 929/1192/4375
f 930/1193/4376 928/1191/4377 931/1194/4378
f 769/1007/4379 930/1193/4380 931/1194/4381
s 46
f 928/1191/4382 930/1193/4383 917/1178/4384
f 917/1178/4384 934/1195/4385 928/1191/4382
s off
f 919/1183/4386 934/1195/4387 920/1180/4388
f 917/1178/4389 930/1193/4390 915/1176/4391
f 920/1180/4392 934/1195/4393 917/1178/4394
f 921/1184/4395 920/1180/4396 932/1182/4397
f 911/1167/4398 918/1181/4399 916/1175/4400
f 933/1196/4401 918/1181/4402 926/1197/4403
f 922/1198/4404 933/1196/4405 926/1197/4406
f 922/1198/4407 932/1182/4408 933/1196/4409
f 923/1199/4410 921/1184/4411 932/1182/4412
f 923/1199/4413 919/1183/4414 921/1184/4415
f 924/1200/4416 929/1192/4417 919/1183/4418
f 925/1190/4419 929/1192/4420 924/1200/4421
f 911/1167/4422 926/1197/4423 918/1181/4424
f 931/1194/4425 928/1191/4426 925/1190/4427
s 47
f 932/1182/4428 927/1179/4429 933/1196/4430
f 927/1179/4429 918/1181/4431 933/1196/4430
s off
f 923/1199/4432 932/1182/4433 922/1198/4434
f 924/1200/4435 919/1183/4436 923/1199/4437
s 48
f 929/1192/4438 928/1191/4439 919/1183/4440
f 928/1191/4439 934/1195/4441 919/1183/4440
s off
f 780/1026/4442 915/1176/4443 769/1007/4444
f 915/1176/4445 930/1193/4446 769/1007/4447
f 936/1201/4448 935/1202/4449 769/1007/4450
f 935/1202/4451 768/1006/4452 769/1007/4453
f 925/1188/4454 801/1046/4455 931/1203/4456
f 911/1177/4457 801/1046/4458 926/1189/4459
f 935/1202/4460 936/1201/4461 937/1204/4462
f 947/1205/4463 940/1206/4464 937/1204/4465
s 49
f 937/1204/4466 936/1201/4467 938/1207/4468
f 938/1207/4468 947/1205/4469 937/1204/4466
s off
f 952/1208/4470 940/1206/4471 947/1205/4472
f 939/1209/4473 940/1206/4474 941/1210/4475
f 942/1211/4476 801/1046/4477 943/1212/4478
f 943/1212/4479 801/1046/4480 944/1213/4481
f 801/1046/4482 945/1214/4483 944/1213/4484
f 942/1211/4485 946/1215/4486 801/1046/4487
f 945/1216/4488 948/1217/4489 949/1218/4490
f 950/1219/4491 948/1217/4492 951/1220/4493
f 778/1011/4494 950/1219/4495 951/1220/4496
s 50
f 948/1217/4497 950/1219/4498 937/1204/4499
f 937/1204/4499 954/1221/4500 948/1217/4497
s off
f 939/1209/4501 954/1221/4502 940/1206/4503
f 937/1204/4504 950/1219/4505 935/1202/4506
f 940/1206/4507 954/1221/4508 937/1204/4509
f 941/1210/4510 940/1206/4511 952/1208/4512
f 931/1194/4513 938/1207/4514 936/1201/4515
f 936/1201/4516 769/1007/4517 931/1194/4518
f 953/1222/4519 938/1207/4520 946/1223/4521
f 942/1224/4522 953/1222/4523 946/1223/4524
f 942/1224/4525 952/1208/4526 953/1222/4527
f 943/1225/4528 941/1210/4529 952/1208/4530
f 943/1225/4531 939/1209/4532 941/1210/4533
f 944/1226/4534 949/1218/4535 939/1209/4536
f 945/1216/4537 949/1218/4538 944/1226/4539
f 931/1194/4540 946/1223/4541 938/1207/4542
f 951/1220/4543 948/1217/4544 945/1216/4545
s 51
f 952/1208/4546 947/1205/4547 953/1222/4548
f 947/1205/4547 938/1207/4549 953/1222/4548
s off
f 943/1225/4550 952/1208/4551 942/1224/4552
f 944/1226/4553 939/1209/4554 943/1225/4555
s 52
f 949/1218/4556 948/1217/4557 939/1209/4558
f 948/1217/4557 954/1221/4559 939/1209/4558
s 53
f 768/1006/4560 935/1202/4561 778/1011/4562
f 935/1202/4561 950/1219/4563 778/1011/4562
s off
f 945/1214/4564 801/1046/4565 951/1227/4566
f 931/1203/4567 801/1046/4568 946/1215/4569
f 955/1013/4570 956/1012/4571 957/1228/4572
f 967/1229/4573 960/1230/4574 957/1228/4575
s 54
f 957/1228/4576 956/1012/4577 958/1231/4578
f 958/1231/4578 967/1229/4579 957/1228/4576
s off
f 972/1232/4580 960/1230/4581 967/1229/4582
f 959/1233/4583 960/1230/4584 961/1234/4585
f 962/1235/4586 801/1046/4587 963/1236/4588
f 963/1236/4589 801/1046/4590 964/1237/4591
f 801/1046/4592 965/1238/4593 964/1237/4594
f 962/1235/4595 966/1239/4596 801/1046/4597
f 965/1240/4598 968/1241/4599 969/1242/4600
f 970/1243/4601 968/1241/4602 971/1244/4603
f 777/1022/4604 970/1243/4605 971/1244/4606
s 55
f 968/1241/4607 970/1243/4608 957/1228/4609
f 957/1228/4609 974/1245/4610 968/1241/4607
s off
f 959/1233/4611 974/1245/4612 960/1230/4613
f 957/1228/4614 970/1243/4615 955/1013/4616
f 960/1230/4617 974/1245/4618 957/1228/4619
f 961/1234/4620 960/1230/4621 972/1232/4622
f 951/1220/4623 958/1231/4624 956/1012/4625
f 956/1012/4626 778/1011/4627 951/1220/4628
f 973/1246/4629 958/1231/4630 966/1247/4631
f 962/1248/4632 973/1246/4633 966/1247/4634
f 962/1248/4635 972/1232/4636 973/1246/4637
f 963/1249/4638 961/1234/4639 972/1232/4640
f 963/1249/4641 959/1233/4642 961/1234/4643
f 964/1250/4644 969/1242/4645 959/1233/4646
f 965/1240/4647 969/1242/4648 964/1250/4649
f 951/1220/4650 966/1247/4651 958/1231/4652
f 971/1244/4653 968/1241/4654 965/1240/4655
s 56
f 972/1232/4656 967/1229/4657 973/1246/4658
f 967/1229/4657 958/1231/4659 973/1246/4658
s off
f 963/1249/4660 972/1232/4661 962/1248/4662
f 964/1250/4663 959/1233/4664 963/1249/4665
s 57
f 969/1242/4666 968/1241/4667 959/1233/4668
f 968/1241/4667 974/1245/4669 959/1233/4668
s 58
f 772/1010/4670 955/1013/4671 777/1022/4672
f 955/1013/4671 970/1243/4673 777/1022/4672
s off
f 965/1238/4674 801/1046/4675 971/1251/4676
f 951/1227/4677 801/1046/4678 966/1239/4679
f 975/1024/4680 976/1023/4681 977/1252/4682
f 987/1253/4683 980/1254/4684 977/1252/4685
s 59
f 977/1252/4686 976/1023/4687 978/1255/4688
f 978/1255/4688 987/1253/4689 977/1252/4686
s off
f 979/1256/4690 980/1254/4691 981/1257/4692
f 982/1258/4693 801/1046/4694 983/1259/4695
f 983/1259/4696 801/1046/4697 984/1260/4698
f 801/1046/4699 985/1261/4700 984/1260/4701
f 982/1258/4702 986/1262/4703 801/1046/4704
f 985/1263/4705 988/1020/4706 989/1264/4707
s 60
f 988/1020/4708 990/1018/4709 977/1252/4710
f 977/1252/4710 993/1265/4711 988/1020/4708
s off
f 979/1256/4712 993/1265/4713 980/1254/4714
f 977/1252/4715 990/1018/4716 975/1024/4717
f 980/1254/4718 993/1265/4719 977/1252/4720
f 981/1257/4721 980/1254/4722 991/1266/4723
f 971/1244/4724 978/1255/4725 976/1023/4726
f 976/1023/4727 777/1022/4728 971/1244/4729
f 992/1267/4730 978/1255/4731 986/1268/4732
f 982/1269/4733 992/1267/4734 986/1268/4735
f 982/1269/4736 991/1266/4737 992/1267/4738
f 983/1270/4739 981/1257/4740 991/1266/4741
f 983/1270/4742 979/1256/4743 981/1257/4744
f 984/1271/4745 989/1264/4746 979/1256/4747
f 985/1263/4748 989/1264/4749 984/1271/4750
f 991/1266/4751 980/1254/4752 987/1253/4753
f 971/1244/4754 986/1268/4755 978/1255/4756
f 812/1019/4757 988/1020/4758 985/1263/4759
s 61
f 991/1266/4760 987/1253/4761 992/1267/4762
f 987/1253/4761 978/1255/4763 992/1267/4762
s off
f 983/1270/4764 991/1266/4765 982/1269/4766
f 984/1271/4767 979/1256/4768 983/1270/4769
s 62
f 989/1264/4770 988/1020/4771 979/1256/4772
f 988/1020/4771 993/1265/4773 979/1256/4772
s 63
f 776/1017/4774 975/1024/4775 773/1016/4776
f 975/1024/4775 990/1018/4777 773/1016/4776
s off
f 985/1261/4778 801/1046/4779 812/1064/4780
f 971/1251/4781 801/1046/4782 986/1262/4783
f 916/1175/4784 765/1003/4785 911/1167/4786
f 1027/1272/4787 1001/1273/4788 994/1274/4789
f 1001/1273/4790 1003/1275/4791 994/1274/4792
f 1003/1275/4793 1029/1276/4794 994/1274/4795
f 1029/1276/4796 1038/1277/4797 994/1274/4798
f 1031/1278/4799 1038/1277/4800 1029/1276/4801
f 1034/1279/4802 1037/1280/4803 1031/1278/4804
f 1024/1281/4805 1026/1282/4806 1125/1283/4807
f 1026/1282/4808 1028/1284/4809 1125/1283/4810
f 1028/1284/4811 1041/1285/4812 1125/1283/4813
f 1041/1285/4814 1049/1286/4815 1125/1283/4816
f 1043/1287/4817 1049/1286/4818 1041/1285/4819
f 1022/1288/4820 1023/1289/4821 1126/1290/4822
f 1023/1289/4823 1025/1291/4824 1126/1290/4825
f 1025/1291/4826 1131/1292/4827 1126/1290/4828
f 1131/1292/4829 1058/1293/4830 1126/1290/4831
f 1051/1294/4832 1058/1293/4833 1131/1292/4834
s 64
f 995/1295/4835 996/1296/4836 997/1297/4837
f 996/1296/4836 998/1298/4838 997/1297/4837
s off
f 1018/1299/4839 1020/1300/4840 1127/1301/4841
f 1020/1300/4842 1021/1302/4843 1127/1301/4844
f 1021/1302/4845 1069/1303/4846 1127/1301/4847
f 1069/1303/4848 1077/1304/4849 1127/1301/4850
f 1015/1305/4851 1017/1306/4852 1128/1307/4853
f 1017/1306/4854 1019/1308/4855 1128/1307/4856
f 1019/1308/4857 1132/1309/4858 1128/1307/4859
f 1132/1309/4860 1084/1310/4861 1128/1307/4862
f 1079/1311/4863 1084/1310/4864 1132/1309/4865
f 1082/1312/4866 1084/1310/4867 1079/1311/4868
f 1079/1311/4869 1083/1313/4870 1082/1312/4871
f 1081/1314/4872 1083/1313/4873 1079/1311/4874
f 1012/1315/4875 1014/1316/4876 1129/1317/4877
f 1014/1316/4878 1016/1318/4879 1129/1317/4880
f 1016/1318/4881 1133/1319/4882 1129/1317/4883
f 1133/1319/4884 1095/1320/4885 1129/1317/4886
f 1088/1321/4887 1095/1320/4888 1133/1319/4889
f 1093/1322/4890 1095/1320/4891 1088/1321/4892
f 1088/1321/4893 1094/1323/4894 1093/1322/4895
f 1008/1324/4896 1011/1325/4897 1010/1326/4898
f 1011/1325/4899 1013/1327/4900 1010/1326/4901
f 1013/1327/4902 1134/1328/4903 1010/1326/4904
f 1134/1328/4905 1104/1329/4906 1010/1326/4907
f 1097/1330/4908 1104/1329/4909 1134/1328/4910
f 1005/1331/4911 1007/1332/4912 999/1333/4913
f 1007/1332/4914 1009/1334/4915 999/1333/4916
f 1009/1334/4917 1106/1335/4918 999/1333/4919
f 1106/1335/4920 1114/1336/4921 999/1333/4922
f 1108/1337/4923 1114/1336/4924 1106/1335/4925
f 1112/1338/4926 1114/1336/4927 1108/1337/4928
f 1108/1337/4929 1113/1339/4930 1112/1338/4931
f 1002/1340/4932 1004/1341/4933 1000/1342/4934
f 1004/1341/4935 1006/1343/4936 1000/1342/4937
f 1006/1343/4938 1116/1344/4939 1000/1342/4940
f 1116/1344/4941 1124/1345/4942 1000/1342/4943
f 1118/1346/4944 1124/1345/4945 1116/1344/4946
f 1121/1347/4947 1123/1348/4948 1118/1346/4949
s 65
f 1001/1273/4950 1002/1349/4951 1003/1275/4952
f 1002/1349/4951 1000/1350/4953 1003/1275/4952
s off
f 1030/1351/4954 1029/1276/4955 1000/1350/4956
f 1029/1276/4957 1003/1275/4958 1000/1350/4959
s 66
f 1029/1276/4960 1030/1351/4961 1031/1278/4962
f 1031/1278/4962 1030/1351/4961 1032/1352/4963
f 1032/1352/4963 1033/1353/4964 1031/1278/4962
s 67
f 1004/1341/4965 1005/1331/4966 1006/1343/4967
f 1005/1331/4966 999/1333/4968 1006/1343/4967
s off
f 1117/1354/4969 1116/1344/4970 999/1333/4971
f 1116/1344/4972 1006/1343/4973 999/1333/4974
s 68
f 1116/1344/4975 1117/1354/4976 1118/1346/4977
f 1118/1346/4977 1117/1354/4976 1119/1355/4978
f 1119/1355/4978 1120/1356/4979 1118/1346/4977
s 69
f 1007/1332/4980 1008/1324/4981 1009/1334/4982
f 1008/1324/4981 1010/1326/4983 1009/1334/4982
s off
f 1107/1357/4984 1106/1335/4985 1010/1326/4986
f 1106/1335/4987 1009/1334/4988 1010/1326/4989
f 1106/1335/4990 1107/1357/4991 1108/1337/4992
s 70
f 1108/1337/4993 1107/1357/4994 1109/1358/4995
f 1109/1358/4995 1110/1359/4996 1108/1337/4993
s 71
f 1011/1325/4997 1012/1315/4998 1013/1327/4999
f 1012/1315/4998 1129/1317/5000 1013/1327/4999
s off
f 1098/1360/5001 1134/1328/5002 1129/1317/5003
f 1134/1328/5004 1098/1360/5005 1097/1330/5006
f 1134/1328/5007 1013/1327/5008 1129/1317/5009
s 72
f 1014/1316/5010 1015/1305/5011 1016/1318/5012
f 1015/1305/5011 1128/1307/5013 1016/1318/5012
s off
f 1089/1361/5014 1133/1319/5015 1128/1307/5016
f 1133/1319/5017 1089/1361/5018 1088/1321/5019
f 1133/1319/5020 1016/1318/5021 1128/1307/5022
s 73
f 1017/1306/5023 1018/1299/5024 1019/1308/5025
f 1018/1299/5024 1127/1301/5026 1019/1308/5025
s off
f 1087/1362/5027 1132/1309/5028 1127/1301/5029
f 1132/1309/5030 1087/1362/5031 1079/1311/5032
f 1132/1309/5033 1019/1308/5034 1127/1301/5035
s 74
f 1020/1300/5036 995/1295/5037 1021/1302/5038
f 995/1295/5037 997/1297/5039 1021/1302/5038
s 75
f 996/1296/5040 1022/1288/5041 998/1298/5042
f 1022/1288/5041 1126/1290/5043 998/1298/5042
s off
f 1061/1363/5044 1130/1364/5045 1126/1290/5046
f 1130/1364/5047 1061/1363/5048 1060/1365/5049
f 1130/1364/5050 998/1298/5051 1126/1290/5052
s 76
f 1023/1289/5053 1024/1281/5054 1025/1291/5055
f 1024/1281/5054 1125/1283/5056 1025/1291/5055
s off
f 1052/1366/5057 1131/1292/5058 1125/1283/5059
f 1131/1292/5060 1052/1366/5061 1051/1294/5062
f 1131/1292/5063 1025/1291/5064 1125/1283/5065
s 77
f 1026/1282/5066 1027/1272/5067 1028/1284/5068
f 1027/1272/5067 994/1274/5069 1028/1284/5068
s off
f 1042/1367/5070 1041/1285/5071 994/1274/5072
f 1041/1285/5073 1028/1284/5074 994/1274/5075
f 1041/1285/5076 1042/1367/5077 1043/1287/5078
s 78
f 1043/1287/5079 1042/1367/5080 1044/1368/5081
f 1044/1368/5081 1045/1369/5082 1043/1287/5079
s off
f 1033/1353/5083 1034/1279/5084 1031/1278/5085
f 1035/1370/5086 1036/1371/5087 1037/1372/5088
f 1035/1370/5089 1037/1372/5090 1034/1373/5091
f 1038/1277/5092 1036/1374/5093 1039/1375/5094
s 79
f 1036/1374/5095 1038/1277/5096 1031/1278/5097
f 1031/1278/5097 1037/1280/5098 1036/1374/5095
s off
f 1040/1376/5099 1032/1352/5100 1030/1351/5101
s 80
f 1032/1377/5102 1035/1370/5103 1033/1378/5104
f 1035/1370/5103 1034/1373/5105 1033/1378/5104
s off
f 1040/1379/5106 1035/1370/5107 1032/1377/5108
f 1039/1380/5109 1036/1371/5110 1035/1370/5111
f 1045/1369/5112 1046/1381/5113 1043/1287/5114
f 1035/1370/5115 1047/1382/5116 1048/1383/5117
f 1035/1370/5118 1048/1383/5119 1046/1384/5120
f 1049/1286/5121 1047/1385/5122 1050/1386/5123
f 1125/1283/5124 1049/1286/5125 1050/1386/5126
s 81
f 1047/1385/5127 1049/1286/5128 1043/1287/5129
f 1043/1287/5129 1048/1387/5130 1047/1385/5127
s off
f 1039/1375/5131 1044/1368/5132 1042/1367/5133
f 1042/1367/5134 994/1274/5135 1039/1375/5136
s 82
f 1044/1388/5137 1035/1370/5138 1045/1389/5139
f 1035/1370/5138 1046/1384/5140 1045/1389/5139
s off
f 1046/1381/5141 1048/1387/5142 1043/1287/5143
f 1039/1380/5144 1035/1370/5145 1044/1388/5146
f 1050/1390/5147 1047/1382/5148 1035/1370/5149
f 1051/1294/5150 1052/1366/5151 1053/1391/5152
f 1053/1391/5153 1054/1392/5154 1051/1294/5155
f 1054/1392/5156 1055/1393/5157 1051/1294/5158
f 1035/1370/5159 1056/1394/5160 1057/1395/5161
f 1035/1370/5162 1057/1395/5163 1055/1396/5164
f 1058/1293/5165 1056/1397/5166 1059/1398/5167
f 1126/1290/5168 1058/1293/5169 1059/1398/5170
f 1056/1397/5171 1058/1293/5172 1051/1294/5173
f 1051/1294/5174 1057/1399/5175 1056/1397/5176
f 1050/1386/5177 1053/1391/5178 1052/1366/5179
f 1052/1366/5180 1125/1283/5181 1050/1386/5182
s 83
f 1053/1400/5183 1035/1370/5184 1054/1401/5185
f 1035/1370/5184 1055/1396/5186 1054/1401/5185
s off
f 1055/1393/5187 1057/1399/5188 1051/1294/5189
f 1050/1390/5190 1035/1370/5191 1053/1400/5192
f 1059/1402/5193 1056/1394/5194 1035/1370/5195
f 1060/1365/5196 1061/1363/5197 1062/1403/5198
f 1062/1403/5199 1063/1404/5200 1060/1365/5201
f 1063/1404/5202 1064/1405/5203 1060/1365/5204
f 1035/1370/5205 1065/1406/5206 1066/1407/5207
f 1068/1408/5208 1065/1406/5209 1035/1370/5210
f 1067/1409/5211 1065/1410/5212 1068/1411/5213
s 84
f 1065/1410/5214 1067/1409/5215 1060/1365/5216
f 1060/1365/5216 1066/1412/5217 1065/1410/5214
s off
f 1060/1365/5218 1067/1409/5219 1130/1364/5220
f 998/1298/5221 1130/1364/5222 997/1297/5223
f 1130/1364/5224 1067/1409/5225 997/1297/5226
f 1059/1398/5227 1062/1403/5228 1061/1363/5229
f 1061/1363/5230 1126/1290/5231 1059/1398/5232
s 85
f 1062/1413/5233 1035/1370/5234 1063/1414/5235
f 1035/1370/5234 1064/1415/5236 1063/1414/5235
s off
f 1064/1405/5237 1066/1412/5238 1060/1365/5239
f 1035/1370/5240 1066/1407/5241 1064/1415/5242
f 1059/1402/5243 1035/1370/5244 1062/1413/5245
f 1069/1303/5246 1070/1416/5247 1071/1417/5248
f 1070/1416/5249 997/1297/5250 1068/1411/5251
f 1071/1417/5252 1070/1416/5253 1072/1418/5254
f 1072/1418/5255 1073/1419/5256 1071/1417/5257
f 1073/1419/5258 1074/1420/5259 1071/1417/5260
f 1035/1370/5261 1075/1421/5262 1076/1422/5263
f 1077/1304/5264 1075/1423/5265 1078/1424/5266
f 1127/1301/5267 1077/1304/5268 1078/1424/5269
s 86
f 1075/1423/5270 1077/1304/5271 1071/1417/5272
f 1071/1417/5272 1076/1425/5273 1075/1423/5270
s off
f 1071/1417/5274 1077/1304/5275 1069/1303/5276
f 1068/1411/5277 1072/1418/5278 1070/1416/5279
f 1072/1426/5280 1035/1370/5281 1073/1427/5282
f 1074/1420/5283 1076/1425/5284 1071/1417/5285
f 1035/1370/5286 1074/1428/5287 1073/1427/5288
f 1035/1370/5289 1076/1422/5290 1074/1428/5291
f 1068/1408/5292 1035/1370/5293 1072/1426/5294
f 1078/1429/5295 1075/1421/5296 1035/1370/5297
s 87
f 1070/1416/5298 1069/1303/5299 997/1297/5300
f 1069/1303/5299 1021/1302/5301 997/1297/5300
s off
f 1079/1311/5302 1087/1362/5303 1086/1430/5304
f 1086/1430/5305 1080/1431/5306 1079/1311/5307
f 1080/1431/5308 1081/1314/5309 1079/1311/5310
f 1035/1370/5311 1082/1432/5312 1083/1433/5313
f 1084/1310/5314 1082/1312/5315 1085/1434/5316
f 1128/1307/5317 1084/1310/5318 1085/1434/5319
f 1078/1424/5320 1086/1430/5321 1087/1362/5322
f 1087/1362/5323 1127/1301/5324 1078/1424/5325
f 1086/1435/5326 1035/1370/5327 1080/1436/5328
f 1035/1370/5329 1081/1437/5330 1080/1436/5331
f 1035/1370/5332 1083/1433/5333 1081/1437/5334
f 1078/1429/5335 1035/1370/5336 1086/1435/5337
f 1085/1438/5338 1082/1432/5339 1035/1370/5340
f 1088/1321/5341 1089/1361/5342 1090/1439/5343
f 1091/1440/5344 1092/1441/5345 1088/1321/5346
f 1035/1370/5347 1093/1442/5348 1094/1443/5349
f 1095/1320/5350 1093/1322/5351 1096/1444/5352
f 1129/1317/5353 1095/1320/5354 1096/1444/5355
f 1085/1434/5356 1090/1439/5357 1089/1361/5358
f 1089/1361/5359 1128/1307/5360 1085/1434/5361
f 1090/1445/5362 1035/1370/5363 1091/1446/5364
f 1035/1370/5365 1092/1447/5366 1091/1446/5367
f 1092/1441/5368 1094/1323/5369 1088/1321/5370
f 1035/1370/5371 1094/1443/5372 1092/1447/5373
f 1085/1438/5374 1035/1370/5375 1090/1445/5376
f 1096/1448/5377 1093/1442/5378 1035/1370/5379
f 1090/1439/5380 1091/1440/5381 1088/1321/5382
f 1097/1330/5383 1098/1360/5384 1099/1449/5385
f 1099/1449/5386 1100/1450/5387 1097/1330/5388
f 1100/1450/5389 1101/1451/5390 1097/1330/5391
f 1035/1370/5392 1102/1452/5393 1103/1453/5394
f 1035/1370/5395 1103/1453/5396 1101/1454/5397
f 1104/1329/5398 1102/1455/5399 1105/1456/5400
f 1010/1326/5401 1104/1329/5402 1105/1456/5403
f 1102/1455/5404 1104/1329/5405 1097/1330/5406
f 1097/1330/5407 1103/1457/5408 1102/1455/5409
f 1096/1444/5410 1099/1449/5411 1098/1360/5412
f 1098/1360/5413 1129/1317/5414 1096/1444/5415
s 88
f 1099/1458/5416 1035/1370/5417 1100/1459/5418
f 1035/1370/5417 1101/1454/5419 1100/1459/5418
s off
f 1101/1451/5420 1103/1457/5421 1097/1330/5422
f 1096/1448/5423 1035/1370/5424 1099/1458/5425
f 1105/1460/5426 1102/1452/5427 1035/1370/5428
f 1110/1359/5429 1111/1461/5430 1108/1337/5431
f 1035/1370/5432 1112/1462/5433 1113/1463/5434
f 1035/1370/5435 1113/1463/5436 1111/1464/5437
f 1114/1336/5438 1112/1338/5439 1115/1465/5440
f 1105/1456/5441 1109/1358/5442 1107/1357/5443
f 1107/1357/5444 1010/1326/5445 1105/1456/5446
s 89
f 1109/1466/5447 1035/1370/5448 1110/1467/5449
f 1035/1370/5448 1111/1464/5450 1110/1467/5449
s off
f 1111/1461/5451 1113/1339/5452 1108/1337/5453
f 1105/1460/5454 1035/1370/5455 1109/1466/5456
f 1115/1468/5457 1112/1462/5458 1035/1370/5459
f 1120/1356/5460 1121/1347/5461 1118/1346/5462
f 1035/1370/5463 1122/1469/5464 1123/1470/5465
f 1035/1370/5466 1123/1470/5467 1121/1471/5468
f 1124/1345/5469 1122/1472/5470 1040/1473/5471
s 90
f 1122/1472/5472 1124/1345/5473 1118/1346/5474
f 1118/1346/5474 1123/1348/5475 1122/1472/5472
s off
f 1115/1465/5476 1119/1355/5477 1117/1354/5478
s 91
f 1119/1474/5479 1035/1370/5480 1120/1475/5481
f 1035/1370/5480 1121/1471/5482 1120/1475/5481
s off
f 1115/1468/5483 1035/1370/5484 1119/1474/5485
f 1040/1379/5486 1122/1469/5487 1035/1370/5488
f 1000/1342/5489 1124/1345/5490 1040/1473/5491
f 1030/1351/5492 1000/1350/5493 1040/1376/5494
f 994/1274/5495 1038/1277/5496 1039/1375/5497
f 997/1297/5498 1067/1409/5499 1068/1411/5500
f 999/1333/5501 1114/1336/5502 1115/1465/5503
f 1117/1354/5504 999/1333/5505 1115/1465/5506
f 1135/1476/5507 1136/1477/5508 1137/1478/5509
f 1137/1478/5510 1136/1477/5511 1138/1479/5512
f 1148/1480/5513 1138/1479/5514 1136/1477/5515
f 1139/1481/5516 1137/1478/5517 1138/1479/5518
f 1141/1482/5519 1146/1483/5520 1137/1478/5521
f 1146/1483/5522 1141/1482/5523 1147/1484/5524
s 92
f 1140/1485/5525 1141/1482/5526 1142/1486/5527
f 1141/1482/5526 1139/1481/5528 1142/1486/5527
s 93
f 1143/1487/5529 1144/1488/5530 1145/1489/5531
f 1296/1490/5532 1143/1491/5529 1145/1492/5531
f 1297/1493/5533 1296/1490/5532 1145/1492/5531
f 1296/1490/5532 1297/1493/5533 1153/1494/5534
f 1297/1493/5533 1152/1495/5535 1153/1494/5534
f 1152/1495/5535 1151/1496/5536 1153/1494/5534
s off
f 1137/1478/5537 1146/1483/5538 1135/1476/5539
s 94
f 1138/1479/5540 1149/1497/5541 1139/1481/5542
f 1149/1497/5541 1142/1486/5543 1139/1481/5542
s off
f 1137/1478/5544 1139/1481/5545 1141/1482/5546
f 1148/1480/5547 1149/1497/5548 1138/1479/5549
f 1147/1484/5550 1141/1482/5551 1140/1485/5552
s 95
f 1136/1477/5553 1135/1476/5554 1150/1498/5555
f 1135/1476/5554 1151/1496/5556 1150/1498/5555
s 96
f 1151/1496/5557 1135/1476/5558 1154/1499/5559
f 1135/1476/5558 1146/1483/5560 1154/1499/5559
s off
f 1140/1485/5561 1155/1500/5562 1147/1484/5563
f 1148/1480/5564 1156/1501/5565 1149/1497/5566
f 1157/1502/5567 1158/1503/5568 1159/1504/5569
f 1159/1504/5570 1158/1503/5571 1160/1505/5572
f 1147/1484/5573 1160/1505/5574 1158/1503/5575
f 1161/1506/5576 1159/1504/5577 1160/1505/5578
f 1163/1507/5579 1166/1508/5580 1159/1504/5581
f 1166/1508/5582 1163/1507/5583 1167/1509/5584
s 97
f 1162/1510/5585 1163/1507/5586 1164/1511/5587
f 1163/1507/5586 1161/1506/5588 1164/1511/5587
s 98
f 1165/1512/5589 1144/1488/5590 1143/1487/5591
f 1298/1513/5592 1165/1514/5589 1143/1491/5591
f 1296/1490/5593 1298/1513/5592 1143/1491/5591
f 1298/1513/5592 1296/1490/5593 1170/1515/5594
f 1296/1490/5593 1153/1494/5595 1170/1515/5594
f 1153/1494/5595 1169/1516/5596 1170/1515/5594
s off
f 1159/1504/5597 1166/1508/5598 1157/1502/5599
s 99
f 1160/1505/5600 1168/1517/5601 1161/1506/5602
f 1168/1517/5601 1164/1511/5603 1161/1506/5602
s off
f 1159/1504/5604 1161/1506/5605 1163/1507/5606
f 1147/1484/5607 1168/1517/5608 1160/1505/5609
f 1167/1509/5610 1163/1507/5611 1162/1510/5612
s 100
f 1158/1503/5613 1157/1502/5614 1154/1499/5615
f 1157/1502/5614 1169/1516/5616 1154/1499/5615
s 101
f 1169/1516/5617 1157/1502/5618 1171/1518/5619
f 1157/1502/5618 1166/1508/5620 1171/1518/5619
s off
f 1171/1518/5621 1166/1508/5622 1167/1509/5623
f 1162/1510/5624 1172/1519/5625 1167/1509/5626
f 1147/1484/5627 1155/1500/5628 1168/1517/5629
f 1173/1520/5630 1174/1521/5631 1175/1522/5632
f 1175/1522/5633 1174/1521/5634 1176/1523/5635
f 1167/1509/5636 1176/1523/5637 1174/1521/5638
f 1177/1524/5639 1175/1522/5640 1176/1523/5641
f 1179/1525/5642 1182/1526/5643 1175/1522/5644
f 1182/1526/5645 1179/1525/5646 1183/1527/5647
s 102
f 1178/1528/5648 1179/1525/5649 1180/1529/5650
f 1179/1525/5649 1177/1524/5651 1180/1529/5650
s 103
f 1181/1530/5652 1144/1488/5653 1165/1512/5654
f 1299/1531/5655 1181/1532/5652 1165/1514/5654
f 1298/1513/5656 1299/1531/5655 1165/1514/5654
f 1299/1531/5655 1298/1513/5656 1186/1533/5657
f 1298/1513/5656 1170/1515/5658 1186/1533/5657
f 1170/1515/5658 1185/1534/5659 1186/1533/5657
s off
f 1175/1522/5660 1182/1526/5661 1173/1520/5662
s 104
f 1176/1523/5663 1184/1535/5664 1177/1524/5665
f 1184/1535/5664 1180/1529/5666 1177/1524/5665
s off
f 1175/1522/5667 1177/1524/5668 1179/1525/5669
f 1167/1509/5670 1184/1535/5671 1176/1523/5672
f 1183/1527/5673 1179/1525/5674 1178/1528/5675
s 105
f 1174/1521/5676 1173/1520/5677 1171/1518/5678
f 1173/1520/5677 1185/1534/5679 1171/1518/5678
s 106
f 1185/1534/5680 1173/1520/5681 1187/1536/5682
f 1173/1520/5681 1182/1526/5683 1187/1536/5682
s off
f 1178/1528/5684 1188/1537/5685 1183/1527/5686
f 1167/1509/5687 1172/1519/5688 1184/1535/5689
f 1189/1538/5690 1190/1539/5691 1191/1540/5692
f 1191/1540/5693 1190/1539/5694 1192/1541/5695
f 1183/1527/5696 1192/1541/5697 1190/1539/5698
f 1193/1542/5699 1191/1540/5700 1192/1541/5701
f 1195/1543/5702 1198/1544/5703 1191/1540/5704
f 1198/1544/5705 1195/1543/5706 1199/1545/5707
s 107
f 1194/1546/5708 1195/1543/5709 1196/1547/5710
f 1195/1543/5709 1193/1542/5711 1196/1547/5710
s 108
f 1197/1548/5712 1144/1488/5713 1181/1530/5714
f 1300/1549/5715 1197/1550/5712 1181/1532/5714
f 1299/1531/5716 1300/1549/5715 1181/1532/5714
f 1300/1549/5715 1299/1531/5716 1202/1551/5717
f 1299/1531/5716 1186/1533/5718 1202/1551/5717
f 1186/1533/5718 1201/1552/5719 1202/1551/5717
s off
f 1191/1540/5720 1198/1544/5721 1189/1538/5722
s 109
f 1192/1541/5723 1200/1553/5724 1193/1542/5725
f 1200/1553/5724 1196/1547/5726 1193/1542/5725
s off
f 1191/1540/5727 1193/1542/5728 1195/1543/5729
f 1183/1527/5730 1200/1553/5731 1192/1541/5732
f 1199/1545/5733 1195/1543/5734 1194/1546/5735
s 110
f 1190/1539/5736 1189/1538/5737 1187/1536/5738
f 1189/1538/5737 1201/1552/5739 1187/1536/5738
s 111
f 1201/1552/5740 1189/1538/5741 1203/1554/5742
f 1189/1538/5741 1198/1544/5743 1203/1554/5742
s off
f 1194/1546/5744 1204/1555/5745 1199/1545/5746
f 1183/1527/5747 1188/1537/5748 1200/1553/5749
f 1205/1556/5750 1206/1557/5751 1207/1558/5752
f 1207/1558/5753 1206/1557/5754 1208/1559/5755
f 1199/1545/5756 1208/1559/5757 1206/1557/5758
f 1209/1560/5759 1207/1558/5760 1208/1559/5761
f 1211/1561/5762 1214/1562/5763 1207/1558/5764
f 1214/1562/5765 1211/1561/5766 1215/1563/5767
s 112
f 1210/1564/5768 1211/1561/5769 1212/1565/5770
f 1211/1561/5769 1209/1560/5771 1212/1565/5770
s 113
f 1213/1566/5772 1144/1488/5773 1197/1548/5774
f 1301/1567/5775 1213/1568/5772 1197/1550/5774
f 1300/1549/5776 1301/1567/5775 1197/1550/5774
f 1301/1567/5775 1300/1549/5776 1218/1569/5777
f 1300/1549/5776 1202/1551/5778 1218/1569/5777
f 1202/1551/5778 1217/1570/5779 1218/1569/5777
s off
f 1207/1558/5780 1214/1562/5781 1205/1556/5782
s 114
f 1208/1559/5783 1216/1571/5784 1209/1560/5785
f 1216/1571/5784 1212/1565/5786 1209/1560/5785
s off
f 1207/1558/5787 1209/1560/5788 1211/1561/5789
f 1199/1545/5790 1216/1571/5791 1208/1559/5792
f 1215/1563/5793 1211/1561/5794 1210/1564/5795
s 115
f 1206/1557/5796 1205/1556/5797 1203/1554/5798
f 1205/1556/5797 1217/1570/5799 1203/1554/5798
s 116
f 1217/1570/5800 1205/1556/5801 1219/1572/5802
f 1205/1556/5801 1214/1562/5803 1219/1572/5802
s off
f 1210/1564/5804 1220/1573/5805 1215/1563/5806
f 1199/1545/5807 1204/1555/5808 1216/1571/5809
f 1221/1574/5810 1222/1575/5811 1223/1576/5812
f 1223/1576/5813 1222/1575/5814 1224/1577/5815
f 1215/1563/5816 1224/1577/5817 1222/1575/5818
f 1225/1578/5819 1223/1576/5820 1224/1577/5821
s 117
f 1226/1579/5822 1227/1580/5823 1225/1578/5824
f 1227/1580/5823 1228/1581/5825 1225/1578/5824
s 118
f 1229/1582/5826 1144/1488/5827 1213/1566/5828
f 1302/1583/5829 1229/1584/5826 1213/1568/5828
f 1301/1567/5830 1302/1583/5829 1213/1568/5828
f 1302/1583/5829 1301/1567/5830 1234/1585/5831
f 1301/1567/5830 1218/1569/5832 1234/1585/5831
f 1218/1569/5832 1233/1586/5833 1234/1585/5831
s off
f 1230/1587/5834 1228/1581/5835 1231/1588/5836
f 1228/1581/5837 1230/1587/5838 1223/1576/5839
f 1223/1576/5840 1230/1587/5841 1221/1574/5842
s 119
f 1224/1577/5843 1232/1589/5844 1225/1578/5845
f 1232/1589/5844 1226/1579/5846 1225/1578/5845
s off
f 1223/1576/5847 1225/1578/5848 1228/1581/5849
f 1215/1563/5850 1232/1589/5851 1224/1577/5852
f 1231/1588/5853 1228/1581/5854 1227/1580/5855
s 120
f 1222/1575/5856 1221/1574/5857 1219/1572/5858
f 1221/1574/5857 1233/1586/5859 1219/1572/5858
s 121
f 1233/1586/5860 1221/1574/5861 1235/1590/5862
f 1221/1574/5861 1230/1587/5863 1235/1590/5862
s off
f 1227/1580/5864 1236/1591/5865 1231/1588/5866
f 1215/1563/5867 1220/1573/5868 1232/1589/5869
f 1237/1592/5870 1238/1593/5871 1239/1594/5872
f 1239/1594/5873 1238/1593/5874 1240/1595/5875
f 1231/1588/5876 1240/1595/5877 1238/1593/5878
f 1241/1596/5879 1239/1594/5880 1240/1595/5881
f 1243/1597/5882 1246/1598/5883 1239/1594/5884
f 1246/1598/5885 1243/1597/5886 1247/1599/5887
s 122
f 1242/1600/5888 1243/1597/5889 1244/1601/5890
f 1243/1597/5889 1241/1596/5891 1244/1601/5890
s 123
f 1245/1602/5892 1144/1488/5893 1229/1582/5894
f 1303/1603/5895 1245/1604/5892 1229/1584/5894
f 1302/1583/5896 1303/1603/5895 1229/1584/5894
f 1303/1603/5895 1302/1583/5896 1250/1605/5897
f 1302/1583/5896 1234/1585/5898 1250/1605/5897
f 1234/1585/5898 1249/1606/5899 1250/1605/5897
s off
f 1239/1594/5900 1246/1598/5901 1237/1592/5902
s 124
f 1240/1595/5903 1248/1607/5904 1241/1596/5905
f 1248/1607/5904 1244/1601/5906 1241/1596/5905
s off
f 1239/1594/5907 1241/1596/5908 1243/1597/5909
f 1231/1588/5910 1248/1607/5911 1240/1595/5912
f 1247/1599/5913 1243/1597/5914 1242/1600/5915
s 125
f 1238/1593/5916 1237/1592/5917 1235/1590/5918
f 1237/1592/5917 1249/1606/5919 1235/1590/5918
s 126
f 1249/1606/5920 1237/1592/5921 1251/1608/5922
f 1237/1592/5921 1246/1598/5923 1251/1608/5922
s off
f 1242/1600/5924 1252/1609/5925 1247/1599/5926
f 1231/1588/5927 1236/1591/5928 1248/1607/5929
f 1253/1610/5930 1254/1611/5931 1255/1612/5932
f 1255/1612/5933 1254/1611/5934 1256/1613/5935
f 1247/1599/5936 1256/1613/5937 1254/1611/5938
f 1257/1614/5939 1255/1612/5940 1256/1613/5941
f 1259/1615/5942 1262/1616/5943 1255/1612/5944
f 1262/1616/5945 1259/1615/5946 1263/1617/5947
s 127
f 1258/1618/5948 1259/1615/5949 1260/1619/5950
f 1259/1615/5949 1257/1614/5951 1260/1619/5950
s 128
f 1261/1620/5952 1144/1488/5953 1245/1602/5954
f 1304/1621/5955 1261/1622/5952 1245/1604/5954
f 1303/1603/5956 1304/1621/5955 1245/1604/5954
f 1304/1621/5955 1303/1603/5956 1266/1623/5957
f 1303/1603/5956 1250/1605/5958 1266/1623/5957
f 1250/1605/5958 1265/1624/5959 1266/1623/5957
s off
f 1255/1612/5960 1262/1616/5961 1253/1610/5962
s 129
f 1256/1613/5963 1264/1625/5964 1257/1614/5965
f 1264/1625/5964 1260/1619/5966 1257/1614/5965
s off
f 1255/1612/5967 1257/1614/5968 1259/1615/5969
f 1247/1599/5970 1264/1625/5971 1256/1613/5972
f 1263/1617/5973 1259/1615/5974 1258/1618/5975
s 130
f 1254/1611/5976 1253/1610/5977 1251/1608/5978
f 1253/1610/5977 1265/1624/5979 1251/1608/5978
s 131
f 1265/1624/5980 1253/1610/5981 1267/1626/5982
f 1253/1610/5981 1262/1616/5983 1267/1626/5982
s off
f 1258/1618/5984 1268/1627/5985 1263/1617/5986
f 1247/1599/5987 1252/1609/5988 1264/1625/5989
f 1269/1628/5990 1270/1629/5991 1271/1630/5992
f 1271/1630/5993 1270/1629/5994 1272/1631/5995
f 1263/1617/5996 1272/1631/5997 1270/1629/5998
f 1273/1632/5999 1271/1630/6000 1272/1631/6001
f 1275/1633/6002 1278/1634/6003 1271/1630/6004
f 1278/1634/6005 1275/1633/6006 1279/1635/6007
s 132
f 1274/1636/6008 1275/1633/6009 1276/1637/6010
f 1275/1633/6009 1273/1632/6011 1276/1637/6010
s 133
f 1277/1638/6012 1144/1488/6013 1261/1620/6014
f 1305/1639/6015 1277/1640/6012 1261/1622/6014
f 1304/1621/6016 1305/1639/6015 1261/1622/6014
f 1305/1639/6015 1304/1621/6016 1282/1641/6017
f 1304/1621/6016 1266/1623/6018 1282/1641/6017
f 1266/1623/6018 1281/1642/6019 1282/1641/6017
s off
f 1271/1630/6020 1278/1634/6021 1269/1628/6022
s 134
f 1272/1631/6023 1280/1643/6024 1273/1632/6025
f 1280/1643/6024 1276/1637/6026 1273/1632/6025
s off
f 1271/1630/6027 1273/1632/6028 1275/1633/6029
f 1263/1617/6030 1280/1643/6031 1272/1631/6032
f 1279/1635/6033 1275/1633/6034 1274/1636/6035
s 135
f 1270/1629/6036 1269/1628/6037 1267/1626/6038
f 1269/1628/6037 1281/1642/6039 1267/1626/6038
s 136
f 1281/1642/6040 1269/1628/6041 1283/1644/6042
f 1269/1628/6041 1278/1634/6043 1283/1644/6042
s off
f 1274/1636/6044 1284/1645/6045 1279/1635/6046
f 1263/1617/6047 1268/1627/6048 1280/1643/6049
f 1285/1646/6050 1286/1647/6051 1287/1648/6052
f 1287/1648/6053 1286/1647/6054 1288/1649/6055
f 1279/1635/6056 1288/1649/6057 1286/1647/6058
f 1289/1650/6059 1287/1648/6060 1288/1649/6061
f 1291/1651/6062 1293/1652/6063 1287/1648/6064
f 1293/1652/6065 1291/1651/6066 1148/1653/6067
s 137
f 1290/1654/6068 1291/1651/6069 1292/1655/6070
f 1291/1651/6069 1289/1650/6071 1292/1655/6070
s 138
f 1145/1489/6072 1144/1488/6073 1277/1638/6074
f 1297/1656/6075 1145/1657/6072 1277/1640/6074
f 1305/1639/6076 1297/1656/6075 1277/1640/6074
f 1297/1656/6075 1305/1639/6076 1152/1658/6077
f 1305/1639/6076 1282/1641/6078 1152/1658/6077
f 1282/1641/6078 1295/1659/6079 1152/1658/6077
s off
f 1287/1648/6080 1293/1652/6081 1285/1646/6082
s 139
f 1288/1649/6083 1294/1660/6084 1289/1650/6085
f 1294/1660/6084 1292/1655/6086 1289/1650/6085
s off
f 1287/1648/6087 1289/1650/6088 1291/1651/6089
f 1279/1635/6090 1294/1660/6091 1288/1649/6092
f 1148/1653/6093 1291/1651/6094 1290/1654/6095
s 140
f 1286/1647/6096 1285/1646/6097 1283/1644/6098
f 1285/1646/6097 1295/1659/6099 1283/1644/6098
s 141
f 1295/1659/6100 1285/1646/6101 1150/1661/6102
f 1285/1646/6101 1293/1652/6103 1150/1661/6102
s off
f 1290/1654/6104 1156/1662/6105 1148/1653/6106
f 1279/1635/6107 1284/1645/6108 1294/1660/6109
f 1233/1586/6110 1218/1569/6111 1219/1572/6112
f 1234/1585/6113 1233/1586/6114 1235/1590/6115
f 1174/1521/6116 1171/1518/6117 1167/1509/6118
f 1187/1536/6119 1182/1526/6120 1183/1527/6121
f 1190/1539/6122 1187/1536/6123 1183/1527/6124
f 1203/1554/6125 1198/1544/6126 1199/1545/6127
f 1206/1557/6128 1203/1554/6129 1199/1545/6130
f 1219/1572/6131 1214/1562/6132 1215/1563/6133
f 1222/1575/6134 1219/1572/6135 1215/1563/6136
f 1235/1590/6137 1230/1587/6138 1231/1588/6139
f 1238/1593/6140 1235/1590/6141 1231/1588/6142
f 1251/1608/6143 1246/1598/6144 1247/1599/6145
f 1254/1611/6146 1251/1608/6147 1247/1599/6148
f 1267/1626/6149 1262/1616/6150 1263/1617/6151
f 1270/1629/6152 1267/1626/6153 1263/1617/6154
f 1283/1644/6155 1278/1634/6156 1279/1635/6157
f 1286/1647/6158 1283/1644/6159 1279/1635/6160
f 1150/1661/6161 1293/1652/6162 1148/1653/6163
f 1136/1477/6164 1150/1498/6165 1148/1480/6166
f 1154/1499/6167 1146/1483/6168 1147/1484/6169
f 1158/1503/6170 1154/1499/6171 1147/1484/6172
f 1249/1606/6173 1234/1585/6174 1235/1590/6175
f 1250/1605/6176 1249/1606/6177 1251/1608/6178
f 1265/1624/6179 1250/1605/6180 1251/1608/6181
f 1266/1623/6182 1265/1624/6183 1267/1626/6184
f 1281/1642/6185 1266/1623/6186 1267/1626/6187
f 1282/1641/6188 1281/1642/6189 1283/1644/6190
f 1295/1659/6191 1282/1641/6192 1283/1644/6193
f 1152/1658/6194 1295/1659/6195 1150/1661/6196
f 1151/1496/6197 1152/1495/6198 1150/1498/6199
f 1153/1494/6200 1151/1496/6201 1154/1499/6202
f 1169/1516/6203 1153/1494/6204 1154/1499/6205
f 1170/1515/6206 1169/1516/6207 1171/1518/6208
f 1185/1534/6209 1170/1515/6210 1171/1518/6211
f 1186/1533/6212 1185/1534/6213 1187/1536/6214
f 1201/1552/6215 1186/1533/6216 1187/1536/6217
f 1202/1551/6218 1201/1552/6219 1203/1554/6220
f 1217/1570/6221 1202/1551/6222 1203/1554/6223
f 1218/1569/6224 1217/1570/6225 1219/1572/6226
f 1314/1663/6227 1317/1664/6228 1306/1665/6229
f 1306/1665/6230 1317/1664/6231 1316/1666/6232
f 1316/1666/6233 1307/1667/6234 1306/1665/6235
f 1307/1667/6236 1308/1668/6237 1306/1665/6238
f 1309/1669/6239 1310/1670/6240 1311/1671/6241
f 1313/1672/6242 1310/1670/6243 1309/1669/6244
f 1312/1673/6245 1310/1674/6246 1313/1675/6247
s 142
f 1310/1674/6248 1312/1673/6249 1306/1676/6250
f 1306/1676/6250 1311/1677/6251 1310/1674/6248
f 1306/1676/6250 1312/1673/6249 1314/1678/6252
s off
f 1315/1679/6253 1316/1666/6254 1317/1664/6255
f 1316/1680/6256 1309/1669/6257 1307/1681/6258
f 1308/1682/6259 1311/1677/6260 1306/1676/6261
f 1309/1669/6262 1308/1683/6263 1307/1681/6264
f 1309/1669/6265 1311/1671/6266 1308/1683/6267
f 1315/1684/6268 1309/1669/6269 1316/1680/6270
f 1317/1664/6271 1314/1663/6272 1426/1685/6273
f 1314/1663/6274 1318/1686/6275 1426/1685/6276
f 1292/1655/6277 1426/1685/6278 1290/1654/6279
f 1426/1685/6280 1318/1686/6281 1290/1654/6282
s 143
f 1290/1654/6283 1318/1686/6284 1149/1687/6285
f 1156/1662/6286 1290/1654/6283 1149/1687/6285
s off
f 1318/1688/6287 1314/1678/6288 1319/1689/6289
f 1314/1678/6290 1312/1673/6291 1319/1689/6292
s 144
f 1318/1688/6293 1319/1689/6294 1142/1486/6295
f 1149/1497/6296 1318/1688/6293 1142/1486/6295
s off
f 1327/1690/6297 1329/1691/6298 1320/1692/6299
f 1320/1692/6300 1329/1691/6301 1328/1693/6302
f 1328/1693/6303 1321/1694/6304 1320/1692/6305
f 1321/1694/6306 1322/1695/6307 1320/1692/6308
f 1309/1669/6309 1323/1696/6310 1324/1697/6311
f 1325/1698/6312 1323/1699/6313 1326/1700/6314
s 145
f 1323/1699/6315 1325/1698/6316 1320/1692/6317
f 1320/1692/6317 1324/1701/6318 1323/1699/6315
f 1320/1692/6317 1325/1698/6316 1327/1690/6319
s off
f 1313/1675/6320 1328/1693/6321 1329/1691/6322
f 1328/1702/6323 1309/1669/6324 1321/1703/6325
f 1322/1695/6326 1324/1701/6327 1320/1692/6328
f 1309/1669/6329 1322/1704/6330 1321/1703/6331
f 1309/1669/6332 1324/1697/6333 1322/1704/6334
f 1313/1672/6335 1309/1669/6336 1328/1702/6337
f 1326/1705/6338 1323/1696/6339 1309/1669/6340
f 1329/1691/6341 1327/1690/6342 1319/1689/6343
f 1327/1690/6344 1330/1706/6345 1319/1689/6346
f 1142/1486/6347 1319/1689/6348 1140/1485/6349
f 1319/1689/6350 1330/1706/6351 1140/1485/6352
s 146
f 1140/1485/6353 1330/1706/6354 1168/1517/6355
f 1155/1500/6356 1140/1485/6353 1168/1517/6355
s off
f 1330/1706/6357 1327/1690/6358 1331/1707/6359
f 1327/1690/6360 1325/1698/6361 1331/1707/6362
s 147
f 1330/1706/6363 1331/1707/6364 1164/1511/6365
f 1168/1517/6366 1330/1706/6363 1164/1511/6365
s off
f 1339/1708/6367 1341/1709/6368 1332/1710/6369
f 1332/1710/6370 1341/1709/6371 1340/1711/6372
f 1340/1711/6373 1333/1712/6374 1332/1710/6375
f 1333/1712/6376 1334/1713/6377 1332/1710/6378
f 1309/1669/6379 1335/1714/6380 1336/1715/6381
f 1337/1716/6382 1335/1717/6383 1338/1718/6384
s 148
f 1335/1717/6385 1337/1716/6386 1332/1710/6387
f 1332/1710/6387 1336/1719/6388 1335/1717/6385
f 1332/1710/6387 1337/1716/6386 1339/1708/6389
s off
f 1326/1700/6390 1340/1711/6391 1341/1709/6392
f 1340/1720/6393 1309/1669/6394 1333/1721/6395
f 1334/1713/6396 1336/1719/6397 1332/1710/6398
f 1309/1669/6399 1334/1722/6400 1333/1721/6401
f 1309/1669/6402 1336/1715/6403 1334/1722/6404
f 1326/1705/6405 1309/1669/6406 1340/1720/6407
f 1338/1723/6408 1335/1714/6409 1309/1669/6410
f 1341/1709/6411 1339/1708/6412 1331/1707/6413
f 1339/1708/6414 1342/1724/6415 1331/1707/6416
f 1164/1511/6417 1331/1707/6418 1162/1510/6419
f 1331/1707/6420 1342/1724/6421 1162/1510/6422
s 149
f 1162/1510/6423 1342/1724/6424 1184/1535/6425
f 1172/1519/6426 1162/1510/6423 1184/1535/6425
s off
f 1342/1724/6427 1339/1708/6428 1343/1725/6429
f 1339/1708/6430 1337/1716/6431 1343/1725/6432
s 150
f 1342/1724/6433 1343/1725/6434 1180/1529/6435
f 1184/1535/6436 1342/1724/6433 1180/1529/6435
s off
f 1351/1726/6437 1353/1727/6438 1344/1728/6439
f 1344/1728/6440 1353/1727/6441 1352/1729/6442
f 1352/1729/6443 1345/1730/6444 1344/1728/6445
f 1345/1730/6446 1346/1731/6447 1344/1728/6448
f 1309/1669/6449 1347/1732/6450 1348/1733/6451
f 1349/1734/6452 1347/1735/6453 1350/1736/6454
s 151
f 1347/1735/6455 1349/1734/6456 1344/1728/6457
f 1344/1728/6457 1348/1737/6458 1347/1735/6455
f 1344/1728/6457 1349/1734/6456 1351/1726/6459
s off
f 1338/1718/6460 1352/1729/6461 1353/1727/6462
f 1352/1738/6463 1309/1669/6464 1345/1739/6465
f 1346/1731/6466 1348/1737/6467 1344/1728/6468
f 1309/1669/6469 1346/1740/6470 1345/1739/6471
f 1309/1669/6472 1348/1733/6473 1346/1740/6474
f 1338/1723/6475 1309/1669/6476 1352/1738/6477
f 1350/1741/6478 1347/1732/6479 1309/1669/6480
f 1353/1727/6481 1351/1726/6482 1343/1725/6483
f 1351/1726/6484 1354/1742/6485 1343/1725/6486
f 1180/1529/6487 1343/1725/6488 1178/1528/6489
f 1343/1725/6490 1354/1742/6491 1178/1528/6492
s 152
f 1178/1528/6493 1354/1742/6494 1200/1553/6495
f 1188/1537/6496 1178/1528/6493 1200/1553/6495
s off
f 1354/1742/6497 1351/1726/6498 1355/1743/6499
f 1351/1726/6500 1349/1734/6501 1355/1743/6502
s 153
f 1354/1742/6503 1355/1743/6504 1196/1547/6505
f 1200/1553/6506 1354/1742/6503 1196/1547/6505
s off
f 1363/1744/6507 1365/1745/6508 1356/1746/6509
f 1356/1746/6510 1365/1745/6511 1364/1747/6512
f 1364/1747/6513 1357/1748/6514 1356/1746/6515
f 1357/1748/6516 1358/1749/6517 1356/1746/6518
f 1309/1669/6519 1359/1750/6520 1360/1751/6521
f 1361/1752/6522 1359/1753/6523 1362/1754/6524
s 154
f 1359/1753/6525 1361/1752/6526 1356/1746/6527
f 1356/1746/6527 1360/1755/6528 1359/1753/6525
f 1356/1746/6527 1361/1752/6526 1363/1744/6529
s off
f 1350/1736/6530 1364/1747/6531 1365/1745/6532
f 1364/1756/6533 1309/1669/6534 1357/1757/6535
f 1358/1749/6536 1360/1755/6537 1356/1746/6538
f 1309/1669/6539 1358/1758/6540 1357/1757/6541
f 1309/1669/6542 1360/1751/6543 1358/1758/6544
f 1350/1741/6545 1309/1669/6546 1364/1756/6547
f 1362/1759/6548 1359/1750/6549 1309/1669/6550
f 1365/1745/6551 1363/1744/6552 1355/1743/6553
f 1363/1744/6554 1366/1760/6555 1355/1743/6556
f 1196/1547/6557 1355/1743/6558 1194/1546/6559
f 1355/1743/6560 1366/1760/6561 1194/1546/6562
s 155
f 1194/1546/6563 1366/1760/6564 1216/1571/6565
f 1204/1555/6566 1194/1546/6563 1216/1571/6565
s off
f 1366/1760/6567 1363/1744/6568 1367/1761/6569
f 1363/1744/6570 1361/1752/6571 1367/1761/6572
s 156
f 1366/1760/6573 1367/1761/6574 1212/1565/6575
f 1216/1571/6576 1366/1760/6573 1212/1565/6575
s off
f 1375/1762/6577 1377/1763/6578 1368/1764/6579
f 1368/1764/6580 1377/1763/6581 1376/1765/6582
f 1376/1765/6583 1369/1766/6584 1368/1764/6585
f 1369/1766/6586 1370/1767/6587 1368/1764/6588
f 1309/1669/6589 1371/1768/6590 1372/1769/6591
f 1374/1770/6592 1371/1768/6593 1309/1669/6594
f 1373/1771/6595 1371/1772/6596 1374/1773/6597
s 157
f 1371/1772/6598 1373/1771/6599 1368/1764/6600
f 1368/1764/6600 1372/1774/6601 1371/1772/6598
f 1368/1764/6600 1373/1771/6599 1375/1762/6602
s off
f 1362/1754/6603 1376/1765/6604 1377/1763/6605
f 1376/1775/6606 1309/1669/6607 1369/1776/6608
f 1370/1767/6609 1372/1774/6610 1368/1764/6611
f 1309/1669/6612 1370/1777/6613 1369/1776/6614
f 1309/1669/6615 1372/1769/6616 1370/1777/6617
f 1362/1759/6618 1309/1669/6619 1376/1775/6620
f 1377/1763/6621 1375/1762/6622 1367/1761/6623
f 1375/1762/6624 1378/1778/6625 1367/1761/6626
f 1212/1565/6627 1367/1761/6628 1210/1564/6629
f 1367/1761/6630 1378/1778/6631 1210/1564/6632
s 158
f 1210/1564/6633 1378/1778/6634 1232/1589/6635
f 1220/1573/6636 1210/1564/6633 1232/1589/6635
s off
f 1378/1778/6637 1375/1762/6638 1379/1779/6639
f 1375/1762/6640 1373/1771/6641 1379/1779/6642
s 159
f 1378/1778/6643 1379/1779/6644 1226/1579/6645
f 1232/1589/6646 1378/1778/6643 1226/1579/6645
s off
f 1387/1780/6647 1389/1781/6648 1380/1782/6649
f 1380/1782/6650 1389/1781/6651 1388/1783/6652
f 1388/1783/6653 1381/1784/6654 1380/1782/6655
f 1381/1784/6656 1382/1785/6657 1380/1782/6658
f 1309/1669/6659 1383/1786/6660 1384/1787/6661
f 1385/1788/6662 1383/1789/6663 1386/1790/6664
s 160
f 1383/1789/6665 1385/1788/6666 1380/1782/6667
f 1380/1782/6667 1384/1791/6668 1383/1789/6665
f 1380/1782/6667 1385/1788/6666 1387/1780/6669
s off
f 1374/1773/6670 1388/1783/6671 1389/1781/6672
f 1388/1792/6673 1309/1669/6674 1381/1793/6675
f 1382/1785/6676 1384/1791/6677 1380/1782/6678
f 1309/1669/6679 1382/1794/6680 1381/1793/6681
f 1309/1669/6682 1384/1787/6683 1382/1794/6684
f 1374/1770/6685 1309/1669/6686 1388/1792/6687
f 1386/1795/6688 1383/1786/6689 1309/1669/6690
f 1389/1781/6691 1387/1780/6692 1379/1779/6693
f 1387/1780/6694 1390/1796/6695 1379/1779/6696
f 1226/1579/6697 1379/1779/6698 1227/1580/6699
f 1379/1779/6700 1390/1796/6701 1227/1580/6702
s 161
f 1227/1580/6703 1390/1796/6704 1248/1607/6705
f 1236/1591/6706 1227/1580/6703 1248/1607/6705
s off
f 1390/1796/6707 1387/1780/6708 1391/1797/6709
f 1387/1780/6710 1385/1788/6711 1391/1797/6712
s 162
f 1390/1796/6713 1391/1797/6714 1244/1601/6715
f 1248/1607/6716 1390/1796/6713 1244/1601/6715
s off
f 1399/1798/6717 1401/1799/6718 1392/1800/6719
f 1392/1800/6720 1401/1799/6721 1400/1801/6722
f 1400/1801/6723 1393/1802/6724 1392/1800/6725
f 1393/1802/6726 1394/1803/6727 1392/1800/6728
f 1309/1669/6729 1395/1804/6730 1396/1805/6731
f 1397/1806/6732 1395/1807/6733 1398/1808/6734
s 163
f 1395/1807/6735 1397/1806/6736 1392/1800/6737
f 1392/1800/6737 1396/1809/6738 1395/1807/6735
f 1392/1800/6737 1397/1806/6736 1399/1798/6739
s off
f 1386/1790/6740 1400/1801/6741 1401/1799/6742
f 1400/1810/6743 1309/1669/6744 1393/1811/6745
f 1394/1803/6746 1396/1809/6747 1392/1800/6748
f 1309/1669/6749 1394/1812/6750 1393/1811/6751
f 1309/1669/6752 1396/1805/6753 1394/1812/6754
f 1386/1795/6755 1309/1669/6756 1400/1810/6757
f 1398/1813/6758 1395/1804/6759 1309/1669/6760
f 1401/1799/6761 1399/1798/6762 1391/1797/6763
f 1399/1798/6764 1402/1814/6765 1391/1797/6766
f 1244/1601/6767 1391/1797/6768 1242/1600/6769
f 1391/1797/6770 1402/1814/6771 1242/1600/6772
s 164
f 1242/1600/6773 1402/1814/6774 1264/1625/6775
f 1252/1609/6776 1242/1600/6773 1264/1625/6775
s off
f 1402/1814/6777 1399/1798/6778 1403/1815/6779
f 1399/1798/6780 1397/1806/6781 1403/1815/6782
s 165
f 1402/1814/6783 1403/1815/6784 1260/1619/6785
f 1264/1625/6786 1402/1814/6783 1260/1619/6785
s off
f 1411/1816/6787 1413/1817/6788 1404/1818/6789
f 1404/1818/6790 1413/1817/6791 1412/1819/6792
f 1412/1819/6793 1405/1820/6794 1404/1818/6795
f 1405/1820/6796 1406/1821/6797 1404/1818/6798
f 1309/1669/6799 1407/1822/6800 1408/1823/6801
f 1410/1824/6802 1407/1822/6803 1309/1669/6804
f 1409/1825/6805 1407/1826/6806 1410/1827/6807
s 166
f 1407/1826/6808 1409/1825/6809 1404/1818/6810
f 1404/1818/6810 1408/1828/6811 1407/1826/6808
f 1404/1818/6810 1409/1825/6809 1411/1816/6812
s off
f 1398/1808/6813 1412/1819/6814 1413/1817/6815
f 1412/1829/6816 1309/1669/6817 1405/1830/6818
f 1406/1821/6819 1408/1828/6820 1404/1818/6821
f 1309/1669/6822 1406/1831/6823 1405/1830/6824
f 1309/1669/6825 1408/1823/6826 1406/1831/6827
f 1398/1813/6828 1309/1669/6829 1412/1829/6830
f 1413/1817/6831 1411/1816/6832 1403/1815/6833
f 1411/1816/6834 1414/1832/6835 1403/1815/6836
f 1260/1619/6837 1403/1815/6838 1258/1618/6839
f 1403/1815/6840 1414/1832/6841 1258/1618/6842
s 167
f 1258/1618/6843 1414/1832/6844 1280/1643/6845
f 1258/1618/6843 1280/1643/6845 1268/1627/6846
s off
f 1414/1832/6847 1411/1816/6848 1415/1833/6849
f 1411/1816/6850 1409/1825/6851 1415/1833/6852
s 168
f 1414/1832/6853 1415/1833/6854 1276/1637/6855
f 1280/1643/6856 1414/1832/6853 1276/1637/6855
s off
f 1422/1834/6857 1424/1835/6858 1416/1836/6859
f 1416/1836/6860 1424/1835/6861 1423/1837/6862
f 1423/1837/6863 1417/1838/6864 1416/1836/6865
f 1417/1838/6866 1418/1839/6867 1416/1836/6868
f 1309/1669/6869 1419/1840/6870 1420/1841/6871
f 1315/1684/6872 1419/1840/6873 1309/1669/6874
f 1421/1842/6875 1419/1843/6876 1315/1679/6877
s 169
f 1419/1843/6878 1421/1842/6879 1416/1836/6880
f 1416/1836/6880 1420/1844/6881 1419/1843/6878
f 1416/1836/6880 1421/1842/6879 1422/1834/6882
s off
f 1410/1827/6883 1423/1837/6884 1424/1835/6885
f 1423/1845/6886 1309/1669/6887 1417/1846/6888
f 1418/1839/6889 1420/1844/6890 1416/1836/6891
f 1309/1669/6892 1418/1847/6893 1417/1846/6894
f 1309/1669/6895 1420/1841/6896 1418/1847/6897
f 1410/1824/6898 1309/1669/6899 1423/1845/6900
f 1424/1835/6901 1422/1834/6902 1415/1833/6903
f 1422/1834/6904 1425/1848/6905 1415/1833/6906
f 1276/1637/6907 1415/1833/6908 1274/1636/6909
f 1415/1833/6910 1425/1848/6911 1274/1636/6912
s 170
f 1274/1636/6913 1425/1848/6914 1294/1660/6915
f 1284/1645/6916 1274/1636/6913 1294/1660/6915
s off
f 1425/1848/6917 1422/1834/6918 1426/1685/6919
f 1422/1834/6920 1421/1842/6921 1426/1685/6922
s 171
f 1425/1848/6923 1426/1685/6924 1292/1655/6925
f 1294/1660/6926 1425/1848/6923 1292/1655/6925
s off
f 1391/1797/6927 1385/1788/6928 1386/1790/6929
f 1401/1799/6930 1391/1797/6931 1386/1790/6932
f 1403/1815/6933 1397/1806/6934 1398/1808/6935
f 1413/1817/6936 1403/1815/6937 1398/1808/6938
f 1415/1833/6939 1409/1825/6940 1410/1827/6941
f 1424/1835/6942 1415/1833/6943 1410/1827/6944
f 1426/1685/6945 1421/1842/6946 1315/1679/6947
f 1317/1664/6948 1426/1685/6949 1315/1679/6950
f 1319/1689/6951 1312/1673/6952 1313/1675/6953
f 1329/1691/6954 1319/1689/6955 1313/1675/6956
f 1331/1707/6957 1325/1698/6958 1326/1700/6959
f 1341/1709/6960 1331/1707/6961 1326/1700/6962
f 1343/1725/6963 1337/1716/6964 1338/1718/6965
f 1353/1727/6966 1343/1725/6967 1338/1718/6968
f 1355/1743/6969 1349/1734/6970 1350/1736/6971
f 1365/1745/6972 1355/1743/6973 1350/1736/6974
f 1367/1761/6975 1361/1752/6976 1362/1754/6977
f 1377/1763/6978 1367/1761/6979 1362/1754/6980
f 1379/1779/6981 1373/1771/6982 1374/1773/6983
f 1389/1781/6984 1379/1779/6985 1374/1773/6986
s 172
f 1427/1849/6987 1428/1850/6988 1429/1851/6989
f 1427/1849/6987 1429/1851/6989 1503/1852/6990
f 1504/1853/6991 1427/1849/6987 1503/1852/6990
f 1502/1854/6992 1503/1852/6990 1459/1855/6993
f 1502/1854/6992 1459/1855/6993 1491/1856/6994
f 1459/1855/6993 1492/1857/6995 1491/1856/6994
f 1459/1855/6993 1460/1858/6996 1492/1857/6995
f 1459/1855/6993 1430/1859/6997 1460/1858/6996
f 1459/1855/6993 1429/1851/6989 1430/1859/6997
f 1503/1852/6990 1429/1851/6989 1459/1855/6993
f 1428/1850/6988 1430/1859/6997 1429/1851/6989
f 1428/1850/6988 1431/1860/6998 1430/1859/6997
f 1431/1860/6998 1433/1861/6999 1430/1859/6997
f 1431/1860/6998 1432/1862/7000 1433/1861/6999
f 1432/1862/7000 1434/1863/7001 1433/1861/6999
f 1432/1862/7000 1435/1864/7002 1434/1863/7001
f 1435/1864/7002 1437/1865/7003 1434/1863/7001
f 1435/1864/7002 1436/1866/7004 1437/1865/7003
f 1436/1866/7004 1438/1867/7005 1437/1865/7003
f 1436/1866/7004 1439/1868/7006 1438/1867/7005
f 1439/1868/7006 1441/1869/7007 1438/1867/7005
f 1439/1868/7006 1440/1870/7008 1441/1869/7007
f 1440/1870/7008 1442/1871/7009 1441/1869/7007
f 1440/1870/7008 1443/1872/7010 1442/1871/7009
f 1443/1872/7010 1445/1873/7011 1442/1871/7009
f 1443/1872/7010 1444/1874/7012 1445/1873/7011
f 1444/1874/7012 1446/1875/7013 1445/1873/7011
f 1444/1874/7012 1447/1876/7014 1446/1875/7013
f 1447/1876/7014 1449/1877/7015 1446/1875/7013
f 1447/1876/7014 1448/1878/7016 1449/1877/7015
f 1448/1878/7016 1450/1879/7017 1449/1877/7015
f 1448/1878/7016 1451/1880/7018 1450/1879/7017
f 1451/1880/7018 1453/1881/7019 1450/1879/7017
f 1451/1880/7018 1452/1882/7020 1453/1881/7019
f 1452/1882/7020 1454/1883/7021 1453/1881/7019
f 1452/1882/7020 1455/1884/7022 1454/1883/7021
f 1455/1884/7022 1457/1885/7023 1454/1883/7021
f 1455/1884/7022 1456/1886/7024 1457/1885/7023
f 1456/1886/7024 1458/1887/7025 1457/1885/7023
f 1457/1885/7023 1458/1887/7025 1501/1888/7026
f 1457/1885/7023 1501/1888/7026 1472/1889/7027
f 1457/1885/7023 1472/1889/7027 1471/1890/7028
f 1454/1883/7021 1457/1885/7023 1471/1890/7028
f 1470/1891/7029 1454/1883/7021 1471/1890/7028
f 1470/1891/7029 1453/1881/7019 1454/1883/7021
f 1450/1879/7017 1453/1881/7019 1470/1891/7029
f 1468/1892/7030 1450/1879/7017 1470/1891/7029
f 1449/1877/7015 1450/1879/7017 1468/1892/7030
f 1449/1877/7015 1468/1892/7030 1469/1893/7031
f 1449/1877/7015 1469/1893/7031 1466/1894/7032
f 1446/1875/7013 1449/1877/7015 1466/1894/7032
f 1445/1873/7011 1446/1875/7013 1466/1894/7032
f 1445/1873/7011 1466/1894/7032 1467/1895/7033
f 1445/1873/7011 1467/1895/7033 1464/1896/7034
f 1442/1871/7009 1445/1873/7011 1464/1896/7034
f 1441/1869/7007 1442/1871/7009 1464/1896/7034
f 1441/1869/7007 1464/1896/7034 1465/1897/7035
f 1441/1869/7007 1465/1897/7035 1463/1898/7036
f 1438/1867/7005 1441/1869/7007 1463/1898/7036
f 1437/1865/7003 1438/1867/7005 1463/1898/7036
f 1500/1899/7037 1437/1865/7003 1463/1898/7036
f 1461/1900/7038 1437/1865/7003 1500/1899/7037
f 1434/1863/7001 1437/1865/7003 1461/1900/7038
f 1433/1861/6999 1434/1863/7001 1461/1900/7038
f 1433/1861/6999 1461/1900/7038 1462/1901/7039
f 1433/1861/6999 1462/1901/7039 1460/1858/6996
f 1430/1859/6997 1433/1861/6999 1460/1858/6996
f 1460/1858/6996 1462/1901/7039 1492/1857/6995
f 1462/1901/7039 1493/1902/7040 1492/1857/6995
f 1462/1901/7039 1461/1900/7038 1493/1902/7040
f 1461/1900/7038 1500/1899/7037 1493/1902/7040
f 1500/1899/7037 1494/1903/7041 1493/1902/7040
f 1500/1899/7037 1463/1898/7036 1494/1903/7041
f 1463/1898/7036 1465/1897/7035 1494/1903/7041
f 1465/1897/7035 1495/1904/7042 1494/1903/7041
f 1465/1897/7035 1464/1896/7034 1495/1904/7042
f 1464/1896/7034 1467/1895/7033 1495/1904/7042
f 1467/1895/7033 1496/1905/7043 1495/1904/7042
f 1467/1895/7033 1466/1894/7032 1496/1905/7043
f 1466/1894/7032 1469/1893/7031 1496/1905/7043
f 1469/1893/7031 1497/1906/7044 1496/1905/7043
f 1469/1893/7031 1468/1892/7030 1497/1906/7044
f 1468/1892/7030 1470/1891/7029 1497/1906/7044
f 1470/1891/7029 1498/1907/7045 1497/1906/7044
f 1470/1891/7029 1471/1890/7028 1498/1907/7045
f 1471/1890/7028 1472/1889/7027 1498/1907/7045
f 1498/1907/7045 1472/1889/7027 1499/1908/7046
f 1498/1907/7045 1499/1908/7046 1487/1909/7047
f 1498/1907/7045 1487/1909/7047 1485/1910/7048
f 1497/1906/7044 1498/1907/7045 1485/1910/7048
f 1497/1906/7044 1485/1910/7048 1483/1911/7049
f 1496/1905/7043 1497/1906/7044 1483/1911/7049
f 1496/1905/7043 1483/1911/7049 1481/1912/7050
f 1495/1904/7042 1496/1905/7043 1481/1912/7050
f 1495/1904/7042 1481/1912/7050 1479/1913/7051
f 1494/1903/7041 1495/1904/7042 1479/1913/7051
f 1494/1903/7041 1479/1913/7051 1477/1914/7052
f 1493/1902/7040 1494/1903/7041 1477/1914/7052
f 1493/1902/7040 1477/1914/7052 1474/1915/7053
f 1492/1857/6995 1493/1902/7040 1474/1915/7053
f 1492/1857/6995 1474/1915/7053 1473/1916/7054
f 1491/1856/6994 1492/1857/6995 1473/1916/7054
f 1473/1916/7054 1474/1915/7053 1475/1917/7055
f 1474/1915/7053 1476/1918/7056 1475/1917/7055
f 1474/1915/7053 1477/1914/7052 1476/1918/7056
f 1477/1914/7052 1478/1919/7057 1476/1918/7056
f 1477/1914/7052 1479/1913/7051 1478/1919/7057
f 1479/1913/7051 1480/1920/7058 1478/1919/7057
f 1479/1913/7051 1481/1912/7050 1480/1920/7058
f 1481/1912/7050 1482/1921/7059 1480/1920/7058
f 1481/1912/7050 1483/1911/7049 1482/1921/7059
f 1483/1911/7049 1484/1922/7060 1482/1921/7059
f 1483/1911/7049 1485/1910/7048 1484/1922/7060
f 1485/1910/7048 1486/1923/7061 1484/1922/7060
f 1485/1910/7048 1487/1909/7047 1486/1923/7061
f 1487/1909/7047 1488/1924/7062 1486/1923/7061
f 1487/1909/7047 1489/1925/7063 1488/1924/7062
f 1499/1908/7046 1489/1925/7063 1487/1909/7047
f 1499/1908/7046 1472/1889/7027 1501/1888/7026
f 1489/1925/7063 1490/1926/7064 1488/1924/7062
